{"credit":"Made with Blockbench by Valvac","textures":{"0":"block/terracotta","1":"block/sandstone","2":"block/sandstone_top","3":"block/yellow_wool","4":"block/yellow_terracotta","5":"block/birch_planks","6":"block/sandstone_bottom","7":"block/red_sandstone","8":"block/red_sandstone_bottom","9":"block/red_sandstone_top","10":"block/stripped_birch_log","11":"block/yellow_concrete","12":"block/yellow_stained_glass","13":"block/yellow_stained_glass_pane_top","15":"block/purpur_block","16":"block/magenta_stained_glass_pane_top","17":"block/magenta_stained_glass","18":"block/spruce_planks","particle":"block/terracotta"},"elements":[{"from":[5.375,-10.75,20.75],"to":[10.625,-5.5,26],"rotation":{"angle":0,"axis":"y","origin":[9.375,0,0]},"faces":{"north":{"uv":[0,0,16,16],"texture":"#11"},"east":{"uv":[0,0,16,16],"texture":"#11"},"south":{"uv":[0,0,16,16],"texture":"#11"},"west":{"uv":[0,0,16,16],"texture":"#11"},"up":{"uv":[0,0,16,16],"texture":"#11"},"down":{"uv":[0,0,16,16],"texture":"#11"}}},{"from":[5.375,-10.75,-5.5],"to":[10.625,-5.5,-0.25],"rotation":{"angle":0,"axis":"y","origin":[9.375,0,0]},"faces":{"north":{"uv":[0,0,16,16],"texture":"#4"},"east":{"uv":[0,0,16,16],"texture":"#4"},"south":{"uv":[0,0,16,16],"texture":"#4"},"west":{"uv":[0,0,16,16],"texture":"#4"},"up":{"uv":[0,0,16,16],"texture":"#4"},"down":{"uv":[0,0,16,16],"texture":"#4"}}},{"from":[5.375,-10.75,-10.75],"to":[10.625,-5.5,-5.5],"rotation":{"angle":0,"axis":"y","origin":[27.75,2.25,-18.75]},"faces":{"north":{"uv":[0,0,16,16],"texture":"#11"},"east":{"uv":[0,0,16,16],"texture":"#11"},"south":{"uv":[0,0,16,16],"texture":"#11"},"west":{"uv":[0,0,16,16],"texture":"#11"},"up":{"uv":[0,0,16,16],"texture":"#11"},"down":{"uv":[0,0,16,16],"texture":"#11"}}},{"from":[5.375,-10.75,-0.25],"to":[10.625,-5.5,5],"rotation":{"angle":0,"axis":"y","origin":[9.375,0,0]},"faces":{"north":{"uv":[0,0,16,16],"texture":"#4"},"east":{"uv":[0,0,16,16],"texture":"#4"},"south":{"uv":[0,0,16,16],"texture":"#4"},"west":{"uv":[0,0,16,16],"texture":"#4"},"up":{"uv":[0,0,16,16],"texture":"#4"},"down":{"uv":[0,0,16,16],"texture":"#4"}}},{"from":[5.375,-10.75,5],"to":[10.625,-5.5,10.25],"rotation":{"angle":0,"axis":"y","origin":[9.375,0,0]},"faces":{"north":{"uv":[0,0,16,16],"texture":"#4"},"east":{"uv":[0,0,16,16],"texture":"#4"},"south":{"uv":[0,0,16,16],"texture":"#4"},"west":{"uv":[0,0,16,16],"texture":"#4"},"up":{"uv":[0,0,16,16],"texture":"#4"},"down":{"uv":[0,0,16,16],"texture":"#4"}}},{"from":[5.375,-10.75,10.25],"to":[10.625,-5.5,15.5],"rotation":{"angle":0,"axis":"y","origin":[9.375,0,0]},"faces":{"north":{"uv":[0,0,16,16],"texture":"#4"},"east":{"uv":[0,0,16,16],"texture":"#4"},"south":{"uv":[0,0,16,16],"texture":"#4"},"west":{"uv":[0,0,16,16],"texture":"#4"},"up":{"uv":[0,0,16,16],"texture":"#4"},"down":{"uv":[0,0,16,16],"texture":"#4"}}},{"from":[5.375,-10.75,15.5],"to":[10.625,-5.5,20.75],"rotation":{"angle":0,"axis":"y","origin":[9.375,0,0]},"faces":{"north":{"uv":[0,0,16,16],"texture":"#4"},"east":{"uv":[0,0,16,16],"texture":"#4"},"south":{"uv":[0,0,16,16],"texture":"#4"},"west":{"uv":[0,0,16,16],"texture":"#4"},"up":{"uv":[0,0,16,16],"texture":"#4"},"down":{"uv":[0,0,16,16],"texture":"#4"}}},{"from":[0.125,-10.75,-5.5],"to":[5.375,-5.5,-0.25],"rotation":{"angle":0,"axis":"y","origin":[9.375,0,0]},"faces":{"north":{"uv":[0,0,16,16],"texture":"#4"},"east":{"uv":[0,0,16,16],"texture":"#4"},"south":{"uv":[0,0,16,16],"texture":"#4"},"west":{"uv":[0,0,16,16],"texture":"#4"},"up":{"uv":[0,0,16,16],"texture":"#4"},"down":{"uv":[0,0,16,16],"texture":"#4"}}},{"from":[0.125,-10.75,-10.75],"to":[5.375,-5.5,-5.5],"rotation":{"angle":0,"axis":"y","origin":[27.75,2.25,-18.75]},"faces":{"north":{"uv":[0,0,16,16],"texture":"#10"},"east":{"uv":[0,0,16,16],"texture":"#10"},"south":{"uv":[0,0,16,16],"texture":"#10"},"west":{"uv":[0,0,16,16],"texture":"#10"},"up":{"uv":[0,0,16,16],"texture":"#10"},"down":{"uv":[0,0,16,16],"texture":"#10"}}},{"from":[0.125,-10.75,15.5],"to":[5.375,-5.5,20.75],"rotation":{"angle":0,"axis":"y","origin":[9.375,0,0]},"faces":{"north":{"uv":[0,0,16,16],"texture":"#4"},"east":{"uv":[0,0,16,16],"texture":"#4"},"south":{"uv":[0,0,16,16],"texture":"#4"},"west":{"uv":[0,0,16,16],"texture":"#4"},"up":{"uv":[0,0,16,16],"texture":"#4"},"down":{"uv":[0,0,16,16],"texture":"#4"}}},{"from":[-5.125,-10.75,15.5],"to":[0.125,-5.5,20.75],"rotation":{"angle":0,"axis":"y","origin":[9.375,0,0]},"faces":{"north":{"uv":[0,0,16,16],"texture":"#4"},"east":{"uv":[0,0,16,16],"texture":"#4"},"south":{"uv":[0,0,16,16],"texture":"#4"},"west":{"uv":[0,0,16,16],"texture":"#4"},"up":{"uv":[0,0,16,16],"texture":"#4"},"down":{"uv":[0,0,16,16],"texture":"#4"}}},{"from":[-10.375,-10.75,-5.5],"to":[-5.125,-5.5,-0.25],"rotation":{"angle":0,"axis":"y","origin":[9.375,0,0]},"faces":{"north":{"uv":[0,0,16,16],"texture":"#4"},"east":{"uv":[0,0,16,16],"texture":"#4"},"south":{"uv":[0,0,16,16],"texture":"#4"},"west":{"uv":[0,0,16,16],"texture":"#4"},"up":{"uv":[0,0,16,16],"texture":"#4"},"down":{"uv":[0,0,16,16],"texture":"#4"}}},{"from":[-5.125,-10.75,-5.5],"to":[0.125,-5.5,-0.25],"rotation":{"angle":0,"axis":"y","origin":[9.375,0,0]},"faces":{"north":{"uv":[0,0,16,16],"texture":"#4"},"east":{"uv":[0,0,16,16],"texture":"#4"},"south":{"uv":[0,0,16,16],"texture":"#4"},"west":{"uv":[0,0,16,16],"texture":"#4"},"up":{"uv":[0,0,16,16],"texture":"#4"},"down":{"uv":[0,0,16,16],"texture":"#4"}}},{"from":[0.125,-10.75,20.75],"to":[5.375,-5.5,26],"rotation":{"angle":0,"axis":"y","origin":[9.375,0,0]},"faces":{"north":{"uv":[0,0,16,16],"texture":"#10"},"east":{"uv":[0,0,16,16],"texture":"#10"},"south":{"uv":[0,0,16,16],"texture":"#10"},"west":{"uv":[0,0,16,16],"texture":"#10"},"up":{"uv":[0,0,16,16],"texture":"#10"},"down":{"uv":[0,0,16,16],"texture":"#10"}}},{"from":[10.625,-10.75,15.5],"to":[15.875,-5.5,20.75],"rotation":{"angle":0,"axis":"y","origin":[9.375,0,0]},"faces":{"north":{"uv":[0,0,16,16],"texture":"#0"},"east":{"uv":[0,0,16,16],"texture":"#0"},"south":{"uv":[0,0,16,16],"texture":"#0"},"west":{"uv":[0,0,16,16],"texture":"#0"},"up":{"uv":[0,0,16,16],"texture":"#0"},"down":{"uv":[0,0,16,16],"texture":"#0"}}},{"from":[10.625,-10.75,10.25],"to":[15.875,-5.5,15.5],"rotation":{"angle":0,"axis":"y","origin":[9.375,0,0]},"faces":{"north":{"uv":[0,0,16,16],"texture":"#10"},"east":{"uv":[0,0,16,16],"texture":"#10"},"south":{"uv":[0,0,16,16],"texture":"#10"},"west":{"uv":[0,0,16,16],"texture":"#10"},"up":{"uv":[0,0,16,16],"texture":"#10"},"down":{"uv":[0,0,16,16],"texture":"#10"}}},{"from":[10.625,-10.75,-5.5],"to":[15.875,-5.5,-0.25],"rotation":{"angle":0,"axis":"y","origin":[9.375,0,0]},"faces":{"north":{"uv":[0,0,16,16],"texture":"#0"},"east":{"uv":[0,0,16,16],"texture":"#0"},"south":{"uv":[0,0,16,16],"texture":"#0"},"west":{"uv":[0,0,16,16],"texture":"#0"},"up":{"uv":[0,0,16,16],"texture":"#0"},"down":{"uv":[0,0,16,16],"texture":"#0"}}},{"from":[10.625,-10.75,-0.25],"to":[15.875,-5.5,5],"rotation":{"angle":0,"axis":"y","origin":[9.375,0,0]},"color":6,"faces":{"north":{"uv":[0,0,16,16],"texture":"#missing"},"east":{"uv":[0,0,16,16],"texture":"#missing"},"south":{"uv":[0,0,16,16],"texture":"#missing"},"west":{"uv":[0,0,16,16],"texture":"#missing"},"up":{"uv":[0,0,16,16],"texture":"#missing"},"down":{"uv":[0,0,16,16],"texture":"#missing"}}},{"from":[10.625,-10.75,5],"to":[15.875,-5.5,10.25],"rotation":{"angle":0,"axis":"y","origin":[9.375,0,0]},"faces":{"north":{"uv":[0,0,16,16],"texture":"#4"},"east":{"uv":[0,0,16,16],"texture":"#4"},"south":{"uv":[0,0,16,16],"texture":"#4"},"west":{"uv":[0,0,16,16],"texture":"#4"},"up":{"uv":[0,0,16,16],"texture":"#4"},"down":{"uv":[0,0,16,16],"texture":"#4"}}},{"from":[-5.125,-5.5,-5.5],"to":[0.125,-0.25,-0.25],"rotation":{"angle":0,"axis":"y","origin":[9.375,0,0]},"faces":{"north":{"uv":[0,0,16,16],"texture":"#4"},"east":{"uv":[0,0,16,16],"texture":"#4"},"south":{"uv":[0,0,16,16],"texture":"#4"},"west":{"uv":[0,0,16,16],"texture":"#4"},"up":{"uv":[0,0,16,16],"texture":"#4"},"down":{"uv":[0,0,16,16],"texture":"#4"}}},{"from":[-10.375,-5.5,-10.75],"to":[-5.125,-0.25,-5.5],"rotation":{"angle":0,"axis":"y","origin":[27.75,2.25,-18.75]},"faces":{"north":{"uv":[0,0,16,16],"texture":"#4"},"east":{"uv":[0,0,16,16],"texture":"#4"},"south":{"uv":[0,0,16,16],"texture":"#4"},"west":{"uv":[0,0,16,16],"texture":"#4"},"up":{"uv":[0,0,16,16],"texture":"#4"},"down":{"uv":[0,0,16,16],"texture":"#4"}}},{"from":[-5.125,-5.5,15.5],"to":[0.125,-0.25,20.75],"rotation":{"angle":0,"axis":"y","origin":[9.375,0,0]},"faces":{"north":{"uv":[0,0,16,16],"texture":"#4"},"east":{"uv":[0,0,16,16],"texture":"#4"},"south":{"uv":[0,0,16,16],"texture":"#4"},"west":{"uv":[0,0,16,16],"texture":"#4"},"up":{"uv":[0,0,16,16],"texture":"#4"},"down":{"uv":[0,0,16,16],"texture":"#4"}}},{"from":[-10.375,-5.5,20.75],"to":[-5.125,-0.25,26],"rotation":{"angle":0,"axis":"y","origin":[9.375,0,0]},"faces":{"north":{"uv":[0,0,16,16],"texture":"#4"},"east":{"uv":[0,0,16,16],"texture":"#4"},"south":{"uv":[0,0,16,16],"texture":"#4"},"west":{"uv":[0,0,16,16],"texture":"#4"},"up":{"uv":[0,0,16,16],"texture":"#4"},"down":{"uv":[0,0,16,16],"texture":"#4"}}},{"from":[-8.075,-0.25,26],"to":[-7.475,5,28.95313],"rotation":{"angle":0,"axis":"y","origin":[9.375,5.25,5.25]},"faces":{"east":{"uv":[7,0,16,14.8],"texture":"#12"},"south":{"uv":[7,0,9,14.8],"texture":"#12"},"west":{"uv":[0,0,9,14.8],"texture":"#12"},"up":{"uv":[7,7,9,16],"texture":"#13"}}},{"from":[-7.475,-0.25,28.35312],"to":[-5.15,5,28.95312],"rotation":{"angle":0,"axis":"y","origin":[9.975,5.25,7.60312]},"faces":{"north":{"uv":[1.1,0,8.1,14.8],"texture":"#12"},"south":{"uv":[7.8,0,14.8,14.8],"texture":"#12"},"up":{"uv":[7,9,9,16],"rotation":90,"texture":"#13"},"down":{"uv":[7,9,9,16],"rotation":90,"texture":"#13"}}},{"from":[-5.15,-0.25,28.35312],"to":[-2.825,5,28.95312],"rotation":{"angle":0,"axis":"y","origin":[12.3,5.25,7.60312]},"faces":{"north":{"uv":[7.9,1.2,14.9,16],"texture":"#12"},"south":{"uv":[1.1,1.2,8.1,16],"texture":"#12"},"up":{"uv":[7,9,9,16],"rotation":90,"texture":"#13"},"down":{"uv":[7,9,9,16],"rotation":90,"texture":"#13"}}},{"from":[15.875,20.75,23.1],"to":[18.8281,26,23.7],"rotation":{"angle":0,"axis":"y","origin":[33.325,26.25,4.65]},"faces":{"north":{"uv":[5.9,0,14.9,14.8],"texture":"#12"},"east":{"uv":[7,0,9,14.9],"texture":"#12"},"south":{"uv":[1.1,0,10.1,14.8],"texture":"#12"},"up":{"uv":[7,7,9,16],"rotation":90,"texture":"#13"},"down":{"uv":[7,7,9,16],"rotation":90,"texture":"#13"}}},{"from":[5.35,10.25,23.10312],"to":[7.675,15.5,23.70312],"rotation":{"angle":0,"axis":"y","origin":[22.8,15.75,2.35312]},"faces":{"north":{"uv":[9,0,16,14.8],"texture":"#12"},"south":{"uv":[0,0,7,14.8],"texture":"#12"},"up":{"uv":[7,9,9,16],"rotation":90,"texture":"#13"}}},{"from":[5.35,5,23.10312],"to":[7.675,10.25,23.70312],"rotation":{"angle":0,"axis":"y","origin":[22.8,10.5,2.35312]},"faces":{"north":{"uv":[9,1.2,16,14.8],"texture":"#12"},"south":{"uv":[0,1.2,7,14.8],"texture":"#12"}}},{"from":[-8.075,-5.5,26],"to":[-7.475,-0.25,28.95313],"rotation":{"angle":0,"axis":"y","origin":[9.375,0,5.25]},"faces":{"east":{"uv":[7,1.2,16,16],"texture":"#12"},"south":{"uv":[7,1.2,9,15.9],"texture":"#12"},"west":{"uv":[0,1.2,9,16],"texture":"#12"},"down":{"uv":[7,7,9,16],"texture":"#13"}}},{"from":[7.675,-0.25,20.75],"to":[8.275,5,26],"rotation":{"angle":0,"axis":"y","origin":[20.525,5.25,0]},"faces":{"east":{"uv":[0,1.2,16,16],"texture":"#12"},"south":{"uv":[7,1.2,9,15.9],"texture":"#12"},"west":{"uv":[0,1.2,16,16],"texture":"#12"},"up":{"uv":[7,0,9,16],"texture":"#13"},"down":{"uv":[7,0,9,16],"texture":"#13"}}},{"from":[7.675,10.25,20.75],"to":[8.275,15.5,23.70313],"rotation":{"angle":0,"axis":"y","origin":[22.825,15.75,0]},"faces":{"east":{"uv":[7,0,16,14.8],"texture":"#12"},"south":{"uv":[7,0,9,14.8],"texture":"#12"},"west":{"uv":[0,0,9,14.8],"texture":"#12"},"up":{"uv":[7,7,9,16],"texture":"#13"}}},{"from":[-2.225,10.25,28.35312],"to":[0.1,15.5,28.95312],"rotation":{"angle":0,"axis":"y","origin":[15.225,15.75,7.60312]},"faces":{"north":{"uv":[1.1,0,8.1,14.8],"texture":"#12"},"south":{"uv":[7.8,0,14.8,14.8],"texture":"#12"},"up":{"uv":[7,9,9,16],"rotation":90,"texture":"#13"},"down":{"uv":[7,9,9,16],"rotation":90,"texture":"#13"}}},{"from":[0.125,-5.5,28.35],"to":[5.375,-0.25,28.95],"rotation":{"angle":0,"axis":"y","origin":[17.575,0,9.9]},"faces":{"north":{"uv":[1.1,0,16,16],"texture":"#17"},"south":{"uv":[0,0,14.9,16],"texture":"#17"},"west":{"uv":[0,0,0,0],"texture":"#17"},"up":{"uv":[7,0,9,16],"rotation":90,"texture":"#16"},"down":{"uv":[7,0,9,16],"rotation":90,"texture":"#16"}}},{"from":[5.375,-0.25,28.35],"to":[10.625,5,28.95],"rotation":{"angle":0,"axis":"y","origin":[22.825,5.25,9.9]},"faces":{"north":{"uv":[1.1,0,16,14.9],"texture":"#17"},"south":{"uv":[0,0,14.9,14.9],"texture":"#17"},"west":{"uv":[7,0,9,16],"texture":"#17"},"up":{"uv":[7,0,9,16],"rotation":90,"texture":"#16"}}},{"from":[7.675,-0.25,26.025],"to":[8.275,5,28.35],"rotation":{"angle":0,"axis":"y","origin":[20.525,5.25,7.575]},"faces":{"east":{"uv":[7.7,0,14.7,14.9],"texture":"#17"},"west":{"uv":[1.2,0,8.2,14.9],"texture":"#17"},"up":{"uv":[7,9,9,16],"texture":"#16"},"down":{"uv":[7,9,9,16],"texture":"#16"}}},{"from":[12.925,20.75,20.775],"to":[13.525,26,23.1],"rotation":{"angle":0,"axis":"y","origin":[25.775,26.25,9.225]},"faces":{"east":{"uv":[7.7,0,16,16],"texture":"#12"},"west":{"uv":[0,0,8.2,16],"texture":"#12"},"up":{"uv":[7,9,9,16],"texture":"#13"},"down":{"uv":[7,9,9,16],"texture":"#13"}}},{"from":[18.2281,20.75,20.775],"to":[18.8281,26,23.1],"rotation":{"angle":0,"axis":"y","origin":[31.0781,26.25,9.225]},"faces":{"east":{"uv":[7.7,0,16,14.9],"texture":"#12"},"west":{"uv":[0,0,8.2,14.9],"texture":"#12"},"up":{"uv":[7,9,9,16],"texture":"#13"}}},{"from":[18.2281,15.5,20.775],"to":[18.8281,20.75,23.7281],"rotation":{"angle":0,"axis":"y","origin":[31.0781,21,6.925]},"faces":{"east":{"uv":[7,1.1,16,16],"texture":"#12"},"south":{"uv":[7,1.2,9,15.9],"texture":"#12"},"west":{"uv":[0,1.1,9,16],"texture":"#12"},"down":{"uv":[7,9,9,16],"texture":"#13"}}},{"from":[10.625,20.75,23.1],"to":[15.875,26,23.7],"rotation":{"angle":0,"axis":"y","origin":[28.075,26.25,11.55]},"faces":{"north":{"uv":[1.1,0,16,16],"texture":"#12"},"south":{"uv":[0,0,14.9,16],"texture":"#12"},"west":{"uv":[7,0,9,16],"texture":"#12"},"up":{"uv":[7,0,9,16],"rotation":90,"texture":"#13"},"down":{"uv":[7,0,9,16],"rotation":90,"texture":"#13"}}},{"from":[2.425,-5.5,20.775],"to":[3.025,-0.25,23.7281],"rotation":{"angle":0,"axis":"y","origin":[15.275,0,4.625]},"faces":{"east":{"uv":[5.7,1.1,14.7,16],"texture":"#12"},"south":{"uv":[7,1.2,9,15.9],"texture":"#12"},"west":{"uv":[1.2,1.1,10.2,16],"texture":"#12"},"down":{"uv":[7,9,9,16],"texture":"#13"}}},{"from":[2.425,-0.25,20.775],"to":[3.025,5,23.1],"rotation":{"angle":0,"axis":"y","origin":[15.275,5.25,4.625]},"faces":{"east":{"uv":[7.7,0,14.7,14.9],"texture":"#12"},"west":{"uv":[1.2,0,8.2,14.9],"texture":"#12"},"up":{"uv":[7,9,9,16],"texture":"#13"},"down":{"uv":[7,9,9,16],"texture":"#13"}}},{"from":[0.125,-0.25,23.1],"to":[5.375,5,23.7],"rotation":{"angle":0,"axis":"y","origin":[17.575,5.25,6.95]},"faces":{"north":{"uv":[1.1,0,16,14.9],"texture":"#12"},"south":{"uv":[0,0,14.9,14.9],"texture":"#12"},"west":{"uv":[7,0,9,16],"texture":"#12"},"up":{"uv":[7,0,9,16],"rotation":90,"texture":"#13"},"down":{"uv":[7,0,9,16],"rotation":90,"texture":"#13"}}},{"from":[5.35,-0.25,23.10312],"to":[7.675,5,23.70312],"rotation":{"angle":0,"axis":"y","origin":[22.8,5.25,2.35312]},"faces":{"north":{"uv":[7.9,1.2,14.9,16],"texture":"#12"},"south":{"uv":[1.1,1.2,8.1,16],"texture":"#12"},"down":{"uv":[7,9,9,16],"rotation":90,"texture":"#13"}}},{"from":[10.625,-0.25,28.35],"to":[15.875,5,28.95],"rotation":{"angle":0,"axis":"y","origin":[28.075,5.25,9.9]},"faces":{"north":{"uv":[1.1,0,14.9,14.9],"texture":"#17"},"south":{"uv":[1.1,0,14.9,14.9],"texture":"#17"},"up":{"uv":[7,0,9,16],"rotation":90,"texture":"#16"},"down":{"uv":[7,0,9,16],"rotation":90,"texture":"#16"}}},{"from":[5.375,-5.5,28.35],"to":[10.625,-0.25,28.95],"rotation":{"angle":0,"axis":"y","origin":[22.825,0,9.9]},"faces":{"north":{"uv":[1.1,1.1,14.9,16],"texture":"#17"},"south":{"uv":[1.1,1.1,15,16],"texture":"#17"},"down":{"uv":[7,0,9,16],"rotation":90,"texture":"#16"}}},{"from":[10.625,-5.5,28.35],"to":[13.5781,-0.25,28.95],"rotation":{"angle":0,"axis":"y","origin":[28.075,0,9.9]},"faces":{"north":{"uv":[6,1.1,15,16],"texture":"#17"},"east":{"uv":[7,1.1,9,16],"texture":"#17"},"south":{"uv":[1.1,1.1,10.1,16],"texture":"#17"},"down":{"uv":[7,7,9,16],"rotation":90,"texture":"#16"}}},{"from":[15.875,-0.25,28.35],"to":[18.8281,5,28.95],"rotation":{"angle":0,"axis":"y","origin":[33.325,5.25,9.9]},"faces":{"north":{"uv":[6,0,15,16],"texture":"#17"},"east":{"uv":[7,0,9,16],"texture":"#17"},"south":{"uv":[1.1,0,10.1,16],"texture":"#17"},"up":{"uv":[7,7,9,16],"rotation":90,"texture":"#16"},"down":{"uv":[7,7,9,16],"rotation":90,"texture":"#16"}}},{"from":[0.1,10.25,28.35312],"to":[2.425,15.5,28.95312],"rotation":{"angle":0,"axis":"y","origin":[17.55,15.75,7.60312]},"faces":{"north":{"uv":[7.9,0,14.9,16],"texture":"#12"},"south":{"uv":[1.1,0,8.1,16],"texture":"#12"},"up":{"uv":[7,9,9,16],"rotation":90,"texture":"#13"},"down":{"uv":[7,9,9,16],"rotation":90,"texture":"#13"}}},{"from":[2.425,10.25,26],"to":[3.025,15.5,28.95313],"rotation":{"angle":0,"axis":"y","origin":[17.575,15.75,5.25]},"faces":{"east":{"uv":[7,0,16,16],"texture":"#12"},"south":{"uv":[7,0,9,15.9],"texture":"#12"},"west":{"uv":[0,0,9,16],"texture":"#12"},"up":{"uv":[7,7,9,16],"texture":"#13"},"down":{"uv":[7,7,9,16],"texture":"#13"}}},{"from":[7.675,5,20.75],"to":[8.275,10.25,23.70313],"rotation":{"angle":0,"axis":"y","origin":[20.525,10.5,0]},"faces":{"east":{"uv":[7,1.1,16,14.9],"texture":"#12"},"south":{"uv":[7,1.1,9,14.9],"texture":"#12"},"west":{"uv":[0,1.1,9,14.9],"texture":"#12"}}},{"from":[-2.825,5,26],"to":[-2.225,10.25,28.95313],"rotation":{"angle":0,"axis":"y","origin":[12.325,10.5,5.25]},"faces":{"east":{"uv":[7,1.1,16,14.9],"texture":"#12"},"south":{"uv":[7,1.1,9,14.9],"texture":"#12"},"west":{"uv":[0,1.1,9,14.9],"texture":"#12"}}},{"from":[-2.825,-0.25,26],"to":[-2.225,5,28.95313],"rotation":{"angle":0,"axis":"y","origin":[12.325,5.25,5.25]},"faces":{"east":{"uv":[7,1.2,16,16],"texture":"#12"},"south":{"uv":[7,1.2,9,15.9],"texture":"#12"},"west":{"uv":[0,1.2,9,16],"texture":"#12"},"down":{"uv":[7,7,9,16],"texture":"#13"}}},{"from":[-2.825,10.25,26],"to":[-2.225,15.5,28.95313],"rotation":{"angle":0,"axis":"y","origin":[14.625,15.75,5.25]},"faces":{"east":{"uv":[7,0,16,14.8],"texture":"#12"},"south":{"uv":[7,0,9,14.8],"texture":"#12"},"west":{"uv":[0,0,9,14.8],"texture":"#12"},"up":{"uv":[7,7,9,16],"texture":"#13"}}},{"from":[0.125,-5.5,15.5],"to":[5.375,-0.25,20.75],"rotation":{"angle":0,"axis":"y","origin":[9.375,0,0]},"faces":{"north":{"uv":[0,0,16,16],"texture":"#4"},"east":{"uv":[0,0,16,16],"texture":"#4"},"south":{"uv":[0,0,16,16],"texture":"#4"},"west":{"uv":[0,0,16,16],"texture":"#4"},"up":{"uv":[0,0,16,16],"texture":"#4"},"down":{"uv":[0,0,16,16],"texture":"#4"}}},{"from":[0.125,-5.5,-5.5],"to":[5.375,-0.25,-0.25],"rotation":{"angle":0,"axis":"y","origin":[9.375,0,0]},"faces":{"north":{"uv":[0,0,16,16],"texture":"#4"},"east":{"uv":[0,0,16,16],"texture":"#4"},"south":{"uv":[0,0,16,16],"texture":"#4"},"west":{"uv":[0,0,16,16],"texture":"#4"},"up":{"uv":[0,0,16,16],"texture":"#4"},"down":{"uv":[0,0,16,16],"texture":"#4"}}},{"from":[-10.375,-0.25,-10.75],"to":[-5.125,5,-5.5],"rotation":{"angle":0,"axis":"y","origin":[27.75,2.25,-18.75]},"faces":{"north":{"uv":[0,0,16,16],"texture":"#4"},"east":{"uv":[0,0,16,16],"texture":"#4"},"south":{"uv":[0,0,16,16],"texture":"#4"},"west":{"uv":[0,0,16,16],"texture":"#4"},"up":{"uv":[0,0,16,16],"texture":"#4"},"down":{"uv":[0,0,16,16],"texture":"#4"}}},{"from":[-5.125,-0.25,20.75],"to":[0.125,5,26],"rotation":{"angle":0,"axis":"y","origin":[9.375,0,0]},"faces":{"north":{"uv":[0,0,16,16],"texture":"#4"},"east":{"uv":[0,0,16,16],"texture":"#4"},"south":{"uv":[0,0,16,16],"texture":"#4"},"west":{"uv":[0,0,16,16],"texture":"#4"},"up":{"uv":[0,0,16,16],"texture":"#4"},"down":{"uv":[0,0,16,16],"texture":"#4"}}},{"from":[5.35,10.25,-8.425],"to":[7.675,15.5,-7.825],"rotation":{"angle":0,"axis":"y","origin":[22.8,15.75,-29.175]},"faces":{"north":{"uv":[9,0,16,14.8],"texture":"#12"},"south":{"uv":[0,0,7,14.8],"texture":"#12"},"up":{"uv":[7,9,9,16],"rotation":90,"texture":"#13"}}},{"from":[7.675,10.25,-8.425],"to":[8.275,15.5,-5.47188],"rotation":{"angle":0,"axis":"y","origin":[22.825,15.75,-31.5]},"faces":{"north":{"uv":[7,0,9,14.8],"texture":"#12"},"east":{"uv":[0,0,9,14.8],"texture":"#12"},"south":{"uv":[7,0,9,14.8],"texture":"#12"},"west":{"uv":[7,0,16,14.8],"texture":"#12"},"up":{"uv":[7,7,9,16],"texture":"#13"}}},{"from":[5.35,5,-8.425],"to":[7.675,10.25,-7.825],"rotation":{"angle":0,"axis":"y","origin":[22.8,10.5,-29.175]},"faces":{"north":{"uv":[9,1.2,16,14.8],"texture":"#12"},"south":{"uv":[0,1.2,7,14.8],"texture":"#12"}}},{"from":[7.675,5,-8.425],"to":[8.275,10.25,-5.47188],"rotation":{"angle":0,"axis":"y","origin":[20.525,10.5,-31.5]},"faces":{"north":{"uv":[7,1.1,9,14.9],"texture":"#12"},"east":{"uv":[0,1.1,9,14.9],"texture":"#12"},"south":{"uv":[7,1.1,9,14.9],"texture":"#12"},"west":{"uv":[7,1.1,16,14.9],"texture":"#12"}}},{"from":[7.675,-0.25,-8.425],"to":[8.275,5,-5.47188],"rotation":{"angle":0,"axis":"y","origin":[20.525,5.25,-31.5]},"faces":{"north":{"uv":[7,1.1,9,16],"texture":"#12"},"east":{"uv":[0,1.1,9,16],"texture":"#12"},"south":{"uv":[7,1.1,9,16],"texture":"#12"},"west":{"uv":[7,1.1,16,16],"texture":"#12"}}},{"from":[2.425,-5.5,-8.425],"to":[3.025,-0.25,-5.4719],"rotation":{"angle":0,"axis":"y","origin":[15.275,0,-26.875]},"faces":{"north":{"uv":[7,1.2,9,15.9],"texture":"#12"},"east":{"uv":[0,1.1,9,16],"texture":"#12"},"south":{"uv":[7,1.2,9,15.9],"texture":"#12"},"west":{"uv":[7,1.1,16,16],"texture":"#12"},"down":{"uv":[7,9,9,16],"texture":"#13"}}},{"from":[0.1,-0.25,-8.425],"to":[5.35,5,-7.825],"rotation":{"angle":0,"axis":"y","origin":[17.55,5.25,-24.575]},"faces":{"north":{"uv":[1.1,0,16,14.9],"texture":"#12"},"south":{"uv":[0,0,14.9,14.9],"texture":"#12"},"west":{"uv":[7,0,9,16],"texture":"#12"},"up":{"uv":[7,0,9,16],"rotation":90,"texture":"#13"},"down":{"uv":[7,0,9,16],"rotation":90,"texture":"#13"}}},{"from":[2.425,-0.25,-7.7969],"to":[3.025,5,-5.4719],"rotation":{"angle":0,"axis":"y","origin":[15.275,5.25,-23.9469]},"faces":{"east":{"uv":[0,0,7,14.9],"texture":"#12"},"west":{"uv":[9,0,16,14.9],"texture":"#12"},"up":{"uv":[7,9,9,16],"texture":"#13"}}},{"from":[5.35,-0.25,-8.425],"to":[7.675,5,-7.825],"rotation":{"angle":0,"axis":"y","origin":[22.8,5.25,-29.175]},"faces":{"north":{"uv":[7.9,1.2,14.9,16],"texture":"#12"},"south":{"uv":[1.1,1.2,8.1,16],"texture":"#12"},"down":{"uv":[7,9,9,16],"rotation":90,"texture":"#13"}}},{"from":[-5.125,-0.25,-10.75],"to":[0.125,5,-5.5],"rotation":{"angle":0,"axis":"y","origin":[9.375,0,-31.5]},"faces":{"north":{"uv":[0,0,16,16],"texture":"#4"},"east":{"uv":[0,0,16,16],"texture":"#4"},"south":{"uv":[0,0,16,16],"texture":"#4"},"west":{"uv":[0,0,16,16],"texture":"#4"},"up":{"uv":[0,0,16,16],"texture":"#4"},"down":{"uv":[0,0,16,16],"texture":"#4"}}},{"from":[-10.375,-0.25,20.75],"to":[-5.125,5,26],"rotation":{"angle":0,"axis":"y","origin":[9.375,0,0]},"faces":{"north":{"uv":[0,0,16,16],"texture":"#4"},"east":{"uv":[0,0,16,16],"texture":"#4"},"south":{"uv":[0,0,16,16],"texture":"#4"},"west":{"uv":[0,0,16,16],"texture":"#4"},"up":{"uv":[0,0,16,16],"texture":"#4"},"down":{"uv":[0,0,16,16],"texture":"#4"}}},{"from":[-13.325,-10.75,-5.5],"to":[-12.725,-5.5,-2.54687],"rotation":{"angle":0,"axis":"y","origin":[4.125,-5.25,-26.25]},"faces":{"east":{"uv":[7,0,16,16],"texture":"#12"},"south":{"uv":[7,0,9,16],"texture":"#12"},"west":{"uv":[0,0,9,16],"texture":"#12"},"up":{"uv":[7,7,9,16],"texture":"#13"}}},{"from":[-12.725,-10.75,-3.14688],"to":[-10.4,-5.5,-2.54688],"rotation":{"angle":0,"axis":"y","origin":[4.725,-5.25,-23.89688]},"faces":{"north":{"uv":[0.1,0,12.1,16],"texture":"#12"},"south":{"uv":[6.8,0,16,16],"texture":"#12"},"up":{"uv":[7,9,9,16],"rotation":90,"texture":"#13"},"down":{"uv":[7,9,9,16],"rotation":90,"texture":"#13"}}},{"from":[-10.375,-10.75,15.5],"to":[-5.125,-5.5,20.75],"rotation":{"angle":0,"axis":"y","origin":[9.375,0,21]},"faces":{"north":{"uv":[0,0,16,16],"texture":"#4"},"east":{"uv":[0,0,16,16],"texture":"#4"},"south":{"uv":[0,0,16,16],"texture":"#4"},"west":{"uv":[0,0,16,16],"texture":"#4"},"up":{"uv":[0,0,16,16],"texture":"#4"},"down":{"uv":[0,0,16,16],"texture":"#4"}}},{"from":[-12.725,-10.75,17.85312],"to":[-10.4,-5.5,18.45312],"rotation":{"angle":0,"axis":"y","origin":[4.725,-5.25,-2.89688]},"faces":{"north":{"uv":[0,0,7,16],"texture":"#12"},"south":{"uv":[8.8,0,16,16],"texture":"#12"},"up":{"uv":[7,9,9,16],"rotation":90,"texture":"#13"},"down":{"uv":[7,9,9,16],"rotation":90,"texture":"#13"}}},{"from":[-13.325,-10.75,17.85312],"to":[-12.725,-5.5,20.80625],"rotation":{"angle":0,"axis":"y","origin":[4.125,-5.25,-2.89688]},"faces":{"north":{"uv":[7,0,9,16],"texture":"#12"},"east":{"uv":[0,0,9,16],"texture":"#12"},"west":{"uv":[7,0,16,16],"texture":"#12"},"up":{"uv":[7,7,9,16],"texture":"#13"}}},{"from":[7.675,15.5,17.85312],"to":[8.275,20.75,20.80625],"rotation":{"angle":0,"axis":"y","origin":[25.125,21,-2.89688]},"faces":{"north":{"uv":[7,1.1,9,16],"texture":"#12"},"east":{"uv":[0,1.1,9,16],"texture":"#12"},"west":{"uv":[7,1.1,16,16],"texture":"#12"}}},{"from":[8.275,15.5,17.85312],"to":[10.6,20.75,18.45312],"rotation":{"angle":0,"axis":"y","origin":[25.725,21,-2.89688]},"faces":{"north":{"uv":[0,1.1,7,16],"texture":"#12"},"south":{"uv":[8.8,1.1,16,16],"texture":"#12"},"down":{"uv":[7,9,9,16],"rotation":90,"texture":"#13"}}},{"from":[8.275,20.75,17.85312],"to":[10.6,26,18.45312],"rotation":{"angle":0,"axis":"y","origin":[25.725,26.25,-2.89688]},"faces":{"north":{"uv":[0,0,7,14.9],"texture":"#12"},"south":{"uv":[8.8,0,16,14.9],"texture":"#12"},"up":{"uv":[7,9,9,16],"rotation":90,"texture":"#13"}}},{"from":[7.675,20.75,17.85312],"to":[8.275,26,20.80625],"rotation":{"angle":0,"axis":"y","origin":[25.125,26.25,-2.89688]},"faces":{"north":{"uv":[7,0,9,14.9],"texture":"#12"},"east":{"uv":[0,0,9,14.9],"texture":"#12"},"west":{"uv":[7,0,16,14.9],"texture":"#12"},"up":{"uv":[7,7,9,16],"texture":"#13"}}},{"from":[-15.625,-10.75,-10.75],"to":[-10.375,-5.5,-5.5],"rotation":{"angle":0,"axis":"y","origin":[4.125,-10.5,-31.5]},"faces":{"north":{"uv":[0,0,16,16],"texture":"#4"},"east":{"uv":[0,0,16,16],"texture":"#4"},"south":{"uv":[0,0,16,16],"texture":"#4"},"west":{"uv":[0,0,16,16],"texture":"#4"},"up":{"uv":[0,0,16,16],"texture":"#4"},"down":{"uv":[0,0,16,16],"texture":"#4"}}},{"from":[0.125,-0.25,15.5],"to":[5.375,5,20.75],"rotation":{"angle":0,"axis":"y","origin":[9.375,0,0]},"faces":{"north":{"uv":[0,0,16,16],"texture":"#4"},"east":{"uv":[0,0,16,16],"texture":"#4"},"south":{"uv":[0,0,16,16],"texture":"#4"},"west":{"uv":[0,0,16,16],"texture":"#4"},"up":{"uv":[0,0,16,16],"texture":"#4"},"down":{"uv":[0,0,16,16],"texture":"#4"}}},{"from":[0.125,-0.25,-5.5],"to":[5.375,5,-0.25],"rotation":{"angle":0,"axis":"y","origin":[9.375,0,0]},"faces":{"north":{"uv":[0,0,16,16],"texture":"#4"},"east":{"uv":[0,0,16,16],"texture":"#4"},"south":{"uv":[0,0,16,16],"texture":"#4"},"west":{"uv":[0,0,16,16],"texture":"#4"},"up":{"uv":[0,0,16,16],"texture":"#4"},"down":{"uv":[0,0,16,16],"texture":"#4"}}},{"from":[5.375,-0.25,15.5],"to":[10.625,5,20.75],"rotation":{"angle":0,"axis":"y","origin":[9.375,0,0]},"faces":{"north":{"uv":[0,0,16,16],"texture":"#4"},"east":{"uv":[0,0,16,16],"texture":"#4"},"south":{"uv":[0,0,16,16],"texture":"#4"},"west":{"uv":[0,0,16,16],"texture":"#4"},"up":{"uv":[0,0,16,16],"texture":"#4"},"down":{"uv":[0,0,16,16],"texture":"#4"}}},{"from":[5.375,-0.25,-5.5],"to":[10.625,5,-0.25],"rotation":{"angle":0,"axis":"y","origin":[9.375,0,0]},"faces":{"north":{"uv":[0,0,16,16],"texture":"#4"},"east":{"uv":[0,0,16,16],"texture":"#4"},"south":{"uv":[0,0,16,16],"texture":"#4"},"west":{"uv":[0,0,16,16],"texture":"#4"},"up":{"uv":[0,0,16,16],"texture":"#4"},"down":{"uv":[0,0,16,16],"texture":"#4"}}},{"from":[10.625,5,-5.5],"to":[15.875,10.25,-0.25],"rotation":{"angle":0,"axis":"y","origin":[9.375,0,0]},"faces":{"north":{"uv":[0,0,16,16],"texture":"#4"},"east":{"uv":[0,0,16,16],"texture":"#4"},"south":{"uv":[0,0,16,16],"texture":"#4"},"west":{"uv":[0,0,16,16],"texture":"#4"},"up":{"uv":[0,0,16,16],"texture":"#4"},"down":{"uv":[0,0,16,16],"texture":"#4"}}},{"from":[10.625,5,15.5],"to":[15.875,10.25,20.75],"rotation":{"angle":0,"axis":"y","origin":[9.375,0,0]},"faces":{"north":{"uv":[0,0,16,16],"texture":"#4"},"east":{"uv":[0,0,16,16],"texture":"#4"},"south":{"uv":[0,0,16,16],"texture":"#4"},"west":{"uv":[0,0,16,16],"texture":"#4"},"up":{"uv":[0,0,16,16],"texture":"#4"},"down":{"uv":[0,0,16,16],"texture":"#4"}}},{"from":[0.125,5,20.75],"to":[5.375,10.25,26],"rotation":{"angle":0,"axis":"y","origin":[9.375,0,0]},"faces":{"north":{"uv":[0,0,16,16],"texture":"#4"},"east":{"uv":[0,0,16,16],"texture":"#4"},"south":{"uv":[0,0,16,16],"texture":"#4"},"west":{"uv":[0,0,16,16],"texture":"#4"},"up":{"uv":[0,0,16,16],"texture":"#4"},"down":{"uv":[0,0,16,16],"texture":"#4"}}},{"from":[-5.125,5,-10.75],"to":[0.125,10.25,-5.5],"rotation":{"angle":0,"axis":"y","origin":[27.75,2.25,-18.75]},"faces":{"north":{"uv":[0,0,16,16],"texture":"#4"},"east":{"uv":[0,0,16,16],"texture":"#4"},"south":{"uv":[0,0,16,16],"texture":"#4"},"west":{"uv":[0,0,16,16],"texture":"#4"},"up":{"uv":[0,0,16,16],"texture":"#4"},"down":{"uv":[0,0,16,16],"texture":"#4"}}},{"from":[-10.375,5,-10.75],"to":[-5.125,7.625,-5.5],"rotation":{"angle":0,"axis":"y","origin":[27.75,2.25,-18.75]},"faces":{"north":{"uv":[0,8,16,16],"texture":"#5"},"east":{"uv":[0,8,16,16],"texture":"#5"},"south":{"uv":[0,8,16,16],"texture":"#5"},"west":{"uv":[0,8,16,16],"texture":"#5"},"up":{"uv":[0,0,16,16],"rotation":90,"texture":"#5"},"down":{"uv":[0,0,16,16],"texture":"#5"}}},{"from":[15.875,12.875,-5.5],"to":[21.125,15.5,-0.25],"rotation":{"angle":0,"axis":"y","origin":[54,10.125,-13.5]},"faces":{"north":{"uv":[0,8,16,16],"texture":"#5"},"east":{"uv":[0,8,16,16],"texture":"#5"},"south":{"uv":[0,8,16,16],"texture":"#5"},"west":{"uv":[0,8,16,16],"texture":"#5"},"up":{"uv":[0,0,16,16],"rotation":90,"texture":"#5"},"down":{"uv":[0,0,16,16],"texture":"#5"}}},{"from":[15.875,12.875,15.5],"to":[21.125,15.5,20.75],"rotation":{"angle":0,"axis":"y","origin":[54,10.125,7.5]},"faces":{"north":{"uv":[0,8,16,16],"texture":"#5"},"east":{"uv":[0,8,16,16],"texture":"#5"},"south":{"uv":[0,8,16,16],"texture":"#5"},"west":{"uv":[0,8,16,16],"texture":"#5"},"up":{"uv":[0,0,16,16],"rotation":90,"texture":"#5"},"down":{"uv":[0,0,16,16],"texture":"#5"}}},{"from":[5.375,-2.875,15.5],"to":[10.625,-0.25,20.75],"rotation":{"angle":0,"axis":"y","origin":[43.5,-5.625,7.5]},"faces":{"north":{"uv":[0,8,16,16],"texture":"#5"},"east":{"uv":[0,8,16,16],"texture":"#5"},"south":{"uv":[0,8,16,16],"texture":"#5"},"west":{"uv":[0,8,16,16],"texture":"#5"},"up":{"uv":[0,0,16,16],"rotation":90,"texture":"#5"},"down":{"uv":[0,0,16,16],"texture":"#5"}}},{"from":[5.375,-2.875,-5.5],"to":[10.625,-0.25,-0.25],"rotation":{"angle":0,"axis":"y","origin":[43.5,-5.625,-13.5]},"faces":{"north":{"uv":[0,8,16,16],"texture":"#5"},"east":{"uv":[0,8,16,16],"texture":"#5"},"south":{"uv":[0,8,16,16],"texture":"#5"},"west":{"uv":[0,8,16,16],"texture":"#5"},"up":{"uv":[0,0,16,16],"rotation":90,"texture":"#5"},"down":{"uv":[0,0,16,16],"texture":"#5"}}},{"from":[-5.125,15.5,-10.75],"to":[0.125,18.125,-5.5],"rotation":{"angle":0,"axis":"y","origin":[33,12.75,-18.75]},"faces":{"north":{"uv":[0,8,16,16],"texture":"#5"},"east":{"uv":[0,8,16,16],"texture":"#5"},"south":{"uv":[0,8,16,16],"texture":"#5"},"west":{"uv":[0,8,16,16],"texture":"#5"},"up":{"uv":[0,0,16,16],"rotation":90,"texture":"#5"},"down":{"uv":[0,0,16,16],"texture":"#5"}}},{"from":[5.375,23.375,-16],"to":[10.625,26,-10.75],"rotation":{"angle":0,"axis":"y","origin":[43.5,20.625,-24]},"faces":{"north":{"uv":[0,8,16,16],"texture":"#5"},"east":{"uv":[0,8,16,16],"texture":"#5"},"south":{"uv":[0,8,16,16],"texture":"#5"},"west":{"uv":[0,8,16,16],"texture":"#5"},"up":{"uv":[0,0,16,16],"rotation":90,"texture":"#5"},"down":{"uv":[0,0,16,16],"texture":"#5"}}},{"from":[0.125,20.75,-16],"to":[5.375,23.375,-10.75],"rotation":{"angle":0,"axis":"y","origin":[38.25,18,-24]},"faces":{"north":{"uv":[0,8,16,16],"texture":"#5"},"east":{"uv":[0,8,16,16],"texture":"#5"},"south":{"uv":[0,8,16,16],"texture":"#5"},"west":{"uv":[0,8,16,16],"texture":"#5"},"up":{"uv":[0,0,16,16],"rotation":90,"texture":"#5"},"down":{"uv":[0,0,16,16],"texture":"#5"}}},{"from":[-2.5,18.125,-10.75],"to":[0.125,20.75,-5.5],"rotation":{"angle":0,"axis":"y","origin":[35.625,15.375,-18.75]},"faces":{"north":{"uv":[0,8,8,16],"texture":"#5"},"east":{"uv":[0,8,16,16],"texture":"#5"},"south":{"uv":[8,8,16,16],"texture":"#5"},"west":{"uv":[0,8,16,16],"texture":"#5"},"up":{"uv":[0,0,16,8],"rotation":90,"texture":"#5"},"down":{"uv":[0,0,16,16],"texture":"#5"}}},{"from":[-2.5,18.125,20.75],"to":[0.125,20.75,26],"rotation":{"angle":0,"axis":"y","origin":[35.625,15.375,12.75]},"faces":{"north":{"uv":[0,8,8,16],"texture":"#5"},"east":{"uv":[0,8,16,16],"texture":"#5"},"south":{"uv":[8,8,16,16],"texture":"#5"},"west":{"uv":[0,8,16,16],"texture":"#5"},"up":{"uv":[0,0,16,8],"rotation":90,"texture":"#5"},"down":{"uv":[0,0,16,16],"texture":"#5"}}},{"from":[-5.125,15.5,20.75],"to":[0.125,18.125,26],"rotation":{"angle":0,"axis":"y","origin":[33,12.75,12.75]},"faces":{"north":{"uv":[0,8,16,16],"texture":"#5"},"east":{"uv":[0,8,16,16],"texture":"#5"},"south":{"uv":[0,8,16,16],"texture":"#5"},"west":{"uv":[0,8,16,16],"texture":"#5"},"up":{"uv":[0,0,16,16],"rotation":90,"texture":"#5"},"down":{"uv":[0,0,16,16],"texture":"#5"}}},{"from":[-5.125,-5.5,26],"to":[0.125,-2.875,31.25],"rotation":{"angle":0,"axis":"y","origin":[33,-8.25,18]},"faces":{"north":{"uv":[0,8,16,16],"texture":"#15"},"east":{"uv":[0,8,16,16],"texture":"#15"},"south":{"uv":[0,8,16,16],"texture":"#15"},"west":{"uv":[0,8,16,16],"texture":"#15"},"up":{"uv":[0,0,16,16],"rotation":90,"texture":"#15"},"down":{"uv":[0,0,16,16],"texture":"#15"}}},{"from":[0.125,-5.5,-13.65],"to":[5.375,-0.25,-13.05],"rotation":{"angle":0,"axis":"y","origin":[17.575,0,-32.1]},"faces":{"north":{"uv":[1.1,0,16,16],"texture":"#17"},"south":{"uv":[0,0,14.9,16],"texture":"#17"},"west":{"uv":[0,0,0,0],"texture":"#17"},"up":{"uv":[7,0,9,16],"rotation":90,"texture":"#16"},"down":{"uv":[7,0,9,16],"rotation":90,"texture":"#16"}}},{"from":[-5.125,-5.5,-16],"to":[0.125,-2.875,-10.75],"rotation":{"angle":0,"axis":"y","origin":[33,-8.25,-24]},"faces":{"north":{"uv":[0,8,16,16],"texture":"#15"},"east":{"uv":[0,8,16,16],"texture":"#15"},"south":{"uv":[0,8,16,16],"texture":"#15"},"west":{"uv":[0,8,16,16],"texture":"#15"},"up":{"uv":[0,0,16,16],"rotation":90,"texture":"#15"},"down":{"uv":[0,0,16,16],"texture":"#15"}}},{"from":[5.375,-5.5,-13.65],"to":[10.625,-0.25,-13.05],"rotation":{"angle":0,"axis":"y","origin":[22.825,0,-32.1]},"faces":{"north":{"uv":[1.1,1.1,14.9,16],"texture":"#17"},"south":{"uv":[1.1,1.1,15,16],"texture":"#17"},"down":{"uv":[7,0,9,16],"rotation":90,"texture":"#16"}}},{"from":[5.375,-0.25,-13.65],"to":[10.625,5,-13.05],"rotation":{"angle":0,"axis":"y","origin":[22.825,5.25,-32.1]},"faces":{"north":{"uv":[1.1,0,16,14.9],"texture":"#17"},"south":{"uv":[0,0,14.9,14.9],"texture":"#17"},"west":{"uv":[7,0,9,16],"texture":"#17"},"up":{"uv":[7,0,9,16],"rotation":90,"texture":"#16"}}},{"from":[10.625,-0.25,-13.65],"to":[15.875,5,-13.05],"rotation":{"angle":0,"axis":"y","origin":[28.075,5.25,-32.1]},"faces":{"north":{"uv":[1.1,0,14.9,14.9],"texture":"#17"},"south":{"uv":[1.1,0,14.9,14.9],"texture":"#17"},"up":{"uv":[7,0,9,16],"rotation":90,"texture":"#16"},"down":{"uv":[7,0,9,16],"rotation":90,"texture":"#16"}}},{"from":[10.625,-5.5,-13.65],"to":[13.5781,-0.25,-13.05],"rotation":{"angle":0,"axis":"y","origin":[28.075,0,-32.1]},"faces":{"north":{"uv":[6,1.1,15,16],"texture":"#17"},"east":{"uv":[7,1.1,9,16],"texture":"#17"},"south":{"uv":[1.1,1.1,10.1,16],"texture":"#17"},"down":{"uv":[7,7,9,16],"rotation":90,"texture":"#16"}}},{"from":[15.875,-0.25,-13.65],"to":[18.8281,5,-13.05],"rotation":{"angle":0,"axis":"y","origin":[33.325,5.25,-32.1]},"faces":{"north":{"uv":[6,0,15,16],"texture":"#17"},"east":{"uv":[7,0,9,16],"texture":"#17"},"south":{"uv":[1.1,0,10.1,16],"texture":"#17"},"up":{"uv":[7,7,9,16],"rotation":90,"texture":"#16"},"down":{"uv":[7,7,9,16],"rotation":90,"texture":"#16"}}},{"from":[10.625,5,26],"to":[15.875,7.625,31.25],"rotation":{"angle":0,"axis":"y","origin":[48.75,2.25,18]},"faces":{"north":{"uv":[0,8,16,16],"texture":"#15"},"east":{"uv":[0,8,16,16],"texture":"#15"},"south":{"uv":[0,8,16,16],"texture":"#15"},"west":{"uv":[0,8,16,16],"texture":"#15"},"up":{"uv":[0,0,16,16],"rotation":90,"texture":"#15"},"down":{"uv":[0,0,16,16],"texture":"#15"}}},{"from":[-2.5,-2.875,26],"to":[0.125,-0.25,31.25],"rotation":{"angle":0,"axis":"y","origin":[35.625,-5.625,18]},"faces":{"north":{"uv":[0,8,8,16],"texture":"#15"},"east":{"uv":[0,8,16,16],"texture":"#15"},"south":{"uv":[8,8,16,16],"texture":"#15"},"west":{"uv":[0,8,16,16],"texture":"#15"},"up":{"uv":[0,0,16,8],"rotation":90,"texture":"#15"},"down":{"uv":[0,0,16,16],"texture":"#15"}}},{"from":[10.625,5,-16],"to":[15.875,7.625,-10.75],"rotation":{"angle":0,"axis":"y","origin":[48.75,2.25,-24]},"faces":{"north":{"uv":[0,8,16,16],"texture":"#15"},"east":{"uv":[0,8,16,16],"texture":"#15"},"south":{"uv":[0,8,16,16],"texture":"#15"},"west":{"uv":[0,8,16,16],"texture":"#15"},"up":{"uv":[0,0,16,16],"rotation":90,"texture":"#15"},"down":{"uv":[0,0,16,16],"texture":"#15"}}},{"from":[-2.5,-2.875,-16],"to":[0.125,-0.25,-10.75],"rotation":{"angle":0,"axis":"y","origin":[35.625,-5.625,-24]},"faces":{"north":{"uv":[0,8,8,16],"texture":"#15"},"east":{"uv":[0,8,16,16],"texture":"#15"},"south":{"uv":[8,8,16,16],"texture":"#15"},"west":{"uv":[0,8,16,16],"texture":"#15"},"up":{"uv":[0,0,16,8],"rotation":90,"texture":"#15"},"down":{"uv":[0,0,16,16],"texture":"#15"}}},{"from":[-10.375,5,20.75],"to":[-5.125,7.625,26],"rotation":{"angle":0,"axis":"y","origin":[27.75,2.25,12.75]},"faces":{"north":{"uv":[0,8,16,16],"texture":"#5"},"east":{"uv":[0,8,16,16],"texture":"#5"},"south":{"uv":[0,8,16,16],"texture":"#5"},"west":{"uv":[0,8,16,16],"texture":"#5"},"up":{"uv":[0,0,16,16],"rotation":90,"texture":"#5"},"down":{"uv":[0,0,16,16],"texture":"#5"}}},{"from":[0.125,20.75,26],"to":[5.375,23.375,31.25],"rotation":{"angle":0,"axis":"y","origin":[38.25,18,18]},"faces":{"north":{"uv":[0,8,16,16],"texture":"#5"},"east":{"uv":[0,8,16,16],"texture":"#5"},"south":{"uv":[0,8,16,16],"texture":"#5"},"west":{"uv":[0,8,16,16],"texture":"#5"},"up":{"uv":[0,0,16,16],"rotation":90,"texture":"#5"},"down":{"uv":[0,0,16,16],"texture":"#5"}}},{"from":[-8.075,-5.5,-13.7],"to":[-7.475,-0.25,-10.74687],"rotation":{"angle":0,"axis":"y","origin":[9.375,0,-36.75]},"faces":{"north":{"uv":[7,1.2,9,15.9],"texture":"#12"},"east":{"uv":[0,1.2,9,16],"texture":"#12"},"south":{"uv":[7,1.2,9,15.9],"texture":"#12"},"west":{"uv":[7,1.2,16,16],"texture":"#12"},"down":{"uv":[7,7,9,16],"texture":"#13"}}},{"from":[-8.075,-0.25,-13.7],"to":[-7.475,5,-10.74687],"rotation":{"angle":0,"axis":"y","origin":[9.375,5.25,-36.75]},"faces":{"north":{"uv":[7,0,9,14.8],"texture":"#12"},"east":{"uv":[0,0,9,14.8],"texture":"#12"},"south":{"uv":[7,0,9,14.8],"texture":"#12"},"west":{"uv":[7,0,16,14.8],"texture":"#12"},"up":{"uv":[7,7,9,16],"texture":"#13"}}},{"from":[-7.475,-0.25,-13.7],"to":[-5.15,5,-13.1],"rotation":{"angle":0,"axis":"y","origin":[9.975,5.25,-34.45]},"faces":{"north":{"uv":[1.1,0,8.1,14.8],"texture":"#12"},"south":{"uv":[7.8,0,14.8,14.8],"texture":"#12"},"up":{"uv":[7,9,9,16],"rotation":90,"texture":"#13"},"down":{"uv":[7,9,9,16],"rotation":90,"texture":"#13"}}},{"from":[-5.15,-0.25,-13.7],"to":[-2.825,5,-13.1],"rotation":{"angle":0,"axis":"y","origin":[12.3,5.25,-34.45]},"faces":{"north":{"uv":[7.9,1.2,14.9,16],"texture":"#12"},"south":{"uv":[1.1,1.2,8.1,16],"texture":"#12"},"up":{"uv":[7,9,9,16],"rotation":90,"texture":"#13"},"down":{"uv":[7,9,9,16],"rotation":90,"texture":"#13"}}},{"from":[-2.825,5,-13.7],"to":[-2.225,10.25,-10.74687],"rotation":{"angle":0,"axis":"y","origin":[12.325,10.5,-36.75]},"faces":{"north":{"uv":[7,1.1,9,14.9],"texture":"#12"},"east":{"uv":[0,1.1,9,14.9],"texture":"#12"},"south":{"uv":[7,1.1,9,14.9],"texture":"#12"},"west":{"uv":[7,1.1,16,14.9],"texture":"#12"}}},{"from":[-2.825,-0.25,-13.7],"to":[-2.225,5,-10.74687],"rotation":{"angle":0,"axis":"y","origin":[12.325,5.25,-36.75]},"faces":{"north":{"uv":[7,1.2,9,15.9],"texture":"#12"},"east":{"uv":[0,1.2,9,16],"texture":"#12"},"south":{"uv":[7,1.2,9,15.9],"texture":"#12"},"west":{"uv":[7,1.2,16,16],"texture":"#12"},"down":{"uv":[7,7,9,16],"texture":"#13"}}},{"from":[-2.825,10.25,-13.7],"to":[-2.225,15.5,-10.74687],"rotation":{"angle":0,"axis":"y","origin":[14.625,15.75,-36.75]},"faces":{"north":{"uv":[7,0,9,14.8],"texture":"#12"},"east":{"uv":[0,0,9,14.8],"texture":"#12"},"south":{"uv":[7,0,9,14.8],"texture":"#12"},"west":{"uv":[7,0,16,14.8],"texture":"#12"},"up":{"uv":[7,7,9,16],"texture":"#13"}}},{"from":[-2.225,10.25,-13.7],"to":[0.1,15.5,-13.1],"rotation":{"angle":0,"axis":"y","origin":[15.225,15.75,-34.39688]},"faces":{"north":{"uv":[1.1,0,8.1,14.8],"texture":"#12"},"south":{"uv":[7.8,0,14.8,14.8],"texture":"#12"},"up":{"uv":[7,9,9,16],"rotation":90,"texture":"#13"},"down":{"uv":[7,9,9,16],"rotation":90,"texture":"#13"}}},{"from":[0.1,10.25,-13.7],"to":[2.425,15.5,-13.1],"rotation":{"angle":0,"axis":"y","origin":[17.55,15.75,-34.39688]},"faces":{"north":{"uv":[7.9,0,14.9,16],"texture":"#12"},"south":{"uv":[1.1,0,8.1,16],"texture":"#12"},"up":{"uv":[7,9,9,16],"rotation":90,"texture":"#13"},"down":{"uv":[7,9,9,16],"rotation":90,"texture":"#13"}}},{"from":[2.425,10.25,-13.7],"to":[3.025,15.5,-10.74687],"rotation":{"angle":0,"axis":"y","origin":[17.575,15.75,-36.75]},"faces":{"north":{"uv":[7,0,9,15.9],"texture":"#12"},"east":{"uv":[0,0,9,16],"texture":"#12"},"south":{"uv":[7,0,9,15.9],"texture":"#12"},"west":{"uv":[7,0,16,16],"texture":"#12"},"up":{"uv":[7,7,9,16],"texture":"#13"},"down":{"uv":[7,7,9,16],"texture":"#13"}}},{"from":[0.125,20.75,-16],"to":[5.375,23.375,-10.75],"rotation":{"angle":0,"axis":"y","origin":[38.25,18,-24]},"faces":{"north":{"uv":[0,8,16,16],"texture":"#5"},"east":{"uv":[0,8,16,16],"texture":"#5"},"south":{"uv":[0,8,16,16],"texture":"#5"},"west":{"uv":[0,8,16,16],"texture":"#5"},"up":{"uv":[0,0,16,16],"rotation":90,"texture":"#5"},"down":{"uv":[0,0,16,16],"texture":"#5"}}},{"from":[5.375,23.375,26],"to":[10.625,26,31.25],"rotation":{"angle":0,"axis":"y","origin":[43.5,20.625,18]},"faces":{"north":{"uv":[0,8,16,16],"texture":"#5"},"east":{"uv":[0,8,16,16],"texture":"#5"},"south":{"uv":[0,8,16,16],"texture":"#5"},"west":{"uv":[0,8,16,16],"texture":"#5"},"up":{"uv":[0,0,16,16],"rotation":90,"texture":"#5"},"down":{"uv":[0,0,16,16],"texture":"#5"}}},{"from":[-5.125,5,20.75],"to":[0.125,10.25,26],"rotation":{"angle":0,"axis":"y","origin":[9.375,0,0]},"faces":{"north":{"uv":[0,0,16,16],"texture":"#4"},"east":{"uv":[0,0,16,16],"texture":"#4"},"south":{"uv":[0,0,16,16],"texture":"#4"},"west":{"uv":[0,0,16,16],"texture":"#4"},"up":{"uv":[0,0,16,16],"texture":"#4"},"down":{"uv":[0,0,16,16],"texture":"#4"}}},{"from":[0.125,5,-10.75],"to":[5.375,10.25,-5.5],"rotation":{"angle":0,"axis":"y","origin":[9.375,0,0]},"faces":{"north":{"uv":[0,0,16,16],"texture":"#4"},"east":{"uv":[0,0,16,16],"texture":"#4"},"south":{"uv":[0,0,16,16],"texture":"#4"},"west":{"uv":[0,0,16,16],"texture":"#4"},"up":{"uv":[0,0,16,16],"texture":"#4"},"down":{"uv":[0,0,16,16],"texture":"#4"}}},{"from":[5.375,5,15.5],"to":[10.625,10.25,20.75],"rotation":{"angle":0,"axis":"y","origin":[9.375,0,0]},"faces":{"north":{"uv":[0,0,16,16],"texture":"#4"},"east":{"uv":[0,0,16,16],"texture":"#4"},"south":{"uv":[0,0,16,16],"texture":"#4"},"west":{"uv":[0,0,16,16],"texture":"#4"},"up":{"uv":[0,0,16,16],"texture":"#4"},"down":{"uv":[0,0,16,16],"texture":"#4"}}},{"from":[5.375,5,-5.5],"to":[10.625,10.25,-0.25],"rotation":{"angle":0,"axis":"y","origin":[9.375,0,0]},"faces":{"north":{"uv":[0,0,16,16],"texture":"#4"},"east":{"uv":[0,0,16,16],"texture":"#4"},"south":{"uv":[0,0,16,16],"texture":"#4"},"west":{"uv":[0,0,16,16],"texture":"#4"},"up":{"uv":[0,0,16,16],"texture":"#4"},"down":{"uv":[0,0,16,16],"texture":"#4"}}},{"from":[10.625,10.25,-5.5],"to":[15.875,15.5,-0.25],"rotation":{"angle":0,"axis":"y","origin":[9.375,0,0]},"faces":{"north":{"uv":[0,0,16,16],"texture":"#4"},"east":{"uv":[0,0,16,16],"texture":"#4"},"south":{"uv":[0,0,16,16],"texture":"#4"},"west":{"uv":[0,0,16,16],"texture":"#4"},"up":{"uv":[0,0,16,16],"texture":"#4"},"down":{"uv":[0,0,16,16],"texture":"#4"}}},{"from":[10.625,20.75,-5.5],"to":[15.875,26,-0.25],"rotation":{"angle":0,"axis":"y","origin":[9.375,10.5,0]},"faces":{"north":{"uv":[0,0,16,16],"texture":"#4"},"east":{"uv":[0,0,16,16],"texture":"#4"},"south":{"uv":[0,0,16,16],"texture":"#4"},"west":{"uv":[0,0,16,16],"texture":"#4"},"up":{"uv":[0,0,16,16],"texture":"#4"},"down":{"uv":[0,0,16,16],"texture":"#4"}}},{"from":[10.625,10.25,15.5],"to":[15.875,15.5,20.75],"rotation":{"angle":0,"axis":"y","origin":[9.375,0,0]},"faces":{"north":{"uv":[0,0,16,16],"texture":"#4"},"east":{"uv":[0,0,16,16],"texture":"#4"},"south":{"uv":[0,0,16,16],"texture":"#4"},"west":{"uv":[0,0,16,16],"texture":"#4"},"up":{"uv":[0,0,16,16],"texture":"#4"},"down":{"uv":[0,0,16,16],"texture":"#4"}}},{"from":[0.125,10.25,20.75],"to":[5.375,15.5,26],"rotation":{"angle":0,"axis":"y","origin":[9.375,0,0]},"faces":{"north":{"uv":[0,0,16,16],"texture":"#4"},"east":{"uv":[0,0,16,16],"texture":"#4"},"south":{"uv":[0,0,16,16],"texture":"#4"},"west":{"uv":[0,0,16,16],"texture":"#4"},"up":{"uv":[0,0,16,16],"texture":"#4"},"down":{"uv":[0,0,16,16],"texture":"#4"}}},{"from":[-5.125,10.25,-10.75],"to":[0.125,15.5,-5.5],"rotation":{"angle":0,"axis":"y","origin":[27.75,2.25,-18.75]},"faces":{"north":{"uv":[0,0,16,16],"texture":"#4"},"east":{"uv":[0,0,16,16],"texture":"#4"},"south":{"uv":[0,0,16,16],"texture":"#4"},"west":{"uv":[0,0,16,16],"texture":"#4"},"up":{"uv":[0,0,16,16],"texture":"#4"},"down":{"uv":[0,0,16,16],"texture":"#4"}}},{"from":[-5.125,10.25,20.75],"to":[0.125,15.5,26],"rotation":{"angle":0,"axis":"y","origin":[9.375,0,0]},"faces":{"north":{"uv":[0,0,16,16],"texture":"#4"},"east":{"uv":[0,0,16,16],"texture":"#4"},"south":{"uv":[0,0,16,16],"texture":"#4"},"west":{"uv":[0,0,16,16],"texture":"#4"},"up":{"uv":[0,0,16,16],"texture":"#4"},"down":{"uv":[0,0,16,16],"texture":"#4"}}},{"from":[0.125,10.25,-10.75],"to":[5.375,15.5,-5.5],"rotation":{"angle":0,"axis":"y","origin":[9.375,0,0]},"faces":{"north":{"uv":[0,0,16,16],"texture":"#4"},"east":{"uv":[0,0,16,16],"texture":"#4"},"south":{"uv":[0,0,16,16],"texture":"#4"},"west":{"uv":[0,0,16,16],"texture":"#4"},"up":{"uv":[0,0,16,16],"texture":"#4"},"down":{"uv":[0,0,16,16],"texture":"#4"}}},{"from":[5.375,10.25,15.5],"to":[10.625,15.5,20.75],"rotation":{"angle":0,"axis":"y","origin":[9.375,0,0]},"faces":{"north":{"uv":[0,0,16,16],"texture":"#4"},"east":{"uv":[0,0,16,16],"texture":"#4"},"south":{"uv":[0,0,16,16],"texture":"#4"},"west":{"uv":[0,0,16,16],"texture":"#4"},"up":{"uv":[0,0,16,16],"texture":"#4"},"down":{"uv":[0,0,16,16],"texture":"#4"}}},{"from":[5.375,10.25,-5.5],"to":[10.625,15.5,-0.25],"rotation":{"angle":0,"axis":"y","origin":[9.375,0,0]},"faces":{"north":{"uv":[0,0,16,16],"texture":"#4"},"east":{"uv":[0,0,16,16],"texture":"#4"},"south":{"uv":[0,0,16,16],"texture":"#4"},"west":{"uv":[0,0,16,16],"texture":"#4"},"up":{"uv":[0,0,16,16],"texture":"#4"},"down":{"uv":[0,0,16,16],"texture":"#4"}}},{"from":[10.625,15.5,15.5],"to":[15.875,20.75,20.75],"rotation":{"angle":0,"axis":"y","origin":[9.375,0,0]},"faces":{"north":{"uv":[0,0,16,16],"texture":"#4"},"east":{"uv":[0,0,16,16],"texture":"#4"},"south":{"uv":[0,0,16,16],"texture":"#4"},"west":{"uv":[0,0,16,16],"texture":"#4"},"up":{"uv":[0,0,16,16],"texture":"#4"},"down":{"uv":[0,0,16,16],"texture":"#4"}}},{"from":[10.625,15.5,-5.5],"to":[15.875,20.75,-0.25],"rotation":{"angle":0,"axis":"y","origin":[9.375,0,-21]},"faces":{"north":{"uv":[0,0,16,16],"texture":"#4"},"east":{"uv":[0,0,16,16],"texture":"#4"},"south":{"uv":[0,0,16,16],"texture":"#4"},"west":{"uv":[0,0,16,16],"texture":"#4"},"up":{"uv":[0,0,16,16],"texture":"#4"},"down":{"uv":[0,0,16,16],"texture":"#4"}}},{"from":[8.275,15.5,-3.14688],"to":[10.6,20.75,-2.54688],"rotation":{"angle":0,"axis":"y","origin":[25.725,21,-23.89688]},"faces":{"north":{"uv":[0,1.1,7,16],"texture":"#12"},"south":{"uv":[8.8,1.1,16,16],"texture":"#12"},"down":{"uv":[7,9,9,16],"rotation":90,"texture":"#13"}}},{"from":[7.675,15.5,-5.5],"to":[8.275,20.75,-2.54687],"rotation":{"angle":0,"axis":"y","origin":[25.125,21,-26.25]},"faces":{"north":{"uv":[7,1.1,9,16],"texture":"#12"},"east":{"uv":[7,1.1,16,16],"texture":"#12"},"south":{"uv":[7,1.1,9,16],"texture":"#12"},"west":{"uv":[0,1.1,9,16],"texture":"#12"}}},{"from":[8.275,20.75,-3.14688],"to":[10.6,26,-2.54688],"rotation":{"angle":0,"axis":"y","origin":[25.725,26.25,-23.89688]},"faces":{"north":{"uv":[0,0,7,14.9],"texture":"#12"},"south":{"uv":[8.8,0,16,14.9],"texture":"#12"},"up":{"uv":[7,9,9,16],"rotation":90,"texture":"#13"}}},{"from":[7.675,20.75,-5.5],"to":[8.275,26,-2.54687],"rotation":{"angle":0,"axis":"y","origin":[25.125,26.25,-26.25]},"faces":{"north":{"uv":[7,0,9,14.9],"texture":"#12"},"east":{"uv":[7,0,16,14.9],"texture":"#12"},"south":{"uv":[7,0,9,14.9],"texture":"#12"},"west":{"uv":[0,0,9,14.9],"texture":"#12"},"up":{"uv":[7,7,9,16],"texture":"#13"}}},{"from":[0.125,15.5,20.75],"to":[5.375,20.75,26],"rotation":{"angle":0,"axis":"y","origin":[9.375,0,0]},"faces":{"north":{"uv":[0,0,16,16],"texture":"#4"},"east":{"uv":[0,0,16,16],"texture":"#4"},"south":{"uv":[0,0,16,16],"texture":"#4"},"west":{"uv":[0,0,16,16],"texture":"#4"},"up":{"uv":[0,0,16,16],"texture":"#4"},"down":{"uv":[0,0,16,16],"texture":"#4"}}},{"from":[15.875,15.5,15.5],"to":[21.125,20.75,20.75],"rotation":{"angle":0,"axis":"y","origin":[9.375,0,0]},"faces":{"north":{"uv":[0,0,16,16],"texture":"#4"},"east":{"uv":[0,0,16,16],"texture":"#4"},"south":{"uv":[0,0,16,16],"texture":"#4"},"west":{"uv":[0,0,16,16],"texture":"#4"},"up":{"uv":[0,0,16,16],"texture":"#4"},"down":{"uv":[0,0,16,16],"texture":"#4"}}},{"from":[15.875,15.5,-5.5],"to":[21.125,20.75,-0.25],"rotation":{"angle":0,"axis":"y","origin":[9.375,0,0]},"faces":{"north":{"uv":[0,0,16,16],"texture":"#4"},"east":{"uv":[0,0,16,16],"texture":"#4"},"south":{"uv":[0,0,16,16],"texture":"#4"},"west":{"uv":[0,0,16,16],"texture":"#4"},"up":{"uv":[0,0,16,16],"texture":"#4"},"down":{"uv":[0,0,16,16],"texture":"#4"}}},{"from":[0.125,15.5,-10.75],"to":[5.375,20.75,-5.5],"rotation":{"angle":0,"axis":"y","origin":[27.75,2.25,-18.75]},"faces":{"north":{"uv":[0,0,16,16],"texture":"#4"},"east":{"uv":[0,0,16,16],"texture":"#4"},"south":{"uv":[0,0,16,16],"texture":"#4"},"west":{"uv":[0,0,16,16],"texture":"#4"},"up":{"uv":[0,0,16,16],"texture":"#4"},"down":{"uv":[0,0,16,16],"texture":"#4"}}},{"from":[5.375,15.5,-10.75],"to":[10.625,20.75,-5.5],"rotation":{"angle":0,"axis":"y","origin":[27.75,2.25,-18.75]},"faces":{"north":{"uv":[0,0,16,16],"texture":"#4"},"east":{"uv":[0,0,16,16],"texture":"#4"},"south":{"uv":[0,0,16,16],"texture":"#4"},"west":{"uv":[0,0,16,16],"texture":"#4"},"up":{"uv":[0,0,16,16],"texture":"#4"},"down":{"uv":[0,0,16,16],"texture":"#4"}}},{"from":[5.375,15.5,20.75],"to":[10.625,20.75,26],"rotation":{"angle":0,"axis":"y","origin":[9.375,0,0]},"faces":{"north":{"uv":[0,0,16,16],"texture":"#4"},"east":{"uv":[0,0,16,16],"texture":"#4"},"south":{"uv":[0,0,16,16],"texture":"#4"},"west":{"uv":[0,0,16,16],"texture":"#4"},"up":{"uv":[0,0,16,16],"texture":"#4"},"down":{"uv":[0,0,16,16],"texture":"#4"}}},{"from":[10.625,20.75,-8.4],"to":[15.875,26,-7.8],"rotation":{"angle":0,"axis":"y","origin":[28.075,26.25,-19.95]},"faces":{"north":{"uv":[1.1,0,16,16],"texture":"#12"},"south":{"uv":[0,0,14.9,16],"texture":"#12"},"west":{"uv":[7,0,9,16],"texture":"#12"},"up":{"uv":[7,0,9,16],"rotation":90,"texture":"#13"},"down":{"uv":[7,0,9,16],"rotation":90,"texture":"#13"}}},{"from":[15.875,20.75,-8.4],"to":[18.8281,26,-7.8],"rotation":{"angle":0,"axis":"y","origin":[33.325,26.25,-26.85]},"faces":{"north":{"uv":[5.9,0,14.9,14.8],"texture":"#12"},"east":{"uv":[7,0,9,14.9],"texture":"#12"},"south":{"uv":[1.1,0,10.1,14.8],"texture":"#12"},"up":{"uv":[7,7,9,16],"rotation":90,"texture":"#13"},"down":{"uv":[7,7,9,16],"rotation":90,"texture":"#13"}}},{"from":[18.2281,15.5,-8.4],"to":[18.8281,20.75,-5.4469],"rotation":{"angle":0,"axis":"y","origin":[31.0781,21,-24.5219]},"faces":{"north":{"uv":[7,1.2,9,15.9],"texture":"#12"},"east":{"uv":[0,1.1,9,16],"texture":"#12"},"south":{"uv":[7,1.2,9,15.9],"texture":"#12"},"west":{"uv":[7,1.1,16,16],"texture":"#12"},"down":{"uv":[7,9,9,16],"texture":"#13"}}},{"from":[18.2281,20.75,-7.8],"to":[18.8281,26,-5.475],"rotation":{"angle":0,"axis":"y","origin":[31.0781,26.25,-22.275]},"faces":{"east":{"uv":[0,0,8.3,14.9],"texture":"#12"},"west":{"uv":[7.8,0,16,14.9],"texture":"#12"},"up":{"uv":[7,9,9,16],"texture":"#13"}}},{"from":[12.925,20.75,-7.8],"to":[13.525,26,-5.475],"rotation":{"angle":0,"axis":"y","origin":[25.775,26.25,-22.275]},"faces":{"east":{"uv":[0,0,8.3,16],"texture":"#12"},"west":{"uv":[7.8,0,16,16],"texture":"#12"},"up":{"uv":[7,9,9,16],"texture":"#13"},"down":{"uv":[7,9,9,16],"texture":"#13"}}},{"from":[5.375,15.5,-10.75],"to":[10.625,20.75,-5.5],"rotation":{"angle":0,"axis":"y","origin":[9.375,0,-31.5]},"faces":{"north":{"uv":[0,0,16,16],"texture":"#4"},"east":{"uv":[0,0,16,16],"texture":"#4"},"south":{"uv":[0,0,16,16],"texture":"#4"},"west":{"uv":[0,0,16,16],"texture":"#4"},"up":{"uv":[0,0,16,16],"texture":"#4"},"down":{"uv":[0,0,16,16],"texture":"#4"}}},{"from":[10.625,-16,-5.5],"to":[15.875,-10.75,-0.25],"rotation":{"angle":0,"axis":"y","origin":[9.375,0,0]},"faces":{"north":{"uv":[0,0,16,16],"texture":"#0"},"east":{"uv":[0,0,16,16],"texture":"#0"},"south":{"uv":[0,0,16,16],"texture":"#0"},"west":{"uv":[0,0,16,16],"texture":"#0"},"up":{"uv":[0,0,16,16],"texture":"#0"},"down":{"uv":[0,0,16,16],"texture":"#0"}}},{"from":[10.625,-16,-10.75],"to":[15.875,-10.75,-5.5],"rotation":{"angle":0,"axis":"y","origin":[27.75,2.25,-18.75]},"faces":{"north":{"uv":[0,0,16,16],"texture":"#4"},"east":{"uv":[0,0,16,16],"texture":"#4"},"south":{"uv":[0,0,16,16],"texture":"#4"},"west":{"uv":[0,0,16,16],"texture":"#4"},"up":{"uv":[0,0,16,16],"texture":"#4"},"down":{"uv":[0,0,16,16],"texture":"#4"}}},{"from":[10.625,-16,20.75],"to":[15.875,-10.75,26],"rotation":{"angle":0,"axis":"y","origin":[9.375,0,0]},"faces":{"north":{"uv":[0,0,16,16],"texture":"#10"},"east":{"uv":[0,0,16,16],"texture":"#10"},"south":{"uv":[0,0,16,16],"texture":"#10"},"west":{"uv":[0,0,16,16],"texture":"#10"},"up":{"uv":[0,0,16,16],"texture":"#10"},"down":{"uv":[0,0,16,16],"texture":"#10"}}},{"from":[0.125,-16,20.75],"to":[5.375,-10.75,26],"rotation":{"angle":0,"axis":"y","origin":[9.375,0,0]},"faces":{"north":{"uv":[0,0,16,16],"texture":"#4"},"east":{"uv":[0,0,16,16],"texture":"#4"},"south":{"uv":[0,0,16,16],"texture":"#4"},"west":{"uv":[0,0,16,16],"texture":"#4"},"up":{"uv":[0,0,16,16],"texture":"#4"},"down":{"uv":[0,0,16,16],"texture":"#4"}}},{"from":[15.875,-16,15.5],"to":[21.125,-10.75,20.75],"rotation":{"angle":0,"axis":"y","origin":[9.375,0,0]},"faces":{"north":{"uv":[0,0,16,16],"texture":"#10"},"east":{"uv":[0,0,16,16],"rotation":90,"texture":"#10"},"south":{"uv":[0,0,16,16],"texture":"#10"},"west":{"uv":[0,0,16,16],"texture":"#10"},"up":{"uv":[0,0,16,16],"texture":"#10"},"down":{"uv":[0,0,16,16],"texture":"#10"}}},{"from":[15.875,-16,-0.25],"to":[21.125,-10.75,5],"rotation":{"angle":0,"axis":"y","origin":[9.375,0,-15.75]},"faces":{"north":{"uv":[0,0,16,16],"texture":"#10"},"east":{"uv":[0,0,16,16],"rotation":90,"texture":"#10"},"south":{"uv":[0,0,16,16],"texture":"#10"},"west":{"uv":[0,0,16,16],"texture":"#10"},"up":{"uv":[0,0,16,16],"texture":"#10"},"down":{"uv":[0,0,16,16],"texture":"#10"}}},{"from":[-5.125,-16,5],"to":[0.125,-10.75,10.25],"rotation":{"angle":0,"axis":"y","origin":[9.375,0,0]},"faces":{"north":{"uv":[0,0,16,16],"texture":"#0"},"east":{"uv":[0,0,16,16],"texture":"#0"},"south":{"uv":[0,0,16,16],"texture":"#0"},"west":{"uv":[0,0,16,16],"texture":"#0"},"up":{"uv":[0,0,16,16],"texture":"#0"},"down":{"uv":[0,0,16,16],"texture":"#0"}}},{"from":[-5.125,-10.75,5],"to":[0.125,-10.4,10.25],"rotation":{"angle":0,"axis":"y","origin":[9.375,5.25,0]},"faces":{"north":{"uv":[0,0,16,16],"texture":"#3"},"east":{"uv":[0,0,16,16],"texture":"#3"},"south":{"uv":[0,0,16,16],"texture":"#3"},"west":{"uv":[0,0,16,16],"texture":"#3"},"up":{"uv":[0,0,16,16],"rotation":90,"texture":"#3"},"down":{"uv":[0,0,16,16],"texture":"#3"}}},{"from":[-10.375,-16,5],"to":[-5.125,-10.75,10.25],"rotation":{"angle":0,"axis":"y","origin":[9.375,0,0]},"faces":{"north":{"uv":[0,0,16,16],"texture":"#0"},"east":{"uv":[0,0,16,16],"texture":"#0"},"south":{"uv":[0,0,16,16],"texture":"#0"},"west":{"uv":[0,0,16,16],"texture":"#0"},"up":{"uv":[0,0,16,16],"texture":"#0"},"down":{"uv":[0,0,16,16],"texture":"#0"}}},{"from":[-5.125,-16,-0.25],"to":[0.125,-10.75,5],"rotation":{"angle":0,"axis":"y","origin":[9.375,0,0]},"faces":{"north":{"uv":[0,0,16,16],"texture":"#0"},"east":{"uv":[0,0,16,16],"texture":"#0"},"south":{"uv":[0,0,16,16],"texture":"#0"},"west":{"uv":[0,0,16,16],"texture":"#0"},"up":{"uv":[0,0,16,16],"texture":"#0"},"down":{"uv":[0,0,16,16],"texture":"#0"}}},{"from":[-10.375,-16,-0.25],"to":[-5.125,-10.75,5],"rotation":{"angle":0,"axis":"y","origin":[9.375,0,0]},"faces":{"north":{"uv":[0,0,16,16],"texture":"#0"},"east":{"uv":[0,0,16,16],"texture":"#0"},"south":{"uv":[0,0,16,16],"texture":"#0"},"west":{"uv":[0,0,16,16],"texture":"#0"},"up":{"uv":[0,0,16,16],"texture":"#0"},"down":{"uv":[0,0,16,16],"texture":"#0"}}},{"from":[-10.375,-16,-10.75],"to":[-5.125,-10.75,-5.5],"rotation":{"angle":0,"axis":"y","origin":[27.75,2.25,-18.75]},"faces":{"north":{"uv":[0,0,16,16],"rotation":90,"texture":"#10"},"east":{"uv":[0,0,16,16],"texture":"#10"},"south":{"uv":[0,0,16,16],"texture":"#10"},"west":{"uv":[0,0,16,16],"texture":"#10"},"up":{"uv":[0,0,16,16],"texture":"#10"},"down":{"uv":[0,0,16,16],"texture":"#10"}}},{"from":[-5.125,-16,10.25],"to":[0.125,-10.75,15.5],"rotation":{"angle":0,"axis":"y","origin":[9.375,0,0]},"faces":{"north":{"uv":[0,0,16,16],"texture":"#0"},"east":{"uv":[0,0,16,16],"texture":"#0"},"south":{"uv":[0,0,16,16],"texture":"#0"},"west":{"uv":[0,0,16,16],"texture":"#0"},"up":{"uv":[0,0,16,16],"texture":"#0"},"down":{"uv":[0,0,16,16],"texture":"#0"}}},{"from":[-10.375,-16,10.25],"to":[-5.125,-10.75,15.5],"rotation":{"angle":0,"axis":"y","origin":[9.375,0,0]},"faces":{"north":{"uv":[0,0,16,16],"texture":"#0"},"east":{"uv":[0,0,16,16],"texture":"#0"},"south":{"uv":[0,0,16,16],"texture":"#0"},"west":{"uv":[0,0,16,16],"texture":"#0"},"up":{"uv":[0,0,16,16],"texture":"#0"},"down":{"uv":[0,0,16,16],"texture":"#0"}}},{"from":[0.125,-16,10.25],"to":[5.375,-10.75,15.5],"rotation":{"angle":0,"axis":"y","origin":[9.375,0,0]},"faces":{"north":{"uv":[0,0,16,16],"texture":"#0"},"east":{"uv":[0,0,16,16],"texture":"#0"},"south":{"uv":[0,0,16,16],"texture":"#0"},"west":{"uv":[0,0,16,16],"texture":"#0"},"up":{"uv":[0,0,16,16],"texture":"#0"},"down":{"uv":[0,0,16,16],"texture":"#0"}}},{"from":[0.125,-16,-0.25],"to":[5.375,-10.75,5],"rotation":{"angle":0,"axis":"y","origin":[9.375,0,0]},"faces":{"north":{"uv":[0,0,16,16],"texture":"#0"},"east":{"uv":[0,0,16,16],"texture":"#0"},"south":{"uv":[0,0,16,16],"texture":"#0"},"west":{"uv":[0,0,16,16],"texture":"#0"},"up":{"uv":[0,0,16,16],"texture":"#0"},"down":{"uv":[0,0,16,16],"texture":"#0"}}},{"from":[0.125,-16,5],"to":[5.375,-10.75,10.25],"rotation":{"angle":0,"axis":"y","origin":[9.375,0,0]},"faces":{"north":{"uv":[0,0,16,16],"texture":"#0"},"east":{"uv":[0,0,16,16],"texture":"#0"},"south":{"uv":[0,0,16,16],"texture":"#0"},"west":{"uv":[0,0,16,16],"texture":"#0"},"up":{"uv":[0,0,16,16],"texture":"#0"},"down":{"uv":[0,0,16,16],"texture":"#0"}}},{"from":[15.875,-10.75,10.25],"to":[21.125,-8.125,15.5],"rotation":{"angle":0,"axis":"y","origin":[25.125,5.25,5.25]},"faces":{"north":{"uv":[0,8,16,16],"texture":"#1"},"east":{"uv":[0,8,16,16],"texture":"#1"},"south":{"uv":[0,8,16,16],"texture":"#1"},"west":{"uv":[0,8,16,16],"texture":"#1"},"up":{"uv":[0,0,16,16],"texture":"#2"},"down":{"uv":[0,0,16,16],"texture":"#1"}}},{"from":[10.625,-5.5,-5.5],"to":[15.875,-2.875,-0.25],"rotation":{"angle":0,"axis":"y","origin":[19.875,10.5,-10.5]},"faces":{"north":{"uv":[0,8,16,16],"texture":"#1"},"east":{"uv":[0,8,16,16],"texture":"#1"},"south":{"uv":[0,8,16,16],"texture":"#1"},"west":{"uv":[0,8,16,16],"texture":"#1"},"up":{"uv":[0,0,16,16],"texture":"#2"},"down":{"uv":[0,0,16,16],"texture":"#1"}}},{"from":[10.625,-5.5,15.5],"to":[15.875,-2.875,20.75],"rotation":{"angle":0,"axis":"y","origin":[19.875,10.5,10.5]},"faces":{"north":{"uv":[0,8,16,16],"texture":"#1"},"east":{"uv":[0,8,16,16],"texture":"#1"},"south":{"uv":[0,8,16,16],"texture":"#1"},"west":{"uv":[0,8,16,16],"texture":"#1"},"up":{"uv":[0,0,16,16],"texture":"#2"},"down":{"uv":[0,0,16,16],"texture":"#1"}}},{"from":[10.625,-10.75,20.75],"to":[15.875,-8.125,26],"rotation":{"angle":0,"axis":"y","origin":[19.875,5.25,15.75]},"faces":{"north":{"uv":[0,8,16,16],"texture":"#1"},"east":{"uv":[0,8,16,16],"texture":"#1"},"south":{"uv":[0,8,16,16],"texture":"#1"},"west":{"uv":[0,8,16,16],"texture":"#1"},"up":{"uv":[0,0,16,16],"texture":"#2"},"down":{"uv":[0,0,16,16],"texture":"#1"}}},{"from":[10.625,-13.375,26],"to":[15.875,-10.75,31.25],"rotation":{"angle":0,"axis":"y","origin":[19.875,2.625,21]},"faces":{"north":{"uv":[0,0,16,8],"texture":"#1"},"east":{"uv":[0,0,16,8],"texture":"#1"},"south":{"uv":[0,0,16,8],"texture":"#1"},"west":{"uv":[0,0,16,8],"texture":"#1"},"up":{"uv":[0,0,16,16],"texture":"#2"},"down":{"uv":[0,0,16,16],"texture":"#1"}}},{"from":[10.625,-5.5,-0.25],"to":[15.875,-2.875,5],"rotation":{"angle":0,"axis":"y","origin":[19.875,10.5,-5.25]},"faces":{"north":{"uv":[0,8,16,16],"texture":"#1"},"east":{"uv":[0,8,16,16],"texture":"#1"},"south":{"uv":[0,8,16,16],"texture":"#1"},"west":{"uv":[0,8,16,16],"texture":"#1"},"up":{"uv":[0,0,16,16],"texture":"#2"},"down":{"uv":[0,0,16,16],"texture":"#1"}}},{"from":[15.875,-16,5],"to":[18.5,-13.375,10.25],"rotation":{"angle":0,"axis":"y","origin":[25.125,0,0]},"faces":{"north":{"uv":[0,8,16,16],"texture":"#1"},"east":{"uv":[0,8,16,16],"texture":"#1"},"south":{"uv":[0,8,16,16],"texture":"#1"},"west":{"uv":[0,8,16,16],"texture":"#1"},"up":{"uv":[0,0,16,16],"texture":"#2"},"down":{"uv":[0,8,16,16],"rotation":90,"texture":"#6"}}},{"from":[0.125,-10.75,5],"to":[5.375,-8.125,10.25],"rotation":{"angle":0,"axis":"y","origin":[9.375,5.25,0]},"faces":{"north":{"uv":[0,8,16,16],"texture":"#1"},"east":{"uv":[0,8,16,16],"texture":"#1"},"south":{"uv":[0,8,16,16],"texture":"#1"},"west":{"uv":[0,8,16,16],"texture":"#1"},"up":{"uv":[0,0,16,16],"texture":"#2"},"down":{"uv":[0,0,16,16],"texture":"#1"}}},{"from":[-15.625,-13.375,20.75],"to":[-10.375,-10.75,26],"rotation":{"angle":0,"axis":"y","origin":[-6.375,2.625,15.75]},"faces":{"north":{"uv":[0,0,16,8],"texture":"#1"},"east":{"uv":[0,0,16,8],"texture":"#1"},"south":{"uv":[0,0,16,8],"texture":"#1"},"west":{"uv":[0,0,16,8],"texture":"#1"},"up":{"uv":[0,0,16,16],"texture":"#2"},"down":{"uv":[0,0,16,16],"texture":"#2"}}},{"from":[-15.625,-13.375,-16],"to":[-10.375,-10.75,-10.75],"rotation":{"angle":0,"axis":"y","origin":[-6.375,2.625,-21]},"faces":{"north":{"uv":[0,0,16,8],"texture":"#1"},"east":{"uv":[0,0,16,8],"texture":"#1"},"south":{"uv":[0,0,16,8],"texture":"#1"},"west":{"uv":[0,0,16,8],"texture":"#1"},"up":{"uv":[0,0,16,16],"texture":"#2"},"down":{"uv":[0,0,16,16],"texture":"#2"}}},{"from":[-10.375,-13.375,-16],"to":[-5.125,-10.75,-10.75],"rotation":{"angle":0,"axis":"y","origin":[-1.125,2.625,-21]},"faces":{"north":{"uv":[0,0,16,8],"texture":"#1"},"east":{"uv":[0,0,16,8],"texture":"#1"},"south":{"uv":[0,0,16,8],"texture":"#1"},"west":{"uv":[0,0,16,8],"texture":"#1"},"up":{"uv":[0,0,16,16],"texture":"#2"},"down":{"uv":[0,0,16,16],"texture":"#2"}}},{"from":[-15.625,-16,20.75],"to":[-10.375,-13.375,23.375],"rotation":{"angle":0,"axis":"y","origin":[-6.375,0,15.75]},"faces":{"north":{"uv":[0,8,16,16],"texture":"#1"},"east":{"uv":[0,8,8,16],"texture":"#1"},"south":{"uv":[0,8,16,16],"texture":"#1"},"west":{"uv":[8,8,16,16],"texture":"#1"},"up":{"uv":[0,0,16,16],"texture":"#2"},"down":{"uv":[0,8,16,16],"texture":"#2"}}},{"from":[-15.625,-16,-13.375],"to":[-10.375,-13.375,-10.75],"rotation":{"angle":0,"axis":"y","origin":[-6.375,0,-18.375]},"faces":{"north":{"uv":[0,8,16,16],"texture":"#1"},"east":{"uv":[0,8,8,16],"texture":"#1"},"south":{"uv":[0,8,16,16],"texture":"#1"},"west":{"uv":[8,8,16,16],"texture":"#1"},"up":{"uv":[0,0,16,16],"texture":"#2"},"down":{"uv":[0,8,16,16],"texture":"#2"}}},{"from":[-5.125,-16,-8.125],"to":[0.125,-13.375,-5.5],"rotation":{"angle":0,"axis":"y","origin":[4.125,0,-13.125]},"faces":{"north":{"uv":[0,8,16,16],"texture":"#1"},"east":{"uv":[0,8,8,16],"texture":"#1"},"south":{"uv":[0,8,16,16],"texture":"#1"},"west":{"uv":[8,8,16,16],"texture":"#1"},"up":{"uv":[0,0,16,16],"texture":"#2"},"down":{"uv":[0,8,16,16],"texture":"#2"}}},{"from":[0.125,-13.375,-8.125],"to":[5.375,-10.75,-5.5],"rotation":{"angle":0,"axis":"y","origin":[9.375,2.625,-13.125]},"faces":{"north":{"uv":[0,0,16,8],"texture":"#1"},"east":{"uv":[0,0,8,8],"texture":"#1"},"south":{"uv":[0,0,16,8],"texture":"#1"},"west":{"uv":[8,0,16,8],"texture":"#1"},"up":{"uv":[0,0,16,16],"texture":"#2"},"down":{"uv":[0,8,16,16],"texture":"#2"}}},{"from":[-5.125,-13.375,-10.75],"to":[0.125,-10.75,-5.5],"rotation":{"angle":0,"axis":"y","origin":[4.125,2.625,-15.75]},"faces":{"north":{"uv":[0,0,16,8],"texture":"#1"},"east":{"uv":[0,0,16,8],"texture":"#1"},"south":{"uv":[0,0,16,8],"texture":"#1"},"west":{"uv":[0,0,16,8],"texture":"#1"},"up":{"uv":[0,0,16,16],"texture":"#2"},"down":{"uv":[0,0,16,16],"texture":"#2"}}},{"from":[0.125,-16,-10.75],"to":[5.375,-13.375,-5.5],"rotation":{"angle":0,"axis":"y","origin":[9.375,0,-15.75]},"faces":{"north":{"uv":[0,8,16,16],"texture":"#1"},"east":{"uv":[0,8,16,16],"texture":"#1"},"south":{"uv":[0,8,16,16],"texture":"#1"},"west":{"uv":[0,8,16,16],"texture":"#1"},"up":{"uv":[0,0,16,16],"texture":"#2"},"down":{"uv":[0,0,16,16],"texture":"#2"}}},{"from":[0.125,-10.75,-16],"to":[5.375,-8.125,-10.75],"rotation":{"angle":0,"axis":"y","origin":[9.375,5.25,-21]},"faces":{"north":{"uv":[0,8,16,16],"texture":"#1"},"east":{"uv":[0,8,16,16],"texture":"#1"},"south":{"uv":[0,8,16,16],"texture":"#1"},"west":{"uv":[0,8,16,16],"texture":"#1"},"up":{"uv":[0,0,16,16],"texture":"#2"},"down":{"uv":[0,0,16,16],"texture":"#2"}}},{"from":[5.375,-10.75,-16],"to":[10.625,-8.125,-10.75],"rotation":{"angle":0,"axis":"y","origin":[14.625,5.25,-21]},"faces":{"north":{"uv":[0,8,16,16],"texture":"#1"},"east":{"uv":[0,8,16,16],"texture":"#1"},"south":{"uv":[0,8,16,16],"texture":"#1"},"west":{"uv":[0,8,16,16],"texture":"#1"},"up":{"uv":[0,0,16,16],"texture":"#2"},"down":{"uv":[0,0,16,16],"texture":"#2"}}},{"from":[10.625,-10.75,-10.75],"to":[15.875,-8.125,-5.5],"rotation":{"angle":0,"axis":"y","origin":[19.875,5.25,-15.75]},"faces":{"north":{"uv":[0,8,16,16],"texture":"#1"},"east":{"uv":[0,8,16,16],"texture":"#1"},"south":{"uv":[0,8,16,16],"texture":"#1"},"west":{"uv":[0,8,16,16],"texture":"#1"},"up":{"uv":[0,0,16,16],"texture":"#2"},"down":{"uv":[0,0,16,16],"texture":"#2"}}},{"from":[-5.125,-10.75,-10.75],"to":[0.125,-8.125,-5.5],"rotation":{"angle":0,"axis":"y","origin":[4.125,5.25,-15.75]},"faces":{"north":{"uv":[0,8,16,16],"texture":"#1"},"east":{"uv":[0,8,16,16],"texture":"#1"},"south":{"uv":[0,8,16,16],"texture":"#1"},"west":{"uv":[0,8,16,16],"texture":"#1"},"up":{"uv":[0,0,16,16],"texture":"#2"},"down":{"uv":[0,0,16,16],"texture":"#2"}}},{"from":[-10.375,-10.75,-10.75],"to":[-5.125,-8.125,-5.5],"rotation":{"angle":0,"axis":"y","origin":[-1.125,5.25,-15.75]},"faces":{"north":{"uv":[0,8,16,16],"texture":"#1"},"east":{"uv":[0,8,16,16],"texture":"#1"},"south":{"uv":[0,8,16,16],"texture":"#1"},"west":{"uv":[0,8,16,16],"texture":"#1"},"up":{"uv":[0,0,16,16],"texture":"#2"},"down":{"uv":[0,0,16,16],"texture":"#2"}}},{"from":[15.875,-13.375,5],"to":[21.125,-10.75,10.25],"rotation":{"angle":0,"axis":"y","origin":[25.125,2.625,0]},"faces":{"north":{"uv":[0,0,16,8],"texture":"#1"},"east":{"uv":[0,0,16,8],"texture":"#1"},"south":{"uv":[0,0,16,8],"texture":"#1"},"west":{"uv":[0,0,16,8],"texture":"#1"},"up":{"uv":[0,0,16,16],"texture":"#2"},"down":{"uv":[0,0,16,16],"rotation":90,"texture":"#6"}}},{"from":[10.625,-2.875,-0.25],"to":[13.25,-0.25,5],"rotation":{"angle":0,"axis":"y","origin":[19.875,13.125,-5.25]},"faces":{"north":{"uv":[8,0,16,8],"texture":"#1"},"east":{"uv":[0,0,16,8],"texture":"#1"},"south":{"uv":[0,0,8,8],"texture":"#1"},"west":{"uv":[0,0,16,8],"texture":"#1"},"up":{"uv":[0,0,8,16],"texture":"#2"},"down":{"uv":[0,0,16,16],"rotation":90,"texture":"#6"}}},{"from":[10.625,-2.875,10.25],"to":[13.25,-0.25,15.5],"rotation":{"angle":0,"axis":"y","origin":[19.875,13.125,5.25]},"faces":{"north":{"uv":[8,0,16,8],"texture":"#1"},"east":{"uv":[0,0,16,8],"texture":"#1"},"south":{"uv":[0,0,8,8],"texture":"#1"},"west":{"uv":[0,0,16,8],"texture":"#1"},"up":{"uv":[0,0,8,16],"texture":"#2"},"down":{"uv":[0,0,16,16],"rotation":90,"texture":"#6"}}},{"from":[10.625,-5.5,10.25],"to":[15.875,-2.875,15.5],"rotation":{"angle":0,"axis":"y","origin":[19.875,10.5,5.25]},"faces":{"north":{"uv":[0,8,16,16],"texture":"#1"},"east":{"uv":[0,8,16,16],"texture":"#1"},"south":{"uv":[0,8,16,16],"texture":"#1"},"west":{"uv":[0,8,16,16],"texture":"#1"},"up":{"uv":[0,0,16,16],"texture":"#2"},"down":{"uv":[0,0,16,16],"texture":"#1"}}},{"from":[5.375,-13.375,26],"to":[10.625,-10.75,31.25],"rotation":{"angle":0,"axis":"y","origin":[14.625,2.625,21]},"faces":{"north":{"uv":[0,0,16,8],"texture":"#1"},"east":{"uv":[0,0,16,8],"texture":"#1"},"south":{"uv":[0,0,16,8],"texture":"#1"},"west":{"uv":[0,0,16,8],"texture":"#1"},"up":{"uv":[0,0,16,16],"texture":"#2"},"down":{"uv":[0,0,16,16],"texture":"#2"}}},{"from":[-10.375,-10.75,20.75],"to":[-5.125,-8.125,26],"rotation":{"angle":0,"axis":"y","origin":[-1.125,5.25,15.75]},"faces":{"north":{"uv":[0,8,16,16],"texture":"#1"},"east":{"uv":[0,8,16,16],"texture":"#1"},"south":{"uv":[0,8,16,16],"texture":"#1"},"west":{"uv":[0,8,16,16],"texture":"#1"},"up":{"uv":[0,0,16,16],"texture":"#2"},"down":{"uv":[0,0,16,16],"texture":"#2"}}},{"from":[-5.125,-10.75,20.75],"to":[0.125,-8.125,26],"rotation":{"angle":0,"axis":"y","origin":[4.125,5.25,15.75]},"faces":{"north":{"uv":[0,8,16,16],"texture":"#1"},"east":{"uv":[0,8,16,16],"texture":"#1"},"south":{"uv":[0,8,16,16],"texture":"#1"},"west":{"uv":[0,8,16,16],"texture":"#1"},"up":{"uv":[0,0,16,16],"texture":"#2"},"down":{"uv":[0,0,16,16],"texture":"#2"}}},{"from":[0.125,-10.75,26],"to":[5.375,-8.125,31.25],"rotation":{"angle":0,"axis":"y","origin":[9.375,5.25,21]},"faces":{"north":{"uv":[0,8,16,16],"texture":"#1"},"east":{"uv":[0,8,16,16],"texture":"#1"},"south":{"uv":[0,8,16,16],"texture":"#1"},"west":{"uv":[0,8,16,16],"texture":"#1"},"up":{"uv":[0,0,16,16],"texture":"#2"},"down":{"uv":[0,0,16,16],"texture":"#2"}}},{"from":[5.375,-16,26],"to":[10.625,-13.375,28.625],"rotation":{"angle":0,"axis":"y","origin":[14.625,0,21]},"faces":{"north":{"uv":[0,8,16,16],"texture":"#1"},"east":{"uv":[0,8,8,16],"texture":"#1"},"south":{"uv":[0,8,16,16],"texture":"#1"},"west":{"uv":[8,8,16,16],"texture":"#1"},"up":{"uv":[0,0,16,16],"texture":"#2"},"down":{"uv":[0,8,16,16],"texture":"#2"}}},{"from":[-10.375,-13.375,20.75],"to":[-5.125,-10.75,26],"rotation":{"angle":0,"axis":"y","origin":[-1.125,2.625,15.75]},"faces":{"north":{"uv":[0,0,16,8],"texture":"#7"},"east":{"uv":[0,0,16,8],"texture":"#7"},"south":{"uv":[0,0,16,8],"texture":"#7"},"west":{"uv":[0,0,16,8],"texture":"#7"},"up":{"uv":[0,0,16,16],"texture":"#8"},"down":{"uv":[0,0,16,16],"texture":"#9"}}},{"from":[-10.375,-16,20.75],"to":[-5.125,-13.375,23.375],"rotation":{"angle":0,"axis":"y","origin":[-1.125,0,15.75]},"faces":{"north":{"uv":[0,8,16,16],"texture":"#7"},"east":{"uv":[0,8,8,16],"texture":"#7"},"south":{"uv":[0,8,16,16],"texture":"#7"},"west":{"uv":[8,8,16,16],"texture":"#7"},"up":{"uv":[0,0,16,16],"texture":"#8"},"down":{"uv":[0,8,16,16],"texture":"#9"}}},{"from":[-5.125,-16,20.75],"to":[0.125,-13.375,23.375],"rotation":{"angle":0,"axis":"y","origin":[4.125,0,15.75]},"faces":{"north":{"uv":[0,8,16,16],"texture":"#7"},"east":{"uv":[0,8,8,16],"texture":"#7"},"south":{"uv":[0,8,16,16],"texture":"#7"},"west":{"uv":[8,8,16,16],"texture":"#7"},"up":{"uv":[0,0,16,16],"texture":"#8"},"down":{"uv":[0,8,16,16],"texture":"#9"}}},{"from":[-5.125,-13.375,20.75],"to":[0.125,-10.75,26],"rotation":{"angle":0,"axis":"y","origin":[4.125,2.625,15.75]},"faces":{"north":{"uv":[0,0,16,8],"texture":"#7"},"east":{"uv":[0,0,16,8],"texture":"#7"},"south":{"uv":[0,0,16,8],"texture":"#7"},"west":{"uv":[0,0,16,8],"texture":"#7"},"up":{"uv":[0,0,16,16],"texture":"#8"},"down":{"uv":[0,0,16,16],"texture":"#9"}}},{"from":[15.875,-16,10.25],"to":[21.125,-13.375,15.5],"rotation":{"angle":0,"axis":"y","origin":[25.125,0,5.25]},"faces":{"north":{"uv":[0,8,16,16],"texture":"#7"},"east":{"uv":[0,8,16,16],"texture":"#7"},"south":{"uv":[0,8,16,16],"texture":"#7"},"west":{"uv":[0,8,16,16],"texture":"#7"},"up":{"uv":[0,0,16,16],"texture":"#9"},"down":{"uv":[0,0,16,16],"texture":"#8"}}},{"from":[15.875,-13.375,10.25],"to":[18.5,-10.75,15.5],"rotation":{"angle":0,"axis":"y","origin":[25.125,2.625,5.25]},"faces":{"north":{"uv":[0,0,8,8],"texture":"#7"},"east":{"uv":[0,0,16,8],"texture":"#7"},"south":{"uv":[0,0,8,8],"texture":"#7"},"west":{"uv":[0,0,16,8],"texture":"#7"},"up":{"uv":[0,0,16,16],"texture":"#9"},"down":{"uv":[0,0,16,16],"texture":"#8"}}},{"from":[15.875,-10.75,5],"to":[21.125,-8.125,10.25],"rotation":{"angle":0,"axis":"y","origin":[25.125,5.25,0]},"faces":{"north":{"uv":[0,8,16,16],"texture":"#7"},"east":{"uv":[0,8,16,16],"texture":"#7"},"south":{"uv":[0,8,16,16],"texture":"#7"},"west":{"uv":[0,8,16,16],"texture":"#7"},"up":{"uv":[0,0,16,16],"texture":"#9"},"down":{"uv":[0,0,16,16],"texture":"#8"}}},{"from":[5.375,-10.75,26],"to":[10.625,-8.125,31.25],"rotation":{"angle":0,"axis":"y","origin":[14.625,5.25,21]},"faces":{"north":{"uv":[0,8,16,16],"texture":"#7"},"east":{"uv":[0,8,16,16],"texture":"#7"},"south":{"uv":[0,8,16,16],"texture":"#7"},"west":{"uv":[0,8,16,16],"texture":"#7"},"up":{"uv":[0,0,16,16],"texture":"#9"},"down":{"uv":[0,0,16,16],"texture":"#8"}}},{"from":[-15.625,-10.75,-16],"to":[-10.375,-8.125,-10.75],"rotation":{"angle":0,"axis":"y","origin":[-6.375,5.25,-21]},"faces":{"north":{"uv":[0,8,16,16],"texture":"#7"},"east":{"uv":[0,8,16,16],"texture":"#7"},"south":{"uv":[0,8,16,16],"texture":"#7"},"west":{"uv":[0,8,16,16],"texture":"#7"},"up":{"uv":[0,0,16,16],"texture":"#9"},"down":{"uv":[0,0,16,16],"texture":"#8"}}},{"from":[5.375,-8.125,26],"to":[10.625,-5.5,28.625],"rotation":{"angle":0,"axis":"y","origin":[14.625,7.875,21]},"faces":{"north":{"uv":[0,0,16,8],"texture":"#7"},"east":{"uv":[8,0,16,8],"texture":"#7"},"south":{"uv":[0,0,16,8],"texture":"#7"},"west":{"uv":[0,0,8,8],"texture":"#7"},"up":{"uv":[0,0,16,8],"texture":"#9"},"down":{"uv":[0,0,16,8],"texture":"#8"}}},{"from":[-15.625,-8.125,-13.375],"to":[-10.375,-5.5,-10.75],"rotation":{"angle":0,"axis":"y","origin":[-6.375,7.875,-18.375]},"faces":{"north":{"uv":[0,0,16,8],"texture":"#7"},"east":{"uv":[8,0,16,8],"texture":"#7"},"south":{"uv":[0,0,16,8],"texture":"#7"},"west":{"uv":[0,0,8,8],"texture":"#7"},"up":{"uv":[0,0,16,8],"texture":"#9"},"down":{"uv":[0,0,16,8],"texture":"#8"}}},{"from":[-10.375,-8.125,-13.375],"to":[-5.125,-5.5,-10.75],"rotation":{"angle":0,"axis":"y","origin":[-1.125,7.875,-18.375]},"faces":{"north":{"uv":[0,0,16,8],"texture":"#7"},"east":{"uv":[8,0,16,8],"texture":"#7"},"south":{"uv":[0,0,16,8],"texture":"#7"},"west":{"uv":[0,0,8,8],"texture":"#7"},"up":{"uv":[0,0,16,8],"texture":"#9"},"down":{"uv":[0,0,16,8],"texture":"#8"}}},{"from":[5.375,-16,-8.125],"to":[10.625,-13.375,-5.5],"rotation":{"angle":0,"axis":"y","origin":[14.625,0,-13.125]},"faces":{"north":{"uv":[0,8,16,16],"texture":"#7"},"east":{"uv":[8,8,16,16],"texture":"#7"},"south":{"uv":[0,8,16,16],"texture":"#7"},"west":{"uv":[0,8,8,16],"texture":"#7"},"up":{"uv":[0,0,16,8],"texture":"#9"},"down":{"uv":[0,0,16,8],"texture":"#8"}}},{"from":[-10.375,-10.75,-16],"to":[-5.125,-8.125,-10.75],"rotation":{"angle":0,"axis":"y","origin":[-1.125,5.25,-21]},"faces":{"north":{"uv":[0,8,16,16],"texture":"#7"},"east":{"uv":[0,8,16,16],"texture":"#7"},"south":{"uv":[0,8,16,16],"texture":"#7"},"west":{"uv":[0,8,16,16],"texture":"#7"},"up":{"uv":[0,0,16,16],"texture":"#9"},"down":{"uv":[0,0,16,16],"texture":"#8"}}},{"from":[5.375,-13.375,-10.75],"to":[10.625,-10.75,-5.5],"rotation":{"angle":0,"axis":"y","origin":[14.625,2.625,-15.75]},"faces":{"north":{"uv":[0,0,16,8],"texture":"#7"},"east":{"uv":[0,0,16,8],"texture":"#7"},"south":{"uv":[0,0,16,8],"texture":"#7"},"west":{"uv":[0,0,16,8],"texture":"#7"},"up":{"uv":[0,0,16,16],"texture":"#9"},"down":{"uv":[0,0,16,16],"texture":"#8"}}},{"from":[15.875,-8.125,5],"to":[18.5,-5.5,10.25],"rotation":{"angle":0,"axis":"y","origin":[25.125,7.875,0]},"faces":{"north":{"uv":[0,0,8,8],"texture":"#7"},"east":{"uv":[0,0,16,8],"texture":"#7"},"south":{"uv":[0,0,8,8],"texture":"#7"},"west":{"uv":[0,0,16,8],"texture":"#7"},"up":{"uv":[0,0,8,16],"texture":"#9"},"down":{"uv":[0,0,16,16],"texture":"#8"}}},{"from":[15.875,-10.75,-0.25],"to":[21.125,-8.125,5],"rotation":{"angle":0,"axis":"y","origin":[25.125,5.25,-5.25]},"faces":{"north":{"uv":[0,8,16,16],"texture":"#7"},"east":{"uv":[0,8,16,16],"texture":"#7"},"south":{"uv":[0,8,16,16],"texture":"#7"},"west":{"uv":[0,8,16,16],"texture":"#7"},"up":{"uv":[0,0,16,16],"texture":"#9"},"down":{"uv":[0,0,16,16],"texture":"#8"}}},{"from":[15.875,-8.125,-0.25],"to":[18.5,-5.5,5],"rotation":{"angle":0,"axis":"y","origin":[25.125,7.875,-5.25]},"faces":{"north":{"uv":[0,0,8,8],"texture":"#7"},"east":{"uv":[0,0,16,8],"texture":"#7"},"south":{"uv":[0,0,8,8],"texture":"#7"},"west":{"uv":[0,0,16,8],"texture":"#7"},"up":{"uv":[0,0,8,16],"texture":"#9"},"down":{"uv":[0,0,16,16],"texture":"#8"}}},{"from":[5.375,-5.5,-0.25],"to":[10.625,-2.875,5],"rotation":{"angle":0,"axis":"y","origin":[14.625,10.5,-5.25]},"faces":{"north":{"uv":[0,8,16,16],"texture":"#1"},"east":{"uv":[0,8,16,16],"texture":"#1"},"south":{"uv":[0,8,16,16],"texture":"#1"},"west":{"uv":[0,8,16,16],"texture":"#1"},"up":{"uv":[0,0,16,16],"texture":"#2"},"down":{"uv":[0,0,16,16],"texture":"#1"}}},{"from":[5.375,-5.5,10.25],"to":[10.625,-2.875,15.5],"rotation":{"angle":0,"axis":"y","origin":[14.625,10.5,5.25]},"faces":{"north":{"uv":[0,8,16,16],"texture":"#1"},"east":{"uv":[0,8,16,16],"texture":"#1"},"south":{"uv":[0,8,16,16],"texture":"#1"},"west":{"uv":[0,8,16,16],"texture":"#1"},"up":{"uv":[0,0,16,16],"texture":"#2"},"down":{"uv":[0,0,16,16],"texture":"#1"}}},{"from":[10.625,20.75,15.5],"to":[15.875,26,20.75],"rotation":{"angle":0,"axis":"y","origin":[9.375,0,0]},"faces":{"north":{"uv":[0,0,16,16],"texture":"#4"},"east":{"uv":[0,0,16,16],"texture":"#4"},"south":{"uv":[0,0,16,16],"texture":"#4"},"west":{"uv":[0,0,16,16],"texture":"#4"},"up":{"uv":[0,0,16,16],"texture":"#4"},"down":{"uv":[0,0,16,16],"texture":"#4"}}},{"from":[10.625,26,20.75],"to":[15.875,31.25,26],"rotation":{"angle":0,"axis":"y","origin":[9.375,5.25,0]},"faces":{"north":{"uv":[0,0,16,16],"texture":"#5"},"east":{"uv":[0,0,16,16],"texture":"#5"},"south":{"uv":[0,0,16,16],"texture":"#5"},"west":{"uv":[0,0,16,16],"texture":"#5"},"up":{"uv":[0,0,16,16],"rotation":90,"texture":"#5"},"down":{"uv":[0,0,16,16],"rotation":90,"texture":"#5"}}},{"from":[10.625,26,-10.75],"to":[15.875,31.25,-5.5],"rotation":{"angle":0,"axis":"y","origin":[9.375,5.25,-31.5]},"faces":{"north":{"uv":[0,0,16,16],"texture":"#5"},"east":{"uv":[0,0,16,16],"texture":"#5"},"south":{"uv":[0,0,16,16],"texture":"#5"},"west":{"uv":[0,0,16,16],"texture":"#5"},"up":{"uv":[0,0,16,16],"rotation":90,"texture":"#5"},"down":{"uv":[0,0,16,16],"rotation":90,"texture":"#5"}}},{"from":[0.125,20.75,20.75],"to":[5.375,26,26],"rotation":{"angle":0,"axis":"y","origin":[9.375,0,0]},"faces":{"north":{"uv":[0,0,16,16],"texture":"#4"},"east":{"uv":[0,0,16,16],"texture":"#4"},"south":{"uv":[0,0,16,16],"texture":"#4"},"west":{"uv":[0,0,16,16],"texture":"#4"},"up":{"uv":[0,0,16,16],"texture":"#4"},"down":{"uv":[0,0,16,16],"texture":"#4"}}},{"from":[15.875,20.75,15.5],"to":[21.125,26,20.75],"rotation":{"angle":0,"axis":"y","origin":[9.375,0,0]},"faces":{"north":{"uv":[0,0,16,16],"texture":"#4"},"east":{"uv":[0,0,16,16],"texture":"#4"},"south":{"uv":[0,0,16,16],"texture":"#4"},"west":{"uv":[0,0,16,16],"texture":"#4"},"up":{"uv":[0,0,16,16],"texture":"#4"},"down":{"uv":[0,0,16,16],"texture":"#4"}}},{"from":[15.875,20.75,-5.5],"to":[21.125,26,-0.25],"rotation":{"angle":0,"axis":"y","origin":[9.375,0,0]},"faces":{"north":{"uv":[0,0,16,16],"texture":"#4"},"east":{"uv":[0,0,16,16],"texture":"#4"},"south":{"uv":[0,0,16,16],"texture":"#4"},"west":{"uv":[0,0,16,16],"texture":"#4"},"up":{"uv":[0,0,16,16],"texture":"#4"},"down":{"uv":[0,0,16,16],"texture":"#4"}}},{"from":[-15.625,-16,-10.75],"to":[-10.375,-10.75,-5.5],"rotation":{"angle":0,"axis":"y","origin":[27.75,2.25,-18.75]},"faces":{"north":{"uv":[0,0,16,16],"texture":"#10"},"east":{"uv":[0,0,16,16],"texture":"#10"},"south":{"uv":[0,0,16,16],"texture":"#10"},"west":{"uv":[0,0,16,16],"texture":"#10"},"up":{"uv":[0,0,16,16],"texture":"#10"},"down":{"uv":[0,0,16,16],"texture":"#10"}}},{"from":[-15.625,-16,-0.25],"to":[-10.375,-10.75,5],"rotation":{"angle":0,"axis":"y","origin":[9.725,0,0]},"faces":{"north":{"uv":[0,0,16,16],"texture":"#0"},"east":{"uv":[0,0,16,16],"texture":"#0"},"south":{"uv":[0,0,16,16],"texture":"#0"},"west":{"uv":[0,0,16,16],"texture":"#0"},"up":{"uv":[0,0,16,16],"texture":"#0"},"down":{"uv":[0,0,16,16],"texture":"#0"}}},{"from":[-15.625,-16,-5.5],"to":[-10.375,-10.75,-0.25],"rotation":{"angle":0,"axis":"y","origin":[9.725,0,0]},"faces":{"north":{"uv":[0,0,16,16],"texture":"#0"},"east":{"uv":[0,0,16,16],"texture":"#0"},"south":{"uv":[0,0,16,16],"texture":"#0"},"west":{"uv":[0,0,16,16],"texture":"#0"},"up":{"uv":[0,0,16,16],"texture":"#0"},"down":{"uv":[0,0,16,16],"texture":"#0"}}},{"from":[-15.625,-16,5],"to":[-10.375,-10.75,10.25],"rotation":{"angle":0,"axis":"y","origin":[9.725,0,0]},"faces":{"north":{"uv":[0,0,16,16],"texture":"#0"},"east":{"uv":[0,0,16,16],"texture":"#0"},"south":{"uv":[0,0,16,16],"texture":"#0"},"west":{"uv":[0,0,16,16],"texture":"#0"},"up":{"uv":[0,0,16,16],"texture":"#0"},"down":{"uv":[0,0,16,16],"texture":"#0"}}},{"from":[-15.625,-16,10.25],"to":[-10.375,-10.75,15.5],"rotation":{"angle":0,"axis":"y","origin":[9.725,0,0]},"faces":{"north":{"uv":[0,0,16,16],"texture":"#0"},"east":{"uv":[0,0,16,16],"texture":"#0"},"south":{"uv":[0,0,16,16],"texture":"#0"},"west":{"uv":[0,0,16,16],"texture":"#0"},"up":{"uv":[0,0,16,16],"texture":"#0"},"down":{"uv":[0,0,16,16],"texture":"#0"}}},{"from":[-15.625,-5.5,20.75],"to":[-10.375,-0.25,26],"rotation":{"angle":0,"axis":"y","origin":[9.725,0,0]},"faces":{"north":{"uv":[0,0,16,16],"texture":"#4"},"east":{"uv":[0,0,16,16],"texture":"#4"},"south":{"uv":[0,0,16,16],"texture":"#4"},"west":{"uv":[0,0,16,16],"texture":"#4"},"up":{"uv":[0,0,16,16],"texture":"#4"},"down":{"uv":[0,0,16,16],"texture":"#4"}}},{"from":[-15.625,-5.5,-10.75],"to":[-10.375,-0.25,-5.5],"rotation":{"angle":0,"axis":"y","origin":[9.725,0,15.25]},"faces":{"north":{"uv":[16,0,0,16],"texture":"#4"},"east":{"uv":[16,0,0,16],"texture":"#4"},"south":{"uv":[16,0,0,16],"texture":"#4"},"west":{"uv":[16,0,0,16],"texture":"#4"},"up":{"uv":[0,16,16,0],"texture":"#4"},"down":{"uv":[0,16,16,0],"texture":"#4"}}},{"from":[-15.625,-10.75,20.75],"to":[-10.375,-5.5,26],"rotation":{"angle":0,"axis":"y","origin":[9.725,0,0]},"faces":{"north":{"uv":[0,0,16,16],"texture":"#4"},"east":{"uv":[0,0,16,16],"texture":"#4"},"south":{"uv":[0,0,16,16],"texture":"#4"},"west":{"uv":[0,0,16,16],"texture":"#4"},"up":{"uv":[0,0,16,16],"texture":"#4"},"down":{"uv":[0,0,16,16],"texture":"#4"}}},{"from":[-15.625,-16,15.5],"to":[-10.375,-10.75,20.75],"rotation":{"angle":0,"axis":"y","origin":[9.725,0,0]},"faces":{"north":{"uv":[0,0,16,16],"texture":"#0"},"east":{"uv":[0,0,16,16],"texture":"#0"},"south":{"uv":[0,0,16,16],"texture":"#0"},"west":{"uv":[0,0,16,16],"texture":"#0"},"up":{"uv":[0,0,16,16],"texture":"#0"},"down":{"uv":[0,0,16,16],"texture":"#0"}}},{"from":[0.125,20.75,-10.75],"to":[5.375,26,-5.5],"rotation":{"angle":0,"axis":"y","origin":[27.75,2.25,-18.75]},"faces":{"north":{"uv":[0,0,16,16],"texture":"#4"},"east":{"uv":[0,0,16,16],"texture":"#4"},"south":{"uv":[0,0,16,16],"texture":"#4"},"west":{"uv":[0,0,16,16],"texture":"#4"},"up":{"uv":[0,0,16,16],"texture":"#4"},"down":{"uv":[0,0,16,16],"texture":"#4"}}},{"from":[5.375,20.75,-10.75],"to":[10.625,26,-5.5],"rotation":{"angle":0,"axis":"y","origin":[27.75,2.25,-18.75]},"faces":{"north":{"uv":[0,0,16,16],"texture":"#4"},"east":{"uv":[0,0,16,16],"texture":"#4"},"south":{"uv":[0,0,16,16],"texture":"#4"},"west":{"uv":[0,0,16,16],"texture":"#4"},"up":{"uv":[0,0,16,16],"texture":"#4"},"down":{"uv":[0,0,16,16],"texture":"#4"}}},{"from":[15.875,26,-5.5],"to":[21.125,31.25,-0.25],"rotation":{"angle":0,"axis":"y","origin":[9.375,5.25,0]},"faces":{"north":{"uv":[0,0,16,16],"texture":"#4"},"east":{"uv":[0,0,16,16],"texture":"#4"},"south":{"uv":[0,0,16,16],"texture":"#4"},"west":{"uv":[0,0,16,16],"texture":"#4"},"up":{"uv":[0,0,16,16],"texture":"#4"},"down":{"uv":[0,0,16,16],"texture":"#4"}}},{"from":[10.625,26,-5.5],"to":[15.875,31.25,-0.25],"rotation":{"angle":0,"axis":"y","origin":[9.375,15.75,0]},"faces":{"north":{"uv":[0,0,16,16],"texture":"#4"},"east":{"uv":[0,0,16,16],"texture":"#4"},"south":{"uv":[0,0,16,16],"texture":"#4"},"west":{"uv":[0,0,16,16],"texture":"#4"},"up":{"uv":[0,0,16,16],"texture":"#4"},"down":{"uv":[0,0,16,16],"texture":"#4"}}},{"from":[5.375,26,-10.75],"to":[10.625,31.25,-5.5],"rotation":{"angle":0,"axis":"y","origin":[27.75,7.5,-18.75]},"faces":{"north":{"uv":[0,0,16,16],"texture":"#4"},"east":{"uv":[0,0,16,16],"texture":"#4"},"south":{"uv":[0,0,16,16],"texture":"#4"},"west":{"uv":[0,0,16,16],"texture":"#4"},"up":{"uv":[0,0,16,16],"texture":"#4"},"down":{"uv":[0,0,16,16],"texture":"#4"}}},{"from":[0.125,26,-10.75],"to":[5.375,31.25,-5.5],"rotation":{"angle":0,"axis":"y","origin":[27.75,7.5,-18.75]},"faces":{"north":{"uv":[0,0,16,16],"texture":"#4"},"east":{"uv":[0,0,16,16],"texture":"#4"},"south":{"uv":[0,0,16,16],"texture":"#4"},"west":{"uv":[0,0,16,16],"texture":"#4"},"up":{"uv":[0,0,16,16],"texture":"#4"},"down":{"uv":[0,0,16,16],"texture":"#4"}}},{"from":[1.675,28,-11.25],"to":[3.675,29.25,-10.75],"rotation":{"angle":0,"axis":"y","origin":[27.75,7.5,-24]},"faces":{"north":{"uv":[5,1,11,5],"texture":"#5"},"east":{"uv":[12,9,14,13],"texture":"#5"},"south":{"uv":[5,1,11,5],"texture":"#5"},"west":{"uv":[12,9,14,13],"texture":"#5"},"up":{"uv":[5,8,11,10],"texture":"#5"},"down":{"uv":[5,8,11,10],"texture":"#5"}}},{"from":[1.675,28,26],"to":[3.675,29.25,26.5],"rotation":{"angle":0,"axis":"y","origin":[26.2,11.2,13.25]},"faces":{"north":{"uv":[5,1,11,5],"texture":"#5"},"east":{"uv":[12,9,14,13],"texture":"#5"},"south":{"uv":[5,1,11,5],"texture":"#5"},"west":{"uv":[12,9,14,13],"texture":"#5"},"up":{"uv":[5,8,11,10],"texture":"#5"},"down":{"uv":[5,8,11,10],"texture":"#5"}}},{"from":[5.375,20.75,20.75],"to":[10.625,26,26],"rotation":{"angle":0,"axis":"y","origin":[9.375,0,0]},"faces":{"north":{"uv":[0,0,16,16],"texture":"#4"},"east":{"uv":[0,0,16,16],"texture":"#4"},"south":{"uv":[0,0,16,16],"texture":"#4"},"west":{"uv":[0,0,16,16],"texture":"#4"},"up":{"uv":[0,0,16,16],"texture":"#4"},"down":{"uv":[0,0,16,16],"texture":"#4"}}},{"from":[10.625,26,15.5],"to":[15.875,31.25,20.75],"rotation":{"angle":0,"axis":"y","origin":[9.375,5.25,0]},"faces":{"north":{"uv":[0,0,16,16],"texture":"#4"},"east":{"uv":[0,0,16,16],"texture":"#4"},"south":{"uv":[0,0,16,16],"texture":"#4"},"west":{"uv":[0,0,16,16],"texture":"#4"},"up":{"uv":[0,0,16,16],"texture":"#4"},"down":{"uv":[0,0,16,16],"texture":"#4"}}},{"from":[15.875,26,15.5],"to":[21.125,31.25,20.75],"rotation":{"angle":0,"axis":"y","origin":[9.375,5.25,0]},"faces":{"north":{"uv":[0,0,16,16],"texture":"#4"},"east":{"uv":[0,0,16,16],"texture":"#4"},"south":{"uv":[0,0,16,16],"texture":"#4"},"west":{"uv":[0,0,16,16],"texture":"#4"},"up":{"uv":[0,0,16,16],"texture":"#4"},"down":{"uv":[0,0,16,16],"texture":"#4"}}},{"from":[5.375,26,20.75],"to":[10.625,31.25,26],"rotation":{"angle":0,"axis":"y","origin":[9.375,5.25,0]},"faces":{"north":{"uv":[0,0,16,16],"texture":"#4"},"east":{"uv":[0,0,16,16],"texture":"#4"},"south":{"uv":[0,0,16,16],"texture":"#4"},"west":{"uv":[0,0,16,16],"texture":"#4"},"up":{"uv":[0,0,16,16],"texture":"#4"},"down":{"uv":[0,0,16,16],"texture":"#4"}}},{"from":[0.125,26,20.75],"to":[5.375,31.25,26],"rotation":{"angle":0,"axis":"y","origin":[9.375,5.25,0]},"faces":{"north":{"uv":[0,0,16,16],"texture":"#4"},"east":{"uv":[0,0,16,16],"texture":"#4"},"south":{"uv":[0,0,16,16],"texture":"#4"},"west":{"uv":[0,0,16,16],"texture":"#4"},"up":{"uv":[0,0,16,16],"texture":"#4"},"down":{"uv":[0,0,16,16],"texture":"#4"}}},{"from":[-13.625,26,6.975],"to":[-12.325,31.25,8.275],"rotation":{"angle":0,"axis":"y","origin":[31.1,-0.55,18.275]},"faces":{"north":{"uv":[10,0,6,16],"texture":"#18"},"east":{"uv":[10,0,6,16],"texture":"#18"},"south":{"uv":[10,0,6,16],"texture":"#18"},"west":{"uv":[10,0,6,16],"texture":"#18"},"up":{"uv":[0,4,4,0],"texture":"#18"},"down":{"uv":[0,8,8,0],"texture":"#18"}}},{"from":[-15.6,29.925,7.3],"to":[-13.625,30.925,7.95],"rotation":{"angle":0,"axis":"y","origin":[35.99999,-0.55,18.275]},"faces":{"north":{"uv":[11,1,5,4],"texture":"#18"},"east":{"uv":[7,1,5,4],"texture":"#18"},"south":{"uv":[11,1,5,4],"texture":"#18"},"west":{"uv":[7,1,5,4],"texture":"#18"},"up":{"uv":[0,2,6,0],"texture":"#18"},"down":{"uv":[0,2,6,0],"texture":"#18"}}},{"from":[-15.6,27.95,7.3],"to":[-13.625,28.95,7.95],"rotation":{"angle":0,"axis":"y","origin":[35.675,-2.525,18.275]},"faces":{"north":{"uv":[11,1,5,4],"texture":"#18"},"east":{"uv":[7,1,5,4],"texture":"#18"},"south":{"uv":[11,1,5,4],"texture":"#18"},"west":{"uv":[7,1,5,4],"texture":"#18"},"up":{"uv":[0,2,6,0],"texture":"#18"},"down":{"uv":[0,2,6,0],"texture":"#18"}}}],"display":{"thirdperson_righthand":{"scale":[3,3,3]}},"groups":[{"name":"group","origin":[9.375,0,0],"color":0,"nbt":"{}","armAnimationEnabled":false,"children":[0,1,2,3,4,5,6,7,8,9,10,11,12,13,14,15,16,17,18,19,20,21,22,23,24,25,26,27,28,29,30,31,32,33,34,35,36,37,38,39,40,41,42,43,44,45,46,47,48,49,50,51,52,53,54,55,56,57,58,59,60,61,62,63,64,65,66,67,68,69,70,71,72,73,74,75,76,77,78,79,80,81,82,83,84,85,86,87,88,89,90,91,92,93,94,95,96,97,98,99,100,101,102,103,104,105,106,107,108,109,110,111,112,113,114,115,116,117,118,119,120,121,122,123,124,125,126,127,128,129,130,131,132,133,134,135,136,137,138,139,140,141,142,143,144,145,146,147,148,149,150,151,152,153,154,155,156,157,158,159,160,161,162,163,164,165,166,167,168,169,170,171,172,173,174,175,176,177,178,179,180,181,182,183,184,185,186,187,188,189,190,191,192,193,194,195,196,197,198,199,200,201,202,203,204,205,206,207,208,209,210,211,212,213,214,215,216,217,218,219,220,221,222,223,224,225,226,227,228,229,230,231,232,233,234,235,236,237,238,239,240,241,242,243,244,245,246,247,248,249,250]},251,252,253]}