{"credit":"Made with Blockbench by Valvac","textures":{"0":"block/birch_planks","1":"block/cyan_concrete_powder","2":"block/yellow_concrete","3":"block/red_sandstone","4":"block/red_sandstone_top","5":"block/orange_terracotta","6":"block/acacia_trapdoor","7":"block/purpur_block","8":"block/acacia_planks","9":"block/orange_stained_glass","particle":"block/birch_planks"},"elements":[{"from":[10.625,-16,-0.25],"to":[15.875,-13.375,5],"rotation":{"angle":0,"axis":"y","origin":[6.25,-2.05,0]},"faces":{"north":{"uv":[0,8,16,16],"texture":"#0"},"east":{"uv":[0,8,16,16],"texture":"#0"},"south":{"uv":[0,8,16,16],"texture":"#0"},"west":{"uv":[0,8,16,16],"texture":"#0"},"up":{"uv":[0,0,16,16],"texture":"#0"},"down":{"uv":[0,0,16,16],"texture":"#0"}}},{"from":[0.125,-16,-0.25],"to":[5.375,-13.375,5],"rotation":{"angle":0,"axis":"y","origin":[9.75,-2.05,0]},"faces":{"north":{"uv":[0,8,16,16],"texture":"#0"},"east":{"uv":[0,8,16,16],"texture":"#0"},"south":{"uv":[0,8,16,16],"texture":"#0"},"west":{"uv":[0,8,16,16],"texture":"#0"},"up":{"uv":[0,0,16,16],"texture":"#0"},"down":{"uv":[0,0,16,16],"texture":"#0"}}},{"from":[0.125,2.375,10.25],"to":[5.375,5,15.5],"rotation":{"angle":0,"axis":"y","origin":[13.75,13.325,3.5]},"faces":{"north":{"uv":[0,0,16,8],"texture":"#8"},"east":{"uv":[0,0,16,8],"texture":"#8"},"south":{"uv":[0,0,16,8],"texture":"#8"},"west":{"uv":[0,0,16,8],"texture":"#8"},"up":{"uv":[0,0,16,16],"texture":"#8"},"down":{"uv":[0,0,16,16],"texture":"#8"}}},{"from":[10.625,2.375,10.25],"to":[15.875,5,15.5],"rotation":{"angle":0,"axis":"y","origin":[12.25,13.325,3.5]},"faces":{"north":{"uv":[0,0,16,8],"texture":"#8"},"east":{"uv":[0,0,16,8],"texture":"#8"},"south":{"uv":[0,0,16,8],"texture":"#8"},"west":{"uv":[0,0,16,8],"texture":"#8"},"up":{"uv":[0,0,16,16],"texture":"#8"},"down":{"uv":[0,0,16,16],"texture":"#8"}}},{"from":[5.375,-8.125,5],"to":[10.625,-5.5,10.25],"rotation":{"angle":0,"axis":"y","origin":[9,2.825,-1.75]},"faces":{"north":{"uv":[0,0,16,8],"texture":"#3"},"east":{"uv":[0,0,16,8],"texture":"#3"},"south":{"uv":[0,0,16,8],"texture":"#3"},"west":{"uv":[0,0,16,8],"texture":"#3"},"up":{"uv":[0,0,16,16],"texture":"#4"},"down":{"uv":[0,0,16,16],"texture":"#4"}}},{"from":[5.375,-13.375,10.25],"to":[10.625,-10.75,15.5],"rotation":{"angle":0,"axis":"y","origin":[9,0.575,-2.5]},"faces":{"north":{"uv":[0,0,16,8],"texture":"#3"},"east":{"uv":[0,0,16,8],"texture":"#3"},"south":{"uv":[0,0,16,8],"texture":"#3"},"west":{"uv":[0,0,16,8],"texture":"#3"},"up":{"uv":[0,0,16,16],"texture":"#4"},"down":{"uv":[0,0,16,16],"texture":"#4"}}},{"from":[5.375,-10.75,10.25],"to":[10.625,-8.125,15.5],"rotation":{"angle":0,"axis":"y","origin":[9,-1.8,-2.5]},"faces":{"north":{"uv":[0,8,16,16],"texture":"#3"},"east":{"uv":[0,8,16,16],"texture":"#3"},"south":{"uv":[0,8,16,16],"texture":"#3"},"west":{"uv":[0,8,16,16],"texture":"#3"},"up":{"uv":[0,0,16,16],"texture":"#4"},"down":{"uv":[0,0,16,16],"texture":"#4"}}},{"from":[5.375,-5.5,-5.5],"to":[10.625,-2.875,-0.25],"rotation":{"angle":0,"axis":"y","origin":[9,-5.55,-1.25]},"faces":{"north":{"uv":[0,8,16,16],"texture":"#7"},"east":{"uv":[0,8,16,16],"texture":"#7"},"south":{"uv":[0,8,16,16],"texture":"#7"},"west":{"uv":[0,8,16,16],"texture":"#7"},"up":{"uv":[0,0,16,16],"texture":"#7"},"down":{"uv":[0,0,16,16],"texture":"#7"}}},{"from":[5.375,-0.25,10.25],"to":[10.625,2.375,15.5],"rotation":{"angle":0,"axis":"y","origin":[9,-0.3,-2.5]},"faces":{"north":{"uv":[0,8,16,16],"texture":"#7"},"east":{"uv":[0,8,16,16],"texture":"#7"},"south":{"uv":[0,8,16,16],"texture":"#7"},"west":{"uv":[0,8,16,16],"texture":"#7"},"up":{"uv":[0,0,16,16],"texture":"#7"},"down":{"uv":[0,0,16,16],"texture":"#7"}}},{"from":[0.125,-16,10.25],"to":[5.375,-13.375,15.5],"rotation":{"angle":0,"axis":"y","origin":[9.75,-2.05,-2.5]},"faces":{"north":{"uv":[0,8,16,16],"texture":"#0"},"east":{"uv":[0,8,16,16],"texture":"#0"},"south":{"uv":[0,8,16,16],"texture":"#0"},"west":{"uv":[0,8,16,16],"texture":"#0"},"up":{"uv":[0,0,16,16],"texture":"#0"},"down":{"uv":[0,0,16,16],"texture":"#0"}}},{"from":[10.625,-16,10.25],"to":[15.875,-13.375,15.5],"rotation":{"angle":0,"axis":"y","origin":[7.25,-2.05,-2.5]},"faces":{"north":{"uv":[0,8,16,16],"texture":"#0"},"east":{"uv":[0,8,16,16],"texture":"#0"},"south":{"uv":[0,8,16,16],"texture":"#0"},"west":{"uv":[0,8,16,16],"texture":"#0"},"up":{"uv":[0,0,16,16],"texture":"#0"},"down":{"uv":[0,0,16,16],"texture":"#0"}}},{"from":[5.375,-16,10.25],"to":[10.625,-13.375,12.875],"rotation":{"angle":0,"axis":"y","origin":[5.625,-14.925,-9.875]},"faces":{"north":{"uv":[0,0,16,8],"texture":"#3"},"east":{"uv":[8,0,16,8],"texture":"#3"},"south":{"uv":[0,8,16,16],"texture":"#3"},"west":{"uv":[0,8,8,16],"texture":"#3"},"up":{"uv":[0,0,8,16],"rotation":270,"texture":"#4"},"down":{"uv":[0,0,16,16],"rotation":90,"texture":"#4"}}},{"from":[5.375,-10.75,7.625],"to":[10.625,-8.125,10.25],"rotation":{"angle":0,"axis":"y","origin":[5.625,-14.675,-8.5]},"faces":{"north":{"uv":[0,8,16,16],"texture":"#3"},"east":{"uv":[8,8,16,16],"texture":"#3"},"south":{"uv":[0,8,16,16],"texture":"#3"},"west":{"uv":[0,8,8,16],"texture":"#3"},"up":{"uv":[0,0,8,16],"rotation":270,"texture":"#4"},"down":{"uv":[0,0,16,16],"rotation":90,"texture":"#4"}}},{"from":[5.375,-8.125,10.25],"to":[10.625,-5.5,12.875],"rotation":{"angle":0,"axis":"y","origin":[5.625,-16.05,-9.875]},"faces":{"north":{"uv":[0,0,16,8],"texture":"#3"},"east":{"uv":[8,0,16,8],"texture":"#3"},"south":{"uv":[0,0,16,8],"texture":"#3"},"west":{"uv":[0,0,8,8],"texture":"#3"},"up":{"uv":[0,0,8,16],"rotation":270,"texture":"#4"},"down":{"uv":[0,0,16,16],"rotation":90,"texture":"#4"}}},{"from":[5.375,-2.875,-2.875],"to":[10.625,-0.25,-0.25],"rotation":{"angle":0,"axis":"y","origin":[5.625,-17.8,-5]},"faces":{"north":{"uv":[0,0,16,8],"texture":"#7"},"east":{"uv":[8,0,16,8],"texture":"#7"},"south":{"uv":[0,0,16,8],"texture":"#7"},"west":{"uv":[0,0,8,8],"texture":"#7"},"up":{"uv":[0,0,8,16],"rotation":270,"texture":"#7"},"down":{"uv":[0,0,16,16],"rotation":90,"texture":"#7"}}},{"from":[5.375,2.375,12.875],"to":[10.625,5,15.5],"rotation":{"angle":0,"axis":"y","origin":[5.625,-12.55,-10.25]},"faces":{"north":{"uv":[0,0,16,8],"texture":"#7"},"east":{"uv":[8,0,16,8],"texture":"#7"},"south":{"uv":[0,0,16,8],"texture":"#7"},"west":{"uv":[0,0,8,8],"texture":"#7"},"up":{"uv":[0,0,8,16],"rotation":270,"texture":"#7"},"down":{"uv":[0,0,16,16],"rotation":90,"texture":"#7"}}},{"from":[7.75,-0.25,15.5],"to":[8.25,5,18.25],"rotation":{"angle":0,"axis":"y","origin":[14.625,-0.55,-10.75]},"faces":{"north":{"uv":[0,0,16,3],"rotation":270,"texture":"#9"},"east":{"uv":[0,0,15,16],"rotation":180,"texture":"#9"},"south":{"uv":[7,1,9,15],"rotation":90,"texture":"#9"},"west":{"uv":[1,0,16,16],"rotation":180,"texture":"#9"},"up":{"uv":[0,0,1,16],"rotation":90,"texture":"#9"},"down":{"uv":[0,0,1,16],"rotation":90,"texture":"#9"}}},{"from":[10.625,-5.5,2],"to":[13.375,-0.25,2.5],"rotation":{"angle":0,"axis":"y","origin":[14.375,-5.8,-1.875]},"faces":{"north":{"uv":[0,0,15,16],"rotation":180,"texture":"#9"},"east":{"uv":[7,1,9,15],"rotation":90,"texture":"#9"},"south":{"uv":[1,0,16,16],"rotation":180,"texture":"#9"},"west":{"uv":[0,0,16,3],"rotation":270,"texture":"#9"},"up":{"uv":[0,0,1,16],"texture":"#9"},"down":{"uv":[0,0,1,16],"rotation":180,"texture":"#9"}}},{"from":[2.625,-5.5,2],"to":[5.375,-0.25,2.5],"rotation":{"angle":0,"axis":"y","origin":[10.625,-5.8,4.125]},"faces":{"north":{"uv":[1,0,16,16],"rotation":180,"texture":"#9"},"east":{"uv":[0,0,16,3],"rotation":270,"texture":"#9"},"south":{"uv":[0,0,15,16],"rotation":180,"texture":"#9"},"west":{"uv":[7,1,9,15],"rotation":90,"texture":"#9"},"up":{"uv":[0,0,1,16],"rotation":180,"texture":"#9"},"down":{"uv":[0,0,1,16],"texture":"#9"}}},{"from":[4.375,-0.25,5],"to":[5.375,5,10.25],"rotation":{"angle":0,"axis":"y","origin":[29.625,-10.05,10.75]},"faces":{"north":{"uv":[0,0,16,3],"rotation":270,"texture":"#6"},"east":{"uv":[0,0,16,16],"rotation":180,"texture":"#6"},"south":{"uv":[0,0,16,3],"rotation":90,"texture":"#6"},"west":{"uv":[0,0,16,16],"rotation":180,"texture":"#6"},"up":{"uv":[0,0,16,3],"rotation":90,"texture":"#6"},"down":{"uv":[0,0,16,3],"rotation":90,"texture":"#6"}}},{"from":[10.625,-0.25,5],"to":[11.625,5,10.25],"rotation":{"angle":0,"axis":"y","origin":[26.875,-10.05,10.75]},"faces":{"north":{"uv":[0,0,16,3],"rotation":270,"texture":"#6"},"east":{"uv":[0,0,16,16],"rotation":180,"texture":"#6"},"south":{"uv":[0,0,16,3],"rotation":90,"texture":"#6"},"west":{"uv":[0,0,16,16],"rotation":180,"texture":"#6"},"up":{"uv":[0,0,16,3],"rotation":90,"texture":"#6"},"down":{"uv":[0,0,16,3],"rotation":90,"texture":"#6"}}},{"from":[4.375,-5.5,5],"to":[5.375,-0.25,10.25],"rotation":{"angle":0,"axis":"y","origin":[27.625,-0.45,6.5]},"faces":{"north":{"uv":[0,0,16,3],"rotation":270,"texture":"#6"},"east":{"uv":[0,0,16,16],"texture":"#6"},"south":{"uv":[0,0,16,3],"rotation":90,"texture":"#6"},"west":{"uv":[0,0,16,16],"texture":"#6"},"up":{"uv":[0,0,16,3],"rotation":90,"texture":"#6"},"down":{"uv":[0,0,16,3],"rotation":90,"texture":"#6"}}},{"from":[10.625,-5.5,5],"to":[11.625,-0.25,10.25],"rotation":{"angle":0,"axis":"y","origin":[22.875,-0.45,6.5]},"faces":{"north":{"uv":[0,0,16,3],"rotation":270,"texture":"#6"},"east":{"uv":[0,0,16,16],"texture":"#6"},"south":{"uv":[0,0,16,3],"rotation":90,"texture":"#6"},"west":{"uv":[0,0,16,16],"texture":"#6"},"up":{"uv":[0,0,16,3],"rotation":90,"texture":"#6"},"down":{"uv":[0,0,16,3],"rotation":90,"texture":"#6"}}},{"from":[5.375,-5.5,5],"to":[10.625,-0.25,10.25],"rotation":{"angle":0,"axis":"y","origin":[9.375,0,0]},"faces":{"north":{"uv":[0,0,16,16],"texture":"#5"},"east":{"uv":[0,0,16,16],"texture":"#5"},"south":{"uv":[0,0,16,16],"texture":"#5"},"west":{"uv":[0,0,16,16],"texture":"#5"},"up":{"uv":[0,0,16,16],"texture":"#5"},"down":{"uv":[0,0,16,16],"texture":"#5"}}},{"from":[5.375,-5.5,-0.25],"to":[10.625,-0.25,5],"rotation":{"angle":0,"axis":"y","origin":[9.375,0,0]},"faces":{"north":{"uv":[0,0,16,16],"texture":"#5"},"east":{"uv":[0,0,16,16],"texture":"#5"},"south":{"uv":[0,0,16,16],"texture":"#5"},"west":{"uv":[0,0,16,16],"texture":"#5"},"up":{"uv":[0,0,16,16],"texture":"#5"},"down":{"uv":[0,0,16,16],"texture":"#5"}}},{"from":[0.125,-16,5],"to":[5.375,-10.75,10.25],"rotation":{"angle":0,"axis":"y","origin":[9.375,0,0]},"faces":{"north":{"uv":[0,0,16,16],"texture":"#2"},"east":{"uv":[0,0,16,16],"texture":"#2"},"south":{"uv":[0,0,16,16],"texture":"#2"},"west":{"uv":[0,0,16,16],"texture":"#2"},"up":{"uv":[0,0,16,16],"texture":"#2"},"down":{"uv":[0,0,16,16],"texture":"#2"}}},{"from":[5.375,-16,5],"to":[10.625,-10.75,10.25],"rotation":{"angle":0,"axis":"y","origin":[9.375,0,0]},"faces":{"north":{"uv":[0,0,16,16],"texture":"#1"},"east":{"uv":[0,0,16,16],"texture":"#1"},"south":{"uv":[0,0,16,16],"texture":"#1"},"west":{"uv":[0,0,16,16],"texture":"#1"},"up":{"uv":[0,0,16,16],"texture":"#1"},"down":{"uv":[0,0,16,16],"texture":"#1"}}},{"from":[5.375,-16,-0.25],"to":[10.625,-10.75,5],"rotation":{"angle":0,"axis":"y","origin":[9.375,0,0]},"faces":{"north":{"uv":[0,0,16,16],"texture":"#1"},"east":{"uv":[0,0,16,16],"texture":"#1"},"south":{"uv":[0,0,16,16],"texture":"#1"},"west":{"uv":[0,0,16,16],"texture":"#1"},"up":{"uv":[0,0,16,16],"texture":"#1"},"down":{"uv":[0,0,16,16],"texture":"#1"}}},{"from":[10.625,-16,5],"to":[15.875,-10.75,10.25],"rotation":{"angle":0,"axis":"y","origin":[9.375,0,0]},"faces":{"north":{"uv":[0,0,16,16],"texture":"#2"},"east":{"uv":[0,0,16,16],"texture":"#2"},"south":{"uv":[0,0,16,16],"texture":"#2"},"west":{"uv":[0,0,16,16],"texture":"#2"},"up":{"uv":[0,0,16,16],"texture":"#2"},"down":{"uv":[0,0,16,16],"texture":"#2"}}}],"display":{"thirdperson_righthand":{"scale":[3,3,3]}},"groups":[0,1,2,3,4,5,6,7,8,9,10,11,12,13,14,15,16,17,18,19,20,21,22,{"name":"group","origin":[9.375,0,0],"color":0,"nbt":"{}","armAnimationEnabled":false,"children":[23,24,25,26,27,28]}]}