{"credit":"Made with Blockbench by Valvac","textures":{"0":"block/dark_prismarine","2":"block/quartz_block_side","5":"block/acacia_leaves_textures","6":"block/birch_trapdoor","7":"block/iron_trapdoor","8":"block/birch_planks","9":"block/cobblestone","11":"block/sandstone","12":"block/sandstone_top","13":"block/yellow_concrete_powder","14":"block/quartz_pillar","15":"block/quartz_pillar_top","17":"block/pink_stained_glass","18":"block/mushroom_stem","19":"block/red_sandstone","20":"block/red_sandstone_top","21":"block/acacia_planks","22":"block/white_concrete","23":"block/oak_trapdoor","24":"block/orange_stained_glass","25":"block/red_sandstone_bottom","particle":"block/dark_prismarine"},"elements":[{"from":[0.125,-0.325,-5.625],"to":[5.375,0.675,-0.375],"rotation":{"angle":0,"axis":"y","origin":[0.25,0.675,-0.25]},"faces":{"north":{"uv":[0,0,16,3],"texture":"#6"},"east":{"uv":[0,0,16,3],"texture":"#6"},"south":{"uv":[0,0,16,3],"texture":"#6"},"west":{"uv":[0,0,16,3],"texture":"#6"},"up":{"uv":[0,0,16,16],"texture":"#6"},"down":{"uv":[0,0,16,16],"rotation":180,"texture":"#6"}}},{"from":[5.375,-0.325,-5.625],"to":[10.625,0.675,-0.375],"rotation":{"angle":0,"axis":"y","origin":[0.25,0.675,-0.25]},"faces":{"north":{"uv":[0,0,16,3],"texture":"#6"},"east":{"uv":[0,0,16,3],"texture":"#6"},"south":{"uv":[0,0,16,3],"texture":"#6"},"west":{"uv":[0,0,16,3],"texture":"#6"},"up":{"uv":[0,0,16,16],"texture":"#6"},"down":{"uv":[0,0,16,16],"rotation":180,"texture":"#6"}}},{"from":[5.375,-5.575,15.375],"to":[10.625,-4.575,20.625],"rotation":{"angle":0,"axis":"y","origin":[0.25,0.675,-0.25]},"faces":{"north":{"uv":[0,0,16,3],"texture":"#7"},"east":{"uv":[0,0,16,3],"texture":"#7"},"south":{"uv":[0,0,16,3],"texture":"#7"},"west":{"uv":[0,0,16,3],"texture":"#7"},"up":{"uv":[0,0,16,16],"texture":"#7"},"down":{"uv":[0,0,16,16],"rotation":180,"texture":"#7"}}},{"from":[15.875,9.425,-5.5],"to":[21.125,10.425,-0.25],"rotation":{"angle":0,"axis":"y","origin":[0.25,0.675,-0.25]},"faces":{"north":{"uv":[0,0,16,3],"texture":"#7"},"east":{"uv":[0,0,16,3],"texture":"#7"},"south":{"uv":[0,0,16,3],"texture":"#7"},"west":{"uv":[0,0,16,3],"texture":"#7"},"up":{"uv":[0,0,16,16],"texture":"#7"},"down":{"uv":[0,0,16,16],"rotation":180,"texture":"#7"}}},{"from":[-5.125,9.425,-5.5],"to":[0.125,10.425,-0.25],"rotation":{"angle":0,"axis":"y","origin":[0.25,0.675,-0.25]},"faces":{"north":{"uv":[0,0,16,3],"texture":"#7"},"east":{"uv":[0,0,16,3],"texture":"#7"},"south":{"uv":[0,0,16,3],"texture":"#7"},"west":{"uv":[0,0,16,3],"texture":"#7"},"up":{"uv":[0,0,16,16],"texture":"#7"},"down":{"uv":[0,0,16,16],"rotation":180,"texture":"#7"}}},{"from":[15.875,19.925,-16],"to":[21.125,20.925,-10.75],"rotation":{"angle":0,"axis":"y","origin":[0.25,0.675,-0.25]},"faces":{"north":{"uv":[0,0,16,3],"texture":"#7"},"east":{"uv":[0,0,16,3],"texture":"#7"},"south":{"uv":[0,0,16,3],"texture":"#7"},"west":{"uv":[0,0,16,3],"texture":"#7"},"up":{"uv":[0,0,16,16],"texture":"#7"},"down":{"uv":[0,0,16,16],"rotation":180,"texture":"#7"}}},{"from":[-5.125,19.925,-16],"to":[0.125,20.925,-10.75],"rotation":{"angle":0,"axis":"y","origin":[0.25,0.675,-0.25]},"faces":{"north":{"uv":[0,0,16,3],"texture":"#7"},"east":{"uv":[0,0,16,3],"texture":"#7"},"south":{"uv":[0,0,16,3],"texture":"#7"},"west":{"uv":[0,0,16,3],"texture":"#7"},"up":{"uv":[0,0,16,16],"texture":"#7"},"down":{"uv":[0,0,16,16],"rotation":180,"texture":"#7"}}},{"from":[21.125,20.675,-10.75],"to":[26.375,21.675,-5.5],"rotation":{"angle":0,"axis":"y","origin":[0.25,0.675,-0.25]},"faces":{"north":{"uv":[0,0,16,3],"texture":"#7"},"east":{"uv":[0,0,16,3],"texture":"#7"},"south":{"uv":[0,0,16,3],"texture":"#7"},"west":{"uv":[0,0,16,3],"texture":"#7"},"up":{"uv":[0,0,16,16],"texture":"#7"},"down":{"uv":[0,0,16,16],"rotation":180,"texture":"#7"}}},{"from":[-10.375,20.675,-10.75],"to":[-5.125,21.675,-5.5],"rotation":{"angle":0,"axis":"y","origin":[0.25,0.675,-0.25]},"faces":{"north":{"uv":[0,0,16,3],"texture":"#7"},"east":{"uv":[0,0,16,3],"texture":"#7"},"south":{"uv":[0,0,16,3],"texture":"#7"},"west":{"uv":[0,0,16,3],"texture":"#7"},"up":{"uv":[0,0,16,16],"texture":"#7"},"down":{"uv":[0,0,16,16],"rotation":180,"texture":"#7"}}},{"from":[10.625,-0.325,-5.625],"to":[15.875,0.675,-0.375],"rotation":{"angle":0,"axis":"y","origin":[0.25,0.675,-0.25]},"faces":{"north":{"uv":[0,0,16,3],"texture":"#6"},"east":{"uv":[0,0,16,3],"texture":"#6"},"south":{"uv":[0,0,16,3],"texture":"#6"},"west":{"uv":[0,0,16,3],"texture":"#6"},"up":{"uv":[0,0,16,16],"texture":"#6"},"down":{"uv":[0,0,16,16],"rotation":180,"texture":"#6"}}},{"from":[5.375,-10.75,-5.5],"to":[10.625,-5.5,-0.25],"rotation":{"angle":0,"axis":"y","origin":[27.75,2.25,-18.75]},"faces":{"north":{"uv":[0,0,16,16],"texture":"#22"},"east":{"uv":[0,0,16,16],"texture":"#22"},"south":{"uv":[0,0,16,16],"texture":"#22"},"west":{"uv":[0,0,16,16],"texture":"#22"},"up":{"uv":[0,0,16,16],"texture":"#22"},"down":{"uv":[0,0,16,16],"texture":"#22"}}},{"from":[0.125,-10.75,-5.5],"to":[5.375,-5.5,-0.25],"rotation":{"angle":0,"axis":"y","origin":[27.75,2.25,-18.75]},"faces":{"north":{"uv":[0,0,16,16],"texture":"#21"},"east":{"uv":[0,0,16,16],"texture":"#21"},"south":{"uv":[0,0,16,16],"texture":"#21"},"west":{"uv":[0,0,16,16],"texture":"#21"},"up":{"uv":[0,0,16,16],"texture":"#21"},"down":{"uv":[0,0,16,16],"texture":"#21"}}},{"from":[10.625,-10.75,-5.5],"to":[15.875,-5.5,-0.25],"rotation":{"angle":0,"axis":"y","origin":[27.75,2.25,-18.75]},"faces":{"north":{"uv":[0,0,16,16],"texture":"#21"},"east":{"uv":[0,0,16,16],"texture":"#21"},"south":{"uv":[0,0,16,16],"texture":"#21"},"west":{"uv":[0,0,16,16],"texture":"#21"},"up":{"uv":[0,0,16,16],"texture":"#21"},"down":{"uv":[0,0,16,16],"texture":"#21"}}},{"from":[10.625,-10.75,-0.25],"to":[15.875,-5.5,5],"rotation":{"angle":0,"axis":"y","origin":[27.75,2.25,-18.75]},"faces":{"north":{"uv":[0,0,16,16],"texture":"#21"},"east":{"uv":[0,0,16,16],"texture":"#21"},"south":{"uv":[0,0,16,16],"texture":"#21"},"west":{"uv":[0,0,16,16],"texture":"#21"},"up":{"uv":[0,0,16,16],"texture":"#21"},"down":{"uv":[0,0,16,16],"texture":"#21"}}},{"from":[5.375,-10.75,-0.25],"to":[10.625,-5.5,5],"rotation":{"angle":0,"axis":"y","origin":[27.75,2.25,-18.75]},"faces":{"north":{"uv":[0,0,16,16],"texture":"#21"},"east":{"uv":[0,0,16,16],"texture":"#21"},"south":{"uv":[0,0,16,16],"texture":"#21"},"west":{"uv":[0,0,16,16],"texture":"#21"},"up":{"uv":[0,0,16,16],"texture":"#21"},"down":{"uv":[0,0,16,16],"texture":"#21"}}},{"from":[0.125,-10.75,-0.25],"to":[5.375,-5.5,5],"rotation":{"angle":0,"axis":"y","origin":[27.75,2.25,-18.75]},"faces":{"north":{"uv":[0,0,16,16],"texture":"#21"},"east":{"uv":[0,0,16,16],"texture":"#21"},"south":{"uv":[0,0,16,16],"texture":"#21"},"west":{"uv":[0,0,16,16],"texture":"#21"},"up":{"uv":[0,0,16,16],"texture":"#21"},"down":{"uv":[0,0,16,16],"texture":"#21"}}},{"from":[10.625,-10.75,5],"to":[15.875,-5.5,10.25],"rotation":{"angle":0,"axis":"y","origin":[27.75,2.25,-18.75]},"faces":{"north":{"uv":[0,0,16,16],"texture":"#21"},"east":{"uv":[0,0,16,16],"texture":"#21"},"south":{"uv":[0,0,16,16],"texture":"#21"},"west":{"uv":[0,0,16,16],"texture":"#21"},"up":{"uv":[0,0,16,16],"texture":"#21"},"down":{"uv":[0,0,16,16],"texture":"#21"}}},{"from":[5.375,-10.75,5],"to":[10.625,-5.5,10.25],"rotation":{"angle":0,"axis":"y","origin":[27.75,2.25,-18.75]},"faces":{"north":{"uv":[0,0,16,16],"texture":"#21"},"east":{"uv":[0,0,16,16],"texture":"#21"},"south":{"uv":[0,0,16,16],"texture":"#21"},"west":{"uv":[0,0,16,16],"texture":"#21"},"up":{"uv":[0,0,16,16],"texture":"#21"},"down":{"uv":[0,0,16,16],"texture":"#21"}}},{"from":[0.125,-10.75,5],"to":[5.375,-5.5,10.25],"rotation":{"angle":0,"axis":"y","origin":[27.75,2.25,-18.75]},"faces":{"north":{"uv":[0,0,16,16],"texture":"#21"},"east":{"uv":[0,0,16,16],"texture":"#21"},"south":{"uv":[0,0,16,16],"texture":"#21"},"west":{"uv":[0,0,16,16],"texture":"#21"},"up":{"uv":[0,0,16,16],"texture":"#21"},"down":{"uv":[0,0,16,16],"texture":"#21"}}},{"from":[10.625,-5.5,-5.5],"to":[15.875,-0.25,-0.25],"rotation":{"angle":0,"axis":"y","origin":[27.75,2.25,-18.75]},"faces":{"north":{"uv":[0,0,16,16],"texture":"#2"},"east":{"uv":[0,0,16,16],"texture":"#2"},"south":{"uv":[0,0,16,16],"texture":"#2"},"west":{"uv":[0,0,16,16],"texture":"#2"},"up":{"uv":[0,0,16,16],"texture":"#2"},"down":{"uv":[0,0,16,16],"texture":"#2"}}},{"from":[0.125,-5.5,-5.5],"to":[5.375,-0.25,-0.25],"rotation":{"angle":0,"axis":"y","origin":[27.75,2.25,-18.75]},"faces":{"north":{"uv":[0,0,16,16],"texture":"#2"},"east":{"uv":[0,0,16,16],"texture":"#2"},"south":{"uv":[0,0,16,16],"texture":"#2"},"west":{"uv":[0,0,16,16],"texture":"#2"},"up":{"uv":[0,0,16,16],"texture":"#2"},"down":{"uv":[0,0,16,16],"texture":"#2"}}},{"from":[5.375,-5.5,-5.5],"to":[10.625,-0.25,-0.25],"rotation":{"angle":0,"axis":"y","origin":[27.75,2.25,-18.75]},"faces":{"north":{"uv":[0,0,16,16],"texture":"#22"},"east":{"uv":[0,0,16,16],"texture":"#22"},"south":{"uv":[0,0,16,16],"texture":"#22"},"west":{"uv":[0,0,16,16],"texture":"#22"},"up":{"uv":[0,0,16,16],"texture":"#22"},"down":{"uv":[0,0,16,16],"texture":"#22"}}},{"from":[-3.75,-0.2,-9.5],"to":[-1.25,5.05,-7],"rotation":{"angle":0,"axis":"y","origin":[9.375,0,0]},"faces":{"north":{"uv":[5,0,13,16],"texture":"#9"},"east":{"uv":[5,0,13,16],"texture":"#9"},"south":{"uv":[5,0,13,16],"texture":"#9"},"west":{"uv":[5,0,13,16],"texture":"#9"},"up":{"uv":[0,0,8,8],"texture":"#9"},"down":{"uv":[0,0,8,8],"texture":"#9"}}},{"from":[17.25,-0.2,-9.5],"to":[19.75,5.05,-7],"rotation":{"angle":0,"axis":"y","origin":[9.375,0,0]},"faces":{"north":{"uv":[5,0,13,16],"texture":"#9"},"east":{"uv":[5,0,13,16],"texture":"#9"},"south":{"uv":[5,0,13,16],"texture":"#9"},"west":{"uv":[5,0,13,16],"texture":"#9"},"up":{"uv":[0,0,8,8],"texture":"#9"},"down":{"uv":[0,0,8,8],"texture":"#9"}}},{"from":[-3,5.05,-8.93],"to":[-1.75,10.3,-7.68],"rotation":{"angle":0,"axis":"y","origin":[9.375,0,0]},"faces":{"north":{"uv":[5,0,13,16],"texture":"#8"},"east":{"uv":[5,0,13,16],"texture":"#8"},"south":{"uv":[5,0,13,16],"texture":"#8"},"west":{"uv":[5,0,13,16],"texture":"#8"},"up":{"uv":[0,0,8,8],"texture":"#8"},"down":{"uv":[0,0,8,8],"texture":"#8"}}},{"from":[18,5.05,-8.93],"to":[19.25,10.3,-7.68],"rotation":{"angle":0,"axis":"y","origin":[9.375,0,0]},"faces":{"north":{"uv":[5,0,13,16],"texture":"#8"},"east":{"uv":[5,0,13,16],"texture":"#8"},"south":{"uv":[5,0,13,16],"texture":"#8"},"west":{"uv":[5,0,13,16],"texture":"#8"},"up":{"uv":[0,0,8,8],"texture":"#8"},"down":{"uv":[0,0,8,8],"texture":"#8"}}},{"from":[12.5,-5.7,17.32],"to":[13.75,-0.45,18.57],"rotation":{"angle":0,"axis":"y","origin":[9.375,0,0]},"faces":{"north":{"uv":[5,0,13,16],"texture":"#8"},"east":{"uv":[5,0,13,16],"texture":"#8"},"south":{"uv":[5,0,13,16],"texture":"#8"},"west":{"uv":[5,0,13,16],"texture":"#8"},"up":{"uv":[0,0,8,8],"texture":"#8"},"down":{"uv":[0,0,8,8],"texture":"#8"}}},{"from":[2,-5.7,17.32],"to":[3.25,-0.45,18.57],"rotation":{"angle":0,"axis":"y","origin":[9.375,0,0]},"faces":{"north":{"uv":[5,0,13,16],"texture":"#8"},"east":{"uv":[5,0,13,16],"texture":"#8"},"south":{"uv":[5,0,13,16],"texture":"#8"},"west":{"uv":[5,0,13,16],"texture":"#8"},"up":{"uv":[0,0,8,8],"texture":"#8"},"down":{"uv":[0,0,8,8],"texture":"#8"}}},{"from":[2.25,-1.7,15.32],"to":[3,-0.7,17.32],"rotation":{"angle":0,"axis":"y","origin":[9.375,0,0]},"faces":{"north":{"uv":[5,1,13,4],"texture":"#8"},"east":{"uv":[5,1,13,4],"texture":"#8"},"south":{"uv":[5,1,13,4],"texture":"#8"},"west":{"uv":[5,1,13,4],"texture":"#8"},"up":{"uv":[0,0,8,4.5],"texture":"#8"},"down":{"uv":[0,0,8,8],"texture":"#8"}}},{"from":[12.75,-1.7,15.32],"to":[13.5,-0.7,17.32],"rotation":{"angle":0,"axis":"y","origin":[9.375,0,0]},"faces":{"north":{"uv":[5,1,13,4],"texture":"#8"},"east":{"uv":[5,1,13,4],"texture":"#8"},"south":{"uv":[5,1,13,4],"texture":"#8"},"west":{"uv":[5,1,13,4],"texture":"#8"},"up":{"uv":[0,0,8,4.5],"texture":"#8"},"down":{"uv":[0,0,8,8],"texture":"#8"}}},{"from":[2.25,-3.7,15.32],"to":[3,-2.7,17.32],"rotation":{"angle":0,"axis":"y","origin":[9.375,0,0]},"faces":{"north":{"uv":[5,1,13,4],"texture":"#8"},"east":{"uv":[5,1,13,4],"texture":"#8"},"south":{"uv":[5,1,13,4],"texture":"#8"},"west":{"uv":[5,1,13,4],"texture":"#8"},"up":{"uv":[0,0,8,4.5],"texture":"#8"},"down":{"uv":[0,0,8,8],"texture":"#8"}}},{"from":[12.75,-3.7,15.32],"to":[13.5,-2.7,17.32],"rotation":{"angle":0,"axis":"y","origin":[9.375,0,0]},"faces":{"north":{"uv":[5,1,13,4],"texture":"#8"},"east":{"uv":[5,1,13,4],"texture":"#8"},"south":{"uv":[5,1,13,4],"texture":"#8"},"west":{"uv":[5,1,13,4],"texture":"#8"},"up":{"uv":[0,0,8,4.5],"texture":"#8"},"down":{"uv":[0,0,8,8],"texture":"#8"}}},{"from":[18.25,24.8,-10.93],"to":[19,25.8,-8.93],"rotation":{"angle":0,"axis":"y","origin":[9.375,0,0]},"faces":{"north":{"uv":[5,1,13,4],"texture":"#8"},"east":{"uv":[5,1,13,4],"texture":"#8"},"south":{"uv":[5,1,13,4],"texture":"#8"},"west":{"uv":[5,1,13,4],"texture":"#8"},"up":{"uv":[0,0,8,4.5],"texture":"#8"},"down":{"uv":[0,0,8,8],"texture":"#8"}}},{"from":[18.25,22.8,-10.93],"to":[19,23.8,-8.93],"rotation":{"angle":0,"axis":"y","origin":[9.375,0,0]},"faces":{"north":{"uv":[5,1,13,4],"texture":"#8"},"east":{"uv":[5,1,13,4],"texture":"#8"},"south":{"uv":[5,1,13,4],"texture":"#8"},"west":{"uv":[5,1,13,4],"texture":"#8"},"up":{"uv":[0,0,8,4.5],"texture":"#8"},"down":{"uv":[0,0,8,8],"texture":"#8"}}},{"from":[-2.75,24.8,-10.93],"to":[-2,25.8,-8.93],"rotation":{"angle":0,"axis":"y","origin":[9.375,0,0]},"faces":{"north":{"uv":[5,1,13,4],"texture":"#8"},"east":{"uv":[5,1,13,4],"texture":"#8"},"south":{"uv":[5,1,13,4],"texture":"#8"},"west":{"uv":[5,1,13,4],"texture":"#8"},"up":{"uv":[0,0,8,4.5],"texture":"#8"},"down":{"uv":[0,0,8,8],"texture":"#8"}}},{"from":[-2.75,22.8,-10.93],"to":[-2,23.8,-8.93],"rotation":{"angle":0,"axis":"y","origin":[9.375,0,0]},"faces":{"north":{"uv":[5,1,13,4],"texture":"#8"},"east":{"uv":[5,1,13,4],"texture":"#8"},"south":{"uv":[5,1,13,4],"texture":"#8"},"west":{"uv":[5,1,13,4],"texture":"#8"},"up":{"uv":[0,0,8,4.5],"texture":"#8"},"down":{"uv":[0,0,8,8],"texture":"#8"}}},{"from":[2.25,-1.7,18.57],"to":[3,-0.7,20.57],"rotation":{"angle":0,"axis":"y","origin":[9.375,0,0]},"faces":{"north":{"uv":[5,1,13,4],"texture":"#8"},"east":{"uv":[5,1,13,4],"texture":"#8"},"south":{"uv":[5,1,13,4],"texture":"#8"},"west":{"uv":[5,1,13,4],"texture":"#8"},"up":{"uv":[0,0,8,4.5],"texture":"#8"},"down":{"uv":[0,0,8,8],"texture":"#8"}}},{"from":[2.25,-3.7,18.57],"to":[3,-2.7,20.57],"rotation":{"angle":0,"axis":"y","origin":[9.375,0,0]},"faces":{"north":{"uv":[5,1,13,4],"texture":"#8"},"east":{"uv":[5,1,13,4],"texture":"#8"},"south":{"uv":[5,1,13,4],"texture":"#8"},"west":{"uv":[5,1,13,4],"texture":"#8"},"up":{"uv":[0,0,8,4.5],"texture":"#8"},"down":{"uv":[0,0,8,8],"texture":"#8"}}},{"from":[12.75,-1.7,18.57],"to":[13.5,-0.7,20.57],"rotation":{"angle":0,"axis":"y","origin":[9.375,0,0]},"faces":{"north":{"uv":[5,1,13,4],"texture":"#8"},"east":{"uv":[5,1,13,4],"texture":"#8"},"south":{"uv":[5,1,13,4],"texture":"#8"},"west":{"uv":[5,1,13,4],"texture":"#8"},"up":{"uv":[0,0,8,4.5],"texture":"#8"},"down":{"uv":[0,0,8,8],"texture":"#8"}}},{"from":[12.75,-3.7,18.57],"to":[13.5,-2.7,20.57],"rotation":{"angle":0,"axis":"y","origin":[9.375,0,0]},"faces":{"north":{"uv":[5,1,13,4],"texture":"#8"},"east":{"uv":[5,1,13,4],"texture":"#8"},"south":{"uv":[5,1,13,4],"texture":"#8"},"west":{"uv":[5,1,13,4],"texture":"#8"},"up":{"uv":[0,0,8,4.5],"texture":"#8"},"down":{"uv":[0,0,8,8],"texture":"#8"}}},{"from":[-3,10.3,-8.93],"to":[-1.75,15.55,-7.68],"rotation":{"angle":0,"axis":"y","origin":[9.375,0,0]},"faces":{"north":{"uv":[5,0,13,16],"texture":"#8"},"east":{"uv":[5,0,13,16],"texture":"#8"},"south":{"uv":[5,0,13,16],"texture":"#8"},"west":{"uv":[5,0,13,16],"texture":"#8"},"up":{"uv":[0,0,8,8],"texture":"#8"},"down":{"uv":[0,0,8,8],"texture":"#8"}}},{"from":[18,10.3,-8.93],"to":[19.25,15.55,-7.68],"rotation":{"angle":0,"axis":"y","origin":[9.375,0,0]},"faces":{"north":{"uv":[5,0,13,16],"texture":"#8"},"east":{"uv":[5,0,13,16],"texture":"#8"},"south":{"uv":[5,0,13,16],"texture":"#8"},"west":{"uv":[5,0,13,16],"texture":"#8"},"up":{"uv":[0,0,8,8],"texture":"#8"},"down":{"uv":[0,0,8,8],"texture":"#8"}}},{"from":[-3,20.8,-8.93],"to":[-1.75,26.05,-7.68],"rotation":{"angle":0,"axis":"y","origin":[9.375,0,0]},"faces":{"north":{"uv":[5,0,13,16],"texture":"#8"},"east":{"uv":[5,0,13,16],"texture":"#8"},"south":{"uv":[5,0,13,16],"texture":"#8"},"west":{"uv":[5,0,13,16],"texture":"#8"},"up":{"uv":[0,0,8,8],"texture":"#8"},"down":{"uv":[0,0,8,8],"texture":"#8"}}},{"from":[18,20.8,-8.93],"to":[19.25,26.05,-7.68],"rotation":{"angle":0,"axis":"y","origin":[9.375,0,0]},"faces":{"north":{"uv":[5,0,13,16],"texture":"#8"},"east":{"uv":[5,0,13,16],"texture":"#8"},"south":{"uv":[5,0,13,16],"texture":"#8"},"west":{"uv":[5,0,13,16],"texture":"#8"},"up":{"uv":[0,0,8,8],"texture":"#8"},"down":{"uv":[0,0,8,8],"texture":"#8"}}},{"from":[-0.375,-3.45,11.75],"to":[0.125,-2.2,13.75],"rotation":{"angle":0,"axis":"y","origin":[9.375,0,0]},"faces":{"north":{"uv":[5,1,7,5],"texture":"#8"},"east":{"uv":[5,1,11,5],"texture":"#8"},"south":{"uv":[9,1,11,5],"texture":"#8"},"west":{"uv":[5,1,11,5],"texture":"#8"},"up":{"uv":[5,1,11,3],"rotation":90,"texture":"#8"},"down":{"uv":[5,1,11,3],"rotation":90,"texture":"#8"}}},{"from":[15.875,-3.45,11.75],"to":[16.375,-2.2,13.75],"rotation":{"angle":0,"axis":"y","origin":[9.375,0,0]},"faces":{"north":{"uv":[5,1,7,5],"texture":"#8"},"east":{"uv":[5,1,11,5],"texture":"#8"},"south":{"uv":[9,1,11,5],"texture":"#8"},"west":{"uv":[5,1,11,5],"texture":"#8"},"up":{"uv":[5,1,11,3],"rotation":90,"texture":"#8"},"down":{"uv":[5,1,11,3],"rotation":90,"texture":"#8"}}},{"from":[0.125,-10.75,-10.75],"to":[5.375,-8,-5.5],"rotation":{"angle":0,"axis":"y","origin":[27.75,2.25,-24]},"faces":{"north":{"uv":[0,8,16,16],"texture":"#19"},"east":{"uv":[0,8,16,16],"texture":"#19"},"south":{"uv":[0,8,16,16],"texture":"#19"},"west":{"uv":[0,8,16,16],"texture":"#19"},"up":{"uv":[0,0,16,16],"texture":"#20"},"down":{"uv":[0,0,16,16],"texture":"#20"}}},{"from":[10.625,-10.75,-10.75],"to":[15.875,-8,-5.5],"rotation":{"angle":0,"axis":"y","origin":[27.75,2.25,-24]},"faces":{"north":{"uv":[0,8,16,16],"texture":"#19"},"east":{"uv":[0,8,16,16],"texture":"#19"},"south":{"uv":[0,8,16,16],"texture":"#19"},"west":{"uv":[0,8,16,16],"texture":"#19"},"up":{"uv":[0,0,16,16],"texture":"#20"},"down":{"uv":[0,0,16,16],"texture":"#20"}}},{"from":[0.125,-8,-8.25],"to":[5.375,-5.5,-5.5],"rotation":{"angle":0,"axis":"y","origin":[27.75,2.25,-24]},"faces":{"north":{"uv":[0,0,16,8],"texture":"#25"},"east":{"uv":[0,0,7.75,8],"texture":"#25"},"south":{"uv":[0,0,16,8],"texture":"#25"},"west":{"uv":[7.75,0,16,8],"texture":"#25"},"up":{"uv":[0,7.75,16,16],"texture":"#25"},"down":{"uv":[0,0,16,16],"texture":"#25"}}},{"from":[-5.125,-8,2.25],"to":[0.125,-5.5,5],"rotation":{"angle":0,"axis":"y","origin":[27.75,2.25,-24]},"faces":{"north":{"uv":[0,0,16,8],"texture":"#19"},"east":{"uv":[0,0,7.75,8],"texture":"#19"},"south":{"uv":[0,0,16,8],"texture":"#19"},"west":{"uv":[7.75,0,16,8],"texture":"#19"},"up":{"uv":[0,7.75,16,16],"texture":"#20"},"down":{"uv":[0,0,16,16],"texture":"#20"}}},{"from":[-5.125,-10.75,-0.25],"to":[0.125,-8,5],"rotation":{"angle":0,"axis":"y","origin":[27.75,2.25,-24]},"faces":{"north":{"uv":[0,8,16,16],"texture":"#19"},"east":{"uv":[0,8,16,16],"texture":"#19"},"south":{"uv":[0,8,16,16],"texture":"#19"},"west":{"uv":[0,8,16,16],"texture":"#19"},"up":{"uv":[0,0,16,16],"texture":"#20"},"down":{"uv":[0,0,16,16],"texture":"#20"}}},{"from":[10.625,-8,-8.25],"to":[15.875,-5.5,-5.5],"rotation":{"angle":0,"axis":"y","origin":[27.75,2.25,-24]},"faces":{"north":{"uv":[0,0,16,8],"texture":"#25"},"east":{"uv":[0,0,7.75,8],"texture":"#25"},"south":{"uv":[0,0,16,8],"texture":"#25"},"west":{"uv":[7.75,0,16,8],"texture":"#25"},"up":{"uv":[0,7.75,16,16],"texture":"#25"},"down":{"uv":[0,0,16,16],"texture":"#25"}}},{"from":[0,20.75,-10.625],"to":[5.25,23.5,-5.375],"rotation":{"angle":0,"axis":"y","origin":[-3.25,18.1875,-8]},"faces":{"north":{"uv":[0,8,16,16],"texture":"#8"},"east":{"uv":[0,8,16,16],"texture":"#8"},"south":{"uv":[0,8,16,16],"texture":"#8"},"west":{"uv":[0,8,16,16],"texture":"#8"},"up":{"uv":[0,0,16,16],"rotation":270,"texture":"#8"},"down":{"uv":[0,0,16,16],"rotation":90,"texture":"#8"}}},{"from":[10.75,20.75,-10.625],"to":[16,23.5,-5.375],"rotation":{"angle":0,"axis":"y","origin":[-3.25,18.1875,-8]},"faces":{"north":{"uv":[0,8,16,16],"texture":"#8"},"east":{"uv":[0,8,16,16],"texture":"#8"},"south":{"uv":[0,8,16,16],"texture":"#8"},"west":{"uv":[0,8,16,16],"texture":"#8"},"up":{"uv":[0,0,16,16],"rotation":270,"texture":"#8"},"down":{"uv":[0,0,16,16],"rotation":90,"texture":"#8"}}},{"from":[5.25,15.25,-10.625],"to":[10.75,18,-5.375],"rotation":{"angle":0,"axis":"y","origin":[-3.25,18.1875,-8]},"faces":{"north":{"uv":[0,8,16,16],"texture":"#8"},"east":{"uv":[0,8,16,16],"texture":"#8"},"south":{"uv":[0,8,16,16],"texture":"#8"},"west":{"uv":[0,8,16,16],"texture":"#8"},"up":{"uv":[0,0,16,16],"rotation":270,"texture":"#8"},"down":{"uv":[0,0,16,16],"rotation":90,"texture":"#8"}}},{"from":[10.625,-5.5,-8.25],"to":[15.875,-3,-5.5],"rotation":{"angle":0,"axis":"y","origin":[27.75,2.25,-24]},"faces":{"north":{"uv":[0,8,16,16],"texture":"#19"},"east":{"uv":[0,8,7.75,16],"texture":"#19"},"south":{"uv":[0,8,16,16],"texture":"#19"},"west":{"uv":[7.75,8,16,16],"texture":"#19"},"up":{"uv":[0,7.75,16,16],"texture":"#20"},"down":{"uv":[0,0,16,16],"texture":"#20"}}},{"from":[0.125,-5.5,-8.25],"to":[5.375,-3,-5.5],"rotation":{"angle":0,"axis":"y","origin":[27.75,2.25,-24]},"faces":{"north":{"uv":[0,8,16,16],"texture":"#19"},"east":{"uv":[0,8,7.75,16],"texture":"#19"},"south":{"uv":[0,8,16,16],"texture":"#19"},"west":{"uv":[7.75,8,16,16],"texture":"#19"},"up":{"uv":[0,7.75,16,16],"texture":"#20"},"down":{"uv":[0,0,16,16],"texture":"#20"}}},{"from":[10.625,-3,-10.75],"to":[15.875,-0.25,-5.5],"rotation":{"angle":0,"axis":"y","origin":[27.75,2.25,-24]},"faces":{"north":{"uv":[0,0,16,8],"texture":"#19"},"east":{"uv":[0,0,16,8],"texture":"#19"},"south":{"uv":[0,0,16,8],"texture":"#19"},"west":{"uv":[0,0,16,8],"texture":"#19"},"up":{"uv":[0,0,16,16],"texture":"#20"},"down":{"uv":[0,0,16,16],"texture":"#20"}}},{"from":[0.125,-3,-10.75],"to":[5.375,-0.25,-5.5],"rotation":{"angle":0,"axis":"y","origin":[27.75,2.25,-24]},"faces":{"north":{"uv":[0,0,16,8],"texture":"#19"},"east":{"uv":[0,0,16,8],"texture":"#19"},"south":{"uv":[0,0,16,8],"texture":"#19"},"west":{"uv":[0,0,16,8],"texture":"#19"},"up":{"uv":[0,0,16,16],"texture":"#20"},"down":{"uv":[0,0,16,16],"texture":"#20"}}},{"from":[-10.25,18,-10.625],"to":[-5,20.75,-5.375],"rotation":{"angle":0,"axis":"y","origin":[2.75,23.3125,-7.5]},"faces":{"north":{"uv":[0,0,16,8],"texture":"#2"},"east":{"uv":[0,0,16,8],"texture":"#2"},"south":{"uv":[0,0,16,8],"texture":"#2"},"west":{"uv":[0,0,16,8],"texture":"#2"},"up":{"uv":[0,0,16,16],"rotation":270,"texture":"#2"},"down":{"uv":[0,0,16,16],"rotation":90,"texture":"#2"}}},{"from":[-7.75,15.5,-10.625],"to":[-5,18,-5.375],"rotation":{"angle":0,"axis":"y","origin":[2.75,23.3125,-7.5]},"faces":{"north":{"uv":[0,8,7.75,16],"texture":"#2"},"east":{"uv":[0,8,16,16],"texture":"#2"},"south":{"uv":[7.75,8,16,16],"texture":"#2"},"west":{"uv":[0,8,16,16],"texture":"#2"},"up":{"uv":[0,7.75,16,16],"rotation":270,"texture":"#2"},"down":{"uv":[0,0,16,16],"rotation":90,"texture":"#2"}}},{"from":[21,18,-10.625],"to":[26.25,20.75,-5.375],"rotation":{"angle":0,"axis":"y","origin":[3.5,23.3125,-8]},"faces":{"north":{"uv":[0,0,16,8],"texture":"#2"},"east":{"uv":[0,0,16,8],"texture":"#2"},"south":{"uv":[0,0,16,8],"texture":"#2"},"west":{"uv":[0,0,16,8],"texture":"#2"},"up":{"uv":[0,0,16,16],"rotation":90,"texture":"#2"},"down":{"uv":[0,0,16,16],"rotation":270,"texture":"#2"}}},{"from":[21,15.5,-10.625],"to":[23.75,18,-5.375],"rotation":{"angle":0,"axis":"y","origin":[3.5,23.3125,-8]},"faces":{"north":{"uv":[7.75,8,16,16],"texture":"#2"},"east":{"uv":[0,8,16,16],"texture":"#2"},"south":{"uv":[0,8,7.75,16],"texture":"#2"},"west":{"uv":[0,8,16,16],"texture":"#2"},"up":{"uv":[0,7.75,16,16],"rotation":90,"texture":"#2"},"down":{"uv":[0,0,16,16],"rotation":270,"texture":"#2"}}},{"from":[0,18,-10.65],"to":[5.25,20.75,-5.4],"rotation":{"angle":0,"axis":"y","origin":[2.75,18.0625,-12.75]},"faces":{"north":{"uv":[0,0,16,8],"texture":"#11"},"east":{"uv":[0,0,16,8],"texture":"#11"},"south":{"uv":[0,0,16,8],"texture":"#11"},"west":{"uv":[0,0,16,8],"texture":"#11"},"up":{"uv":[0,0,16,16],"rotation":90,"texture":"#12"},"down":{"uv":[0,0,16,16],"rotation":270,"texture":"#12"}}},{"from":[0,15.5,-10.65],"to":[2.75,18,-5.4],"rotation":{"angle":0,"axis":"y","origin":[2.75,18.0625,-12.75]},"faces":{"north":{"uv":[7.75,8,16,16],"texture":"#11"},"east":{"uv":[0,8,16,16],"texture":"#11"},"south":{"uv":[0,8,7.75,16],"texture":"#11"},"west":{"uv":[0,8,16,16],"texture":"#11"},"up":{"uv":[0,7.75,16,16],"rotation":90,"texture":"#12"},"down":{"uv":[0,0,16,16],"rotation":270,"texture":"#12"}}},{"from":[10.75,18,-10.65],"to":[16,20.75,-5.4],"rotation":{"angle":0,"axis":"y","origin":[2,18.0625,-13.275]},"faces":{"north":{"uv":[0,0,16,8],"texture":"#11"},"east":{"uv":[0,0,16,8],"texture":"#11"},"south":{"uv":[0,0,16,8],"texture":"#11"},"west":{"uv":[0,0,16,8],"texture":"#11"},"up":{"uv":[0,0,16,16],"rotation":270,"texture":"#12"},"down":{"uv":[0,0,16,16],"rotation":90,"texture":"#12"}}},{"from":[13.25,15.5,-10.65],"to":[16,18,-5.4],"rotation":{"angle":0,"axis":"y","origin":[2,18.0625,-13.275]},"faces":{"north":{"uv":[0,8,7.75,16],"texture":"#11"},"east":{"uv":[0,8,16,16],"texture":"#11"},"south":{"uv":[7.75,8,16,16],"texture":"#11"},"west":{"uv":[0,8,16,16],"texture":"#11"},"up":{"uv":[0,7.75,16,16],"rotation":270,"texture":"#12"},"down":{"uv":[0,0,16,16],"rotation":90,"texture":"#12"}}},{"from":[-5.125,-13.5,-0.25],"to":[0.125,-10.75,5],"rotation":{"angle":0,"axis":"y","origin":[27.75,2.25,-24]},"faces":{"north":{"uv":[0,0,16,8],"texture":"#25"},"east":{"uv":[0,0,16,8],"texture":"#25"},"south":{"uv":[0,0,16,8],"texture":"#25"},"west":{"uv":[0,0,16,8],"texture":"#25"},"up":{"uv":[0,0,16,16],"texture":"#25"},"down":{"uv":[0,0,16,16],"texture":"#25"}}},{"from":[-5.125,-16,2.25],"to":[0.125,-13.5,5],"rotation":{"angle":0,"axis":"y","origin":[27.75,2.25,-24]},"faces":{"north":{"uv":[0,8,16,16],"texture":"#19"},"east":{"uv":[0,8,7.75,16],"texture":"#19"},"south":{"uv":[0,8,16,16],"texture":"#19"},"west":{"uv":[7.75,8,16,16],"texture":"#19"},"up":{"uv":[0,7.75,16,16],"texture":"#20"},"down":{"uv":[0,0,16,16],"texture":"#20"}}},{"from":[-5.125,-13.5,5],"to":[0.125,-10.75,10.25],"rotation":{"angle":0,"axis":"y","origin":[-2.5,-10.75,-2.25]},"faces":{"north":{"uv":[0,0,16,8],"texture":"#25"},"east":{"uv":[0,0,16,8],"texture":"#25"},"south":{"uv":[0,0,16,8],"texture":"#25"},"west":{"uv":[0,0,16,8],"texture":"#25"},"up":{"uv":[0,0,16,16],"rotation":180,"texture":"#25"},"down":{"uv":[0,0,16,16],"rotation":180,"texture":"#25"}}},{"from":[-5.125,-16,5],"to":[0.125,-13.5,7.75],"rotation":{"angle":0,"axis":"y","origin":[-2.5,-10.75,-2.25]},"faces":{"north":{"uv":[0,8,16,16],"texture":"#19"},"east":{"uv":[7.75,8,16,16],"texture":"#19"},"south":{"uv":[0,8,16,16],"texture":"#19"},"west":{"uv":[0,8,7.75,16],"texture":"#19"},"up":{"uv":[0,7.75,16,16],"rotation":180,"texture":"#20"},"down":{"uv":[0,0,16,16],"rotation":180,"texture":"#20"}}},{"from":[-5.125,-10.75,5],"to":[0.125,-8,10.25],"rotation":{"angle":0,"axis":"y","origin":[-2.5,-10.75,-2.25]},"faces":{"north":{"uv":[0,8,16,16],"texture":"#19"},"east":{"uv":[0,8,16,16],"texture":"#19"},"south":{"uv":[0,8,16,16],"texture":"#19"},"west":{"uv":[0,8,16,16],"texture":"#19"},"up":{"uv":[0,0,16,16],"rotation":180,"texture":"#20"},"down":{"uv":[0,0,16,16],"rotation":180,"texture":"#20"}}},{"from":[-5.125,-8,5],"to":[0.125,-5.5,7.75],"rotation":{"angle":0,"axis":"y","origin":[-2.5,-10.75,-2.25]},"faces":{"north":{"uv":[0,0,16,8],"texture":"#19"},"east":{"uv":[7.75,0,16,8],"texture":"#19"},"south":{"uv":[0,0,16,8],"texture":"#19"},"west":{"uv":[0,0,7.75,8],"texture":"#19"},"up":{"uv":[0,7.75,16,16],"rotation":180,"texture":"#20"},"down":{"uv":[0,0,16,16],"rotation":180,"texture":"#20"}}},{"from":[15.875,-13.5,5],"to":[21.125,-10.75,10.25],"rotation":{"angle":0,"axis":"y","origin":[-2.5,-10.75,-2.25]},"faces":{"north":{"uv":[0,0,16,8],"texture":"#25"},"east":{"uv":[0,0,16,8],"texture":"#25"},"south":{"uv":[0,0,16,8],"texture":"#25"},"west":{"uv":[0,0,16,8],"texture":"#25"},"up":{"uv":[0,0,16,16],"rotation":180,"texture":"#25"},"down":{"uv":[0,0,16,16],"rotation":180,"texture":"#25"}}},{"from":[15.875,-16,5],"to":[21.125,-13.5,7.75],"rotation":{"angle":0,"axis":"y","origin":[-2.5,-10.75,-2.25]},"faces":{"north":{"uv":[0,8,16,16],"texture":"#19"},"east":{"uv":[7.75,8,16,16],"texture":"#19"},"south":{"uv":[0,8,16,16],"texture":"#19"},"west":{"uv":[0,8,7.75,16],"texture":"#19"},"up":{"uv":[0,7.75,16,16],"rotation":180,"texture":"#20"},"down":{"uv":[0,0,16,16],"rotation":180,"texture":"#20"}}},{"from":[15.875,-10.75,5],"to":[21.125,-8,10.25],"rotation":{"angle":0,"axis":"y","origin":[-2.5,-10.75,-2.25]},"faces":{"north":{"uv":[0,8,16,16],"texture":"#19"},"east":{"uv":[0,8,16,16],"texture":"#19"},"south":{"uv":[0,8,16,16],"texture":"#19"},"west":{"uv":[0,8,16,16],"texture":"#19"},"up":{"uv":[0,0,16,16],"rotation":180,"texture":"#20"},"down":{"uv":[0,0,16,16],"rotation":180,"texture":"#20"}}},{"from":[10.625,-8,10.25],"to":[15.875,-5.5,15.5],"rotation":{"angle":0,"axis":"y","origin":[-2.5,-10.75,-2.25]},"faces":{"north":{"uv":[0,0,16,8],"texture":"#21"},"east":{"uv":[0,0,16,8],"texture":"#21"},"south":{"uv":[0,0,16,8],"texture":"#21"},"west":{"uv":[0,0,16,8],"texture":"#21"},"up":{"uv":[0,0,16,16],"rotation":180,"texture":"#21"},"down":{"uv":[0,0,16,16],"rotation":180,"texture":"#21"}}},{"from":[5.375,-8,10.25],"to":[10.625,-5.5,15.5],"rotation":{"angle":0,"axis":"y","origin":[-2.5,-10.75,-2.25]},"faces":{"north":{"uv":[0,0,16,8],"texture":"#21"},"east":{"uv":[0,0,16,8],"texture":"#21"},"south":{"uv":[0,0,16,8],"texture":"#21"},"west":{"uv":[0,0,16,8],"texture":"#21"},"up":{"uv":[0,0,16,16],"rotation":180,"texture":"#21"},"down":{"uv":[0,0,16,16],"rotation":180,"texture":"#21"}}},{"from":[0.125,-8,10.25],"to":[5.375,-5.5,15.5],"rotation":{"angle":0,"axis":"y","origin":[-2.5,-10.75,-2.25]},"faces":{"north":{"uv":[0,0,16,8],"texture":"#21"},"east":{"uv":[0,0,16,8],"texture":"#21"},"south":{"uv":[0,0,16,8],"texture":"#21"},"west":{"uv":[0,0,16,8],"texture":"#21"},"up":{"uv":[0,0,16,16],"rotation":180,"texture":"#21"},"down":{"uv":[0,0,16,16],"rotation":180,"texture":"#21"}}},{"from":[15.875,-8,5],"to":[21.125,-5.5,7.75],"rotation":{"angle":0,"axis":"y","origin":[-2.5,-10.75,-2.25]},"faces":{"north":{"uv":[0,0,16,8],"texture":"#19"},"east":{"uv":[7.75,0,16,8],"texture":"#19"},"south":{"uv":[0,0,16,8],"texture":"#19"},"west":{"uv":[0,0,7.75,8],"texture":"#19"},"up":{"uv":[0,7.75,16,16],"rotation":180,"texture":"#20"},"down":{"uv":[0,0,16,16],"rotation":180,"texture":"#20"}}},{"from":[10.625,-2.75,-0.25],"to":[15.875,-0.25,2.5],"rotation":{"angle":0,"axis":"y","origin":[-2.5,-10.75,-2.25]},"faces":{"north":{"uv":[0,0,16,8],"texture":"#2"},"east":{"uv":[7.75,0,16,8],"texture":"#2"},"south":{"uv":[0,0,16,8],"texture":"#2"},"west":{"uv":[0,0,7.75,8],"texture":"#2"},"up":{"uv":[0,7.75,16,16],"rotation":180,"texture":"#2"},"down":{"uv":[0,0,16,16],"rotation":180,"texture":"#2"}}},{"from":[10.625,-5.5,-0.25],"to":[15.875,-2.75,5],"rotation":{"angle":0,"axis":"y","origin":[-2.5,-10.75,-2.25]},"faces":{"north":{"uv":[0,8,16,16],"texture":"#2"},"east":{"uv":[0,8,16,16],"texture":"#2"},"south":{"uv":[0,8,16,16],"texture":"#2"},"west":{"uv":[0,8,16,16],"texture":"#2"},"up":{"uv":[0,0,16,16],"rotation":180,"texture":"#2"},"down":{"uv":[0,0,16,16],"rotation":180,"texture":"#2"}}},{"from":[5.375,-5.5,-0.25],"to":[10.625,-2.75,5],"rotation":{"angle":0,"axis":"y","origin":[-2.5,-10.75,-2.25]},"faces":{"north":{"uv":[0,8,16,16],"texture":"#2"},"east":{"uv":[0,8,16,16],"texture":"#2"},"south":{"uv":[0,8,16,16],"texture":"#2"},"west":{"uv":[0,8,16,16],"texture":"#2"},"up":{"uv":[0,0,16,16],"rotation":180,"texture":"#2"},"down":{"uv":[0,0,16,16],"rotation":180,"texture":"#2"}}},{"from":[0.125,-2.75,-0.25],"to":[5.375,-0.25,2.5],"rotation":{"angle":0,"axis":"y","origin":[-2.5,-10.75,-2.25]},"faces":{"north":{"uv":[0,0,16,8],"texture":"#2"},"east":{"uv":[7.75,0,16,8],"texture":"#2"},"south":{"uv":[0,0,16,8],"texture":"#2"},"west":{"uv":[0,0,7.75,8],"texture":"#2"},"up":{"uv":[0,7.75,16,16],"rotation":180,"texture":"#2"},"down":{"uv":[0,0,16,16],"rotation":180,"texture":"#2"}}},{"from":[0.125,-5.5,-0.25],"to":[5.375,-2.75,5],"rotation":{"angle":0,"axis":"y","origin":[-2.5,-10.75,-2.25]},"faces":{"north":{"uv":[0,8,16,16],"texture":"#2"},"east":{"uv":[0,8,16,16],"texture":"#2"},"south":{"uv":[0,8,16,16],"texture":"#2"},"west":{"uv":[0,8,16,16],"texture":"#2"},"up":{"uv":[0,0,16,16],"rotation":180,"texture":"#2"},"down":{"uv":[0,0,16,16],"rotation":180,"texture":"#2"}}},{"from":[5.375,-5.5,10.25],"to":[10.625,-2.75,15.5],"rotation":{"angle":0,"axis":"y","origin":[8,-2.8125,-3.5]},"faces":{"north":{"uv":[0,8,16,16],"texture":"#2"},"east":{"uv":[0,8,16,16],"texture":"#2"},"south":{"uv":[0,8,16,16],"texture":"#2"},"west":{"uv":[0,8,16,16],"texture":"#2"},"up":{"uv":[0,0,16,16],"texture":"#2"},"down":{"uv":[0,0,16,16],"texture":"#2"}}},{"from":[10.625,-2.75,12.75],"to":[15.875,-0.25,15.5],"rotation":{"angle":0,"axis":"y","origin":[8,-2.8125,-3.5]},"faces":{"north":{"uv":[0,0,16,8],"texture":"#2"},"east":{"uv":[0,0,7.75,8],"texture":"#2"},"south":{"uv":[0,0,16,8],"texture":"#2"},"west":{"uv":[7.75,0,16,8],"texture":"#2"},"up":{"uv":[0,7.75,16,16],"texture":"#2"},"down":{"uv":[0,0,16,16],"texture":"#2"}}},{"from":[5.375,-2.75,12.75],"to":[10.625,-0.25,15.5],"rotation":{"angle":0,"axis":"y","origin":[8,-2.8125,-3.5]},"faces":{"north":{"uv":[0,0,16,8],"texture":"#2"},"east":{"uv":[0,0,7.75,8],"texture":"#2"},"south":{"uv":[0,0,16,8],"texture":"#2"},"west":{"uv":[7.75,0,16,8],"texture":"#2"},"up":{"uv":[0,7.75,16,16],"texture":"#2"},"down":{"uv":[0,0,16,16],"texture":"#2"}}},{"from":[10.625,-5.5,10.25],"to":[15.875,-2.75,15.5],"rotation":{"angle":0,"axis":"y","origin":[8,-2.8125,-3.5]},"faces":{"north":{"uv":[0,8,16,16],"texture":"#2"},"east":{"uv":[0,8,16,16],"texture":"#2"},"south":{"uv":[0,8,16,16],"texture":"#2"},"west":{"uv":[0,8,16,16],"texture":"#2"},"up":{"uv":[0,0,16,16],"texture":"#2"},"down":{"uv":[0,0,16,16],"texture":"#2"}}},{"from":[0.125,-2.75,12.75],"to":[5.375,-0.25,15.5],"rotation":{"angle":0,"axis":"y","origin":[8,-2.8125,-3.5]},"faces":{"north":{"uv":[0,0,16,8],"texture":"#2"},"east":{"uv":[0,0,7.75,8],"texture":"#2"},"south":{"uv":[0,0,16,8],"texture":"#2"},"west":{"uv":[7.75,0,16,8],"texture":"#2"},"up":{"uv":[0,7.75,16,16],"texture":"#2"},"down":{"uv":[0,0,16,16],"texture":"#2"}}},{"from":[0.125,-2.75,10.25],"to":[2.625,-0.25,12.75],"rotation":{"angle":0,"axis":"y","origin":[8,-2.8125,-3.5]},"faces":{"north":{"uv":[0,0,16,8],"texture":"#2"},"east":{"uv":[8.25,0,16,8],"texture":"#2"},"south":{"uv":[0,0,16,8],"texture":"#2"},"west":{"uv":[0,0,8.25,8],"texture":"#2"},"up":{"uv":[0,7.75,16,16],"texture":"#2"},"down":{"uv":[0,0,16,16],"texture":"#2"}}},{"from":[13.375,-2.75,10.25],"to":[15.875,-0.25,12.75],"rotation":{"angle":0,"axis":"y","origin":[8,-2.8125,-3.5]},"faces":{"north":{"uv":[0,0,16,8],"texture":"#2"},"east":{"uv":[8.25,0,16,8],"texture":"#2"},"south":{"uv":[0,0,16,8],"texture":"#2"},"west":{"uv":[0,0,8.25,8],"texture":"#2"},"up":{"uv":[0,7.75,16,16],"texture":"#2"},"down":{"uv":[0,0,16,16],"texture":"#2"}}},{"from":[0.125,-5.5,10.25],"to":[5.375,-2.75,15.5],"rotation":{"angle":0,"axis":"y","origin":[8,-2.8125,-3.5]},"faces":{"north":{"uv":[0,8,16,16],"texture":"#2"},"east":{"uv":[0,8,16,16],"texture":"#2"},"south":{"uv":[0,8,16,16],"texture":"#2"},"west":{"uv":[0,8,16,16],"texture":"#2"},"up":{"uv":[0,0,16,16],"texture":"#2"},"down":{"uv":[0,0,16,16],"texture":"#2"}}},{"from":[15.875,-8,2.25],"to":[21.125,-5.5,5],"rotation":{"angle":0,"axis":"y","origin":[27.75,2.25,-24]},"faces":{"north":{"uv":[0,0,16,8],"texture":"#19"},"east":{"uv":[0,0,7.75,8],"texture":"#19"},"south":{"uv":[0,0,16,8],"texture":"#19"},"west":{"uv":[7.75,0,16,8],"texture":"#19"},"up":{"uv":[0,7.75,16,16],"texture":"#20"},"down":{"uv":[0,0,16,16],"texture":"#20"}}},{"from":[15.875,-10.75,-0.25],"to":[21.125,-8,5],"rotation":{"angle":0,"axis":"y","origin":[27.75,2.25,-24]},"faces":{"north":{"uv":[0,8,16,16],"texture":"#19"},"east":{"uv":[0,8,16,16],"texture":"#19"},"south":{"uv":[0,8,16,16],"texture":"#19"},"west":{"uv":[0,8,16,16],"texture":"#19"},"up":{"uv":[0,0,16,16],"texture":"#20"},"down":{"uv":[0,0,16,16],"texture":"#20"}}},{"from":[15.875,-13.5,-0.25],"to":[21.125,-10.75,5],"rotation":{"angle":0,"axis":"y","origin":[27.75,2.25,-24]},"faces":{"north":{"uv":[0,0,16,8],"texture":"#25"},"east":{"uv":[0,0,16,8],"texture":"#25"},"south":{"uv":[0,0,16,8],"texture":"#25"},"west":{"uv":[0,0,16,8],"texture":"#25"},"up":{"uv":[0,0,16,16],"texture":"#25"},"down":{"uv":[0,0,16,16],"texture":"#25"}}},{"from":[15.875,-16,2.25],"to":[21.125,-13.5,5],"rotation":{"angle":0,"axis":"y","origin":[27.75,2.25,-24]},"faces":{"north":{"uv":[0,8,16,16],"texture":"#19"},"east":{"uv":[0,8,7.75,16],"texture":"#19"},"south":{"uv":[0,8,16,16],"texture":"#19"},"west":{"uv":[7.75,8,16,16],"texture":"#19"},"up":{"uv":[0,7.75,16,16],"texture":"#20"},"down":{"uv":[0,0,16,16],"texture":"#20"}}},{"from":[-5.125,-3,-10.75],"to":[0.125,-0.25,-5.5],"rotation":{"angle":0,"axis":"y","origin":[27.75,2.25,-24]},"faces":{"north":{"uv":[0,8,16,16],"texture":"#0"},"east":{"uv":[0,8,16,16],"texture":"#0"},"south":{"uv":[0,8,16,16],"texture":"#0"},"west":{"uv":[0,8,16,16],"texture":"#0"},"up":{"uv":[0,0,16,16],"texture":"#0"},"down":{"uv":[0,0,16,16],"texture":"#0"}}},{"from":[15.875,-3,-10.75],"to":[21.125,-0.25,-5.5],"rotation":{"angle":0,"axis":"y","origin":[27.75,2.25,-24]},"faces":{"north":{"uv":[0,8,16,16],"texture":"#0"},"east":{"uv":[0,8,16,16],"texture":"#0"},"south":{"uv":[0,8,16,16],"texture":"#0"},"west":{"uv":[0,8,16,16],"texture":"#0"},"up":{"uv":[0,0,16,16],"texture":"#0"},"down":{"uv":[0,0,16,16],"texture":"#0"}}},{"from":[-5.125,-0.25,-5.5],"to":[0.125,2.5,-0.25],"rotation":{"angle":0,"axis":"y","origin":[27.75,2.25,-24]},"faces":{"north":{"uv":[0,8,16,16],"texture":"#0"},"east":{"uv":[0,8,16,16],"texture":"#0"},"south":{"uv":[0,8,16,16],"texture":"#0"},"west":{"uv":[0,8,16,16],"texture":"#0"},"up":{"uv":[0,0,16,16],"texture":"#0"},"down":{"uv":[0,0,16,16],"texture":"#0"}}},{"from":[15.875,-0.25,-5.5],"to":[21.125,2.5,-0.25],"rotation":{"angle":0,"axis":"y","origin":[27.75,2.25,-24]},"faces":{"north":{"uv":[0,8,16,16],"texture":"#0"},"east":{"uv":[0,8,16,16],"texture":"#0"},"south":{"uv":[0,8,16,16],"texture":"#0"},"west":{"uv":[0,8,16,16],"texture":"#0"},"up":{"uv":[0,0,16,16],"texture":"#0"},"down":{"uv":[0,0,16,16],"texture":"#0"}}},{"from":[5.375,-3,-10.75],"to":[10.625,-0.25,-5.5],"rotation":{"angle":0,"axis":"y","origin":[27.75,2.25,-24]},"faces":{"north":{"uv":[0,0,16,8],"texture":"#21"},"east":{"uv":[0,0,16,8],"texture":"#21"},"south":{"uv":[0,0,16,8],"texture":"#21"},"west":{"uv":[0,0,16,8],"texture":"#21"},"up":{"uv":[0,0,16,16],"texture":"#21"},"down":{"uv":[0,0,16,16],"texture":"#21"}}},{"from":[5.375,-10.75,-10.75],"to":[10.625,-8,-5.5],"rotation":{"angle":0,"axis":"y","origin":[27.75,2.25,-24]},"faces":{"north":{"uv":[0,8,16,16],"texture":"#21"},"east":{"uv":[0,8,16,16],"texture":"#21"},"south":{"uv":[0,8,16,16],"texture":"#21"},"west":{"uv":[0,8,16,16],"texture":"#21"},"up":{"uv":[0,0,16,16],"texture":"#21"},"down":{"uv":[0,0,16,16],"texture":"#21"}}},{"from":[0.125,-0.25,-10.75],"to":[5.375,5,-5.5],"rotation":{"angle":0,"axis":"y","origin":[27.75,2.25,-24]},"faces":{"north":{"uv":[0,0,16,16],"texture":"#5"},"east":{"uv":[0,0,16,16],"texture":"#5"},"south":{"uv":[0,0,16,16],"texture":"#5"},"west":{"uv":[0,0,16,16],"texture":"#5"},"up":{"uv":[0,0,16,16],"texture":"#5"},"down":{"uv":[0,0,16,16],"texture":"#5"}}},{"from":[-5.125,15.5,-10.75],"to":[0.125,20.75,-5.5],"rotation":{"angle":0,"axis":"y","origin":[27.75,2.25,-24]},"faces":{"north":{"uv":[0,0,16,16],"texture":"#13"},"east":{"uv":[0,0,16,16],"texture":"#13"},"south":{"uv":[0,0,16,16],"texture":"#13"},"west":{"uv":[0,0,16,16],"texture":"#13"},"up":{"uv":[0,0,16,16],"texture":"#13"},"down":{"uv":[0,0,16,16],"texture":"#13"}}},{"from":[-5.125,20.75,-16],"to":[0.125,26,-10.75],"rotation":{"angle":0,"axis":"y","origin":[27.75,2.25,-24]},"faces":{"north":{"uv":[0,0,16,16],"texture":"#14"},"east":{"uv":[0,0,16,16],"texture":"#14"},"south":{"uv":[0,0,16,16],"texture":"#14"},"west":{"uv":[0,0,16,16],"texture":"#14"},"up":{"uv":[0,0,16,16],"texture":"#15"},"down":{"uv":[0,0,16,16],"texture":"#15"}}},{"from":[15.875,20.75,-16],"to":[21.125,26,-10.75],"rotation":{"angle":0,"axis":"y","origin":[27.75,2.25,-24]},"faces":{"north":{"uv":[0,0,16,16],"texture":"#14"},"east":{"uv":[0,0,16,16],"texture":"#14"},"south":{"uv":[0,0,16,16],"texture":"#14"},"west":{"uv":[0,0,16,16],"texture":"#14"},"up":{"uv":[0,0,16,16],"texture":"#15"},"down":{"uv":[0,0,16,16],"texture":"#15"}}},{"from":[15.875,10.25,-5.5],"to":[21.125,15.5,-0.25],"rotation":{"angle":0,"axis":"y","origin":[27.75,2.25,-24]},"faces":{"north":{"uv":[0,0,16,16],"texture":"#14"},"east":{"uv":[0,0,16,16],"texture":"#14"},"south":{"uv":[0,0,16,16],"texture":"#14"},"west":{"uv":[0,0,16,16],"texture":"#14"},"up":{"uv":[0,0,16,16],"texture":"#15"},"down":{"uv":[0,0,16,16],"texture":"#15"}}},{"from":[-5.125,10.25,-5.5],"to":[0.125,15.5,-0.25],"rotation":{"angle":0,"axis":"y","origin":[27.75,2.25,-24]},"faces":{"north":{"uv":[0,0,16,16],"texture":"#18"},"east":{"uv":[0,0,16,16],"texture":"#18"},"south":{"uv":[0,0,16,16],"texture":"#18"},"west":{"uv":[0,0,16,16],"texture":"#18"},"up":{"uv":[0,0,16,16],"texture":"#18"},"down":{"uv":[0,0,16,16],"texture":"#18"}}},{"from":[15.875,15.5,-10.75],"to":[21.125,20.75,-5.5],"rotation":{"angle":0,"axis":"y","origin":[27.75,2.25,-24]},"faces":{"north":{"uv":[0,0,16,16],"texture":"#13"},"east":{"uv":[0,0,16,16],"texture":"#13"},"south":{"uv":[0,0,16,16],"texture":"#13"},"west":{"uv":[0,0,16,16],"texture":"#13"},"up":{"uv":[0,0,16,16],"texture":"#13"},"down":{"uv":[0,0,16,16],"texture":"#13"}}},{"from":[5.375,-0.25,-10.75],"to":[10.625,5,-5.5],"rotation":{"angle":0,"axis":"y","origin":[9.375,0,-5.25]},"faces":{"north":{"uv":[0,0,16,16],"texture":"#5"},"east":{"uv":[0,0,16,16],"texture":"#5"},"south":{"uv":[0,0,16,16],"texture":"#5"},"west":{"uv":[0,0,16,16],"texture":"#5"},"up":{"uv":[0,0,16,16],"texture":"#5"},"down":{"uv":[0,0,16,16],"texture":"#5"}}},{"from":[10.625,-0.25,-10.75],"to":[15.875,5,-5.5],"rotation":{"angle":0,"axis":"y","origin":[9.375,0,-5.25]},"faces":{"north":{"uv":[0,0,16,16],"texture":"#5"},"east":{"uv":[0,0,16,16],"texture":"#5"},"south":{"uv":[0,0,16,16],"texture":"#5"},"west":{"uv":[0,0,16,16],"texture":"#5"},"up":{"uv":[0,0,16,16],"texture":"#5"},"down":{"uv":[0,0,16,16],"texture":"#5"}}},{"from":[-5.125,-5.5,-5.5],"to":[0.125,-0.25,-0.25],"rotation":{"angle":0,"axis":"y","origin":[27.75,2.25,-24]},"faces":{"north":{"uv":[0,0,16,16],"texture":"#5"},"east":{"uv":[0,0,16,16],"texture":"#5"},"south":{"uv":[0,0,16,16],"texture":"#5"},"west":{"uv":[0,0,16,16],"texture":"#5"},"up":{"uv":[0,0,16,16],"texture":"#5"},"down":{"uv":[0,0,16,16],"texture":"#5"}}},{"from":[15.875,-5.5,-5.5],"to":[21.125,-0.25,-0.25],"rotation":{"angle":0,"axis":"y","origin":[9.375,0,-5.25]},"faces":{"north":{"uv":[0,0,16,16],"texture":"#5"},"east":{"uv":[0,0,16,16],"texture":"#5"},"south":{"uv":[0,0,16,16],"texture":"#5"},"west":{"uv":[0,0,16,16],"texture":"#5"},"up":{"uv":[0,0,16,16],"texture":"#5"},"down":{"uv":[0,0,16,16],"texture":"#5"}}},{"from":[15.875,-5.5,-0.25],"to":[21.125,-0.25,5],"rotation":{"angle":0,"axis":"y","origin":[9.375,0,-5.25]},"faces":{"north":{"uv":[0,0,16,16],"texture":"#5"},"east":{"uv":[0,0,16,16],"texture":"#5"},"south":{"uv":[0,0,16,16],"texture":"#5"},"west":{"uv":[0,0,16,16],"texture":"#5"},"up":{"uv":[0,0,16,16],"texture":"#5"},"down":{"uv":[0,0,16,16],"texture":"#5"}}},{"from":[-5.125,-5.5,-0.25],"to":[0.125,-0.25,5],"rotation":{"angle":0,"axis":"y","origin":[27.75,2.25,-24]},"faces":{"north":{"uv":[0,0,16,16],"texture":"#5"},"east":{"uv":[0,0,16,16],"texture":"#5"},"south":{"uv":[0,0,16,16],"texture":"#5"},"west":{"uv":[0,0,16,16],"texture":"#5"},"up":{"uv":[0,0,16,16],"texture":"#5"},"down":{"uv":[0,0,16,16],"texture":"#5"}}},{"from":[7.755,-10.75,17.625],"to":[8.255,-5.5,18.125],"rotation":{"angle":0,"axis":"y","origin":[18.755,28.625,-9.625]},"faces":{"north":{"uv":[9.75,0,10.75,16],"texture":"#24"},"east":{"uv":[9.75,0,10.75,16],"texture":"#24"},"south":{"uv":[9.75,0,10.75,16],"texture":"#24"},"west":{"uv":[9.75,0,10.75,16],"texture":"#24"},"up":{"uv":[15,0,16,16],"rotation":180,"texture":"#24"},"down":{"uv":[15,0,16,16],"rotation":180,"texture":"#24"}}},{"from":[7.755,-16,17.625],"to":[8.255,-10.75,20.375],"rotation":{"angle":0,"axis":"y","origin":[18.755,28.625,-9.625]},"faces":{"north":{"uv":[9.75,0,10.75,16],"texture":"#24"},"east":{"uv":[8.25,0,16,16],"texture":"#24"},"south":{"uv":[9.75,0,10.75,16],"texture":"#24"},"west":{"uv":[0,0,8.25,16],"texture":"#24"},"up":{"uv":[15,0,16,16],"rotation":180,"texture":"#24"},"down":{"uv":[15,0,16,16],"rotation":180,"texture":"#24"}}},{"from":[7.755,-16,20.375],"to":[8.255,-10.75,23.125],"rotation":{"angle":0,"axis":"y","origin":[18.755,28.625,-9.625]},"faces":{"north":{"uv":[9.75,0,10.75,16],"texture":"#24"},"east":{"uv":[0,0,7.75,16],"texture":"#24"},"south":{"uv":[9.75,0,10.75,16],"texture":"#24"},"west":{"uv":[7.75,0,16,16],"texture":"#24"},"up":{"uv":[15,0,16,16],"rotation":180,"texture":"#24"},"down":{"uv":[15,0,16,16],"rotation":180,"texture":"#24"}}},{"from":[-7.495,26,-13.875],"to":[-4.745,31.25,-13.375],"rotation":{"angle":0,"axis":"y","origin":[-6.12,28.625,-13.625]},"faces":{"north":{"uv":[0,0,8,16],"texture":"#17"},"east":{"uv":[15,0,16,16],"texture":"#17"},"south":{"uv":[8,0,16,16],"texture":"#17"},"west":{"uv":[9.75,0,10.75,16],"texture":"#17"},"up":{"uv":[15,0,16,16],"rotation":270,"texture":"#17"},"down":{"uv":[15,0,16,16],"rotation":90,"texture":"#17"}}},{"from":[-4.745,26,-13.875],"to":[-1.995,31.25,-13.375],"rotation":{"angle":0,"axis":"y","origin":[13.4425,25.875,-16.625]},"faces":{"north":{"uv":[8,0,16,16],"texture":"#17"},"east":{"uv":[9.75,0,10.75,16],"texture":"#17"},"south":{"uv":[0,0,8,16],"texture":"#17"},"west":{"uv":[15,0,16,16],"texture":"#17"},"up":{"uv":[15,0,16,16],"rotation":90,"texture":"#17"},"down":{"uv":[15,0,16,16],"rotation":270,"texture":"#17"}}},{"from":[-2.495,26,-13.375],"to":[-1.995,31.25,-10.875],"rotation":{"angle":0,"axis":"y","origin":[13.4425,25.875,-16.625]},"faces":{"north":{"uv":[9.75,0,10.75,16],"texture":"#17"},"east":{"uv":[0,0,8,16],"texture":"#17"},"south":{"uv":[15,0,16,16],"texture":"#17"},"west":{"uv":[8,0,16,16],"texture":"#17"},"up":{"uv":[15,0,16,16],"texture":"#17"},"down":{"uv":[15,0,16,16],"texture":"#17"}}},{"from":[-5.125,30.925,-10.625],"to":[0.125,31.925,-5.375],"rotation":{"angle":0,"axis":"y","origin":[0.25,0.675,-0.25]},"faces":{"north":{"uv":[0,0,16,3],"texture":"#23"},"east":{"uv":[0,0,16,3],"texture":"#23"},"south":{"uv":[0,0,16,3],"texture":"#23"},"west":{"uv":[0,0,16,3],"texture":"#23"},"up":{"uv":[0,0,16,16],"texture":"#23"},"down":{"uv":[0,0,16,16],"rotation":180,"texture":"#23"}}},{"from":[-2.495,26,-10.875],"to":[-1.995,31.25,-8.375],"rotation":{"angle":0,"axis":"y","origin":[18.755,28.625,-9.625]},"faces":{"north":{"uv":[15,0,16,16],"texture":"#17"},"east":{"uv":[8,0,16,16],"texture":"#17"},"south":{"uv":[9.75,0,10.75,16],"texture":"#17"},"west":{"uv":[0,0,8,16],"texture":"#17"},"up":{"uv":[15,0,16,16],"rotation":180,"texture":"#17"},"down":{"uv":[15,0,16,16],"rotation":180,"texture":"#17"}}},{"from":[18.505,26,-10.875],"to":[19.005,31.25,-8.375],"rotation":{"angle":0,"axis":"y","origin":[18.755,28.625,-9.625]},"faces":{"north":{"uv":[15,0,16,16],"texture":"#17"},"east":{"uv":[8,0,16,16],"texture":"#17"},"south":{"uv":[9.75,0,10.75,16],"texture":"#17"},"west":{"uv":[0,0,8,16],"texture":"#17"},"up":{"uv":[15,0,16,16],"rotation":180,"texture":"#17"},"down":{"uv":[15,0,16,16],"rotation":180,"texture":"#17"}}},{"from":[18.505,26,-13.375],"to":[19.005,31.25,-10.875],"rotation":{"angle":0,"axis":"y","origin":[13.4425,25.875,-16.625]},"faces":{"north":{"uv":[9.75,0,10.75,16],"texture":"#17"},"east":{"uv":[0,0,8,16],"texture":"#17"},"south":{"uv":[15,0,16,16],"texture":"#17"},"west":{"uv":[8,0,16,16],"texture":"#17"},"up":{"uv":[15,0,16,16],"texture":"#17"},"down":{"uv":[15,0,16,16],"texture":"#17"}}},{"from":[16.255,26,-13.875],"to":[19.005,31.25,-13.375],"rotation":{"angle":0,"axis":"y","origin":[13.4425,25.875,-16.625]},"faces":{"north":{"uv":[8,0,16,16],"texture":"#17"},"east":{"uv":[9.75,0,10.75,16],"texture":"#17"},"south":{"uv":[0,0,8,16],"texture":"#17"},"west":{"uv":[15,0,16,16],"texture":"#17"},"up":{"uv":[15,0,16,16],"rotation":90,"texture":"#17"},"down":{"uv":[15,0,16,16],"rotation":270,"texture":"#17"}}},{"from":[13.505,26,-13.875],"to":[16.255,31.25,-13.375],"rotation":{"angle":0,"axis":"y","origin":[14.88,28.625,-13.625]},"faces":{"north":{"uv":[0,0,8,16],"texture":"#17"},"east":{"uv":[15,0,16,16],"texture":"#17"},"south":{"uv":[8,0,16,16],"texture":"#17"},"west":{"uv":[9.75,0,10.75,16],"texture":"#17"},"up":{"uv":[15,0,16,16],"rotation":270,"texture":"#17"},"down":{"uv":[15,0,16,16],"rotation":90,"texture":"#17"}}},{"from":[15.875,30.925,-10.625],"to":[21.125,31.925,-5.375],"rotation":{"angle":0,"axis":"y","origin":[0.25,0.675,-0.25]},"faces":{"north":{"uv":[0,0,16,3],"texture":"#23"},"east":{"uv":[0,0,16,3],"texture":"#23"},"south":{"uv":[0,0,16,3],"texture":"#23"},"west":{"uv":[0,0,16,3],"texture":"#23"},"up":{"uv":[0,0,16,16],"texture":"#23"},"down":{"uv":[0,0,16,16],"rotation":180,"texture":"#23"}}},{"from":[17.625,17.3,-5.5],"to":[19.625,18.55,-5],"rotation":{"angle":0,"axis":"y","origin":[-0.125,17.925,-8.25]},"faces":{"north":{"uv":[5,1,11,5],"texture":"#8"},"east":{"uv":[9,1,11,5],"texture":"#8"},"south":{"uv":[5,1,11,5],"texture":"#8"},"west":{"uv":[5,1,7,5],"texture":"#8"},"up":{"uv":[5,1,11,3],"texture":"#8"},"down":{"uv":[5,1,11,3],"rotation":180,"texture":"#8"}}},{"from":[-3.375,17.3,-5.5],"to":[-1.375,18.55,-5],"rotation":{"angle":0,"axis":"y","origin":[-0.125,17.925,-8.25]},"faces":{"north":{"uv":[5,1,11,5],"texture":"#8"},"east":{"uv":[9,1,11,5],"texture":"#8"},"south":{"uv":[5,1,11,5],"texture":"#8"},"west":{"uv":[5,1,7,5],"texture":"#8"},"up":{"uv":[5,1,11,3],"texture":"#8"},"down":{"uv":[5,1,11,3],"rotation":180,"texture":"#8"}}}],"display":{"thirdperson_righthand":{"scale":[3,3,3]}},"groups":[0,1,2,3,4,5,6,7,8,9,{"name":"group","origin":[9.375,0,0],"color":0,"nbt":"{}","armAnimationEnabled":false,"children":[10,11,12,13,14,15,16,17,18,19,20,21,22,23,24,25,26,27,28,29,30,31,32,33,34,35,36,37,38,39,40,41,42,43,44,45,46,47,48,49,50,51,52,53,54,55,56,57,58,59,60,61,62,63,64,65,66,67,68,69,70,71,72,73,74,75,76,77,78,79,80,81,82,83,84,85,86,87,88,89,90,91,92,93,94,95,96,97,98,99,100,101,102,103,104,105,106,107,108,109,110,111,112,113,114,115]},116,117,118,119,120,121,122,123,124,125,126,127,128,129,130]}