{"credit":"Made with Blockbench by Valvac","textures":{"0":"block/blue_terracotta","1":"block/nether_bricks","2":"block/birch_planks","3":"block/spruce_planks","4":"block/sandstone","5":"block/sandstone_bottom","6":"block/sandstone_top","7":"block/purple_shulker_box","8":"block/oak_trapdoor","9":"block/dark_oak_trapdoor","10":"block/spruce_trapdoor","11":"block/orange_stained_glass","12":"block/orange_stained_glass_pane_top","13":"block/purple_stained_glass","14":"block/purple_stained_glass_pane_top","15":"block/yellow_stained_glass","16":"block/yellow_stained_glass_pane_top","17":"block/stripped_spruce_log","18":"block/stripped_spruce_log_top","particle":"block/blue_terracotta"},"elements":[{"from":[-10.375,20.75,15.5],"to":[-5.125,26,20.75],"rotation":{"angle":0,"axis":"y","origin":[-6.375,31.5,-5.25]},"faces":{"north":{"uv":[0,0,16,16],"texture":"#3"},"east":{"uv":[0,0,16,16],"texture":"#3"},"south":{"uv":[0,0,16,16],"texture":"#3"},"west":{"uv":[0,0,16,16],"texture":"#3"},"up":{"uv":[0,0,16,16],"texture":"#3"},"down":{"uv":[0,0,16,16],"texture":"#3"}}},{"from":[-15.625,20.75,17.8],"to":[-10.375,26,18.4],"rotation":{"angle":0,"axis":"y","origin":[-11.625,31.5,-5.25]},"faces":{"north":{"uv":[0,0,16,16],"texture":"#11"},"east":{"uv":[7,0,9,16],"texture":"#11"},"south":{"uv":[0,0,16,16],"texture":"#11"},"west":{"uv":[7,0,9,16],"texture":"#11"},"up":{"uv":[7,0,9,16],"rotation":90,"texture":"#12"},"down":{"uv":[7,0,9,16],"rotation":90,"texture":"#12"}}},{"from":[12.925,10.25,23.04688],"to":[15.85,15.5,23.64688],"rotation":{"angle":0,"axis":"y","origin":[16.925,21,-0.00312]},"faces":{"north":{"uv":[1.1,0,10.1,14.9],"texture":"#15"},"south":{"uv":[5.9,0,14.9,14.9],"texture":"#15"},"west":{"uv":[7,0,9,14.9],"texture":"#15"},"up":{"uv":[7,0,9,9],"rotation":90,"texture":"#16"},"down":{"uv":[7,0,9,9],"rotation":90,"texture":"#16"}}},{"from":[15.85,10.25,23.04688],"to":[18.775,15.5,23.64688],"rotation":{"angle":0,"axis":"y","origin":[19.85,21,-0.00312]},"faces":{"north":{"uv":[5.9,0,14.9,16],"texture":"#15"},"east":{"uv":[7,0,9,16],"texture":"#15"},"south":{"uv":[1.1,0,10.1,16],"texture":"#15"},"up":{"uv":[7,0,9,9],"rotation":90,"texture":"#16"},"down":{"uv":[7,0,9,9],"rotation":90,"texture":"#16"}}},{"from":[-15.625,20.75,-3.2],"to":[-10.375,26,-2.6],"rotation":{"angle":0,"axis":"y","origin":[-11.625,31.5,-26.25]},"faces":{"north":{"uv":[0,0,16,16],"texture":"#11"},"east":{"uv":[7,0,9,16],"texture":"#11"},"south":{"uv":[0,0,16,16],"texture":"#11"},"west":{"uv":[7,0,9,16],"texture":"#11"},"up":{"uv":[7,0,9,16],"rotation":90,"texture":"#12"},"down":{"uv":[7,0,9,16],"rotation":90,"texture":"#12"}}},{"from":[-10.375,20.75,-5.5],"to":[-5.125,26,-0.25],"rotation":{"angle":0,"axis":"y","origin":[-6.375,31.5,-26.25]},"faces":{"north":{"uv":[0,0,16,16],"texture":"#3"},"east":{"uv":[0,0,16,16],"texture":"#3"},"south":{"uv":[0,0,16,16],"texture":"#3"},"west":{"uv":[0,0,16,16],"texture":"#3"},"up":{"uv":[0,0,16,16],"texture":"#3"},"down":{"uv":[0,0,16,16],"texture":"#3"}}},{"from":[-10.375,-10.75,10.25],"to":[-5.125,-5.5,15.5],"rotation":{"angle":0,"axis":"y","origin":[9.375,0,0]},"faces":{"north":{"uv":[0,0,16,16],"texture":"#0"},"east":{"uv":[0,0,16,16],"texture":"#0"},"south":{"uv":[0,0,16,16],"texture":"#0"},"west":{"uv":[0,0,16,16],"texture":"#0"},"up":{"uv":[0,0,16,16],"texture":"#0"},"down":{"uv":[0,0,16,16],"texture":"#0"}}},{"from":[-10.375,-10.75,-0.25],"to":[-5.125,-5.5,5],"rotation":{"angle":0,"axis":"y","origin":[9.375,0,0]},"faces":{"north":{"uv":[0,0,16,16],"texture":"#0"},"east":{"uv":[0,0,16,16],"texture":"#0"},"south":{"uv":[0,0,16,16],"texture":"#0"},"west":{"uv":[0,0,16,16],"texture":"#0"},"up":{"uv":[0,0,16,16],"texture":"#0"},"down":{"uv":[0,0,16,16],"texture":"#0"}}},{"from":[-10.375,-10.75,5],"to":[-5.125,-5.5,10.25],"rotation":{"angle":0,"axis":"y","origin":[9.375,0,0]},"faces":{"north":{"uv":[0,0,16,16],"texture":"#0"},"east":{"uv":[0,0,16,16],"texture":"#0"},"south":{"uv":[0,0,16,16],"texture":"#0"},"west":{"uv":[0,0,16,16],"texture":"#0"},"up":{"uv":[0,0,16,16],"texture":"#0"},"down":{"uv":[0,0,16,16],"texture":"#0"}}},{"from":[-5.125,-10.75,5],"to":[0.125,-5.5,10.25],"rotation":{"angle":0,"axis":"y","origin":[9.375,0,0]},"faces":{"north":{"uv":[0,0,16,16],"texture":"#0"},"east":{"uv":[0,0,16,16],"texture":"#0"},"south":{"uv":[0,0,16,16],"texture":"#0"},"west":{"uv":[0,0,16,16],"texture":"#0"},"up":{"uv":[0,0,16,16],"texture":"#0"},"down":{"uv":[0,0,16,16],"texture":"#0"}}},{"from":[10.625,-10.75,20.75],"to":[15.875,-5.5,26],"rotation":{"angle":0,"axis":"y","origin":[-1.125,0,5.25]},"faces":{"north":{"uv":[0,0,16,16],"texture":"#0"},"east":{"uv":[0,0,16,16],"texture":"#0"},"south":{"uv":[0,0,16,16],"texture":"#0"},"west":{"uv":[0,0,16,16],"texture":"#0"},"up":{"uv":[0,0,16,16],"texture":"#0"},"down":{"uv":[0,0,16,16],"texture":"#0"}}},{"from":[10.625,-5.5,5],"to":[15.875,-0.25,10.25],"rotation":{"angle":0,"axis":"y","origin":[9.375,0,0]},"faces":{"north":{"uv":[0,0,16,16],"texture":"#0"},"east":{"uv":[0,0,16,16],"texture":"#0"},"south":{"uv":[0,0,16,16],"texture":"#0"},"west":{"uv":[0,0,16,16],"texture":"#0"},"up":{"uv":[0,0,16,16],"texture":"#0"},"down":{"uv":[0,0,16,16],"texture":"#0"}}},{"from":[10.625,-5.5,20.75],"to":[15.875,-0.25,26],"rotation":{"angle":0,"axis":"y","origin":[-1.125,0,5.25]},"faces":{"north":{"uv":[0,0,16,16],"texture":"#0"},"east":{"uv":[0,0,16,16],"texture":"#0"},"south":{"uv":[0,0,16,16],"texture":"#0"},"west":{"uv":[0,0,16,16],"texture":"#0"},"up":{"uv":[0,0,16,16],"texture":"#0"},"down":{"uv":[0,0,16,16],"texture":"#0"}}},{"from":[21.125,-5.5,5],"to":[26.375,-0.25,10.25],"rotation":{"angle":0,"axis":"y","origin":[9.375,0,0]},"faces":{"north":{"uv":[0,0,16,16],"texture":"#0"},"east":{"uv":[0,0,16,16],"texture":"#0"},"south":{"uv":[0,0,16,16],"texture":"#0"},"west":{"uv":[0,0,16,16],"texture":"#0"},"up":{"uv":[0,0,16,16],"texture":"#0"},"down":{"uv":[0,0,16,16],"texture":"#0"}}},{"from":[10.625,-5.5,-0.25],"to":[15.875,-0.25,5],"rotation":{"angle":0,"axis":"y","origin":[9.375,0,0]},"faces":{"north":{"uv":[0,0,16,16],"texture":"#0"},"east":{"uv":[0,0,16,16],"texture":"#0"},"south":{"uv":[0,0,16,16],"texture":"#0"},"west":{"uv":[0,0,16,16],"texture":"#0"},"up":{"uv":[0,0,16,16],"texture":"#0"},"down":{"uv":[0,0,16,16],"texture":"#0"}}},{"from":[10.625,-5.5,-5.5],"to":[15.875,-0.25,-0.25],"rotation":{"angle":0,"axis":"y","origin":[9.375,0,0]},"faces":{"north":{"uv":[0,0,16,16],"texture":"#0"},"east":{"uv":[0,0,16,16],"texture":"#0"},"south":{"uv":[0,0,16,16],"texture":"#0"},"west":{"uv":[0,0,16,16],"texture":"#0"},"up":{"uv":[0,0,16,16],"texture":"#0"},"down":{"uv":[0,0,16,16],"texture":"#0"}}},{"from":[10.625,-5.5,10.25],"to":[15.875,-0.25,15.5],"rotation":{"angle":0,"axis":"y","origin":[9.375,0,0]},"faces":{"north":{"uv":[0,0,16,16],"texture":"#0"},"east":{"uv":[0,0,16,16],"texture":"#0"},"south":{"uv":[0,0,16,16],"texture":"#0"},"west":{"uv":[0,0,16,16],"texture":"#0"},"up":{"uv":[0,0,16,16],"texture":"#0"},"down":{"uv":[0,0,16,16],"texture":"#0"}}},{"from":[10.625,-5.5,15.5],"to":[15.875,-0.25,20.75],"rotation":{"angle":0,"axis":"y","origin":[9.375,0,0]},"faces":{"north":{"uv":[0,0,16,16],"texture":"#0"},"east":{"uv":[0,0,16,16],"texture":"#0"},"south":{"uv":[0,0,16,16],"texture":"#0"},"west":{"uv":[0,0,16,16],"texture":"#0"},"up":{"uv":[0,0,16,16],"texture":"#0"},"down":{"uv":[0,0,16,16],"texture":"#0"}}},{"from":[5.375,-5.5,20.75],"to":[10.625,-0.25,26],"rotation":{"angle":0,"axis":"y","origin":[-1.125,0,5.25]},"faces":{"north":{"uv":[0,0,16,16],"texture":"#0"},"east":{"uv":[0,0,16,16],"texture":"#0"},"south":{"uv":[0,0,16,16],"texture":"#0"},"west":{"uv":[0,0,16,16],"texture":"#0"},"up":{"uv":[0,0,16,16],"texture":"#0"},"down":{"uv":[0,0,16,16],"texture":"#0"}}},{"from":[15.875,-5.5,5],"to":[21.125,-0.25,10.25],"rotation":{"angle":0,"axis":"y","origin":[9.375,0,0]},"faces":{"north":{"uv":[0,0,16,16],"texture":"#0"},"east":{"uv":[0,0,16,16],"texture":"#0"},"south":{"uv":[0,0,16,16],"texture":"#0"},"west":{"uv":[0,0,16,16],"texture":"#0"},"up":{"uv":[0,0,16,16],"texture":"#0"},"down":{"uv":[0,0,16,16],"texture":"#0"}}},{"from":[-10.375,-5.5,15.5],"to":[-5.125,-2.875,20.75],"rotation":{"angle":0,"axis":"y","origin":[9.375,0,0]},"faces":{"north":{"uv":[0,8,16,16],"texture":"#4"},"east":{"uv":[0,8,16,16],"texture":"#4"},"south":{"uv":[0,8,16,16],"texture":"#4"},"west":{"uv":[0,8,16,16],"texture":"#4"},"up":{"uv":[0,0,16,16],"texture":"#6"},"down":{"uv":[0,0,16,16],"texture":"#5"}}},{"from":[-10.375,5,15.5],"to":[-5.125,7.625,20.75],"rotation":{"angle":0,"axis":"y","origin":[9.375,10.5,0]},"faces":{"north":{"uv":[0,8,16,16],"texture":"#4"},"east":{"uv":[0,8,16,16],"texture":"#4"},"south":{"uv":[0,8,16,16],"texture":"#4"},"west":{"uv":[0,8,16,16],"texture":"#4"},"up":{"uv":[0,0,16,16],"texture":"#6"},"down":{"uv":[0,0,16,16],"texture":"#5"}}},{"from":[-10.375,2.375,15.5],"to":[-5.125,5,20.75],"rotation":{"angle":0,"axis":"y","origin":[9.375,7.875,0]},"faces":{"north":{"uv":[0,0,16,8],"texture":"#5"},"east":{"uv":[0,0,16,8],"texture":"#5"},"south":{"uv":[0,0,16,8],"texture":"#5"},"west":{"uv":[0,0,16,8],"texture":"#5"},"up":{"uv":[0,0,16,16],"texture":"#6"},"down":{"uv":[0,0,16,16],"texture":"#5"}}},{"from":[-10.375,-0.25,15.5],"to":[-5.125,2.375,18.125],"rotation":{"angle":0,"axis":"y","origin":[9.375,5.25,0]},"faces":{"north":{"uv":[0,8,16,16],"texture":"#5"},"east":{"uv":[8,8,16,16],"texture":"#5"},"south":{"uv":[0,8,16,16],"texture":"#5"},"west":{"uv":[0,8,8,16],"texture":"#5"},"up":{"uv":[0,0,16,16],"texture":"#6"},"down":{"uv":[0,0,16,16],"texture":"#5"}}},{"from":[-10.375,-2.875,15.5],"to":[-5.125,-0.25,18.125],"rotation":{"angle":0,"axis":"y","origin":[9.375,2.625,0]},"faces":{"north":{"uv":[0,0,16,8],"texture":"#5"},"east":{"uv":[8,0,16,8],"texture":"#5"},"south":{"uv":[0,0,16,8],"texture":"#5"},"west":{"uv":[0,0,8,8],"texture":"#5"},"up":{"uv":[0,0,16,16],"texture":"#6"},"down":{"uv":[0,0,16,16],"texture":"#5"}}},{"from":[-10.375,7.625,15.5],"to":[-5.125,10.25,18.125],"rotation":{"angle":0,"axis":"y","origin":[9.375,13.125,0]},"faces":{"north":{"uv":[0,0,16,8],"texture":"#4"},"east":{"uv":[8,0,16,8],"texture":"#4"},"south":{"uv":[0,0,16,8],"texture":"#4"},"west":{"uv":[0,0,8,8],"texture":"#4"},"up":{"uv":[0,0,16,8],"texture":"#6"},"down":{"uv":[0,0,16,8],"texture":"#5"}}},{"from":[-10.375,-5.5,-5.5],"to":[-5.125,-2.875,-0.25],"rotation":{"angle":0,"axis":"y","origin":[9.375,0,-21]},"faces":{"north":{"uv":[0,8,16,16],"texture":"#4"},"east":{"uv":[0,8,16,16],"texture":"#4"},"south":{"uv":[0,8,16,16],"texture":"#4"},"west":{"uv":[0,8,16,16],"texture":"#4"},"up":{"uv":[0,0,16,16],"texture":"#6"},"down":{"uv":[0,0,16,16],"texture":"#5"}}},{"from":[-10.375,-2.875,-2.875],"to":[-5.125,-0.25,-0.25],"rotation":{"angle":0,"axis":"y","origin":[9.375,2.625,-18.375]},"faces":{"north":{"uv":[0,0,16,8],"texture":"#5"},"east":{"uv":[8,0,16,8],"texture":"#5"},"south":{"uv":[0,0,16,8],"texture":"#5"},"west":{"uv":[0,0,8,8],"texture":"#5"},"up":{"uv":[0,0,16,16],"texture":"#6"},"down":{"uv":[0,0,16,16],"texture":"#5"}}},{"from":[0.125,2.375,-2.875],"to":[5.375,5,-0.25],"rotation":{"angle":0,"axis":"y","origin":[19.875,7.875,-18.375]},"faces":{"north":{"uv":[0,0,16,8],"texture":"#5"},"east":{"uv":[8,0,16,8],"texture":"#5"},"south":{"uv":[0,0,16,8],"texture":"#5"},"west":{"uv":[0,0,8,8],"texture":"#5"},"up":{"uv":[0,0,16,16],"texture":"#6"},"down":{"uv":[0,0,16,16],"texture":"#5"}}},{"from":[0.125,-0.25,-5.5],"to":[5.375,2.375,-0.25],"rotation":{"angle":0,"axis":"y","origin":[19.875,5.25,-21]},"faces":{"north":{"uv":[0,8,16,16],"texture":"#4"},"east":{"uv":[0,8,16,16],"texture":"#4"},"south":{"uv":[0,8,16,16],"texture":"#4"},"west":{"uv":[0,8,16,16],"texture":"#4"},"up":{"uv":[0,0,16,16],"texture":"#6"},"down":{"uv":[0,0,16,16],"texture":"#5"}}},{"from":[-5.125,-2.875,-2.875],"to":[0.125,-0.25,-0.25],"rotation":{"angle":0,"axis":"y","origin":[14.625,2.625,-18.375]},"faces":{"north":{"uv":[0,0,16,8],"texture":"#4"},"east":{"uv":[8,0,16,8],"texture":"#4"},"south":{"uv":[0,0,16,8],"texture":"#4"},"west":{"uv":[0,0,8,8],"texture":"#5"},"up":{"uv":[0,0,16,8],"texture":"#6"},"down":{"uv":[0,0,16,16],"texture":"#5"}}},{"from":[-2.5,-2.875,-5.5],"to":[0.125,-0.25,-2.875],"rotation":{"angle":0,"axis":"y","origin":[17.25,2.625,-21]},"faces":{"north":{"uv":[8,0,16,8],"texture":"#4"},"east":{"uv":[8,0,16,8],"texture":"#4"},"south":{"uv":[0,0,8,8],"texture":"#4"},"west":{"uv":[0,0,8,8],"texture":"#4"},"up":{"uv":[8,0,16,8],"texture":"#6"},"down":{"uv":[0,0,16,16],"texture":"#5"}}},{"from":[-5.125,-5.5,-5.5],"to":[0.125,-2.875,-0.25],"rotation":{"angle":0,"axis":"y","origin":[14.625,0,-21]},"faces":{"north":{"uv":[0,8,16,16],"texture":"#4"},"east":{"uv":[0,8,16,16],"texture":"#4"},"south":{"uv":[0,8,16,16],"texture":"#4"},"west":{"uv":[0,8,16,16],"texture":"#4"},"up":{"uv":[0,0,16,16],"texture":"#6"},"down":{"uv":[0,0,16,16],"texture":"#5"}}},{"from":[-10.375,-0.25,-2.875],"to":[-5.125,2.375,-0.25],"rotation":{"angle":0,"axis":"y","origin":[9.375,5.25,-18.375]},"faces":{"north":{"uv":[0,8,16,16],"texture":"#5"},"east":{"uv":[8,8,16,16],"texture":"#5"},"south":{"uv":[0,8,16,16],"texture":"#5"},"west":{"uv":[0,8,8,16],"texture":"#5"},"up":{"uv":[0,0,16,16],"texture":"#6"},"down":{"uv":[0,0,16,16],"texture":"#5"}}},{"from":[-10.375,2.375,-5.5],"to":[-5.125,5,-0.25],"rotation":{"angle":0,"axis":"y","origin":[9.375,7.875,-21]},"faces":{"north":{"uv":[0,0,16,8],"texture":"#5"},"east":{"uv":[0,0,16,8],"texture":"#5"},"south":{"uv":[0,0,16,8],"texture":"#5"},"west":{"uv":[0,0,16,8],"texture":"#5"},"up":{"uv":[0,0,16,16],"texture":"#6"},"down":{"uv":[0,0,16,16],"texture":"#5"}}},{"from":[0.125,7.625,-5.5],"to":[5.375,10.25,-0.25],"rotation":{"angle":0,"axis":"y","origin":[19.875,13.125,-21]},"faces":{"north":{"uv":[0,0,16,8],"texture":"#5"},"east":{"uv":[0,0,16,8],"texture":"#5"},"south":{"uv":[0,0,16,8],"texture":"#5"},"west":{"uv":[0,0,16,8],"texture":"#5"},"up":{"uv":[0,0,16,16],"texture":"#6"},"down":{"uv":[0,0,16,16],"texture":"#5"}}},{"from":[0.125,5,-2.875],"to":[5.375,7.625,-0.25],"rotation":{"angle":0,"axis":"y","origin":[19.875,10.5,-18.375]},"faces":{"north":{"uv":[0,8,16,16],"texture":"#5"},"east":{"uv":[8,8,16,16],"texture":"#5"},"south":{"uv":[0,8,16,16],"texture":"#5"},"west":{"uv":[0,8,8,16],"texture":"#5"},"up":{"uv":[0,0,16,16],"texture":"#6"},"down":{"uv":[0,0,16,16],"texture":"#5"}}},{"from":[0.125,-2.875,-5.5],"to":[5.375,-0.25,-0.25],"rotation":{"angle":0,"axis":"y","origin":[19.875,2.625,-21]},"faces":{"north":{"uv":[0,0,16,8],"texture":"#5"},"east":{"uv":[0,0,16,8],"texture":"#5"},"south":{"uv":[0,0,16,8],"texture":"#5"},"west":{"uv":[0,0,16,8],"texture":"#5"},"up":{"uv":[0,0,16,16],"texture":"#6"},"down":{"uv":[0,0,16,16],"texture":"#6"}}},{"from":[-10.375,5,-5.5],"to":[-5.125,7.625,-0.25],"rotation":{"angle":0,"axis":"y","origin":[9.375,10.5,-21]},"faces":{"north":{"uv":[0,8,16,16],"texture":"#4"},"east":{"uv":[0,8,16,16],"texture":"#4"},"south":{"uv":[0,8,16,16],"texture":"#4"},"west":{"uv":[0,8,16,16],"texture":"#4"},"up":{"uv":[0,0,16,16],"texture":"#6"},"down":{"uv":[0,0,16,16],"texture":"#5"}}},{"from":[-10.375,7.625,-2.875],"to":[-5.125,10.25,-0.25],"rotation":{"angle":0,"axis":"y","origin":[9.375,13.125,-18.375]},"faces":{"north":{"uv":[0,0,16,8],"texture":"#4"},"east":{"uv":[8,0,16,8],"texture":"#4"},"south":{"uv":[0,0,16,8],"texture":"#4"},"west":{"uv":[0,0,8,8],"texture":"#4"},"up":{"uv":[0,0,16,8],"texture":"#6"},"down":{"uv":[0,0,16,8],"texture":"#5"}}},{"from":[0.125,10.25,-5.5],"to":[5.375,12.875,-0.25],"rotation":{"angle":0,"axis":"y","origin":[19.875,15.75,-21]},"faces":{"north":{"uv":[0,8,16,16],"texture":"#4"},"east":{"uv":[0,8,16,16],"texture":"#4"},"south":{"uv":[0,8,16,16],"texture":"#4"},"west":{"uv":[0,8,16,16],"texture":"#4"},"up":{"uv":[0,0,16,16],"texture":"#6"},"down":{"uv":[0,0,16,16],"texture":"#5"}}},{"from":[0.125,12.875,-2.875],"to":[5.375,15.5,-0.25],"rotation":{"angle":0,"axis":"y","origin":[19.875,18.375,-18.375]},"faces":{"north":{"uv":[0,0,16,8],"texture":"#4"},"east":{"uv":[8,0,16,8],"texture":"#4"},"south":{"uv":[0,0,16,8],"texture":"#4"},"west":{"uv":[0,0,8,8],"texture":"#4"},"up":{"uv":[0,0,16,8],"texture":"#6"},"down":{"uv":[0,0,16,8],"texture":"#5"}}},{"from":[5.375,-5.5,10.25],"to":[10.625,-0.25,15.5],"rotation":{"angle":0,"axis":"y","origin":[9.375,0,0]},"faces":{"north":{"uv":[0,0,16,16],"texture":"#0"},"east":{"uv":[0,0,16,16],"texture":"#0"},"south":{"uv":[0,0,16,16],"texture":"#0"},"west":{"uv":[0,0,16,16],"texture":"#0"},"up":{"uv":[0,0,16,16],"texture":"#0"},"down":{"uv":[0,0,16,16],"texture":"#0"}}},{"from":[5.375,-5.5,5],"to":[10.625,-0.25,10.25],"rotation":{"angle":0,"axis":"y","origin":[9.375,0,0]},"faces":{"north":{"uv":[0,0,16,16],"texture":"#0"},"east":{"uv":[0,0,16,16],"texture":"#0"},"south":{"uv":[0,0,16,16],"texture":"#0"},"west":{"uv":[0,0,16,16],"texture":"#0"},"up":{"uv":[0,0,16,16],"texture":"#0"},"down":{"uv":[0,0,16,16],"texture":"#0"}}},{"from":[5.375,-5.5,-0.25],"to":[10.625,-0.25,5],"rotation":{"angle":0,"axis":"y","origin":[9.375,0,0]},"faces":{"north":{"uv":[0,0,16,16],"texture":"#0"},"east":{"uv":[0,0,16,16],"texture":"#0"},"south":{"uv":[0,0,16,16],"texture":"#0"},"west":{"uv":[0,0,16,16],"texture":"#0"},"up":{"uv":[0,0,16,16],"texture":"#0"},"down":{"uv":[0,0,16,16],"texture":"#0"}}},{"from":[10.625,-0.25,5],"to":[15.875,5,10.25],"rotation":{"angle":0,"axis":"y","origin":[9.375,0,0]},"color":6,"faces":{"north":{"uv":[0,0,16,16],"texture":"#missing"},"east":{"uv":[0,0,16,16],"texture":"#missing"},"south":{"uv":[0,0,16,16],"texture":"#missing"},"west":{"uv":[0,0,16,16],"texture":"#missing"},"up":{"uv":[0,0,16,16],"texture":"#missing"},"down":{"uv":[0,0,16,16],"texture":"#missing"}}},{"from":[21.125,-0.25,10.25],"to":[26.375,5,15.5],"rotation":{"angle":0,"axis":"y","origin":[9.375,0,0]},"faces":{"north":{"uv":[0,0,16,16],"texture":"#0"},"east":{"uv":[0,0,16,16],"texture":"#0"},"south":{"uv":[0,0,16,16],"texture":"#0"},"west":{"uv":[0,0,16,16],"texture":"#0"},"up":{"uv":[0,0,16,16],"texture":"#0"},"down":{"uv":[0,0,16,16],"texture":"#0"}}},{"from":[21.125,-0.25,-0.25],"to":[26.375,5,5],"rotation":{"angle":0,"axis":"y","origin":[9.375,0,0]},"faces":{"north":{"uv":[0,0,16,16],"texture":"#0"},"east":{"uv":[0,0,16,16],"texture":"#0"},"south":{"uv":[0,0,16,16],"texture":"#0"},"west":{"uv":[0,0,16,16],"texture":"#0"},"up":{"uv":[0,0,16,16],"texture":"#0"},"down":{"uv":[0,0,16,16],"texture":"#0"}}},{"from":[21.125,-0.25,5],"to":[26.375,5,10.25],"rotation":{"angle":0,"axis":"y","origin":[9.375,0,0]},"color":6,"faces":{"north":{"uv":[0,0,16,16],"texture":"#missing"},"east":{"uv":[0,0,16,16],"texture":"#missing"},"south":{"uv":[0,0,16,16],"texture":"#missing"},"west":{"uv":[0,0,16,16],"texture":"#missing"},"up":{"uv":[0,0,16,16],"texture":"#missing"},"down":{"uv":[0,0,16,16],"texture":"#missing"}}},{"from":[10.625,-0.25,-0.25],"to":[15.875,5,5],"rotation":{"angle":0,"axis":"y","origin":[9.375,0,0]},"faces":{"north":{"uv":[0,0,16,16],"texture":"#0"},"east":{"uv":[0,0,16,16],"texture":"#0"},"south":{"uv":[0,0,16,16],"texture":"#0"},"west":{"uv":[0,0,16,16],"texture":"#0"},"up":{"uv":[0,0,16,16],"texture":"#0"},"down":{"uv":[0,0,16,16],"texture":"#0"}}},{"from":[10.625,-0.25,10.25],"to":[15.875,5,15.5],"rotation":{"angle":0,"axis":"y","origin":[9.375,0,0]},"faces":{"north":{"uv":[0,0,16,16],"texture":"#0"},"east":{"uv":[0,0,16,16],"texture":"#0"},"south":{"uv":[0,0,16,16],"texture":"#0"},"west":{"uv":[0,0,16,16],"texture":"#0"},"up":{"uv":[0,0,16,16],"texture":"#0"},"down":{"uv":[0,0,16,16],"texture":"#0"}}},{"from":[15.875,-0.25,15.5],"to":[21.125,5,20.75],"rotation":{"angle":0,"axis":"y","origin":[9.375,0,0]},"faces":{"north":{"uv":[0,0,16,16],"texture":"#0"},"east":{"uv":[0,0,16,16],"texture":"#0"},"south":{"uv":[0,0,16,16],"texture":"#0"},"west":{"uv":[0,0,16,16],"texture":"#0"},"up":{"uv":[0,0,16,16],"texture":"#0"},"down":{"uv":[0,0,16,16],"texture":"#0"}}},{"from":[15.875,-0.25,10.25],"to":[21.125,5,15.5],"rotation":{"angle":0,"axis":"y","origin":[9.375,0,0]},"color":6,"faces":{"north":{"uv":[0,0,16,16],"texture":"#missing"},"east":{"uv":[0,0,16,16],"texture":"#missing"},"south":{"uv":[0,0,16,16],"texture":"#missing"},"west":{"uv":[0,0,16,16],"texture":"#missing"},"up":{"uv":[0,0,16,16],"texture":"#missing"},"down":{"uv":[0,0,16,16],"texture":"#missing"}}},{"from":[15.875,-0.25,-5.5],"to":[21.125,5,-0.25],"rotation":{"angle":0,"axis":"y","origin":[9.375,0,0]},"faces":{"north":{"uv":[0,0,16,16],"texture":"#0"},"east":{"uv":[0,0,16,16],"texture":"#0"},"south":{"uv":[0,0,16,16],"texture":"#0"},"west":{"uv":[0,0,16,16],"texture":"#0"},"up":{"uv":[0,0,16,16],"texture":"#0"},"down":{"uv":[0,0,16,16],"texture":"#0"}}},{"from":[15.875,-0.25,-0.25],"to":[21.125,5,5],"rotation":{"angle":0,"axis":"y","origin":[9.375,0,0]},"color":6,"faces":{"north":{"uv":[0,0,16,16],"texture":"#missing"},"east":{"uv":[0,0,16,16],"texture":"#missing"},"south":{"uv":[0,0,16,16],"texture":"#missing"},"west":{"uv":[0,0,16,16],"texture":"#missing"},"up":{"uv":[0,0,16,16],"texture":"#missing"},"down":{"uv":[0,0,16,16],"texture":"#missing"}}},{"from":[15.875,-0.25,5],"to":[21.125,5,10.25],"rotation":{"angle":0,"axis":"y","origin":[9.375,0,0]},"color":6,"faces":{"north":{"uv":[0,0,16,16],"texture":"#missing"},"east":{"uv":[0,0,16,16],"texture":"#missing"},"south":{"uv":[0,0,16,16],"texture":"#missing"},"west":{"uv":[0,0,16,16],"texture":"#missing"},"up":{"uv":[0,0,16,16],"texture":"#missing"},"down":{"uv":[0,0,16,16],"texture":"#missing"}}},{"from":[4.375,5,10.25],"to":[5.375,10.25,15.5],"rotation":{"angle":0,"axis":"y","origin":[13.625,5.25,10.5]},"faces":{"north":{"uv":[0,0,16,16],"texture":"#8"},"east":{"uv":[0,0,16,16],"texture":"#8"},"south":{"uv":[0,0,16,16],"texture":"#8"},"west":{"uv":[0,0,16,16],"texture":"#8"},"up":{"uv":[0,0,16,16],"texture":"#8"},"down":{"uv":[0,0,16,16],"texture":"#8"}}},{"from":[4.375,-0.25,10.25],"to":[5.375,5,15.5],"rotation":{"angle":0,"axis":"y","origin":[13.625,0,10.5]},"faces":{"north":{"uv":[0,0,16,16],"texture":"#8"},"east":{"uv":[0,0,16,16],"texture":"#8"},"south":{"uv":[0,0,16,16],"texture":"#8"},"west":{"uv":[0,0,16,16],"texture":"#8"},"up":{"uv":[0,0,16,16],"texture":"#8"},"down":{"uv":[0,0,16,16],"texture":"#8"}}},{"from":[4.375,5,-0.25],"to":[5.375,10.25,5],"rotation":{"angle":0,"axis":"y","origin":[13.625,5.25,0]},"faces":{"north":{"uv":[0,0,16,16],"texture":"#8"},"east":{"uv":[0,0,16,16],"texture":"#8"},"south":{"uv":[0,0,16,16],"texture":"#8"},"west":{"uv":[0,0,16,16],"texture":"#8"},"up":{"uv":[0,0,16,16],"texture":"#8"},"down":{"uv":[0,0,16,16],"texture":"#8"}}},{"from":[-0.875,10.25,10.25],"to":[0.125,15.5,15.5],"rotation":{"angle":0,"axis":"y","origin":[8.375,10.5,10.5]},"faces":{"north":{"uv":[0,13,16,16],"rotation":270,"texture":"#8"},"east":{"uv":[0,0,16,16],"texture":"#8"},"south":{"uv":[0,13,16,16],"rotation":90,"texture":"#8"},"west":{"uv":[0,0,16,16],"texture":"#8"},"up":{"uv":[0,13,16,16],"rotation":90,"texture":"#8"},"down":{"uv":[0,13,16,16],"rotation":90,"texture":"#8"}}},{"from":[-0.875,10.25,-0.25],"to":[0.125,15.5,5],"rotation":{"angle":0,"axis":"y","origin":[8.375,10.5,0]},"faces":{"north":{"uv":[0,13,16,16],"rotation":270,"texture":"#8"},"east":{"uv":[0,0,16,16],"texture":"#8"},"south":{"uv":[0,13,16,16],"rotation":90,"texture":"#8"},"west":{"uv":[0,0,16,16],"texture":"#8"},"up":{"uv":[0,13,16,16],"rotation":90,"texture":"#8"},"down":{"uv":[0,13,16,16],"rotation":90,"texture":"#8"}}},{"from":[4.375,5,5],"to":[5.375,10.25,10.25],"rotation":{"angle":0,"axis":"y","origin":[13.625,5.25,5.25]},"faces":{"north":{"uv":[0,0,16,16],"texture":"#8"},"east":{"uv":[0,0,16,16],"texture":"#8"},"south":{"uv":[0,0,16,16],"texture":"#8"},"west":{"uv":[0,0,16,16],"texture":"#8"},"up":{"uv":[0,0,16,16],"texture":"#8"},"down":{"uv":[0,0,16,16],"texture":"#8"}}},{"from":[4.375,-0.25,-0.25],"to":[5.375,5,5],"rotation":{"angle":0,"axis":"y","origin":[13.625,0,0]},"faces":{"north":{"uv":[0,0,16,16],"texture":"#8"},"east":{"uv":[0,0,16,16],"texture":"#8"},"south":{"uv":[0,0,16,16],"texture":"#8"},"west":{"uv":[0,0,16,16],"texture":"#8"},"up":{"uv":[0,0,16,16],"texture":"#8"},"down":{"uv":[0,0,16,16],"texture":"#8"}}},{"from":[0.125,-0.25,5],"to":[5.375,5,10.25],"rotation":{"angle":0,"axis":"y","origin":[9.375,0,0]},"faces":{"north":{"uv":[0,0,16,16],"texture":"#7"},"east":{"uv":[0,0,16,16],"texture":"#7"},"south":{"uv":[0,0,16,16],"texture":"#7"},"west":{"uv":[0,0,16,16],"texture":"#7"},"up":{"uv":[0,0,16,16],"texture":"#7"},"down":{"uv":[0,0,16,16],"texture":"#7"}}},{"from":[5.375,-0.25,10.25],"to":[10.625,5,15.5],"rotation":{"angle":0,"axis":"y","origin":[9.375,0,0]},"faces":{"north":{"uv":[0,0,16,16],"texture":"#0"},"east":{"uv":[0,0,16,16],"texture":"#0"},"south":{"uv":[0,0,16,16],"texture":"#0"},"west":{"uv":[0,0,16,16],"texture":"#0"},"up":{"uv":[0,0,16,16],"texture":"#0"},"down":{"uv":[0,0,16,16],"texture":"#0"}}},{"from":[5.375,-0.25,5],"to":[10.625,5,10.25],"rotation":{"angle":0,"axis":"y","origin":[9.375,0,0]},"color":6,"faces":{"north":{"uv":[0,0,16,16],"texture":"#missing"},"east":{"uv":[0,0,16,16],"texture":"#missing"},"south":{"uv":[0,0,16,16],"texture":"#missing"},"west":{"uv":[0,0,16,16],"texture":"#missing"},"up":{"uv":[0,0,16,16],"texture":"#missing"},"down":{"uv":[0,0,16,16],"texture":"#missing"}}},{"from":[5.375,-0.25,-0.25],"to":[10.625,5,5],"rotation":{"angle":0,"axis":"y","origin":[9.375,0,0]},"faces":{"north":{"uv":[0,0,16,16],"texture":"#0"},"east":{"uv":[0,0,16,16],"texture":"#0"},"south":{"uv":[0,0,16,16],"texture":"#0"},"west":{"uv":[0,0,16,16],"texture":"#0"},"up":{"uv":[0,0,16,16],"texture":"#0"},"down":{"uv":[0,0,16,16],"texture":"#0"}}},{"from":[10.625,5,5],"to":[15.875,10.25,10.25],"rotation":{"angle":0,"axis":"y","origin":[9.375,0,0]},"color":6,"faces":{"north":{"uv":[0,0,16,16],"texture":"#missing"},"east":{"uv":[0,0,16,16],"texture":"#missing"},"south":{"uv":[0,0,16,16],"texture":"#missing"},"west":{"uv":[0,0,16,16],"texture":"#missing"},"up":{"uv":[0,0,16,16],"texture":"#missing"},"down":{"uv":[0,0,16,16],"texture":"#missing"}}},{"from":[21.125,5,10.25],"to":[26.375,10.25,15.5],"rotation":{"angle":0,"axis":"y","origin":[9.375,0,0]},"faces":{"north":{"uv":[0,0,16,16],"texture":"#0"},"east":{"uv":[0,0,16,16],"texture":"#0"},"south":{"uv":[0,0,16,16],"texture":"#0"},"west":{"uv":[0,0,16,16],"texture":"#0"},"up":{"uv":[0,0,16,16],"texture":"#0"},"down":{"uv":[0,0,16,16],"texture":"#0"}}},{"from":[21.125,5,-0.25],"to":[26.375,10.25,5],"rotation":{"angle":0,"axis":"y","origin":[9.375,0,0]},"faces":{"north":{"uv":[0,0,16,16],"texture":"#0"},"east":{"uv":[0,0,16,16],"texture":"#0"},"south":{"uv":[0,0,16,16],"texture":"#0"},"west":{"uv":[0,0,16,16],"texture":"#0"},"up":{"uv":[0,0,16,16],"texture":"#0"},"down":{"uv":[0,0,16,16],"texture":"#0"}}},{"from":[21.125,5,5],"to":[26.375,10.25,10.25],"rotation":{"angle":0,"axis":"y","origin":[9.375,0,0]},"color":6,"faces":{"north":{"uv":[0,0,16,16],"texture":"#missing"},"east":{"uv":[0,0,16,16],"texture":"#missing"},"south":{"uv":[0,0,16,16],"texture":"#missing"},"west":{"uv":[0,0,16,16],"texture":"#missing"},"up":{"uv":[0,0,16,16],"texture":"#missing"},"down":{"uv":[0,0,16,16],"texture":"#missing"}}},{"from":[10.625,5,-0.25],"to":[15.875,10.25,5],"rotation":{"angle":0,"axis":"y","origin":[9.375,0,0]},"color":6,"faces":{"north":{"uv":[0,0,16,16],"texture":"#missing"},"east":{"uv":[0,0,16,16],"texture":"#missing"},"south":{"uv":[0,0,16,16],"texture":"#missing"},"west":{"uv":[0,0,16,16],"texture":"#missing"},"up":{"uv":[0,0,16,16],"texture":"#missing"},"down":{"uv":[0,0,16,16],"texture":"#missing"}}},{"from":[10.625,5,-5.5],"to":[15.875,10.25,-0.25],"rotation":{"angle":0,"axis":"y","origin":[9.375,0,0]},"faces":{"north":{"uv":[0,0,16,16],"texture":"#0"},"east":{"uv":[0,0,16,16],"texture":"#0"},"south":{"uv":[0,0,16,16],"texture":"#0"},"west":{"uv":[0,0,16,16],"texture":"#0"},"up":{"uv":[0,0,16,16],"texture":"#0"},"down":{"uv":[0,0,16,16],"texture":"#0"}}},{"from":[10.625,5,10.25],"to":[15.875,10.25,15.5],"rotation":{"angle":0,"axis":"y","origin":[9.375,0,0]},"color":6,"faces":{"north":{"uv":[0,0,16,16],"texture":"#missing"},"east":{"uv":[0,0,16,16],"texture":"#missing"},"south":{"uv":[0,0,16,16],"texture":"#missing"},"west":{"uv":[0,0,16,16],"texture":"#missing"},"up":{"uv":[0,0,16,16],"texture":"#missing"},"down":{"uv":[0,0,16,16],"texture":"#missing"}}},{"from":[10.625,5,15.5],"to":[15.875,10.25,20.75],"rotation":{"angle":0,"axis":"y","origin":[9.375,0,0]},"faces":{"north":{"uv":[0,0,16,16],"texture":"#0"},"east":{"uv":[0,0,16,16],"texture":"#0"},"south":{"uv":[0,0,16,16],"texture":"#0"},"west":{"uv":[0,0,16,16],"texture":"#0"},"up":{"uv":[0,0,16,16],"texture":"#0"},"down":{"uv":[0,0,16,16],"texture":"#0"}}},{"from":[15.875,5,10.25],"to":[21.125,10.25,15.5],"rotation":{"angle":0,"axis":"y","origin":[9.375,0,0]},"faces":{"north":{"uv":[0,0,16,16],"texture":"#0"},"east":{"uv":[0,0,16,16],"texture":"#0"},"south":{"uv":[0,0,16,16],"texture":"#0"},"west":{"uv":[0,0,16,16],"texture":"#0"},"up":{"uv":[0,0,16,16],"texture":"#0"},"down":{"uv":[0,0,16,16],"texture":"#0"}}},{"from":[15.875,5,-0.25],"to":[21.125,10.25,5],"rotation":{"angle":0,"axis":"y","origin":[9.375,0,0]},"faces":{"north":{"uv":[0,0,16,16],"texture":"#0"},"east":{"uv":[0,0,16,16],"texture":"#0"},"south":{"uv":[0,0,16,16],"texture":"#0"},"west":{"uv":[0,0,16,16],"texture":"#0"},"up":{"uv":[0,0,16,16],"texture":"#0"},"down":{"uv":[0,0,16,16],"texture":"#0"}}},{"from":[15.875,5,5],"to":[21.125,10.25,10.25],"rotation":{"angle":0,"axis":"y","origin":[9.375,0,0]},"color":6,"faces":{"north":{"uv":[0,0,16,16],"texture":"#missing"},"east":{"uv":[0,0,16,16],"texture":"#missing"},"south":{"uv":[0,0,16,16],"texture":"#missing"},"west":{"uv":[0,0,16,16],"texture":"#missing"},"up":{"uv":[0,0,16,16],"texture":"#missing"},"down":{"uv":[0,0,16,16],"texture":"#missing"}}},{"from":[5.375,5,10.25],"to":[10.625,10.25,15.5],"rotation":{"angle":0,"axis":"y","origin":[9.375,0,0]},"faces":{"north":{"uv":[0,0,16,16],"texture":"#0"},"east":{"uv":[0,0,16,16],"texture":"#0"},"south":{"uv":[0,0,16,16],"texture":"#0"},"west":{"uv":[0,0,16,16],"texture":"#0"},"up":{"uv":[0,0,16,16],"texture":"#0"},"down":{"uv":[0,0,16,16],"texture":"#0"}}},{"from":[5.375,5,5],"to":[10.625,10.25,10.25],"rotation":{"angle":0,"axis":"y","origin":[9.375,0,0]},"faces":{"north":{"uv":[0,0,16,16],"texture":"#0"},"east":{"uv":[0,0,16,16],"texture":"#0"},"south":{"uv":[0,0,16,16],"texture":"#0"},"west":{"uv":[0,0,16,16],"texture":"#0"},"up":{"uv":[0,0,16,16],"texture":"#0"},"down":{"uv":[0,0,16,16],"texture":"#0"}}},{"from":[5.375,5,-0.25],"to":[10.625,10.25,5],"rotation":{"angle":0,"axis":"y","origin":[9.375,0,0]},"faces":{"north":{"uv":[0,0,16,16],"texture":"#0"},"east":{"uv":[0,0,16,16],"texture":"#0"},"south":{"uv":[0,0,16,16],"texture":"#0"},"west":{"uv":[0,0,16,16],"texture":"#0"},"up":{"uv":[0,0,16,16],"texture":"#0"},"down":{"uv":[0,0,16,16],"texture":"#0"}}},{"from":[10.625,10.25,5],"to":[15.875,15.5,10.25],"rotation":{"angle":0,"axis":"y","origin":[9.375,0,0]},"color":6,"faces":{"north":{"uv":[0,0,16,16],"texture":"#missing"},"east":{"uv":[0,0,16,16],"texture":"#missing"},"south":{"uv":[0,0,16,16],"texture":"#missing"},"west":{"uv":[0,0,16,16],"texture":"#missing"},"up":{"uv":[0,0,16,16],"texture":"#missing"},"down":{"uv":[0,0,16,16],"texture":"#missing"}}},{"from":[21.125,10.25,10.25],"to":[26.375,15.5,15.5],"rotation":{"angle":0,"axis":"y","origin":[9.375,0,0]},"faces":{"north":{"uv":[0,0,16,16],"texture":"#0"},"east":{"uv":[0,0,16,16],"texture":"#0"},"south":{"uv":[0,0,16,16],"texture":"#0"},"west":{"uv":[0,0,16,16],"texture":"#0"},"up":{"uv":[0,0,16,16],"texture":"#0"},"down":{"uv":[0,0,16,16],"texture":"#0"}}},{"from":[21.125,10.25,-0.25],"to":[26.375,15.5,5],"rotation":{"angle":0,"axis":"y","origin":[9.375,0,0]},"faces":{"north":{"uv":[0,0,16,16],"texture":"#0"},"east":{"uv":[0,0,16,16],"texture":"#0"},"south":{"uv":[0,0,16,16],"texture":"#0"},"west":{"uv":[0,0,16,16],"texture":"#0"},"up":{"uv":[0,0,16,16],"texture":"#0"},"down":{"uv":[0,0,16,16],"texture":"#0"}}},{"from":[21.125,10.25,5],"to":[26.375,15.5,10.25],"rotation":{"angle":0,"axis":"y","origin":[9.375,0,0]},"faces":{"north":{"uv":[0,0,16,16],"texture":"#0"},"east":{"uv":[0,0,16,16],"texture":"#0"},"south":{"uv":[0,0,16,16],"texture":"#0"},"west":{"uv":[0,0,16,16],"texture":"#0"},"up":{"uv":[0,0,16,16],"texture":"#0"},"down":{"uv":[0,0,16,16],"texture":"#0"}}},{"from":[10.625,10.25,-5.5],"to":[15.875,15.5,-0.25],"rotation":{"angle":0,"axis":"y","origin":[9.375,0,0]},"faces":{"north":{"uv":[0,0,16,16],"texture":"#0"},"east":{"uv":[0,0,16,16],"texture":"#0"},"south":{"uv":[0,0,16,16],"texture":"#0"},"west":{"uv":[0,0,16,16],"texture":"#0"},"up":{"uv":[0,0,16,16],"texture":"#0"},"down":{"uv":[0,0,16,16],"texture":"#0"}}},{"from":[10.625,10.25,10.25],"to":[15.875,15.5,15.5],"rotation":{"angle":0,"axis":"y","origin":[9.375,0,0]},"faces":{"north":{"uv":[0,0,16,16],"texture":"#0"},"east":{"uv":[0,0,16,16],"texture":"#0"},"south":{"uv":[0,0,16,16],"texture":"#0"},"west":{"uv":[0,0,16,16],"texture":"#0"},"up":{"uv":[0,0,16,16],"texture":"#0"},"down":{"uv":[0,0,16,16],"texture":"#0"}}},{"from":[10.625,10.25,15.5],"to":[15.875,15.5,20.75],"rotation":{"angle":0,"axis":"y","origin":[9.375,0,0]},"faces":{"north":{"uv":[0,0,16,16],"texture":"#0"},"east":{"uv":[0,0,16,16],"texture":"#0"},"south":{"uv":[0,0,16,16],"texture":"#0"},"west":{"uv":[0,0,16,16],"texture":"#0"},"up":{"uv":[0,0,16,16],"texture":"#0"},"down":{"uv":[0,0,16,16],"texture":"#0"}}},{"from":[15.875,10.25,10.25],"to":[21.125,15.5,15.5],"rotation":{"angle":0,"axis":"y","origin":[9.375,0,0]},"faces":{"north":{"uv":[0,0,16,16],"texture":"#0"},"east":{"uv":[0,0,16,16],"texture":"#0"},"south":{"uv":[0,0,16,16],"texture":"#0"},"west":{"uv":[0,0,16,16],"texture":"#0"},"up":{"uv":[0,0,16,16],"texture":"#0"},"down":{"uv":[0,0,16,16],"texture":"#0"}}},{"from":[15.875,10.25,-5.5],"to":[21.125,15.5,-0.25],"rotation":{"angle":0,"axis":"y","origin":[9.375,0,0]},"faces":{"north":{"uv":[0,0,16,16],"texture":"#0"},"east":{"uv":[0,0,16,16],"texture":"#0"},"south":{"uv":[0,0,16,16],"texture":"#0"},"west":{"uv":[0,0,16,16],"texture":"#0"},"up":{"uv":[0,0,16,16],"texture":"#0"},"down":{"uv":[0,0,16,16],"texture":"#0"}}},{"from":[28.67499,3.675,8.275],"to":[29.32499,4.675,12.225],"rotation":{"angle":0,"axis":"y","origin":[72.07499,-26.475,18.475]},"faces":{"north":{"uv":[7,1,5,4],"texture":"#1"},"east":{"uv":[12,1,0,4],"texture":"#1"},"south":{"uv":[7,1,5,4],"texture":"#1"},"west":{"uv":[12,1,0,4],"texture":"#1"},"up":{"uv":[0,12,2,0],"texture":"#1"},"down":{"uv":[0,12,2,0],"texture":"#1"}}},{"from":[28.67499,1.7,8.275],"to":[29.32499,2.7,12.225],"rotation":{"angle":0,"axis":"y","origin":[72.07499,-28.45,18.475]},"faces":{"north":{"uv":[7,1,5,4],"texture":"#1"},"east":{"uv":[12,3,0,6],"texture":"#1"},"south":{"uv":[7,1,5,4],"texture":"#1"},"west":{"uv":[12,3,0,6],"texture":"#1"},"up":{"uv":[0,12,2,0],"texture":"#1"},"down":{"uv":[0,12,2,0],"texture":"#1"}}},{"from":[28.34999,-0.25,12.225],"to":[29.64999,5,13.525],"rotation":{"angle":0,"axis":"y","origin":[102.07499,-24.85,-5.1]},"faces":{"north":{"uv":[6,0,10,16],"texture":"#1"},"east":{"uv":[6,0,10,16],"texture":"#1"},"south":{"uv":[6,0,10,16],"texture":"#1"},"west":{"uv":[6,0,10,16],"texture":"#1"},"up":{"uv":[0,0,4,4],"texture":"#1"},"down":{"uv":[0,1,4,5],"rotation":90,"texture":"#1"}}},{"from":[26.37499,1.7,12.55],"to":[28.34999,2.7,13.2],"rotation":{"angle":0,"axis":"y","origin":[56.14999,-30.7,17.525]},"faces":{"north":{"uv":[11,3,5,6],"texture":"#1"},"east":{"uv":[7,3,5,6],"texture":"#1"},"south":{"uv":[11,3,5,6],"texture":"#1"},"west":{"uv":[7,3,5,6],"texture":"#1"},"up":{"uv":[0,2,6,0],"texture":"#1"},"down":{"uv":[0,2,6,0],"texture":"#1"}}},{"from":[26.37499,3.675,12.55],"to":[28.34999,4.675,13.2],"rotation":{"angle":0,"axis":"y","origin":[56.14999,-30.7,17.525]},"faces":{"north":{"uv":[11,1,5,4],"texture":"#1"},"east":{"uv":[7,1,5,4],"texture":"#1"},"south":{"uv":[11,1,5,4],"texture":"#1"},"west":{"uv":[7,1,5,4],"texture":"#1"},"up":{"uv":[0,2,6,0],"texture":"#1"},"down":{"uv":[0,2,6,0],"texture":"#1"}}},{"from":[15.875,10.25,-0.25],"to":[21.125,15.5,5],"rotation":{"angle":0,"axis":"y","origin":[9.375,0,0]},"faces":{"north":{"uv":[0,0,16,16],"texture":"#0"},"east":{"uv":[0,0,16,16],"texture":"#0"},"south":{"uv":[0,0,16,16],"texture":"#0"},"west":{"uv":[0,0,16,16],"texture":"#0"},"up":{"uv":[0,0,16,16],"texture":"#0"},"down":{"uv":[0,0,16,16],"texture":"#0"}}},{"from":[15.875,10.25,5],"to":[21.125,15.5,10.25],"rotation":{"angle":0,"axis":"y","origin":[9.375,0,0]},"faces":{"north":{"uv":[0,0,16,16],"texture":"#0"},"east":{"uv":[0,0,16,16],"texture":"#0"},"south":{"uv":[0,0,16,16],"texture":"#0"},"west":{"uv":[0,0,16,16],"texture":"#0"},"up":{"uv":[0,0,16,16],"texture":"#0"},"down":{"uv":[0,0,16,16],"texture":"#0"}}},{"from":[0.125,10.25,10.25],"to":[5.375,15.5,15.5],"rotation":{"angle":0,"axis":"y","origin":[9.375,0,0]},"faces":{"north":{"uv":[0,0,16,16],"texture":"#0"},"east":{"uv":[0,0,16,16],"texture":"#0"},"south":{"uv":[0,0,16,16],"texture":"#0"},"west":{"uv":[0,0,16,16],"texture":"#0"},"up":{"uv":[0,0,16,16],"texture":"#0"},"down":{"uv":[0,0,16,16],"texture":"#0"}}},{"from":[0.125,10.25,-0.25],"to":[5.375,15.5,5],"rotation":{"angle":0,"axis":"y","origin":[9.375,0,0]},"faces":{"north":{"uv":[0,0,16,16],"texture":"#0"},"east":{"uv":[0,0,16,16],"texture":"#0"},"south":{"uv":[0,0,16,16],"texture":"#0"},"west":{"uv":[0,0,16,16],"texture":"#0"},"up":{"uv":[0,0,16,16],"texture":"#0"},"down":{"uv":[0,0,16,16],"texture":"#0"}}},{"from":[0.125,10.25,5],"to":[5.375,15.5,10.25],"rotation":{"angle":0,"axis":"y","origin":[9.375,0,0]},"faces":{"north":{"uv":[0,0,16,16],"texture":"#0"},"east":{"uv":[0,0,16,16],"texture":"#0"},"south":{"uv":[0,0,16,16],"texture":"#0"},"west":{"uv":[0,0,16,16],"texture":"#0"},"up":{"uv":[0,0,16,16],"texture":"#0"},"down":{"uv":[0,0,16,16],"texture":"#0"}}},{"from":[0.125,15.5,5],"to":[5.375,20.75,10.25],"rotation":{"angle":0,"axis":"y","origin":[9.375,5.25,0]},"faces":{"north":{"uv":[0,0,16,16],"texture":"#0"},"east":{"uv":[0,0,16,16],"texture":"#0"},"south":{"uv":[0,0,16,16],"texture":"#0"},"west":{"uv":[0,0,16,16],"texture":"#0"},"up":{"uv":[0,0,16,16],"texture":"#0"},"down":{"uv":[0,0,16,16],"texture":"#0"}}},{"from":[0.125,20.75,5],"to":[5.375,21.75,10.25],"rotation":{"angle":0,"axis":"y","origin":[9.375,10.5,0]},"faces":{"north":{"uv":[0,14,16,16],"rotation":180,"texture":"#9"},"east":{"uv":[0,14,16,16],"rotation":180,"texture":"#9"},"south":{"uv":[0,14,16,16],"rotation":180,"texture":"#9"},"west":{"uv":[0,14,16,16],"rotation":180,"texture":"#9"},"up":{"uv":[0,0,16,16],"texture":"#9"},"down":{"uv":[0,0,16,16],"texture":"#9"}}},{"from":[5.375,10.25,5],"to":[10.625,15.5,10.25],"rotation":{"angle":0,"axis":"y","origin":[9.375,0,0]},"faces":{"north":{"uv":[0,0,16,16],"texture":"#0"},"east":{"uv":[0,0,16,16],"texture":"#0"},"south":{"uv":[0,0,16,16],"texture":"#0"},"west":{"uv":[0,0,16,16],"texture":"#0"},"up":{"uv":[0,0,16,16],"texture":"#0"},"down":{"uv":[0,0,16,16],"texture":"#0"}}},{"from":[10.625,15.5,5],"to":[15.875,20.75,10.25],"rotation":{"angle":0,"axis":"y","origin":[9.375,0,0]},"faces":{"north":{"uv":[0,0,16,16],"texture":"#0"},"east":{"uv":[0,0,16,16],"texture":"#0"},"south":{"uv":[0,0,16,16],"texture":"#0"},"west":{"uv":[0,0,16,16],"texture":"#0"},"up":{"uv":[0,0,16,16],"texture":"#0"},"down":{"uv":[0,0,16,16],"texture":"#0"}}},{"from":[12.925,15.5,10.25],"to":[13.525,20.75,13.20313],"rotation":{"angle":0,"axis":"y","origin":[9.375,0,5.25]},"faces":{"north":{"uv":[7,0,9,16],"texture":"#13"},"east":{"uv":[7,0,16,16],"texture":"#13"},"south":{"uv":[7,0,9,16],"texture":"#13"},"west":{"uv":[0,0,9,16],"texture":"#13"},"up":{"uv":[7,0,9,9],"texture":"#14"},"down":{"uv":[7,0,9,9],"texture":"#14"}}},{"from":[12.925,10.25,20.75],"to":[13.525,15.5,23.04688],"rotation":{"angle":0,"axis":"y","origin":[7.075,-5.25,15.75]},"faces":{"east":{"uv":[9,0,16,14.9],"texture":"#15"},"west":{"uv":[0,0,7,14.9],"texture":"#15"},"up":{"uv":[7,0,9,7],"texture":"#16"}}},{"from":[12.925,5,20.75],"to":[13.525,10.25,23.7031],"rotation":{"angle":0,"axis":"y","origin":[7.075,-10.5,15.75]},"faces":{"east":{"uv":[7,1.1,16,16],"texture":"#15"},"south":{"uv":[7,1.1,9,16],"texture":"#15"},"west":{"uv":[0,1.1,9,16],"texture":"#15"},"down":{"uv":[7,0,9,9],"texture":"#16"}}},{"from":[15.875,10.25,15.5],"to":[21.125,15.5,20.75],"rotation":{"angle":0,"axis":"y","origin":[14.625,0,0]},"faces":{"north":{"uv":[0,0,16,16],"texture":"#0"},"east":{"uv":[0,0,16,16],"texture":"#0"},"south":{"uv":[0,0,16,16],"texture":"#0"},"west":{"uv":[0,0,16,16],"texture":"#0"},"up":{"uv":[0,0,16,16],"texture":"#0"},"down":{"uv":[0,0,16,16],"texture":"#0"}}},{"from":[18.175,10.25,20.75],"to":[18.775,15.5,23.04688],"rotation":{"angle":0,"axis":"y","origin":[12.325,-5.25,15.75]},"faces":{"east":{"uv":[9,0,16,16],"texture":"#15"},"west":{"uv":[0,0,7,16],"texture":"#15"},"up":{"uv":[7,0,9,7],"texture":"#16"},"down":{"uv":[7,0,9,7],"texture":"#16"}}},{"from":[12.925,5,-8.39688],"to":[13.525,10.25,-5.44378],"rotation":{"angle":0,"axis":"y","origin":[7.075,-10.5,-13.39688]},"faces":{"north":{"uv":[7,1.1,9,16],"texture":"#15"},"east":{"uv":[0,1.1,9,16],"texture":"#15"},"south":{"uv":[7,1.1,9,16],"texture":"#15"},"west":{"uv":[7,1.1,16,16],"texture":"#15"},"down":{"uv":[7,0,9,9],"texture":"#16"}}},{"from":[12.925,10.25,-8.39687],"to":[15.85,15.5,-7.79687],"rotation":{"angle":0,"axis":"y","origin":[16.925,21,-31.44687]},"faces":{"north":{"uv":[1.1,0,10.1,14.9],"texture":"#15"},"south":{"uv":[5.9,0,14.9,14.9],"texture":"#15"},"west":{"uv":[7,0,9,14.9],"texture":"#15"},"up":{"uv":[7,0,9,9],"rotation":90,"texture":"#16"},"down":{"uv":[7,0,9,9],"rotation":90,"texture":"#16"}}},{"from":[15.85,10.25,-8.39687],"to":[18.775,15.5,-7.79687],"rotation":{"angle":0,"axis":"y","origin":[19.85,21,-31.44687]},"faces":{"north":{"uv":[5.9,0,14.9,16],"texture":"#15"},"east":{"uv":[7,0,9,16],"texture":"#15"},"south":{"uv":[1.1,0,10.1,16],"texture":"#15"},"up":{"uv":[7,0,9,9],"rotation":90,"texture":"#16"},"down":{"uv":[7,0,9,9],"rotation":90,"texture":"#16"}}},{"from":[18.175,10.25,-7.79687],"to":[18.775,15.5,-5.5],"rotation":{"angle":0,"axis":"y","origin":[14.675,-5.25,-12.79687]},"faces":{"east":{"uv":[0,0,7,16],"texture":"#15"},"west":{"uv":[9,0,16,16],"texture":"#15"},"up":{"uv":[7,0,9,7],"texture":"#16"},"down":{"uv":[7,0,9,7],"texture":"#16"}}},{"from":[12.925,10.25,-7.79687],"to":[13.525,15.5,-5.5],"rotation":{"angle":0,"axis":"y","origin":[7.075,-5.25,-12.79687]},"faces":{"east":{"uv":[0,0,7,14.9],"texture":"#15"},"west":{"uv":[9,0,16,14.9],"texture":"#15"},"up":{"uv":[7,0,9,7],"texture":"#16"}}},{"from":[10.625,-5.5,-10.75],"to":[15.875,-0.25,-5.5],"rotation":{"angle":0,"axis":"y","origin":[-1.125,0,-26.25]},"faces":{"north":{"uv":[0,0,16,16],"texture":"#0"},"east":{"uv":[0,0,16,16],"texture":"#0"},"south":{"uv":[0,0,16,16],"texture":"#0"},"west":{"uv":[0,0,16,16],"texture":"#0"},"up":{"uv":[0,0,16,16],"texture":"#0"},"down":{"uv":[0,0,16,16],"texture":"#0"}}},{"from":[12.925,15.5,2.04683],"to":[13.525,20.75,4.99995],"rotation":{"angle":0,"axis":"y","origin":[9.375,0,-5.25]},"faces":{"north":{"uv":[7,0,9,16],"texture":"#13"},"east":{"uv":[0,0,9,16],"texture":"#13"},"south":{"uv":[7,0,9,16],"texture":"#13"},"west":{"uv":[7,0,16,16],"texture":"#13"},"up":{"uv":[7,0,9,9],"texture":"#14"},"down":{"uv":[7,0,9,9],"texture":"#14"}}},{"from":[10.625,10.25,-0.25],"to":[15.875,15.5,5],"rotation":{"angle":0,"axis":"y","origin":[9.375,0,-10.5]},"faces":{"north":{"uv":[0,0,16,16],"texture":"#0"},"east":{"uv":[0,0,16,16],"texture":"#0"},"south":{"uv":[0,0,16,16],"texture":"#0"},"west":{"uv":[0,0,16,16],"texture":"#0"},"up":{"uv":[0,0,16,16],"texture":"#0"},"down":{"uv":[0,0,16,16],"texture":"#0"}}},{"from":[5.375,15.5,5],"to":[10.625,20.75,10.25],"rotation":{"angle":0,"axis":"y","origin":[9.375,0,0]},"faces":{"north":{"uv":[0,0,16,16],"texture":"#0"},"east":{"uv":[0,0,16,16],"texture":"#0"},"south":{"uv":[0,0,16,16],"texture":"#0"},"west":{"uv":[0,0,16,16],"texture":"#0"},"up":{"uv":[0,0,16,16],"texture":"#0"},"down":{"uv":[0,0,16,16],"texture":"#0"}}},{"from":[0.125,-5.5,-0.25],"to":[5.375,-0.25,5],"rotation":{"angle":0,"axis":"y","origin":[25.475,5.25,0]},"faces":{"north":{"uv":[0,0,16,16],"texture":"#0"},"east":{"uv":[0,0,16,16],"texture":"#0"},"south":{"uv":[0,0,16,16],"texture":"#0"},"west":{"uv":[0,0,16,16],"texture":"#0"},"up":{"uv":[0,0,16,16],"texture":"#0"},"down":{"uv":[0,0,16,16],"texture":"#0"}}},{"from":[0.125,-5.5,5],"to":[5.375,-0.25,10.25],"rotation":{"angle":0,"axis":"y","origin":[25.475,5.25,0]},"faces":{"north":{"uv":[0,0,16,16],"texture":"#0"},"east":{"uv":[0,0,16,16],"texture":"#0"},"south":{"uv":[0,0,16,16],"texture":"#0"},"west":{"uv":[0,0,16,16],"texture":"#0"},"up":{"uv":[0,0,16,16],"texture":"#0"},"down":{"uv":[0,0,16,16],"texture":"#0"}}},{"from":[0.125,-5.5,10.25],"to":[5.375,-0.25,15.5],"rotation":{"angle":0,"axis":"y","origin":[25.475,5.25,0]},"faces":{"north":{"uv":[0,0,16,16],"texture":"#0"},"east":{"uv":[0,0,16,16],"texture":"#0"},"south":{"uv":[0,0,16,16],"texture":"#0"},"west":{"uv":[0,0,16,16],"texture":"#0"},"up":{"uv":[0,0,16,16],"texture":"#0"},"down":{"uv":[0,0,16,16],"texture":"#0"}}},{"from":[-15.625,-10.75,-0.25],"to":[-10.375,-5.5,5],"rotation":{"angle":0,"axis":"y","origin":[9.725,0,0]},"faces":{"north":{"uv":[0,0,16,16],"texture":"#0"},"east":{"uv":[0,0,16,16],"texture":"#0"},"south":{"uv":[0,0,16,16],"texture":"#0"},"west":{"uv":[0,0,16,16],"texture":"#0"},"up":{"uv":[0,0,16,16],"texture":"#0"},"down":{"uv":[0,0,16,16],"texture":"#0"}}},{"from":[-15.625,-10.75,5],"to":[-10.375,-5.5,10.25],"rotation":{"angle":0,"axis":"y","origin":[9.725,0,0]},"faces":{"north":{"uv":[0,0,16,16],"texture":"#0"},"east":{"uv":[0,0,16,16],"texture":"#0"},"south":{"uv":[0,0,16,16],"texture":"#0"},"west":{"uv":[0,0,16,16],"texture":"#0"},"up":{"uv":[0,0,16,16],"texture":"#0"},"down":{"uv":[0,0,16,16],"texture":"#0"}}},{"from":[-15.625,-10.75,10.25],"to":[-10.375,-5.5,15.5],"rotation":{"angle":0,"axis":"y","origin":[9.725,0,0]},"faces":{"north":{"uv":[0,0,16,16],"texture":"#0"},"east":{"uv":[0,0,16,16],"texture":"#0"},"south":{"uv":[0,0,16,16],"texture":"#0"},"west":{"uv":[0,0,16,16],"texture":"#0"},"up":{"uv":[0,0,16,16],"texture":"#0"},"down":{"uv":[0,0,16,16],"texture":"#0"}}},{"from":[-15.625,-8.125,15.5],"to":[-10.375,-5.5,20.75],"rotation":{"angle":0,"axis":"y","origin":[9.725,2.625,0]},"faces":{"north":{"uv":[0,0,16,8],"texture":"#1"},"east":{"uv":[0,0,16,8],"texture":"#1"},"south":{"uv":[0,0,16,8],"texture":"#1"},"west":{"uv":[0,0,16,8],"texture":"#1"},"up":{"uv":[0,0,16,16],"rotation":90,"texture":"#1"},"down":{"uv":[0,0,16,16],"rotation":90,"texture":"#1"}}},{"from":[-10.375,-8.125,15.5],"to":[-5.125,-5.5,20.75],"rotation":{"angle":0,"axis":"y","origin":[14.975,2.625,0]},"faces":{"north":{"uv":[0,0,16,8],"texture":"#1"},"east":{"uv":[0,0,16,8],"texture":"#1"},"south":{"uv":[0,0,16,8],"texture":"#1"},"west":{"uv":[0,0,16,8],"texture":"#1"},"up":{"uv":[0,0,16,16],"rotation":90,"texture":"#1"},"down":{"uv":[0,0,16,16],"rotation":90,"texture":"#1"}}},{"from":[26.375,-2.875,5],"to":[31.625,-0.25,10.25],"rotation":{"angle":0,"axis":"y","origin":[51.725,7.875,-10.5]},"faces":{"north":{"uv":[0,0,16,8],"texture":"#1"},"east":{"uv":[0,0,16,8],"texture":"#1"},"south":{"uv":[0,0,16,8],"texture":"#1"},"west":{"uv":[0,0,16,8],"texture":"#1"},"up":{"uv":[0,0,16,16],"rotation":90,"texture":"#1"},"down":{"uv":[0,0,16,16],"rotation":90,"texture":"#1"}}},{"from":[15.875,-8.125,5],"to":[21.125,-5.5,10.25],"rotation":{"angle":0,"axis":"y","origin":[41.225,2.625,-10.5]},"faces":{"north":{"uv":[0,0,16,8],"texture":"#1"},"east":{"uv":[0,0,16,8],"texture":"#1"},"south":{"uv":[0,0,16,8],"texture":"#1"},"west":{"uv":[0,0,16,8],"texture":"#1"},"up":{"uv":[0,0,16,16],"rotation":90,"texture":"#1"},"down":{"uv":[0,0,16,16],"rotation":90,"texture":"#1"}}},{"from":[10.625,-0.25,15.5],"to":[15.875,2.375,20.75],"rotation":{"angle":0,"axis":"y","origin":[35.975,10.5,0]},"faces":{"north":{"uv":[0,8,16,16],"texture":"#1"},"east":{"uv":[0,8,16,16],"texture":"#1"},"south":{"uv":[0,8,16,16],"texture":"#1"},"west":{"uv":[0,8,16,16],"texture":"#1"},"up":{"uv":[0,0,16,16],"rotation":90,"texture":"#1"},"down":{"uv":[0,0,16,16],"rotation":90,"texture":"#1"}}},{"from":[10.625,-0.25,-5.5],"to":[15.875,2.375,-0.25],"rotation":{"angle":0,"axis":"y","origin":[35.975,10.5,-21]},"faces":{"north":{"uv":[0,8,16,16],"texture":"#1"},"east":{"uv":[0,8,16,16],"texture":"#1"},"south":{"uv":[0,8,16,16],"texture":"#1"},"west":{"uv":[0,8,16,16],"texture":"#1"},"up":{"uv":[0,0,16,16],"rotation":90,"texture":"#1"},"down":{"uv":[0,0,16,16],"rotation":90,"texture":"#1"}}},{"from":[-5.125,-8.125,10.25],"to":[0.125,-5.5,15.5],"rotation":{"angle":0,"axis":"y","origin":[20.225,2.625,-5.25]},"faces":{"north":{"uv":[0,0,16,8],"texture":"#1"},"east":{"uv":[0,0,16,8],"texture":"#1"},"south":{"uv":[0,0,16,8],"texture":"#1"},"west":{"uv":[0,0,16,8],"texture":"#1"},"up":{"uv":[0,0,16,16],"rotation":90,"texture":"#1"},"down":{"uv":[0,0,16,16],"rotation":90,"texture":"#1"}}},{"from":[-5.125,-8.125,-0.25],"to":[0.125,-5.5,5],"rotation":{"angle":0,"axis":"y","origin":[20.225,2.625,-15.75]},"faces":{"north":{"uv":[0,0,16,8],"texture":"#1"},"east":{"uv":[0,0,16,8],"texture":"#1"},"south":{"uv":[0,0,16,8],"texture":"#1"},"west":{"uv":[0,0,16,8],"texture":"#1"},"up":{"uv":[0,0,16,16],"rotation":90,"texture":"#1"},"down":{"uv":[0,0,16,16],"rotation":90,"texture":"#1"}}},{"from":[-5.125,-10.75,10.25],"to":[-2.5,-8.125,15.5],"rotation":{"angle":0,"axis":"y","origin":[20.225,0,-5.25]},"faces":{"north":{"uv":[0,0,8,8],"texture":"#1"},"east":{"uv":[0,0,16,8],"texture":"#1"},"south":{"uv":[0,0,8,8],"texture":"#1"},"west":{"uv":[0,0,16,8],"texture":"#1"},"up":{"uv":[0,8,16,16],"rotation":90,"texture":"#1"},"down":{"uv":[0,8,16,16],"rotation":90,"texture":"#1"}}},{"from":[-5.125,-10.75,-0.25],"to":[-2.5,-8.125,5],"rotation":{"angle":0,"axis":"y","origin":[20.225,0,-15.75]},"faces":{"north":{"uv":[0,0,8,8],"texture":"#1"},"east":{"uv":[0,0,16,8],"texture":"#1"},"south":{"uv":[0,0,8,8],"texture":"#1"},"west":{"uv":[0,0,16,8],"texture":"#1"},"up":{"uv":[0,8,16,16],"rotation":90,"texture":"#1"},"down":{"uv":[0,8,16,16],"rotation":90,"texture":"#1"}}},{"from":[15.875,-5.5,-5.5],"to":[18.5,-2.875,-0.25],"rotation":{"angle":0,"axis":"y","origin":[41.225,5.25,-21]},"faces":{"north":{"uv":[0,0,8,8],"texture":"#1"},"east":{"uv":[0,0,16,8],"texture":"#1"},"south":{"uv":[0,0,8,8],"texture":"#1"},"west":{"uv":[0,0,16,8],"texture":"#1"},"up":{"uv":[0,8,16,16],"rotation":90,"texture":"#1"},"down":{"uv":[0,8,16,16],"rotation":90,"texture":"#1"}}},{"from":[15.875,-2.875,-5.5],"to":[21.125,-0.25,-0.25],"rotation":{"angle":0,"axis":"y","origin":[41.225,7.875,-21]},"faces":{"north":{"uv":[0,0,16,8],"texture":"#1"},"east":{"uv":[0,0,16,8],"texture":"#1"},"south":{"uv":[0,0,16,8],"texture":"#1"},"west":{"uv":[0,0,16,8],"texture":"#1"},"up":{"uv":[0,0,16,16],"rotation":90,"texture":"#1"},"down":{"uv":[0,0,16,16],"rotation":90,"texture":"#1"}}},{"from":[15.875,-2.875,-0.25],"to":[21.125,-0.25,5],"rotation":{"angle":0,"axis":"y","origin":[41.225,7.875,-15.75]},"faces":{"north":{"uv":[0,0,16,8],"texture":"#1"},"east":{"uv":[0,0,16,8],"texture":"#1"},"south":{"uv":[0,0,16,8],"texture":"#1"},"west":{"uv":[0,0,16,8],"texture":"#1"},"up":{"uv":[0,0,16,16],"rotation":90,"texture":"#1"},"down":{"uv":[0,0,16,16],"rotation":90,"texture":"#1"}}},{"from":[15.875,-5.5,-0.25],"to":[18.5,-2.875,5],"rotation":{"angle":0,"axis":"y","origin":[41.225,5.25,-15.75]},"faces":{"north":{"uv":[0,0,8,8],"texture":"#1"},"east":{"uv":[0,0,16,8],"texture":"#1"},"south":{"uv":[0,0,8,8],"texture":"#1"},"west":{"uv":[0,0,16,8],"texture":"#1"},"up":{"uv":[0,8,16,16],"rotation":90,"texture":"#1"},"down":{"uv":[0,8,16,16],"rotation":90,"texture":"#1"}}},{"from":[18.5,-5.5,2.375],"to":[21.125,-2.875,5],"rotation":{"angle":0,"axis":"y","origin":[43.85,5.25,-13.125]},"faces":{"north":{"uv":[0,0,8,8],"texture":"#1"},"east":{"uv":[0,0,16,8],"texture":"#1"},"south":{"uv":[0,0,8,8],"texture":"#1"},"west":{"uv":[0,0,16,8],"texture":"#1"},"up":{"uv":[8,8,16,16],"rotation":90,"texture":"#1"},"down":{"uv":[0,8,8,16],"rotation":90,"texture":"#1"}}},{"from":[15.875,-5.5,15.5],"to":[18.5,-2.875,20.75],"rotation":{"angle":0,"axis":"y","origin":[41.225,5.25,0]},"faces":{"north":{"uv":[0,0,8,8],"texture":"#1"},"east":{"uv":[0,0,16,8],"texture":"#1"},"south":{"uv":[0,0,8,8],"texture":"#1"},"west":{"uv":[0,0,16,8],"texture":"#1"},"up":{"uv":[0,8,16,16],"rotation":90,"texture":"#1"},"down":{"uv":[0,8,16,16],"rotation":90,"texture":"#1"}}},{"from":[18.5,-5.5,10.25],"to":[21.125,-2.875,12.875],"rotation":{"angle":0,"axis":"y","origin":[43.85,5.25,-5.25]},"faces":{"north":{"uv":[0,0,8,8],"texture":"#1"},"east":{"uv":[0,0,16,8],"texture":"#1"},"south":{"uv":[0,0,8,8],"texture":"#1"},"west":{"uv":[0,0,16,8],"texture":"#1"},"up":{"uv":[8,8,16,16],"rotation":90,"texture":"#1"},"down":{"uv":[0,8,8,16],"rotation":90,"texture":"#1"}}},{"from":[15.875,-2.875,15.5],"to":[21.125,-0.25,20.75],"rotation":{"angle":0,"axis":"y","origin":[41.225,7.875,0]},"faces":{"north":{"uv":[0,0,16,8],"texture":"#1"},"east":{"uv":[0,0,16,8],"texture":"#1"},"south":{"uv":[0,0,16,8],"texture":"#1"},"west":{"uv":[0,0,16,8],"texture":"#1"},"up":{"uv":[0,0,16,16],"rotation":90,"texture":"#1"},"down":{"uv":[0,0,16,16],"rotation":90,"texture":"#1"}}},{"from":[10.625,-13.375,20.75],"to":[15.875,-10.75,26],"rotation":{"angle":0,"axis":"y","origin":[35.975,-2.625,5.25]},"faces":{"north":{"uv":[0,0,16,8],"texture":"#1"},"east":{"uv":[0,0,16,8],"texture":"#1"},"south":{"uv":[0,0,16,8],"texture":"#1"},"west":{"uv":[0,0,16,8],"texture":"#1"},"up":{"uv":[0,0,16,16],"rotation":90,"texture":"#1"},"down":{"uv":[0,0,16,16],"rotation":90,"texture":"#1"}}},{"from":[5.375,-16,20.75],"to":[10.625,-13.375,26],"rotation":{"angle":0,"axis":"y","origin":[30.725,-5.25,5.25]},"faces":{"north":{"uv":[0,8,16,16],"texture":"#1"},"east":{"uv":[0,8,16,16],"texture":"#1"},"south":{"uv":[0,8,16,16],"texture":"#1"},"west":{"uv":[0,8,16,16],"texture":"#1"},"up":{"uv":[0,0,16,16],"rotation":90,"texture":"#1"},"down":{"uv":[0,0,16,16],"rotation":90,"texture":"#1"}}},{"from":[10.625,-16,20.75],"to":[13.25,-13.375,26],"rotation":{"angle":0,"axis":"y","origin":[35.975,-5.25,5.25]},"faces":{"north":{"uv":[0,8,8,16],"texture":"#1"},"east":{"uv":[0,8,16,16],"texture":"#1"},"south":{"uv":[0,8,8,16],"texture":"#1"},"west":{"uv":[0,8,16,16],"texture":"#1"},"up":{"uv":[0,8,16,16],"rotation":90,"texture":"#1"},"down":{"uv":[0,8,16,16],"rotation":90,"texture":"#1"}}},{"from":[8,-13.375,20.75],"to":[10.625,-10.75,26],"rotation":{"angle":0,"axis":"y","origin":[33.35,-2.625,5.25]},"faces":{"north":{"uv":[0,0,8,8],"texture":"#1"},"east":{"uv":[0,0,16,8],"texture":"#1"},"south":{"uv":[0,0,8,8],"texture":"#1"},"west":{"uv":[0,0,16,8],"texture":"#1"},"up":{"uv":[0,8,16,16],"rotation":90,"texture":"#1"},"down":{"uv":[0,8,16,16],"rotation":90,"texture":"#1"}}},{"from":[5.375,-5.5,-10.75],"to":[10.625,-0.25,-5.5],"rotation":{"angle":0,"axis":"y","origin":[-1.125,0,-26.25]},"faces":{"north":{"uv":[0,0,16,16],"texture":"#0"},"east":{"uv":[0,0,16,16],"texture":"#0"},"south":{"uv":[0,0,16,16],"texture":"#0"},"west":{"uv":[0,0,16,16],"texture":"#0"},"up":{"uv":[0,0,16,16],"texture":"#0"},"down":{"uv":[0,0,16,16],"texture":"#0"}}},{"from":[17.5,-14,-0.75],"to":[19.5,-12.75,-0.25],"rotation":{"angle":0,"axis":"y","origin":[40.625,-47.55,3.25]},"faces":{"north":{"uv":[5,1,11,5],"texture":"#2"},"east":{"uv":[9,1,11,5],"texture":"#2"},"south":{"uv":[5,1,11,5],"texture":"#2"},"west":{"uv":[5,1,7,5],"texture":"#2"},"up":{"uv":[5,1,7,5],"rotation":90,"texture":"#2"},"down":{"uv":[5,1,7,7],"rotation":90,"texture":"#2"}}},{"from":[10.625,-10.75,-10.75],"to":[15.875,-5.5,-5.5],"rotation":{"angle":0,"axis":"y","origin":[-1.125,0,-26.25]},"faces":{"north":{"uv":[0,0,16,16],"texture":"#0"},"east":{"uv":[0,0,16,16],"texture":"#0"},"south":{"uv":[0,0,16,16],"texture":"#0"},"west":{"uv":[0,0,16,16],"texture":"#0"},"up":{"uv":[0,0,16,16],"texture":"#0"},"down":{"uv":[0,0,16,16],"texture":"#0"}}},{"from":[15.875,-16,-0.25],"to":[21.125,-10.75,5],"rotation":{"angle":0,"axis":"y","origin":[4.125,-5.25,-15.75]},"faces":{"north":{"uv":[0,0,16,16],"texture":"#18"},"east":{"uv":[0,0,16,16],"rotation":90,"texture":"#17"},"south":{"uv":[0,0,16,16],"texture":"#18"},"west":{"uv":[0,0,16,16],"rotation":90,"texture":"#17"},"up":{"uv":[0,0,16,16],"texture":"#17"},"down":{"uv":[0,0,16,16],"texture":"#17"}}},{"from":[17.5,-14,15.5],"to":[19.5,-12.75,16],"rotation":{"angle":0,"axis":"y","origin":[39,-45.55,19.5]},"faces":{"north":{"uv":[5,1,11,5],"texture":"#2"},"east":{"uv":[9,1,11,5],"texture":"#2"},"south":{"uv":[5,1,11,5],"texture":"#2"},"west":{"uv":[5,1,7,5],"texture":"#2"},"up":{"uv":[5,1,7,5],"rotation":90,"texture":"#2"},"down":{"uv":[5,1,7,7],"rotation":90,"texture":"#2"}}},{"from":[15.875,-16,10.25],"to":[21.125,-10.75,15.5],"rotation":{"angle":0,"axis":"y","origin":[4.125,-5.25,-5.25]},"faces":{"north":{"uv":[0,0,16,16],"texture":"#18"},"east":{"uv":[0,0,16,16],"rotation":90,"texture":"#17"},"south":{"uv":[0,0,16,16],"texture":"#18"},"west":{"uv":[0,0,16,16],"rotation":90,"texture":"#17"},"up":{"uv":[0,0,16,16],"texture":"#17"},"down":{"uv":[0,0,16,16],"texture":"#17"}}},{"from":[10.625,-13.375,-10.75],"to":[15.875,-10.75,-5.5],"rotation":{"angle":0,"axis":"y","origin":[35.975,-2.625,-26.25]},"faces":{"north":{"uv":[0,0,16,8],"texture":"#1"},"east":{"uv":[0,0,16,8],"texture":"#1"},"south":{"uv":[0,0,16,8],"texture":"#1"},"west":{"uv":[0,0,16,8],"texture":"#1"},"up":{"uv":[0,0,16,16],"rotation":90,"texture":"#1"},"down":{"uv":[0,0,16,16],"rotation":90,"texture":"#1"}}},{"from":[10.625,-16,-10.75],"to":[13.25,-13.375,-5.5],"rotation":{"angle":0,"axis":"y","origin":[35.975,-5.25,-26.25]},"faces":{"north":{"uv":[0,8,8,16],"texture":"#1"},"east":{"uv":[0,8,16,16],"texture":"#1"},"south":{"uv":[0,8,8,16],"texture":"#1"},"west":{"uv":[0,8,16,16],"texture":"#1"},"up":{"uv":[0,8,16,16],"rotation":90,"texture":"#1"},"down":{"uv":[0,8,16,16],"rotation":90,"texture":"#1"}}},{"from":[8,-13.375,-10.75],"to":[10.625,-10.75,-5.5],"rotation":{"angle":0,"axis":"y","origin":[33.35,-2.625,-26.25]},"faces":{"north":{"uv":[0,0,8,8],"texture":"#1"},"east":{"uv":[0,0,16,8],"texture":"#1"},"south":{"uv":[0,0,8,8],"texture":"#1"},"west":{"uv":[0,0,16,8],"texture":"#1"},"up":{"uv":[0,8,16,16],"rotation":90,"texture":"#1"},"down":{"uv":[0,8,16,16],"rotation":90,"texture":"#1"}}},{"from":[5.375,-16,-10.75],"to":[10.625,-13.375,-5.5],"rotation":{"angle":0,"axis":"y","origin":[30.725,-5.25,-26.25]},"faces":{"north":{"uv":[0,8,16,16],"texture":"#1"},"east":{"uv":[0,8,16,16],"texture":"#1"},"south":{"uv":[0,8,16,16],"texture":"#1"},"west":{"uv":[0,8,16,16],"texture":"#1"},"up":{"uv":[0,0,16,16],"rotation":90,"texture":"#1"},"down":{"uv":[0,0,16,16],"rotation":90,"texture":"#1"}}},{"from":[15.875,-2.875,10.25],"to":[21.125,-0.25,15.5],"rotation":{"angle":0,"axis":"y","origin":[41.225,7.875,-5.25]},"faces":{"north":{"uv":[0,0,16,8],"texture":"#1"},"east":{"uv":[0,0,16,8],"texture":"#1"},"south":{"uv":[0,0,16,8],"texture":"#1"},"west":{"uv":[0,0,16,8],"texture":"#1"},"up":{"uv":[0,0,16,16],"rotation":90,"texture":"#1"},"down":{"uv":[0,0,16,16],"rotation":90,"texture":"#1"}}},{"from":[15.875,-5.5,10.25],"to":[18.5,-2.875,15.5],"rotation":{"angle":0,"axis":"y","origin":[41.225,5.25,-5.25]},"faces":{"north":{"uv":[0,0,8,8],"texture":"#1"},"east":{"uv":[0,0,16,8],"texture":"#1"},"south":{"uv":[0,0,8,8],"texture":"#1"},"west":{"uv":[0,0,16,8],"texture":"#1"},"up":{"uv":[0,8,16,16],"rotation":90,"texture":"#1"},"down":{"uv":[0,8,16,16],"rotation":90,"texture":"#1"}}},{"from":[0.125,-5.5,-5.5],"to":[2.75,-2.875,-0.25],"rotation":{"angle":0,"axis":"y","origin":[25.475,5.25,-21]},"faces":{"north":{"uv":[0,8,8,16],"texture":"#4"},"east":{"uv":[0,8,16,16],"texture":"#4"},"south":{"uv":[0,8,8,16],"texture":"#4"},"west":{"uv":[0,8,16,16],"texture":"#4"},"up":{"uv":[0,8,16,16],"rotation":90,"texture":"#4"},"down":{"uv":[0,8,16,16],"rotation":90,"texture":"#6"}}},{"from":[8,23.375,5],"to":[10.625,26,10.25],"rotation":{"angle":0,"axis":"y","origin":[33.35,34.125,-10.5]},"faces":{"north":{"uv":[0,0,8,8],"texture":"#4"},"east":{"uv":[0,0,16,8],"texture":"#4"},"south":{"uv":[0,0,8,8],"texture":"#4"},"west":{"uv":[0,0,16,8],"texture":"#4"},"up":{"uv":[0,8,16,16],"rotation":90,"texture":"#6"},"down":{"uv":[0,8,16,16],"rotation":90,"texture":"#6"}}},{"from":[-5.125,-2.875,15.5],"to":[0.125,-0.25,18.125],"rotation":{"angle":0,"axis":"y","origin":[14.625,2.625,0]},"faces":{"north":{"uv":[0,0,16,8],"texture":"#4"},"east":{"uv":[8,0,16,8],"texture":"#4"},"south":{"uv":[0,0,16,8],"texture":"#4"},"west":{"uv":[0,0,8,8],"texture":"#5"},"up":{"uv":[0,0,16,8],"texture":"#6"},"down":{"uv":[0,0,16,16],"texture":"#5"}}},{"from":[-2.5,-2.875,18.125],"to":[0.125,-0.25,20.75],"rotation":{"angle":0,"axis":"y","origin":[17.25,2.625,2.625]},"faces":{"north":{"uv":[8,0,16,8],"texture":"#4"},"east":{"uv":[8,0,16,8],"texture":"#4"},"south":{"uv":[0,0,8,8],"texture":"#4"},"west":{"uv":[0,0,8,8],"texture":"#4"},"up":{"uv":[8,0,16,8],"texture":"#6"},"down":{"uv":[0,0,16,16],"texture":"#5"}}},{"from":[-5.125,-5.5,15.5],"to":[0.125,-2.875,20.75],"rotation":{"angle":0,"axis":"y","origin":[14.625,0,0]},"faces":{"north":{"uv":[0,8,16,16],"texture":"#4"},"east":{"uv":[0,8,16,16],"texture":"#4"},"south":{"uv":[0,8,16,16],"texture":"#4"},"west":{"uv":[0,8,16,16],"texture":"#4"},"up":{"uv":[0,0,16,16],"texture":"#6"},"down":{"uv":[0,0,16,16],"texture":"#5"}}},{"from":[5.375,20.75,5],"to":[10.625,23.375,10.25],"rotation":{"angle":0,"axis":"y","origin":[25.125,26.25,-10.5]},"faces":{"north":{"uv":[0,8,16,16],"texture":"#4"},"east":{"uv":[0,8,16,16],"texture":"#4"},"south":{"uv":[0,8,16,16],"texture":"#4"},"west":{"uv":[0,8,16,16],"texture":"#4"},"up":{"uv":[0,0,16,16],"texture":"#6"},"down":{"uv":[0,0,16,16],"texture":"#5"}}},{"from":[15.875,15.5,5],"to":[21.125,18.125,10.25],"rotation":{"angle":0,"axis":"y","origin":[35.625,21,-10.5]},"faces":{"north":{"uv":[0,8,16,16],"texture":"#4"},"east":{"uv":[0,8,16,16],"texture":"#4"},"south":{"uv":[0,8,16,16],"texture":"#4"},"west":{"uv":[0,8,16,16],"texture":"#4"},"up":{"uv":[0,0,16,16],"texture":"#6"},"down":{"uv":[0,0,16,16],"texture":"#5"}}},{"from":[18.5,18.125,5],"to":[21.125,20.75,10.25],"rotation":{"angle":0,"axis":"y","origin":[43.85,28.875,-10.5]},"faces":{"north":{"uv":[0,0,8,8],"texture":"#4"},"east":{"uv":[0,0,16,8],"texture":"#4"},"south":{"uv":[0,0,8,8],"texture":"#4"},"west":{"uv":[0,0,16,8],"texture":"#4"},"up":{"uv":[0,8,16,16],"rotation":90,"texture":"#6"},"down":{"uv":[0,8,16,16],"rotation":90,"texture":"#6"}}},{"from":[29,12.875,5],"to":[31.625,15.5,10.25],"rotation":{"angle":0,"axis":"y","origin":[54.35,23.625,-10.5]},"faces":{"north":{"uv":[0,0,8,8],"texture":"#4"},"east":{"uv":[0,0,16,8],"texture":"#4"},"south":{"uv":[0,0,8,8],"texture":"#4"},"west":{"uv":[0,0,16,8],"texture":"#4"},"up":{"uv":[0,8,16,16],"rotation":90,"texture":"#6"},"down":{"uv":[0,8,16,16],"rotation":90,"texture":"#6"}}},{"from":[26.375,10.25,5],"to":[31.625,12.875,10.25],"rotation":{"angle":0,"axis":"y","origin":[46.125,15.75,-10.5]},"faces":{"north":{"uv":[0,8,16,16],"texture":"#4"},"east":{"uv":[0,8,16,16],"texture":"#4"},"south":{"uv":[0,8,16,16],"texture":"#4"},"west":{"uv":[0,8,16,16],"texture":"#4"},"up":{"uv":[0,0,16,16],"texture":"#6"},"down":{"uv":[0,0,16,16],"texture":"#5"}}},{"from":[0.125,-5.5,15.5],"to":[2.75,-2.875,20.75],"rotation":{"angle":0,"axis":"y","origin":[25.475,5.25,0]},"faces":{"north":{"uv":[0,8,8,16],"texture":"#4"},"east":{"uv":[0,8,16,16],"texture":"#4"},"south":{"uv":[0,8,8,16],"texture":"#4"},"west":{"uv":[0,8,16,16],"texture":"#4"},"up":{"uv":[0,8,16,16],"rotation":90,"texture":"#4"},"down":{"uv":[0,8,16,16],"rotation":90,"texture":"#6"}}},{"from":[0.125,-2.875,15.5],"to":[5.375,-0.25,20.75],"rotation":{"angle":0,"axis":"y","origin":[19.875,2.625,0]},"faces":{"north":{"uv":[0,0,16,8],"texture":"#5"},"east":{"uv":[0,0,16,8],"texture":"#5"},"south":{"uv":[0,0,16,8],"texture":"#5"},"west":{"uv":[0,0,16,8],"texture":"#5"},"up":{"uv":[0,0,16,16],"texture":"#6"},"down":{"uv":[0,0,16,16],"texture":"#6"}}},{"from":[0.125,-0.25,15.5],"to":[5.375,2.375,20.75],"rotation":{"angle":0,"axis":"y","origin":[19.875,5.25,0]},"faces":{"north":{"uv":[0,8,16,16],"texture":"#4"},"east":{"uv":[0,8,16,16],"texture":"#4"},"south":{"uv":[0,8,16,16],"texture":"#4"},"west":{"uv":[0,8,16,16],"texture":"#4"},"up":{"uv":[0,0,16,16],"texture":"#6"},"down":{"uv":[0,0,16,16],"texture":"#5"}}},{"from":[0.125,2.375,15.5],"to":[5.375,5,18.125],"rotation":{"angle":0,"axis":"y","origin":[19.875,7.875,0]},"faces":{"north":{"uv":[0,0,16,8],"texture":"#5"},"east":{"uv":[8,0,16,8],"texture":"#5"},"south":{"uv":[0,0,16,8],"texture":"#5"},"west":{"uv":[0,0,8,8],"texture":"#5"},"up":{"uv":[0,0,16,16],"texture":"#6"},"down":{"uv":[0,0,16,16],"texture":"#5"}}},{"from":[0.125,5,15.5],"to":[5.375,7.625,18.125],"rotation":{"angle":0,"axis":"y","origin":[19.875,10.5,0]},"faces":{"north":{"uv":[0,8,16,16],"texture":"#5"},"east":{"uv":[8,8,16,16],"texture":"#5"},"south":{"uv":[0,8,16,16],"texture":"#5"},"west":{"uv":[0,8,8,16],"texture":"#5"},"up":{"uv":[0,0,16,16],"texture":"#6"},"down":{"uv":[0,0,16,16],"texture":"#5"}}},{"from":[0.125,7.625,15.5],"to":[5.375,10.25,20.75],"rotation":{"angle":0,"axis":"y","origin":[19.875,13.125,0]},"faces":{"north":{"uv":[0,0,16,8],"texture":"#5"},"east":{"uv":[0,0,16,8],"texture":"#5"},"south":{"uv":[0,0,16,8],"texture":"#5"},"west":{"uv":[0,0,16,8],"texture":"#5"},"up":{"uv":[0,0,16,16],"texture":"#6"},"down":{"uv":[0,0,16,16],"texture":"#5"}}},{"from":[0.125,10.25,15.5],"to":[5.375,12.875,20.75],"rotation":{"angle":0,"axis":"y","origin":[19.875,15.75,0]},"faces":{"north":{"uv":[0,8,16,16],"texture":"#4"},"east":{"uv":[0,8,16,16],"texture":"#4"},"south":{"uv":[0,8,16,16],"texture":"#4"},"west":{"uv":[0,8,16,16],"texture":"#4"},"up":{"uv":[0,0,16,16],"texture":"#6"},"down":{"uv":[0,0,16,16],"texture":"#5"}}},{"from":[0.125,12.875,15.5],"to":[5.375,15.5,18.125],"rotation":{"angle":0,"axis":"y","origin":[19.875,18.375,0]},"faces":{"north":{"uv":[0,0,16,8],"texture":"#4"},"east":{"uv":[8,0,16,8],"texture":"#4"},"south":{"uv":[0,0,16,8],"texture":"#4"},"west":{"uv":[0,0,8,8],"texture":"#4"},"up":{"uv":[0,0,16,8],"texture":"#6"},"down":{"uv":[0,0,16,8],"texture":"#5"}}},{"from":[-15.625,-8.125,-5.5],"to":[-10.375,-5.5,-0.25],"rotation":{"angle":0,"axis":"y","origin":[9.725,2.625,-21]},"faces":{"north":{"uv":[0,0,16,8],"texture":"#1"},"east":{"uv":[0,0,16,8],"texture":"#1"},"south":{"uv":[0,0,16,8],"texture":"#1"},"west":{"uv":[0,0,16,8],"texture":"#1"},"up":{"uv":[0,0,16,16],"rotation":90,"texture":"#1"},"down":{"uv":[0,0,16,16],"rotation":90,"texture":"#1"}}},{"from":[-15.625,-5.5,15.5],"to":[-10.375,-2.875,20.75],"rotation":{"angle":0,"axis":"y","origin":[9.725,5.25,0]},"faces":{"north":{"uv":[0,0,16,8],"texture":"#2"},"east":{"uv":[0,0,16,8],"texture":"#2"},"south":{"uv":[0,0,16,8],"texture":"#2"},"west":{"uv":[0,0,16,8],"texture":"#2"},"up":{"uv":[0,0,16,16],"rotation":90,"texture":"#2"},"down":{"uv":[0,0,16,16],"rotation":90,"texture":"#2"}}},{"from":[-15.625,-0.25,5],"to":[-10.375,2.375,10.25],"rotation":{"angle":0,"axis":"y","origin":[9.725,10.5,-10.5]},"faces":{"north":{"uv":[0,0,16,8],"texture":"#3"},"east":{"uv":[0,0,16,8],"texture":"#3"},"south":{"uv":[0,0,16,8],"texture":"#3"},"west":{"uv":[0,0,16,8],"texture":"#3"},"up":{"uv":[0,0,16,16],"rotation":90,"texture":"#3"},"down":{"uv":[0,0,16,16],"rotation":90,"texture":"#3"}}},{"from":[-10.375,-0.25,5],"to":[-5.125,0.75,10.25],"rotation":{"angle":0,"axis":"y","origin":[14.975,10.5,-10.5]},"faces":{"north":{"uv":[0,13,16,16],"texture":"#10"},"east":{"uv":[0,13,16,16],"texture":"#10"},"south":{"uv":[0,13,16,16],"texture":"#10"},"west":{"uv":[0,13,16,16],"texture":"#10"},"up":{"uv":[0,0,16,16],"rotation":90,"texture":"#10"},"down":{"uv":[0,0,16,16],"rotation":90,"texture":"#10"}}},{"from":[-15.625,20.75,-0.25],"to":[-10.375,21.75,5],"rotation":{"angle":0,"axis":"y","origin":[9.725,31.5,-15.75]},"faces":{"north":{"uv":[0,13,16,16],"rotation":180,"texture":"#8"},"east":{"uv":[0,13,16,16],"rotation":180,"texture":"#8"},"south":{"uv":[0,13,16,16],"rotation":180,"texture":"#8"},"west":{"uv":[0,13,16,16],"rotation":180,"texture":"#8"},"up":{"uv":[0,0,16,16],"rotation":90,"texture":"#8"},"down":{"uv":[0,0,16,16],"rotation":90,"texture":"#8"}}},{"from":[-15.625,20.75,10.25],"to":[-10.375,21.75,15.5],"rotation":{"angle":0,"axis":"y","origin":[9.725,31.5,-5.25]},"faces":{"north":{"uv":[0,13,16,16],"rotation":180,"texture":"#8"},"east":{"uv":[0,13,16,16],"rotation":180,"texture":"#8"},"south":{"uv":[0,13,16,16],"rotation":180,"texture":"#8"},"west":{"uv":[0,13,16,16],"rotation":180,"texture":"#8"},"up":{"uv":[0,0,16,16],"rotation":90,"texture":"#8"},"down":{"uv":[0,0,16,16],"rotation":90,"texture":"#8"}}},{"from":[-10.375,7.625,5],"to":[-5.125,10.25,10.25],"rotation":{"angle":0,"axis":"y","origin":[14.975,18.375,-10.5]},"faces":{"north":{"uv":[0,0,16,8],"texture":"#3"},"east":{"uv":[0,0,16,8],"texture":"#3"},"south":{"uv":[0,0,16,8],"texture":"#3"},"west":{"uv":[0,0,16,8],"texture":"#3"},"up":{"uv":[0,0,16,16],"rotation":90,"texture":"#3"},"down":{"uv":[0,0,16,16],"rotation":90,"texture":"#3"}}},{"from":[-10.375,5,5],"to":[-7.75,7.625,10.25],"rotation":{"angle":0,"axis":"y","origin":[14.975,15.75,-10.5]},"faces":{"north":{"uv":[0,0,8,8],"texture":"#3"},"east":{"uv":[0,0,16,8],"texture":"#3"},"south":{"uv":[0,0,8,8],"texture":"#3"},"west":{"uv":[0,0,16,8],"texture":"#3"},"up":{"uv":[0,0,16,16],"rotation":90,"texture":"#3"},"down":{"uv":[0,0,16,16],"rotation":90,"texture":"#3"}}},{"from":[-15.625,-5.5,-5.5],"to":[-10.375,-2.875,-0.25],"rotation":{"angle":0,"axis":"y","origin":[9.725,5.25,-21]},"faces":{"north":{"uv":[0,0,16,8],"texture":"#2"},"east":{"uv":[0,0,16,8],"texture":"#2"},"south":{"uv":[0,0,16,8],"texture":"#2"},"west":{"uv":[0,0,16,8],"texture":"#2"},"up":{"uv":[0,0,16,16],"rotation":90,"texture":"#2"},"down":{"uv":[0,0,16,16],"rotation":90,"texture":"#2"}}},{"from":[-15.625,2.375,-5.5],"to":[-10.375,5,-0.25],"rotation":{"angle":0,"axis":"y","origin":[9.725,13.125,-21]},"faces":{"north":{"uv":[0,8,16,16],"texture":"#2"},"east":{"uv":[0,8,16,16],"texture":"#2"},"south":{"uv":[0,8,16,16],"texture":"#2"},"west":{"uv":[0,8,16,16],"texture":"#2"},"up":{"uv":[0,0,16,16],"rotation":90,"texture":"#2"},"down":{"uv":[0,0,16,16],"rotation":90,"texture":"#2"}}},{"from":[-15.625,2.375,15.5],"to":[-10.375,5,20.75],"rotation":{"angle":0,"axis":"y","origin":[9.725,13.125,0]},"faces":{"north":{"uv":[0,8,16,16],"texture":"#2"},"east":{"uv":[0,8,16,16],"texture":"#2"},"south":{"uv":[0,8,16,16],"texture":"#2"},"west":{"uv":[0,8,16,16],"texture":"#2"},"up":{"uv":[0,0,16,16],"rotation":90,"texture":"#2"},"down":{"uv":[0,0,16,16],"rotation":90,"texture":"#2"}}},{"from":[-15.625,12.875,5],"to":[-10.375,15.5,10.25],"rotation":{"angle":0,"axis":"y","origin":[9.725,23.625,-10.5]},"faces":{"north":{"uv":[0,8,16,16],"texture":"#2"},"east":{"uv":[0,8,16,16],"texture":"#2"},"south":{"uv":[0,8,16,16],"texture":"#2"},"west":{"uv":[0,8,16,16],"texture":"#2"},"up":{"uv":[0,0,16,16],"rotation":90,"texture":"#2"},"down":{"uv":[0,0,16,16],"rotation":90,"texture":"#2"}}},{"from":[-5.125,5,-5.5],"to":[0.125,7.625,-0.25],"rotation":{"angle":0,"axis":"y","origin":[20.225,15.75,-21]},"faces":{"north":{"uv":[0,8,16,16],"texture":"#2"},"east":{"uv":[0,8,16,16],"texture":"#2"},"south":{"uv":[0,8,16,16],"texture":"#2"},"west":{"uv":[0,8,16,16],"texture":"#2"},"up":{"uv":[0,0,16,16],"rotation":90,"texture":"#2"},"down":{"uv":[0,0,16,16],"rotation":90,"texture":"#2"}}},{"from":[-5.125,5,15.5],"to":[0.125,7.625,20.75],"rotation":{"angle":0,"axis":"y","origin":[20.225,15.75,0]},"faces":{"north":{"uv":[0,8,16,16],"texture":"#2"},"east":{"uv":[0,8,16,16],"texture":"#2"},"south":{"uv":[0,8,16,16],"texture":"#2"},"west":{"uv":[0,8,16,16],"texture":"#2"},"up":{"uv":[0,0,16,16],"rotation":90,"texture":"#2"},"down":{"uv":[0,0,16,16],"rotation":90,"texture":"#2"}}},{"from":[-10.375,12.875,5],"to":[-5.125,15.5,10.25],"rotation":{"angle":0,"axis":"y","origin":[14.975,23.625,-10.5]},"faces":{"north":{"uv":[0,8,16,16],"texture":"#2"},"east":{"uv":[0,8,16,16],"texture":"#2"},"south":{"uv":[0,8,16,16],"texture":"#2"},"west":{"uv":[0,8,16,16],"texture":"#2"},"up":{"uv":[0,0,16,16],"rotation":90,"texture":"#2"},"down":{"uv":[0,0,16,16],"rotation":90,"texture":"#2"}}},{"from":[-10.375,10.25,-0.25],"to":[-5.125,12.875,5],"rotation":{"angle":0,"axis":"y","origin":[14.975,21,-15.75]},"faces":{"north":{"uv":[0,8,16,16],"texture":"#2"},"east":{"uv":[0,8,16,16],"texture":"#2"},"south":{"uv":[0,8,16,16],"texture":"#2"},"west":{"uv":[0,8,16,16],"texture":"#2"},"up":{"uv":[0,0,16,16],"rotation":90,"texture":"#2"},"down":{"uv":[0,0,16,16],"rotation":90,"texture":"#2"}}},{"from":[-10.375,10.25,10.25],"to":[-5.125,12.875,15.5],"rotation":{"angle":0,"axis":"y","origin":[14.975,21,-5.25]},"faces":{"north":{"uv":[0,8,16,16],"texture":"#2"},"east":{"uv":[0,8,16,16],"texture":"#2"},"south":{"uv":[0,8,16,16],"texture":"#2"},"west":{"uv":[0,8,16,16],"texture":"#2"},"up":{"uv":[0,0,16,16],"rotation":90,"texture":"#2"},"down":{"uv":[0,0,16,16],"rotation":90,"texture":"#2"}}},{"from":[0.125,15.5,-0.25],"to":[5.375,18.125,5],"rotation":{"angle":0,"axis":"y","origin":[25.475,26.25,-15.75]},"faces":{"north":{"uv":[0,8,16,16],"texture":"#2"},"east":{"uv":[0,8,16,16],"texture":"#2"},"south":{"uv":[0,8,16,16],"texture":"#2"},"west":{"uv":[0,8,16,16],"texture":"#2"},"up":{"uv":[0,0,16,16],"rotation":90,"texture":"#2"},"down":{"uv":[0,0,16,16],"rotation":90,"texture":"#2"}}},{"from":[5.375,10.25,-0.25],"to":[10.625,12.875,5],"rotation":{"angle":0,"axis":"y","origin":[30.725,21,-15.75]},"faces":{"north":{"uv":[0,8,16,16],"texture":"#2"},"east":{"uv":[0,8,16,16],"texture":"#2"},"south":{"uv":[0,8,16,16],"texture":"#2"},"west":{"uv":[0,8,16,16],"texture":"#2"},"up":{"uv":[0,0,16,16],"rotation":90,"texture":"#2"},"down":{"uv":[0,0,16,16],"rotation":90,"texture":"#2"}}},{"from":[0.125,15.5,10.25],"to":[5.375,18.125,15.5],"rotation":{"angle":0,"axis":"y","origin":[25.475,26.25,-5.25]},"faces":{"north":{"uv":[0,8,16,16],"texture":"#2"},"east":{"uv":[0,8,16,16],"texture":"#2"},"south":{"uv":[0,8,16,16],"texture":"#2"},"west":{"uv":[0,8,16,16],"texture":"#2"},"up":{"uv":[0,0,16,16],"rotation":90,"texture":"#2"},"down":{"uv":[0,0,16,16],"rotation":90,"texture":"#2"}}},{"from":[5.375,10.25,10.25],"to":[10.625,12.875,15.5],"rotation":{"angle":0,"axis":"y","origin":[30.725,21,-5.25]},"faces":{"north":{"uv":[0,8,16,16],"texture":"#2"},"east":{"uv":[0,8,16,16],"texture":"#2"},"south":{"uv":[0,8,16,16],"texture":"#2"},"west":{"uv":[0,8,16,16],"texture":"#2"},"up":{"uv":[0,0,16,16],"rotation":90,"texture":"#2"},"down":{"uv":[0,0,16,16],"rotation":90,"texture":"#2"}}},{"from":[-5.125,12.875,5],"to":[0.125,15.5,10.25],"rotation":{"angle":0,"axis":"y","origin":[20.225,23.625,-10.5]},"faces":{"north":{"uv":[0,8,16,16],"texture":"#2"},"east":{"uv":[0,8,16,16],"texture":"#2"},"south":{"uv":[0,8,16,16],"texture":"#2"},"west":{"uv":[0,8,16,16],"texture":"#2"},"up":{"uv":[0,0,16,16],"rotation":90,"texture":"#2"},"down":{"uv":[0,0,16,16],"rotation":90,"texture":"#2"}}},{"from":[-10.375,20.75,10.25],"to":[-5.125,23.375,15.5],"rotation":{"angle":0,"axis":"y","origin":[14.975,31.5,-5.25]},"faces":{"north":{"uv":[0,8,16,16],"texture":"#3"},"east":{"uv":[0,8,16,16],"texture":"#3"},"south":{"uv":[0,8,16,16],"texture":"#3"},"west":{"uv":[0,8,16,16],"texture":"#3"},"up":{"uv":[0,0,16,16],"rotation":90,"texture":"#3"},"down":{"uv":[0,0,16,16],"rotation":90,"texture":"#3"}}},{"from":[-5.125,20.75,10.25],"to":[0.125,23.375,15.5],"rotation":{"angle":0,"axis":"y","origin":[20.225,31.5,-5.25]},"faces":{"north":{"uv":[0,8,16,16],"texture":"#3"},"east":{"uv":[0,8,16,16],"texture":"#3"},"south":{"uv":[0,8,16,16],"texture":"#3"},"west":{"uv":[0,8,16,16],"texture":"#3"},"up":{"uv":[0,0,16,16],"rotation":90,"texture":"#3"},"down":{"uv":[0,0,16,16],"rotation":90,"texture":"#3"}}},{"from":[-15.625,23.375,20.75],"to":[-10.375,26,26],"rotation":{"angle":0,"axis":"y","origin":[9.725,34.125,5.25]},"faces":{"north":{"uv":[0,0,16,8],"texture":"#3"},"east":{"uv":[0,0,16,8],"texture":"#3"},"south":{"uv":[0,0,16,8],"texture":"#3"},"west":{"uv":[0,0,16,8],"texture":"#3"},"up":{"uv":[0,0,16,16],"rotation":90,"texture":"#3"},"down":{"uv":[0,0,16,16],"rotation":90,"texture":"#3"}}},{"from":[-5.125,20.75,-0.25],"to":[0.125,23.375,5],"rotation":{"angle":0,"axis":"y","origin":[20.225,31.5,-15.75]},"faces":{"north":{"uv":[0,8,16,16],"texture":"#3"},"east":{"uv":[0,8,16,16],"texture":"#3"},"south":{"uv":[0,8,16,16],"texture":"#3"},"west":{"uv":[0,8,16,16],"texture":"#3"},"up":{"uv":[0,0,16,16],"rotation":90,"texture":"#3"},"down":{"uv":[0,0,16,16],"rotation":90,"texture":"#3"}}},{"from":[15.875,-16,5],"to":[21.125,-13.375,10.25],"rotation":{"angle":0,"axis":"y","origin":[41.225,-5.25,-10.5]},"faces":{"north":{"uv":[0,8,16,16],"texture":"#3"},"east":{"uv":[0,8,16,16],"texture":"#3"},"south":{"uv":[0,8,16,16],"texture":"#3"},"west":{"uv":[0,8,16,16],"texture":"#3"},"up":{"uv":[0,0,16,16],"rotation":90,"texture":"#3"},"down":{"uv":[0,0,16,16],"rotation":90,"texture":"#3"}}},{"from":[-15.625,23.375,-10.75],"to":[-10.375,26,-5.5],"rotation":{"angle":0,"axis":"y","origin":[9.725,34.125,-26.25]},"faces":{"north":{"uv":[0,0,16,8],"texture":"#3"},"east":{"uv":[0,0,16,8],"texture":"#3"},"south":{"uv":[0,0,16,8],"texture":"#3"},"west":{"uv":[0,0,16,8],"texture":"#3"},"up":{"uv":[0,0,16,16],"rotation":90,"texture":"#3"},"down":{"uv":[0,0,16,16],"rotation":90,"texture":"#3"}}},{"from":[-10.375,20.75,-0.25],"to":[-5.125,23.375,5],"rotation":{"angle":0,"axis":"y","origin":[14.975,31.5,-15.75]},"faces":{"north":{"uv":[0,8,16,16],"texture":"#3"},"east":{"uv":[0,8,16,16],"texture":"#3"},"south":{"uv":[0,8,16,16],"texture":"#3"},"west":{"uv":[0,8,16,16],"texture":"#3"},"up":{"uv":[0,0,16,16],"rotation":90,"texture":"#3"},"down":{"uv":[0,0,16,16],"rotation":90,"texture":"#3"}}},{"from":[-10.375,-8.125,-5.5],"to":[-5.125,-5.5,-0.25],"rotation":{"angle":0,"axis":"y","origin":[14.975,2.625,-21]},"faces":{"north":{"uv":[0,0,16,8],"texture":"#1"},"east":{"uv":[0,0,16,8],"texture":"#1"},"south":{"uv":[0,0,16,8],"texture":"#1"},"west":{"uv":[0,0,16,8],"texture":"#1"},"up":{"uv":[0,0,16,16],"rotation":90,"texture":"#1"},"down":{"uv":[0,0,16,16],"rotation":90,"texture":"#1"}}},{"from":[26.375,-0.25,5],"to":[31.625,5,10.25],"rotation":{"angle":0,"axis":"y","origin":[51.725,0,0]},"faces":{"north":{"uv":[0,0,16,16],"texture":"#0"},"east":{"uv":[0,0,16,16],"texture":"#0"},"south":{"uv":[0,0,16,16],"texture":"#0"},"west":{"uv":[0,0,16,16],"texture":"#0"},"up":{"uv":[0,0,16,16],"texture":"#0"},"down":{"uv":[0,0,16,16],"texture":"#0"}}},{"from":[26.375,5,5],"to":[31.625,10.25,10.25],"rotation":{"angle":0,"axis":"y","origin":[51.725,0,0]},"faces":{"north":{"uv":[0,0,16,16],"texture":"#0"},"east":{"uv":[0,0,16,16],"texture":"#0"},"south":{"uv":[0,0,16,16],"texture":"#0"},"west":{"uv":[0,0,16,16],"texture":"#0"},"up":{"uv":[0,0,16,16],"texture":"#0"},"down":{"uv":[0,0,16,16],"texture":"#0"}}},{"from":[26.375,5,10.25],"to":[31.625,10.25,15.5],"rotation":{"angle":0,"axis":"y","origin":[51.725,0,0]},"faces":{"north":{"uv":[0,0,16,16],"texture":"#0"},"east":{"uv":[0,0,16,16],"texture":"#0"},"south":{"uv":[0,0,16,16],"texture":"#0"},"west":{"uv":[0,0,16,16],"texture":"#0"},"up":{"uv":[0,0,16,16],"texture":"#0"},"down":{"uv":[0,0,16,16],"texture":"#0"}}},{"from":[28.34999,-0.25,1.725],"to":[29.64999,5,3.025],"rotation":{"angle":0,"axis":"y","origin":[102.07499,-24.85,-15.6]},"faces":{"north":{"uv":[6,0,10,16],"texture":"#1"},"east":{"uv":[6,0,10,16],"texture":"#1"},"south":{"uv":[6,0,10,16],"texture":"#1"},"west":{"uv":[6,0,10,16],"texture":"#1"},"up":{"uv":[0,0,4,4],"texture":"#1"},"down":{"uv":[0,1,4,5],"rotation":90,"texture":"#1"}}},{"from":[26.37499,1.7,2.05],"to":[28.34999,2.7,2.7],"rotation":{"angle":0,"axis":"y","origin":[56.14999,-30.7,7.025]},"faces":{"north":{"uv":[11,3,5,6],"texture":"#1"},"east":{"uv":[7,3,5,6],"texture":"#1"},"south":{"uv":[11,3,5,6],"texture":"#1"},"west":{"uv":[7,3,5,6],"texture":"#1"},"up":{"uv":[0,2,6,0],"texture":"#1"},"down":{"uv":[0,2,6,0],"texture":"#1"}}},{"from":[26.37499,3.675,2.05],"to":[28.34999,4.675,2.7],"rotation":{"angle":0,"axis":"y","origin":[56.14999,-30.7,7.025]},"faces":{"north":{"uv":[11,1,5,4],"texture":"#1"},"east":{"uv":[7,1,5,4],"texture":"#1"},"south":{"uv":[11,1,5,4],"texture":"#1"},"west":{"uv":[7,1,5,4],"texture":"#1"},"up":{"uv":[0,2,6,0],"texture":"#1"},"down":{"uv":[0,2,6,0],"texture":"#1"}}},{"from":[28.67499,3.675,3.025],"to":[29.32499,4.675,6.975],"rotation":{"angle":0,"axis":"y","origin":[72.07499,-26.475,7.975]},"faces":{"north":{"uv":[7,1,5,4],"texture":"#1"},"east":{"uv":[12,1,0,4],"texture":"#1"},"south":{"uv":[7,1,5,4],"texture":"#1"},"west":{"uv":[12,1,0,4],"texture":"#1"},"up":{"uv":[0,12,2,0],"texture":"#1"},"down":{"uv":[0,12,2,0],"texture":"#1"}}},{"from":[28.67499,1.7,3.025],"to":[29.32499,2.7,6.975],"rotation":{"angle":0,"axis":"y","origin":[72.07499,-28.45,7.975]},"faces":{"north":{"uv":[7,1,5,4],"texture":"#1"},"east":{"uv":[12,3,0,6],"texture":"#1"},"south":{"uv":[7,1,5,4],"texture":"#1"},"west":{"uv":[12,3,0,6],"texture":"#1"},"up":{"uv":[0,12,2,0],"texture":"#1"},"down":{"uv":[0,12,2,0],"texture":"#1"}}},{"from":[26.375,5,-0.25],"to":[31.625,10.25,5],"rotation":{"angle":0,"axis":"y","origin":[51.725,0,-10.5]},"faces":{"north":{"uv":[0,0,16,16],"texture":"#0"},"east":{"uv":[0,0,16,16],"texture":"#0"},"south":{"uv":[0,0,16,16],"texture":"#0"},"west":{"uv":[0,0,16,16],"texture":"#0"},"up":{"uv":[0,0,16,16],"texture":"#0"},"down":{"uv":[0,0,16,16],"texture":"#0"}}},{"from":[-13.65,-5.5,6.975],"to":[-12.35,-0.25,8.275],"rotation":{"angle":0,"axis":"y","origin":[62.075,-66.1,-11.325]},"faces":{"north":{"uv":[6,0,10,16],"texture":"#3"},"east":{"uv":[6,0,10,16],"texture":"#3"},"south":{"uv":[6,0,10,16],"texture":"#3"},"west":{"uv":[6,0,10,16],"texture":"#3"},"up":{"uv":[0,0,4,4],"texture":"#3"},"down":{"uv":[0,1,4,5],"rotation":90,"texture":"#3"}}},{"from":[-15.625,-3.55,7.3],"to":[-13.65,-2.55,7.95],"rotation":{"angle":0,"axis":"y","origin":[14.15,-71.95,12.275]},"faces":{"north":{"uv":[11,3,5,6],"texture":"#3"},"east":{"uv":[7,3,5,6],"texture":"#3"},"south":{"uv":[11,3,5,6],"texture":"#3"},"west":{"uv":[7,3,5,6],"texture":"#3"},"up":{"uv":[0,2,6,0],"texture":"#3"},"down":{"uv":[0,2,6,0],"texture":"#3"}}},{"from":[-15.625,-1.575,7.3],"to":[-13.65,-0.575,7.95],"rotation":{"angle":0,"axis":"y","origin":[14.15,-71.95,12.275]},"faces":{"north":{"uv":[11,1,5,4],"texture":"#3"},"east":{"uv":[7,1,5,4],"texture":"#3"},"south":{"uv":[11,1,5,4],"texture":"#3"},"west":{"uv":[7,1,5,4],"texture":"#3"},"up":{"uv":[0,2,6,0],"texture":"#3"},"down":{"uv":[0,2,6,0],"texture":"#3"}}},{"from":[-12.35,-1.575,7.3],"to":[-8.4,-0.575,7.95],"rotation":{"angle":0,"axis":"y","origin":[14.125,-68.05,11.275]},"faces":{"north":{"uv":[12,1,0,4],"texture":"#3"},"east":{"uv":[7,1,5,4],"texture":"#3"},"south":{"uv":[15,1,3,4],"texture":"#3"},"west":{"uv":[7,1,5,4],"texture":"#3"},"up":{"uv":[0,2,6,0],"texture":"#3"},"down":{"uv":[0,2,6,0],"texture":"#3"}}},{"from":[-12.35,-3.55,7.3],"to":[-8.4,-2.55,7.95],"rotation":{"angle":0,"axis":"y","origin":[14.125,-68.05,11.275]},"faces":{"north":{"uv":[15,3,3,6],"texture":"#3"},"east":{"uv":[7,3,5,6],"texture":"#3"},"south":{"uv":[15,2,3,5],"texture":"#3"},"west":{"uv":[7,3,5,6],"texture":"#3"},"up":{"uv":[0,2,6,0],"texture":"#3"},"down":{"uv":[0,2,6,0],"texture":"#3"}}},{"from":[-12.35,8.925,7.3],"to":[-8.4,9.925,7.95],"rotation":{"angle":0,"axis":"y","origin":[14.125,-57.55,11.275]},"faces":{"north":{"uv":[12,1,0,4],"texture":"#3"},"east":{"uv":[7,1,5,4],"texture":"#3"},"south":{"uv":[15,1,3,4],"texture":"#3"},"west":{"uv":[7,1,5,4],"texture":"#3"},"up":{"uv":[0,2,6,0],"texture":"#3"},"down":{"uv":[0,2,6,0],"texture":"#3"}}},{"from":[-12.35,6.95,7.3],"to":[-8.4,7.95,7.95],"rotation":{"angle":0,"axis":"y","origin":[14.125,-57.55,11.275]},"faces":{"north":{"uv":[15,3,3,6],"texture":"#3"},"east":{"uv":[7,3,5,6],"texture":"#3"},"south":{"uv":[15,2,3,5],"texture":"#3"},"west":{"uv":[7,3,5,6],"texture":"#3"},"up":{"uv":[0,2,6,0],"texture":"#3"},"down":{"uv":[0,2,6,0],"texture":"#3"}}},{"from":[-13.65,5,6.975],"to":[-12.35,10.25,8.275],"rotation":{"angle":0,"axis":"y","origin":[62.075,-55.6,-11.325]},"faces":{"north":{"uv":[6,0,10,16],"texture":"#3"},"east":{"uv":[6,0,10,16],"texture":"#3"},"south":{"uv":[6,0,10,16],"texture":"#3"},"west":{"uv":[6,0,10,16],"texture":"#3"},"up":{"uv":[0,0,4,4],"texture":"#3"},"down":{"uv":[0,1,4,5],"rotation":90,"texture":"#3"}}},{"from":[-15.625,6.95,7.3],"to":[-13.65,7.95,7.95],"rotation":{"angle":0,"axis":"y","origin":[14.15,-61.45,12.275]},"faces":{"north":{"uv":[11,3,5,6],"texture":"#3"},"east":{"uv":[7,3,5,6],"texture":"#3"},"south":{"uv":[11,3,5,6],"texture":"#3"},"west":{"uv":[7,3,5,6],"texture":"#3"},"up":{"uv":[0,2,6,0],"texture":"#3"},"down":{"uv":[0,2,6,0],"texture":"#3"}}},{"from":[-15.625,8.925,7.3],"to":[-13.65,9.925,7.95],"rotation":{"angle":0,"axis":"y","origin":[14.15,-61.45,12.275]},"faces":{"north":{"uv":[11,1,5,4],"texture":"#3"},"east":{"uv":[7,1,5,4],"texture":"#3"},"south":{"uv":[11,1,5,4],"texture":"#3"},"west":{"uv":[7,1,5,4],"texture":"#3"},"up":{"uv":[0,2,6,0],"texture":"#3"},"down":{"uv":[0,2,6,0],"texture":"#3"}}},{"from":[-8.4,-5.5,6.975],"to":[-7.1,-0.25,8.275],"rotation":{"angle":0,"axis":"y","origin":[65.34999,-66.1,-9.35]},"faces":{"north":{"uv":[6,0,10,16],"texture":"#3"},"east":{"uv":[6,0,10,16],"texture":"#3"},"south":{"uv":[6,0,10,16],"texture":"#3"},"west":{"uv":[6,0,10,16],"texture":"#3"},"up":{"uv":[0,0,4,4],"texture":"#3"},"down":{"uv":[0,1,4,5],"rotation":90,"texture":"#3"}}},{"from":[8.65,-6.825,2.05],"to":[12.6,-5.825,2.7],"rotation":{"angle":0,"axis":"y","origin":[35.125,-73.3,6.025]},"faces":{"north":{"uv":[12,1,0,4],"texture":"#3"},"east":{"uv":[7,1,5,4],"texture":"#3"},"south":{"uv":[15,1,3,4],"texture":"#3"},"west":{"uv":[7,1,5,4],"texture":"#3"},"up":{"uv":[0,2,6,0],"texture":"#3"},"down":{"uv":[0,2,6,0],"texture":"#3"}}},{"from":[8.65,-8.8,2.05],"to":[12.6,-7.8,2.7],"rotation":{"angle":0,"axis":"y","origin":[35.125,-73.3,6.025]},"faces":{"north":{"uv":[15,3,3,6],"texture":"#3"},"east":{"uv":[7,3,5,6],"texture":"#3"},"south":{"uv":[15,2,3,5],"texture":"#3"},"west":{"uv":[7,3,5,6],"texture":"#3"},"up":{"uv":[0,2,6,0],"texture":"#3"},"down":{"uv":[0,2,6,0],"texture":"#3"}}},{"from":[7.35,-10.75,1.725],"to":[8.65,-5.5,3.025],"rotation":{"angle":0,"axis":"y","origin":[83.075,-71.35,-16.575]},"faces":{"north":{"uv":[6,0,10,16],"texture":"#3"},"east":{"uv":[6,0,10,16],"texture":"#3"},"south":{"uv":[6,0,10,16],"texture":"#3"},"west":{"uv":[6,0,10,16],"texture":"#3"},"up":{"uv":[0,0,4,4],"texture":"#3"},"down":{"uv":[0,1,4,5],"rotation":90,"texture":"#3"}}},{"from":[13.89999,-6.825,2.05],"to":[17.84999,-5.825,2.7],"rotation":{"angle":0,"axis":"y","origin":[40.375,-73.3,6.025]},"faces":{"north":{"uv":[12,1,0,4],"texture":"#3"},"east":{"uv":[7,1,5,4],"texture":"#3"},"south":{"uv":[15,1,3,4],"texture":"#3"},"west":{"uv":[7,1,5,4],"texture":"#3"},"up":{"uv":[0,2,6,0],"texture":"#3"},"down":{"uv":[0,2,6,0],"texture":"#3"}}},{"from":[13.89999,-8.8,2.05],"to":[17.84999,-7.8,2.7],"rotation":{"angle":0,"axis":"y","origin":[40.375,-73.3,6.025]},"faces":{"north":{"uv":[15,3,3,6],"texture":"#3"},"east":{"uv":[7,3,5,6],"texture":"#3"},"south":{"uv":[15,2,3,5],"texture":"#3"},"west":{"uv":[7,3,5,6],"texture":"#3"},"up":{"uv":[0,2,6,0],"texture":"#3"},"down":{"uv":[0,2,6,0],"texture":"#3"}}},{"from":[17.84999,-10.75,1.725],"to":[19.14999,-5.5,3.025],"rotation":{"angle":0,"axis":"y","origin":[91.59999,-71.35,-14.6]},"faces":{"north":{"uv":[6,0,10,16],"texture":"#3"},"east":{"uv":[6,0,10,16],"texture":"#3"},"south":{"uv":[6,0,10,16],"texture":"#3"},"west":{"uv":[6,0,10,16],"texture":"#3"},"up":{"uv":[0,0,4,4],"texture":"#3"},"down":{"uv":[0,1,4,5],"rotation":90,"texture":"#3"}}},{"from":[12.6,-10.75,1.725],"to":[13.9,-5.5,3.025],"rotation":{"angle":0,"axis":"y","origin":[88.32499,-71.35,-16.575]},"faces":{"north":{"uv":[6,0,10,16],"texture":"#3"},"east":{"uv":[6,0,10,16],"texture":"#3"},"south":{"uv":[6,0,10,16],"texture":"#3"},"west":{"uv":[6,0,10,16],"texture":"#3"},"up":{"uv":[0,0,4,4],"texture":"#3"},"down":{"uv":[0,1,4,5],"rotation":90,"texture":"#3"}}},{"from":[13.89999,-12.075,2.05],"to":[17.84999,-11.075,2.7],"rotation":{"angle":0,"axis":"y","origin":[40.375,-78.55,6.025]},"faces":{"north":{"uv":[12,1,0,4],"texture":"#3"},"east":{"uv":[7,1,5,4],"texture":"#3"},"south":{"uv":[15,1,3,4],"texture":"#3"},"west":{"uv":[7,1,5,4],"texture":"#3"},"up":{"uv":[0,2,6,0],"texture":"#3"},"down":{"uv":[0,2,6,0],"texture":"#3"}}},{"from":[13.89999,-14.05,2.05],"to":[17.84999,-13.05,2.7],"rotation":{"angle":0,"axis":"y","origin":[40.375,-78.55,6.025]},"faces":{"north":{"uv":[15,3,3,6],"texture":"#3"},"east":{"uv":[7,3,5,6],"texture":"#3"},"south":{"uv":[15,2,3,5],"texture":"#3"},"west":{"uv":[7,3,5,6],"texture":"#3"},"up":{"uv":[0,2,6,0],"texture":"#3"},"down":{"uv":[0,2,6,0],"texture":"#3"}}},{"from":[12.6,-16,1.725],"to":[13.9,-10.75,3.025],"rotation":{"angle":0,"axis":"y","origin":[88.32499,-76.6,-16.575]},"faces":{"north":{"uv":[6,0,10,16],"texture":"#3"},"east":{"uv":[6,0,10,16],"texture":"#3"},"south":{"uv":[6,0,10,16],"texture":"#3"},"west":{"uv":[6,0,10,16],"texture":"#3"},"up":{"uv":[0,0,4,4],"texture":"#3"},"down":{"uv":[0,1,4,5],"rotation":90,"texture":"#3"}}},{"from":[17.84999,-10.75,12.225],"to":[19.14999,-5.5,13.525],"rotation":{"angle":0,"axis":"y","origin":[91.59999,-71.35,-4.1]},"faces":{"north":{"uv":[6,0,10,16],"texture":"#3"},"east":{"uv":[6,0,10,16],"texture":"#3"},"south":{"uv":[6,0,10,16],"texture":"#3"},"west":{"uv":[6,0,10,16],"texture":"#3"},"up":{"uv":[0,0,4,4],"texture":"#3"},"down":{"uv":[0,1,4,5],"rotation":90,"texture":"#3"}}},{"from":[13.89999,-6.825,12.55],"to":[17.84999,-5.825,13.2],"rotation":{"angle":0,"axis":"y","origin":[40.375,-73.3,16.525]},"faces":{"north":{"uv":[12,1,0,4],"texture":"#3"},"east":{"uv":[7,1,5,4],"texture":"#3"},"south":{"uv":[15,1,3,4],"texture":"#3"},"west":{"uv":[7,1,5,4],"texture":"#3"},"up":{"uv":[0,2,6,0],"texture":"#3"},"down":{"uv":[0,2,6,0],"texture":"#3"}}},{"from":[13.89999,-8.8,12.55],"to":[17.84999,-7.8,13.2],"rotation":{"angle":0,"axis":"y","origin":[40.375,-73.3,16.525]},"faces":{"north":{"uv":[15,3,3,6],"texture":"#3"},"east":{"uv":[7,3,5,6],"texture":"#3"},"south":{"uv":[15,2,3,5],"texture":"#3"},"west":{"uv":[7,3,5,6],"texture":"#3"},"up":{"uv":[0,2,6,0],"texture":"#3"},"down":{"uv":[0,2,6,0],"texture":"#3"}}},{"from":[12.6,-10.75,12.225],"to":[13.9,-5.5,13.525],"rotation":{"angle":0,"axis":"y","origin":[88.32499,-71.35,-6.075]},"faces":{"north":{"uv":[6,0,10,16],"texture":"#3"},"east":{"uv":[6,0,10,16],"texture":"#3"},"south":{"uv":[6,0,10,16],"texture":"#3"},"west":{"uv":[6,0,10,16],"texture":"#3"},"up":{"uv":[0,0,4,4],"texture":"#3"},"down":{"uv":[0,1,4,5],"rotation":90,"texture":"#3"}}},{"from":[8.65,-6.825,12.55],"to":[12.6,-5.825,13.2],"rotation":{"angle":0,"axis":"y","origin":[35.125,-73.3,16.525]},"faces":{"north":{"uv":[12,1,0,4],"texture":"#3"},"east":{"uv":[7,1,5,4],"texture":"#3"},"south":{"uv":[15,1,3,4],"texture":"#3"},"west":{"uv":[7,1,5,4],"texture":"#3"},"up":{"uv":[0,2,6,0],"texture":"#3"},"down":{"uv":[0,2,6,0],"texture":"#3"}}},{"from":[7.35,-10.75,12.225],"to":[8.65,-5.5,13.525],"rotation":{"angle":0,"axis":"y","origin":[83.075,-71.35,-6.075]},"faces":{"north":{"uv":[6,0,10,16],"texture":"#3"},"east":{"uv":[6,0,10,16],"texture":"#3"},"south":{"uv":[6,0,10,16],"texture":"#3"},"west":{"uv":[6,0,10,16],"texture":"#3"},"up":{"uv":[0,0,4,4],"texture":"#3"},"down":{"uv":[0,1,4,5],"rotation":90,"texture":"#3"}}},{"from":[8.65,-8.8,12.55],"to":[12.6,-7.8,13.2],"rotation":{"angle":0,"axis":"y","origin":[35.125,-73.3,16.525]},"faces":{"north":{"uv":[15,3,3,6],"texture":"#3"},"east":{"uv":[7,3,5,6],"texture":"#3"},"south":{"uv":[15,2,3,5],"texture":"#3"},"west":{"uv":[7,3,5,6],"texture":"#3"},"up":{"uv":[0,2,6,0],"texture":"#3"},"down":{"uv":[0,2,6,0],"texture":"#3"}}},{"from":[12.6,-16,12.225],"to":[13.9,-10.75,13.525],"rotation":{"angle":0,"axis":"y","origin":[88.32499,-76.6,-6.075]},"faces":{"north":{"uv":[6,0,10,16],"texture":"#3"},"east":{"uv":[6,0,10,16],"texture":"#3"},"south":{"uv":[6,0,10,16],"texture":"#3"},"west":{"uv":[6,0,10,16],"texture":"#3"},"up":{"uv":[0,0,4,4],"texture":"#3"},"down":{"uv":[0,1,4,5],"rotation":90,"texture":"#3"}}},{"from":[13.89999,-14.05,12.55],"to":[17.84999,-13.05,13.2],"rotation":{"angle":0,"axis":"y","origin":[40.375,-78.55,16.525]},"faces":{"north":{"uv":[15,3,3,6],"texture":"#3"},"east":{"uv":[7,3,5,6],"texture":"#3"},"south":{"uv":[15,2,3,5],"texture":"#3"},"west":{"uv":[7,3,5,6],"texture":"#3"},"up":{"uv":[0,2,6,0],"texture":"#3"},"down":{"uv":[0,2,6,0],"texture":"#3"}}},{"from":[13.89999,-12.075,12.55],"to":[17.84999,-11.075,13.2],"rotation":{"angle":0,"axis":"y","origin":[40.375,-78.55,16.525]},"faces":{"north":{"uv":[12,1,0,4],"texture":"#3"},"east":{"uv":[7,1,5,4],"texture":"#3"},"south":{"uv":[15,1,3,4],"texture":"#3"},"west":{"uv":[7,1,5,4],"texture":"#3"},"up":{"uv":[0,2,6,0],"texture":"#3"},"down":{"uv":[0,2,6,0],"texture":"#3"}}},{"from":[15.875,-16,10.25],"to":[21.125,-10.75,15.5],"rotation":{"angle":0,"axis":"y","origin":[4.125,-5.25,-5.25]},"faces":{"north":{"uv":[0,0,16,16],"texture":"#18"},"east":{"uv":[0,0,16,16],"rotation":90,"texture":"#17"},"south":{"uv":[0,0,16,16],"texture":"#18"},"west":{"uv":[0,0,16,16],"rotation":90,"texture":"#17"},"up":{"uv":[0,0,16,16],"texture":"#17"},"down":{"uv":[0,0,16,16],"texture":"#17"}}}],"display":{"thirdperson_righthand":{"scale":[3,3,3]}},"groups":[{"name":"group","origin":[9.375,0,0],"color":0,"nbt":"{}","armAnimationEnabled":false,"children":[0,1,2,3,4,5,6,7,8,9,10,11,12,13,14,15,16,17,18,19,20,21,22,23,24,25,26,27,28,29,30,31,32,33,34,35,36,37,38,39,40,41,42,43,44,45,46,47,48,49,50,51,52,53,54,55,56,57,58,59,60,61,62,63,64,65,66,67,68,69,70,71,72,73,74,75,76,77,78,79,80,81,82,83,84,85,86,87,88,89,90,91,92,93,94,95,96,97,98,99,100,101,102,103,104,105,106,107,108,109,110,111,112,113,114,115,116,117,118,119,120,121,122,123,124,125,126,127,128,129,130,131,132,133,134,135,136,137,138,139,140,141,142,143,144,145,146,147,148,149,150,151,152,153,154,155,156,157,158,159,160,161,162,163,164,165,166,167,168,169,170,171,172,173,174,175,176,177,178,179,180,181,182,183,184,185,186,187,188,189,190,191,192,193,194,195,196,197,198,199,200,201,202,203,204,205,206,207,208,209,210,211,212,213,214,215,216,217,218,219,220,221,222,223,224,225,226,227,228,229,230,231,232,233,234,235,236,237,238,239,240,241,242,243,244,245,246]}]}