{"credit":"Made with Blockbench by Valvac","textures":{"2":"block/quartz_block_side","7":"block/iron_trapdoor","8":"block/birch_planks","9":"block/prismarine_bricks","10":"block/light_blue_terracotta","22":"block/white_concrete","27":"block/purpur_block","particle":"block/prismarine_bricks"},"elements":[{"from":[5.375,1.425,-5.375],"to":[10.625,2.425,-0.125],"rotation":{"angle":0,"axis":"y","origin":[0.25,0.675,-0.25]},"faces":{"north":{"uv":[0,0,16,3],"texture":"#7"},"east":{"uv":[0,0,16,3],"texture":"#7"},"south":{"uv":[0,0,16,3],"texture":"#7"},"west":{"uv":[0,0,16,3],"texture":"#7"},"up":{"uv":[0,0,16,16],"texture":"#7"},"down":{"uv":[0,0,16,16],"rotation":180,"texture":"#7"}}},{"from":[5.375,-3.75,-0.25],"to":[10.625,1.5,5],"rotation":{"angle":0,"axis":"y","origin":[27.75,2.25,-18.75]},"faces":{"north":{"uv":[0,0,16,16],"texture":"#22"},"east":{"uv":[0,0,16,16],"texture":"#22"},"south":{"uv":[0,0,16,16],"texture":"#22"},"west":{"uv":[0,0,16,16],"texture":"#22"},"up":{"uv":[0,0,16,16],"texture":"#22"},"down":{"uv":[0,0,16,16],"texture":"#22"}}},{"from":[5.375,1.5,10.25],"to":[10.625,6.75,15.5],"rotation":{"angle":0,"axis":"y","origin":[27.75,2.25,-18.75]},"faces":{"north":{"uv":[0,0,16,16],"texture":"#22"},"east":{"uv":[0,0,16,16],"texture":"#22"},"south":{"uv":[0,0,16,16],"texture":"#22"},"west":{"uv":[0,0,16,16],"texture":"#22"},"up":{"uv":[0,0,16,16],"texture":"#22"},"down":{"uv":[0,0,16,16],"texture":"#22"}}},{"from":[5.375,-9.25,10.25],"to":[10.625,-4,15.5],"rotation":{"angle":0,"axis":"y","origin":[27.75,2.25,-18.75]},"faces":{"north":{"uv":[0,0,16,16],"texture":"#22"},"east":{"uv":[0,0,16,16],"texture":"#22"},"south":{"uv":[0,0,16,16],"texture":"#22"},"west":{"uv":[0,0,16,16],"texture":"#22"},"up":{"uv":[0,0,16,16],"texture":"#22"},"down":{"uv":[0,0,16,16],"texture":"#22"}}},{"from":[5.375,6.75,15.5],"to":[10.625,12,20.75],"rotation":{"angle":0,"axis":"y","origin":[27.75,2.25,-18.75]},"faces":{"north":{"uv":[0,0,16,16],"texture":"#2"},"east":{"uv":[0,0,16,16],"texture":"#2"},"south":{"uv":[0,0,16,16],"texture":"#2"},"west":{"uv":[0,0,16,16],"texture":"#2"},"up":{"uv":[0,0,16,16],"texture":"#2"},"down":{"uv":[0,0,16,16],"texture":"#2"}}},{"from":[5.375,-3.75,-5.5],"to":[10.625,1.5,-0.25],"rotation":{"angle":0,"axis":"y","origin":[27.75,2.25,-18.75]},"faces":{"north":{"uv":[0,0,16,16],"texture":"#22"},"east":{"uv":[0,0,16,16],"texture":"#22"},"south":{"uv":[0,0,16,16],"texture":"#22"},"west":{"uv":[0,0,16,16],"texture":"#22"},"up":{"uv":[0,0,16,16],"texture":"#22"},"down":{"uv":[0,0,16,16],"texture":"#22"}}},{"from":[5.375,-3.75,-10.75],"to":[10.625,1.5,-5.5],"rotation":{"angle":0,"axis":"y","origin":[27.75,2.25,-18.75]},"faces":{"north":{"uv":[0,0,16,16],"texture":"#22"},"east":{"uv":[0,0,16,16],"texture":"#22"},"south":{"uv":[0,0,16,16],"texture":"#22"},"west":{"uv":[0,0,16,16],"texture":"#22"},"up":{"uv":[0,0,16,16],"texture":"#22"},"down":{"uv":[0,0,16,16],"texture":"#22"}}},{"from":[12.5,-3.7,-8.93],"to":[13.75,1.55,-7.68],"rotation":{"angle":0,"axis":"y","origin":[9.375,0,0]},"faces":{"north":{"uv":[5,0,13,16],"texture":"#8"},"east":{"uv":[5,0,13,16],"texture":"#8"},"south":{"uv":[5,0,13,16],"texture":"#8"},"west":{"uv":[5,0,13,16],"texture":"#8"},"up":{"uv":[0,0,8,8],"texture":"#8"},"down":{"uv":[0,0,8,8],"texture":"#8"}}},{"from":[2,-3.7,-8.93],"to":[3.25,1.55,-7.68],"rotation":{"angle":0,"axis":"y","origin":[9.375,0,0]},"faces":{"north":{"uv":[5,0,13,16],"texture":"#8"},"east":{"uv":[5,0,13,16],"texture":"#8"},"south":{"uv":[5,0,13,16],"texture":"#8"},"west":{"uv":[5,0,13,16],"texture":"#8"},"up":{"uv":[0,0,8,8],"texture":"#8"},"down":{"uv":[0,0,8,8],"texture":"#8"}}},{"from":[2.25,0.3,-10.93],"to":[3,1.3,-8.93],"rotation":{"angle":0,"axis":"y","origin":[9.375,0,0]},"faces":{"north":{"uv":[5,1,13,4],"texture":"#8"},"east":{"uv":[5,1,13,4],"texture":"#8"},"south":{"uv":[5,1,13,4],"texture":"#8"},"west":{"uv":[5,1,13,4],"texture":"#8"},"up":{"uv":[0,0,8,4.5],"texture":"#8"},"down":{"uv":[0,0,8,8],"texture":"#8"}}},{"from":[12.75,0.3,-10.93],"to":[13.5,1.3,-8.93],"rotation":{"angle":0,"axis":"y","origin":[9.375,0,0]},"faces":{"north":{"uv":[5,1,13,4],"texture":"#8"},"east":{"uv":[5,1,13,4],"texture":"#8"},"south":{"uv":[5,1,13,4],"texture":"#8"},"west":{"uv":[5,1,13,4],"texture":"#8"},"up":{"uv":[0,0,8,4.5],"texture":"#8"},"down":{"uv":[0,0,8,8],"texture":"#8"}}},{"from":[2.25,-1.7,-10.93],"to":[3,-0.7,-8.93],"rotation":{"angle":0,"axis":"y","origin":[9.375,0,0]},"faces":{"north":{"uv":[5,1,13,4],"texture":"#8"},"east":{"uv":[5,1,13,4],"texture":"#8"},"south":{"uv":[5,1,13,4],"texture":"#8"},"west":{"uv":[5,1,13,4],"texture":"#8"},"up":{"uv":[0,0,8,4.5],"texture":"#8"},"down":{"uv":[0,0,8,8],"texture":"#8"}}},{"from":[12.75,-1.7,-10.93],"to":[13.5,-0.7,-8.93],"rotation":{"angle":0,"axis":"y","origin":[9.375,0,0]},"faces":{"north":{"uv":[5,1,13,4],"texture":"#8"},"east":{"uv":[5,1,13,4],"texture":"#8"},"south":{"uv":[5,1,13,4],"texture":"#8"},"west":{"uv":[5,1,13,4],"texture":"#8"},"up":{"uv":[0,0,8,4.5],"texture":"#8"},"down":{"uv":[0,0,8,8],"texture":"#8"}}},{"from":[2.25,0.3,-7.68],"to":[3,1.3,-5.68],"rotation":{"angle":0,"axis":"y","origin":[9.375,0,0]},"faces":{"north":{"uv":[5,1,13,4],"texture":"#8"},"east":{"uv":[5,1,13,4],"texture":"#8"},"south":{"uv":[5,1,13,4],"texture":"#8"},"west":{"uv":[5,1,13,4],"texture":"#8"},"up":{"uv":[0,0,8,4.5],"texture":"#8"},"down":{"uv":[0,0,8,8],"texture":"#8"}}},{"from":[2.25,-1.7,-7.68],"to":[3,-0.7,-5.68],"rotation":{"angle":0,"axis":"y","origin":[9.375,0,0]},"faces":{"north":{"uv":[5,1,13,4],"texture":"#8"},"east":{"uv":[5,1,13,4],"texture":"#8"},"south":{"uv":[5,1,13,4],"texture":"#8"},"west":{"uv":[5,1,13,4],"texture":"#8"},"up":{"uv":[0,0,8,4.5],"texture":"#8"},"down":{"uv":[0,0,8,8],"texture":"#8"}}},{"from":[12.75,0.3,-7.68],"to":[13.5,1.3,-5.68],"rotation":{"angle":0,"axis":"y","origin":[9.375,0,0]},"faces":{"north":{"uv":[5,1,13,4],"texture":"#8"},"east":{"uv":[5,1,13,4],"texture":"#8"},"south":{"uv":[5,1,13,4],"texture":"#8"},"west":{"uv":[5,1,13,4],"texture":"#8"},"up":{"uv":[0,0,8,4.5],"texture":"#8"},"down":{"uv":[0,0,8,8],"texture":"#8"}}},{"from":[12.75,-1.7,-7.68],"to":[13.5,-0.7,-5.68],"rotation":{"angle":0,"axis":"y","origin":[9.375,0,0]},"faces":{"north":{"uv":[5,1,13,4],"texture":"#8"},"east":{"uv":[5,1,13,4],"texture":"#8"},"south":{"uv":[5,1,13,4],"texture":"#8"},"west":{"uv":[5,1,13,4],"texture":"#8"},"up":{"uv":[0,0,8,4.5],"texture":"#8"},"down":{"uv":[0,0,8,8],"texture":"#8"}}},{"from":[2.25,0.3,-5.68],"to":[3,1.3,-3.68],"rotation":{"angle":0,"axis":"y","origin":[9.375,0,0]},"faces":{"north":{"uv":[5,1,13,4],"texture":"#8"},"east":{"uv":[5,1,13,4],"texture":"#8"},"south":{"uv":[5,1,13,4],"texture":"#8"},"west":{"uv":[5,1,13,4],"texture":"#8"},"up":{"uv":[0,0,8,4.5],"texture":"#8"},"down":{"uv":[0,0,8,8],"texture":"#8"}}},{"from":[2,-3.7,-3.68],"to":[3.25,1.55,-2.43],"rotation":{"angle":0,"axis":"y","origin":[9.375,0,0]},"faces":{"north":{"uv":[5,0,13,16],"texture":"#8"},"east":{"uv":[5,0,13,16],"texture":"#8"},"south":{"uv":[5,0,13,16],"texture":"#8"},"west":{"uv":[5,0,13,16],"texture":"#8"},"up":{"uv":[0,0,8,8],"texture":"#8"},"down":{"uv":[0,0,8,8],"texture":"#8"}}},{"from":[2.25,-1.7,-2.43],"to":[3,-0.7,-0.43],"rotation":{"angle":0,"axis":"y","origin":[9.375,0,0]},"faces":{"north":{"uv":[5,1,13,4],"texture":"#8"},"east":{"uv":[5,1,13,4],"texture":"#8"},"south":{"uv":[5,1,13,4],"texture":"#8"},"west":{"uv":[5,1,13,4],"texture":"#8"},"up":{"uv":[0,0,8,4.5],"texture":"#8"},"down":{"uv":[0,0,8,8],"texture":"#8"}}},{"from":[2.25,0.3,-2.43],"to":[3,1.3,-0.43],"rotation":{"angle":0,"axis":"y","origin":[9.375,0,0]},"faces":{"north":{"uv":[5,1,13,4],"texture":"#8"},"east":{"uv":[5,1,13,4],"texture":"#8"},"south":{"uv":[5,1,13,4],"texture":"#8"},"west":{"uv":[5,1,13,4],"texture":"#8"},"up":{"uv":[0,0,8,4.5],"texture":"#8"},"down":{"uv":[0,0,8,8],"texture":"#8"}}},{"from":[2.25,-1.7,-5.68],"to":[3,-0.7,-3.68],"rotation":{"angle":0,"axis":"y","origin":[9.375,0,0]},"faces":{"north":{"uv":[5,1,13,4],"texture":"#8"},"east":{"uv":[5,1,13,4],"texture":"#8"},"south":{"uv":[5,1,13,4],"texture":"#8"},"west":{"uv":[5,1,13,4],"texture":"#8"},"up":{"uv":[0,0,8,4.5],"texture":"#8"},"down":{"uv":[0,0,8,8],"texture":"#8"}}},{"from":[12.75,0.3,-5.68],"to":[13.5,1.3,-3.68],"rotation":{"angle":0,"axis":"y","origin":[9.375,0,0]},"faces":{"north":{"uv":[5,1,13,4],"texture":"#8"},"east":{"uv":[5,1,13,4],"texture":"#8"},"south":{"uv":[5,1,13,4],"texture":"#8"},"west":{"uv":[5,1,13,4],"texture":"#8"},"up":{"uv":[0,0,8,4.5],"texture":"#8"},"down":{"uv":[0,0,8,8],"texture":"#8"}}},{"from":[12.5,-3.7,-3.68],"to":[13.75,1.55,-2.43],"rotation":{"angle":0,"axis":"y","origin":[9.375,0,0]},"faces":{"north":{"uv":[5,0,13,16],"texture":"#8"},"east":{"uv":[5,0,13,16],"texture":"#8"},"south":{"uv":[5,0,13,16],"texture":"#8"},"west":{"uv":[5,0,13,16],"texture":"#8"},"up":{"uv":[0,0,8,8],"texture":"#8"},"down":{"uv":[0,0,8,8],"texture":"#8"}}},{"from":[12.75,-1.7,-2.43],"to":[13.5,-0.7,-0.43],"rotation":{"angle":0,"axis":"y","origin":[9.375,0,0]},"faces":{"north":{"uv":[5,1,13,4],"texture":"#8"},"east":{"uv":[5,1,13,4],"texture":"#8"},"south":{"uv":[5,1,13,4],"texture":"#8"},"west":{"uv":[5,1,13,4],"texture":"#8"},"up":{"uv":[0,0,8,4.5],"texture":"#8"},"down":{"uv":[0,0,8,8],"texture":"#8"}}},{"from":[12.75,0.3,-2.43],"to":[13.5,1.3,-0.43],"rotation":{"angle":0,"axis":"y","origin":[9.375,0,0]},"faces":{"north":{"uv":[5,1,13,4],"texture":"#8"},"east":{"uv":[5,1,13,4],"texture":"#8"},"south":{"uv":[5,1,13,4],"texture":"#8"},"west":{"uv":[5,1,13,4],"texture":"#8"},"up":{"uv":[0,0,8,4.5],"texture":"#8"},"down":{"uv":[0,0,8,8],"texture":"#8"}}},{"from":[12.75,-1.7,-5.68],"to":[13.5,-0.7,-3.68],"rotation":{"angle":0,"axis":"y","origin":[9.375,0,0]},"faces":{"north":{"uv":[5,1,13,4],"texture":"#8"},"east":{"uv":[5,1,13,4],"texture":"#8"},"south":{"uv":[5,1,13,4],"texture":"#8"},"west":{"uv":[5,1,13,4],"texture":"#8"},"up":{"uv":[0,0,8,4.5],"texture":"#8"},"down":{"uv":[0,0,8,8],"texture":"#8"}}},{"from":[2.25,0.3,-0.43],"to":[3,1.3,1.57],"rotation":{"angle":0,"axis":"y","origin":[9.375,0,0]},"faces":{"north":{"uv":[5,1,13,4],"texture":"#8"},"east":{"uv":[5,1,13,4],"texture":"#8"},"south":{"uv":[5,1,13,4],"texture":"#8"},"west":{"uv":[5,1,13,4],"texture":"#8"},"up":{"uv":[0,0,8,4.5],"texture":"#8"},"down":{"uv":[0,0,8,8],"texture":"#8"}}},{"from":[2,-3.7,1.57],"to":[3.25,1.55,2.82],"rotation":{"angle":0,"axis":"y","origin":[9.375,0,0]},"faces":{"north":{"uv":[5,0,13,16],"texture":"#8"},"east":{"uv":[5,0,13,16],"texture":"#8"},"south":{"uv":[5,0,13,16],"texture":"#8"},"west":{"uv":[5,0,13,16],"texture":"#8"},"up":{"uv":[0,0,8,8],"texture":"#8"},"down":{"uv":[0,0,8,8],"texture":"#8"}}},{"from":[2.25,-1.7,2.82],"to":[3,-0.7,4.82],"rotation":{"angle":0,"axis":"y","origin":[9.375,0,0]},"faces":{"north":{"uv":[5,1,13,4],"texture":"#8"},"east":{"uv":[5,1,13,4],"texture":"#8"},"south":{"uv":[5,1,13,4],"texture":"#8"},"west":{"uv":[5,1,13,4],"texture":"#8"},"up":{"uv":[0,0,8,4.5],"texture":"#8"},"down":{"uv":[0,0,8,8],"texture":"#8"}}},{"from":[2.25,0.3,2.82],"to":[3,1.3,4.82],"rotation":{"angle":0,"axis":"y","origin":[9.375,0,0]},"faces":{"north":{"uv":[5,1,13,4],"texture":"#8"},"east":{"uv":[5,1,13,4],"texture":"#8"},"south":{"uv":[5,1,13,4],"texture":"#8"},"west":{"uv":[5,1,13,4],"texture":"#8"},"up":{"uv":[0,0,8,4.5],"texture":"#8"},"down":{"uv":[0,0,8,8],"texture":"#8"}}},{"from":[3.125,0.3,1.945],"to":[5.375,1.3,2.695],"rotation":{"angle":0,"axis":"y","origin":[2.625,-0.2,3.82]},"faces":{"north":{"uv":[5,1,13,4],"texture":"#8"},"east":{"uv":[5,1,13,4],"texture":"#8"},"south":{"uv":[5,1,13,4],"texture":"#8"},"west":{"uv":[5,1,13,4],"texture":"#8"},"up":{"uv":[0,0,8,4.5],"rotation":270,"texture":"#8"},"down":{"uv":[0,0,8,8],"rotation":90,"texture":"#8"}}},{"from":[3.125,-1.7,1.945],"to":[5.375,-0.7,2.695],"rotation":{"angle":0,"axis":"y","origin":[2.625,-0.2,3.82]},"faces":{"north":{"uv":[5,1,13,4],"texture":"#8"},"east":{"uv":[5,1,13,4],"texture":"#8"},"south":{"uv":[5,1,13,4],"texture":"#8"},"west":{"uv":[5,1,13,4],"texture":"#8"},"up":{"uv":[0,0,8,4.5],"rotation":270,"texture":"#8"},"down":{"uv":[0,0,8,8],"rotation":90,"texture":"#8"}}},{"from":[3.125,0.3,-3.555],"to":[5.375,1.3,-2.805],"rotation":{"angle":0,"axis":"y","origin":[2.625,-0.2,3.82]},"faces":{"north":{"uv":[5,1,13,4],"texture":"#8"},"east":{"uv":[5,1,13,4],"texture":"#8"},"south":{"uv":[5,1,13,4],"texture":"#8"},"west":{"uv":[5,1,13,4],"texture":"#8"},"up":{"uv":[0,0,8,4.5],"rotation":270,"texture":"#8"},"down":{"uv":[0,0,8,8],"rotation":90,"texture":"#8"}}},{"from":[3.125,-1.7,-3.555],"to":[5.375,-0.7,-2.805],"rotation":{"angle":0,"axis":"y","origin":[2.625,-0.2,3.82]},"faces":{"north":{"uv":[5,1,13,4],"texture":"#8"},"east":{"uv":[5,1,13,4],"texture":"#8"},"south":{"uv":[5,1,13,4],"texture":"#8"},"west":{"uv":[5,1,13,4],"texture":"#8"},"up":{"uv":[0,0,8,4.5],"rotation":270,"texture":"#8"},"down":{"uv":[0,0,8,8],"rotation":90,"texture":"#8"}}},{"from":[3.125,0.3,-8.805],"to":[5.375,1.3,-8.055],"rotation":{"angle":0,"axis":"y","origin":[2.625,-0.2,3.82]},"faces":{"north":{"uv":[5,1,13,4],"texture":"#8"},"east":{"uv":[5,1,13,4],"texture":"#8"},"south":{"uv":[5,1,13,4],"texture":"#8"},"west":{"uv":[5,1,13,4],"texture":"#8"},"up":{"uv":[0,0,8,4.5],"rotation":270,"texture":"#8"},"down":{"uv":[0,0,8,8],"rotation":90,"texture":"#8"}}},{"from":[3.125,-1.7,-8.805],"to":[5.375,-0.7,-8.055],"rotation":{"angle":0,"axis":"y","origin":[2.625,-0.2,3.82]},"faces":{"north":{"uv":[5,1,13,4],"texture":"#8"},"east":{"uv":[5,1,13,4],"texture":"#8"},"south":{"uv":[5,1,13,4],"texture":"#8"},"west":{"uv":[5,1,13,4],"texture":"#8"},"up":{"uv":[0,0,8,4.5],"rotation":270,"texture":"#8"},"down":{"uv":[0,0,8,8],"rotation":90,"texture":"#8"}}},{"from":[10.375,0.3,-3.555],"to":[12.625,1.3,-2.805],"rotation":{"angle":0,"axis":"y","origin":[2.625,-0.2,3.82]},"faces":{"north":{"uv":[5,1,13,4],"texture":"#8"},"east":{"uv":[5,1,13,4],"texture":"#8"},"south":{"uv":[5,1,13,4],"texture":"#8"},"west":{"uv":[5,1,13,4],"texture":"#8"},"up":{"uv":[0,0,8,4.5],"rotation":270,"texture":"#8"},"down":{"uv":[0,0,8,8],"rotation":90,"texture":"#8"}}},{"from":[10.375,0.3,1.945],"to":[12.625,1.3,2.695],"rotation":{"angle":0,"axis":"y","origin":[2.625,-0.2,3.82]},"faces":{"north":{"uv":[5,1,13,4],"texture":"#8"},"east":{"uv":[5,1,13,4],"texture":"#8"},"south":{"uv":[5,1,13,4],"texture":"#8"},"west":{"uv":[5,1,13,4],"texture":"#8"},"up":{"uv":[0,0,8,4.5],"rotation":270,"texture":"#8"},"down":{"uv":[0,0,8,8],"rotation":90,"texture":"#8"}}},{"from":[10.375,-1.7,1.945],"to":[12.625,-0.7,2.695],"rotation":{"angle":0,"axis":"y","origin":[2.625,-0.2,3.82]},"faces":{"north":{"uv":[5,1,13,4],"texture":"#8"},"east":{"uv":[5,1,13,4],"texture":"#8"},"south":{"uv":[5,1,13,4],"texture":"#8"},"west":{"uv":[5,1,13,4],"texture":"#8"},"up":{"uv":[0,0,8,4.5],"rotation":270,"texture":"#8"},"down":{"uv":[0,0,8,8],"rotation":90,"texture":"#8"}}},{"from":[10.375,-1.7,-3.555],"to":[12.625,-0.7,-2.805],"rotation":{"angle":0,"axis":"y","origin":[2.625,-0.2,3.82]},"faces":{"north":{"uv":[5,1,13,4],"texture":"#8"},"east":{"uv":[5,1,13,4],"texture":"#8"},"south":{"uv":[5,1,13,4],"texture":"#8"},"west":{"uv":[5,1,13,4],"texture":"#8"},"up":{"uv":[0,0,8,4.5],"rotation":270,"texture":"#8"},"down":{"uv":[0,0,8,8],"rotation":90,"texture":"#8"}}},{"from":[10.375,0.3,-8.805],"to":[12.625,1.3,-8.055],"rotation":{"angle":0,"axis":"y","origin":[2.625,-0.2,3.82]},"faces":{"north":{"uv":[5,1,13,4],"texture":"#8"},"east":{"uv":[5,1,13,4],"texture":"#8"},"south":{"uv":[5,1,13,4],"texture":"#8"},"west":{"uv":[5,1,13,4],"texture":"#8"},"up":{"uv":[0,0,8,4.5],"rotation":270,"texture":"#8"},"down":{"uv":[0,0,8,8],"rotation":90,"texture":"#8"}}},{"from":[10.375,-1.7,-8.805],"to":[12.625,-0.7,-8.055],"rotation":{"angle":0,"axis":"y","origin":[2.625,-0.2,3.82]},"faces":{"north":{"uv":[5,1,13,4],"texture":"#8"},"east":{"uv":[5,1,13,4],"texture":"#8"},"south":{"uv":[5,1,13,4],"texture":"#8"},"west":{"uv":[5,1,13,4],"texture":"#8"},"up":{"uv":[0,0,8,4.5],"rotation":270,"texture":"#8"},"down":{"uv":[0,0,8,8],"rotation":90,"texture":"#8"}}},{"from":[2.25,-1.7,-0.43],"to":[3,-0.7,1.57],"rotation":{"angle":0,"axis":"y","origin":[9.375,0,0]},"faces":{"north":{"uv":[5,1,13,4],"texture":"#8"},"east":{"uv":[5,1,13,4],"texture":"#8"},"south":{"uv":[5,1,13,4],"texture":"#8"},"west":{"uv":[5,1,13,4],"texture":"#8"},"up":{"uv":[0,0,8,4.5],"texture":"#8"},"down":{"uv":[0,0,8,8],"texture":"#8"}}},{"from":[12.75,0.3,-0.43],"to":[13.5,1.3,1.57],"rotation":{"angle":0,"axis":"y","origin":[9.375,0,0]},"faces":{"north":{"uv":[5,1,13,4],"texture":"#8"},"east":{"uv":[5,1,13,4],"texture":"#8"},"south":{"uv":[5,1,13,4],"texture":"#8"},"west":{"uv":[5,1,13,4],"texture":"#8"},"up":{"uv":[0,0,8,4.5],"texture":"#8"},"down":{"uv":[0,0,8,8],"texture":"#8"}}},{"from":[12.5,-3.7,1.57],"to":[13.75,1.55,2.82],"rotation":{"angle":0,"axis":"y","origin":[9.375,0,0]},"faces":{"north":{"uv":[5,0,13,16],"texture":"#8"},"east":{"uv":[5,0,13,16],"texture":"#8"},"south":{"uv":[5,0,13,16],"texture":"#8"},"west":{"uv":[5,0,13,16],"texture":"#8"},"up":{"uv":[0,0,8,8],"texture":"#8"},"down":{"uv":[0,0,8,8],"texture":"#8"}}},{"from":[12.75,-1.7,2.82],"to":[13.5,-0.7,4.82],"rotation":{"angle":0,"axis":"y","origin":[9.375,0,0]},"faces":{"north":{"uv":[5,1,13,4],"texture":"#8"},"east":{"uv":[5,1,13,4],"texture":"#8"},"south":{"uv":[5,1,13,4],"texture":"#8"},"west":{"uv":[5,1,13,4],"texture":"#8"},"up":{"uv":[0,0,8,4.5],"texture":"#8"},"down":{"uv":[0,0,8,8],"texture":"#8"}}},{"from":[12.75,0.3,2.82],"to":[13.5,1.3,4.82],"rotation":{"angle":0,"axis":"y","origin":[9.375,0,0]},"faces":{"north":{"uv":[5,1,13,4],"texture":"#8"},"east":{"uv":[5,1,13,4],"texture":"#8"},"south":{"uv":[5,1,13,4],"texture":"#8"},"west":{"uv":[5,1,13,4],"texture":"#8"},"up":{"uv":[0,0,8,4.5],"texture":"#8"},"down":{"uv":[0,0,8,8],"texture":"#8"}}},{"from":[12.75,-1.7,-0.43],"to":[13.5,-0.7,1.57],"rotation":{"angle":0,"axis":"y","origin":[9.375,0,0]},"faces":{"north":{"uv":[5,1,13,4],"texture":"#8"},"east":{"uv":[5,1,13,4],"texture":"#8"},"south":{"uv":[5,1,13,4],"texture":"#8"},"west":{"uv":[5,1,13,4],"texture":"#8"},"up":{"uv":[0,0,8,4.5],"texture":"#8"},"down":{"uv":[0,0,8,8],"texture":"#8"}}},{"from":[10.625,8.8,17],"to":[11.125,10.05,19],"rotation":{"angle":0,"axis":"y","origin":[9.375,0,0]},"faces":{"north":{"uv":[5,1,7,5],"texture":"#8"},"east":{"uv":[5,1,11,5],"texture":"#8"},"south":{"uv":[9,1,11,5],"texture":"#8"},"west":{"uv":[5,1,11,5],"texture":"#8"},"up":{"uv":[5,1,11,3],"rotation":90,"texture":"#8"},"down":{"uv":[5,1,11,3],"rotation":90,"texture":"#8"}}},{"from":[4.875,8.8,17],"to":[5.375,10.05,19],"rotation":{"angle":0,"axis":"y","origin":[9.375,0,0]},"faces":{"north":{"uv":[5,1,7,5],"texture":"#8"},"east":{"uv":[5,1,11,5],"texture":"#8"},"south":{"uv":[9,1,11,5],"texture":"#8"},"west":{"uv":[5,1,11,5],"texture":"#8"},"up":{"uv":[5,1,11,3],"rotation":90,"texture":"#8"},"down":{"uv":[5,1,11,3],"rotation":90,"texture":"#8"}}},{"from":[5.375,1.5,-0.25],"to":[10.625,4.25,5],"rotation":{"angle":0,"axis":"y","origin":[-2.5,-10.75,-2.25]},"faces":{"north":{"uv":[0,0,16,8],"texture":"#27"},"east":{"uv":[0,0,16,8],"texture":"#27"},"south":{"uv":[0,0,16,8],"texture":"#27"},"west":{"uv":[0,0,16,8],"texture":"#27"},"up":{"uv":[0,0,16,16],"rotation":180,"texture":"#27"},"down":{"uv":[0,0,16,16],"rotation":180,"texture":"#27"}}},{"from":[5.375,6.75,10.25],"to":[10.625,9.5,15.5],"rotation":{"angle":0,"axis":"y","origin":[-2.5,-10.75,-2.25]},"faces":{"north":{"uv":[0,0,16,8],"texture":"#27"},"east":{"uv":[0,0,16,8],"texture":"#27"},"south":{"uv":[0,0,16,8],"texture":"#27"},"west":{"uv":[0,0,16,8],"texture":"#27"},"up":{"uv":[0,0,16,16],"rotation":180,"texture":"#27"},"down":{"uv":[0,0,16,16],"rotation":180,"texture":"#27"}}},{"from":[5.375,-3.75,15.5],"to":[10.625,-1,20.75],"rotation":{"angle":0,"axis":"y","origin":[-2.5,-10.75,-2.25]},"faces":{"north":{"uv":[0,8,16,16],"texture":"#2"},"east":{"uv":[0,8,16,16],"texture":"#2"},"south":{"uv":[0,8,16,16],"texture":"#2"},"west":{"uv":[0,8,16,16],"texture":"#2"},"up":{"uv":[0,0,16,16],"rotation":180,"texture":"#2"},"down":{"uv":[0,0,16,16],"rotation":180,"texture":"#2"}}},{"from":[5.375,-1,15.5],"to":[10.625,1.5,18.25],"rotation":{"angle":0,"axis":"y","origin":[-2.5,-10.75,-2.25]},"faces":{"north":{"uv":[0,0,16,8],"texture":"#2"},"east":{"uv":[7.75,0,16,8],"texture":"#2"},"south":{"uv":[0,0,16,8],"texture":"#2"},"west":{"uv":[0,0,7.75,8],"texture":"#2"},"up":{"uv":[0,7.75,16,16],"rotation":180,"texture":"#2"},"down":{"uv":[0,0,16,16],"rotation":180,"texture":"#2"}}},{"from":[10.5,-1,10.25],"to":[13.25,1.5,15.5],"rotation":{"angle":0,"axis":"y","origin":[8,-3.0625,17.5]},"faces":{"north":{"uv":[7.75,0,16,8],"texture":"#2"},"east":{"uv":[0,0,16,8],"texture":"#2"},"south":{"uv":[0,0,7.75,8],"texture":"#2"},"west":{"uv":[0,0,16,8],"texture":"#2"},"up":{"uv":[0,7.75,16,16],"rotation":90,"texture":"#2"},"down":{"uv":[0,0,16,16],"rotation":270,"texture":"#2"}}},{"from":[10.5,-3.75,10.25],"to":[15.75,-1,15.5],"rotation":{"angle":0,"axis":"y","origin":[8,-3.0625,17.5]},"faces":{"north":{"uv":[0,8,16,16],"texture":"#2"},"east":{"uv":[0,8,16,16],"texture":"#2"},"south":{"uv":[0,8,16,16],"texture":"#2"},"west":{"uv":[0,8,16,16],"texture":"#2"},"up":{"uv":[0,0,16,16],"rotation":90,"texture":"#2"},"down":{"uv":[0,0,16,16],"rotation":270,"texture":"#2"}}},{"from":[2.75,-1,10.25],"to":[5.5,1.5,15.5],"rotation":{"angle":0,"axis":"y","origin":[12.5,-3.0625,12.875]},"faces":{"north":{"uv":[0,0,7.75,8],"texture":"#2"},"east":{"uv":[0,0,16,8],"texture":"#2"},"south":{"uv":[7.75,0,16,8],"texture":"#2"},"west":{"uv":[0,0,16,8],"texture":"#2"},"up":{"uv":[0,7.75,16,16],"rotation":270,"texture":"#2"},"down":{"uv":[0,0,16,16],"rotation":90,"texture":"#2"}}},{"from":[0.25,-3.75,10.25],"to":[5.5,-1,15.5],"rotation":{"angle":0,"axis":"y","origin":[12.5,-3.0625,12.875]},"faces":{"north":{"uv":[0,8,16,16],"texture":"#2"},"east":{"uv":[0,8,16,16],"texture":"#2"},"south":{"uv":[0,8,16,16],"texture":"#2"},"west":{"uv":[0,8,16,16],"texture":"#2"},"up":{"uv":[0,0,16,16],"rotation":270,"texture":"#2"},"down":{"uv":[0,0,16,16],"rotation":90,"texture":"#2"}}},{"from":[5.375,-6.5,15.5],"to":[10.625,-3.75,20.75],"rotation":{"angle":0,"axis":"y","origin":[-2.5,-10.75,-2.25]},"faces":{"north":{"uv":[0,0,16,8],"texture":"#2"},"east":{"uv":[0,0,16,8],"texture":"#2"},"south":{"uv":[0,0,16,8],"texture":"#2"},"west":{"uv":[0,0,16,8],"texture":"#2"},"up":{"uv":[0,0,16,16],"rotation":180,"texture":"#2"},"down":{"uv":[0,0,16,16],"rotation":180,"texture":"#2"}}},{"from":[5.375,-9.25,15.5],"to":[10.625,-6.5,18.25],"rotation":{"angle":0,"axis":"y","origin":[-2.5,-10.75,-2.25]},"faces":{"north":{"uv":[0,8,16,16],"texture":"#2"},"east":{"uv":[7.75,8,16,16],"texture":"#2"},"south":{"uv":[0,8,16,16],"texture":"#2"},"west":{"uv":[0,8,7.75,16],"texture":"#2"},"up":{"uv":[0,7.75,16,16],"rotation":180,"texture":"#2"},"down":{"uv":[0,0,16,16],"rotation":180,"texture":"#2"}}},{"from":[10.625,-11.75,-5.5],"to":[15.875,-9.25,-2.75],"rotation":{"angle":0,"axis":"y","origin":[-2.5,-10.75,-2.25]},"faces":{"north":{"uv":[0,0,16,8],"texture":"#2"},"east":{"uv":[7.75,0,16,8],"texture":"#2"},"south":{"uv":[0,0,16,8],"texture":"#2"},"west":{"uv":[0,0,7.75,8],"texture":"#2"},"up":{"uv":[0,7.75,16,16],"rotation":180,"texture":"#2"},"down":{"uv":[0,0,16,16],"rotation":180,"texture":"#2"}}},{"from":[10.625,-14.5,-5.5],"to":[15.875,-11.75,-0.25],"rotation":{"angle":0,"axis":"y","origin":[-2.5,-10.75,-2.25]},"faces":{"north":{"uv":[0,8,16,16],"texture":"#2"},"east":{"uv":[0,8,16,16],"texture":"#2"},"south":{"uv":[0,8,16,16],"texture":"#2"},"west":{"uv":[0,8,16,16],"texture":"#2"},"up":{"uv":[0,0,16,16],"rotation":180,"texture":"#2"},"down":{"uv":[0,0,16,16],"rotation":180,"texture":"#2"}}},{"from":[0.125,-11.75,-5.5],"to":[5.375,-9.25,-2.75],"rotation":{"angle":0,"axis":"y","origin":[-2.5,-10.75,-2.25]},"faces":{"north":{"uv":[0,0,16,8],"texture":"#2"},"east":{"uv":[7.75,0,16,8],"texture":"#2"},"south":{"uv":[0,0,16,8],"texture":"#2"},"west":{"uv":[0,0,7.75,8],"texture":"#2"},"up":{"uv":[0,7.75,16,16],"rotation":180,"texture":"#2"},"down":{"uv":[0,0,16,16],"rotation":180,"texture":"#2"}}},{"from":[0.125,-14.5,-5.5],"to":[5.375,-11.75,-0.25],"rotation":{"angle":0,"axis":"y","origin":[-2.5,-10.75,-2.25]},"faces":{"north":{"uv":[0,8,16,16],"texture":"#2"},"east":{"uv":[0,8,16,16],"texture":"#2"},"south":{"uv":[0,8,16,16],"texture":"#2"},"west":{"uv":[0,8,16,16],"texture":"#2"},"up":{"uv":[0,0,16,16],"rotation":180,"texture":"#2"},"down":{"uv":[0,0,16,16],"rotation":180,"texture":"#2"}}},{"from":[5.375,4,15.5],"to":[10.625,6.75,20.75],"rotation":{"angle":0,"axis":"y","origin":[-2.5,-10.75,-2.25]},"faces":{"north":{"uv":[0,0,16,8],"texture":"#2"},"east":{"uv":[0,0,16,8],"texture":"#2"},"south":{"uv":[0,0,16,8],"texture":"#2"},"west":{"uv":[0,0,16,8],"texture":"#2"},"up":{"uv":[0,0,16,16],"rotation":180,"texture":"#2"},"down":{"uv":[0,0,16,16],"rotation":180,"texture":"#2"}}},{"from":[10.625,-6.5,-0.25],"to":[15.875,-3.75,5],"rotation":{"angle":0,"axis":"y","origin":[-2.5,-10.75,-2.25]},"faces":{"north":{"uv":[0,0,16,8],"texture":"#2"},"east":{"uv":[0,0,16,8],"texture":"#2"},"south":{"uv":[0,0,16,8],"texture":"#2"},"west":{"uv":[0,0,16,8],"texture":"#2"},"up":{"uv":[0,0,16,16],"rotation":180,"texture":"#2"},"down":{"uv":[0,0,16,16],"rotation":180,"texture":"#2"}}},{"from":[5.375,-6.5,-10.75],"to":[10.625,-3.75,-5.5],"rotation":{"angle":0,"axis":"y","origin":[-2.5,-10.75,-2.25]},"faces":{"north":{"uv":[0,0,16,8],"texture":"#2"},"east":{"uv":[0,0,16,8],"texture":"#2"},"south":{"uv":[0,0,16,8],"texture":"#2"},"west":{"uv":[0,0,16,8],"texture":"#2"},"up":{"uv":[0,0,16,16],"rotation":180,"texture":"#2"},"down":{"uv":[0,0,16,16],"rotation":180,"texture":"#2"}}},{"from":[0.125,-6.5,-0.25],"to":[5.375,-3.75,5],"rotation":{"angle":0,"axis":"y","origin":[-2.5,-10.75,-2.25]},"faces":{"north":{"uv":[0,0,16,8],"texture":"#2"},"east":{"uv":[0,0,16,8],"texture":"#2"},"south":{"uv":[0,0,16,8],"texture":"#2"},"west":{"uv":[0,0,16,8],"texture":"#2"},"up":{"uv":[0,0,16,16],"rotation":180,"texture":"#2"},"down":{"uv":[0,0,16,16],"rotation":180,"texture":"#2"}}},{"from":[5.375,4,20.75],"to":[10.625,6.75,26],"rotation":{"angle":0,"axis":"y","origin":[-2.5,-10.75,-2.25]},"faces":{"north":{"uv":[0,0,16,8],"texture":"#2"},"east":{"uv":[0,0,16,8],"texture":"#2"},"south":{"uv":[0,0,16,8],"texture":"#2"},"west":{"uv":[0,0,16,8],"texture":"#2"},"up":{"uv":[0,0,16,16],"rotation":180,"texture":"#2"},"down":{"uv":[0,0,16,16],"rotation":180,"texture":"#2"}}},{"from":[5.375,6.75,20.75],"to":[10.625,9.5,26],"rotation":{"angle":0,"axis":"y","origin":[-2.5,-10.75,-2.25]},"faces":{"north":{"uv":[0,8,16,16],"texture":"#2"},"east":{"uv":[0,8,16,16],"texture":"#2"},"south":{"uv":[0,8,16,16],"texture":"#2"},"west":{"uv":[0,8,16,16],"texture":"#2"},"up":{"uv":[0,0,16,16],"rotation":180,"texture":"#2"},"down":{"uv":[0,0,16,16],"rotation":180,"texture":"#2"}}},{"from":[5.375,-9.25,-0.25],"to":[10.625,-6.5,5],"rotation":{"angle":0,"axis":"y","origin":[-2.5,-10.75,-2.25]},"faces":{"north":{"uv":[0,8,16,16],"texture":"#2"},"east":{"uv":[0,8,16,16],"texture":"#2"},"south":{"uv":[0,8,16,16],"texture":"#2"},"west":{"uv":[0,8,16,16],"texture":"#2"},"up":{"uv":[0,0,16,16],"rotation":180,"texture":"#2"},"down":{"uv":[0,0,16,16],"rotation":180,"texture":"#2"}}},{"from":[5.375,-9.25,-5.5],"to":[10.625,-6.5,-0.25],"rotation":{"angle":0,"axis":"y","origin":[-2.5,-10.75,-2.25]},"faces":{"north":{"uv":[0,8,16,16],"texture":"#2"},"east":{"uv":[0,8,16,16],"texture":"#2"},"south":{"uv":[0,8,16,16],"texture":"#2"},"west":{"uv":[0,8,16,16],"texture":"#2"},"up":{"uv":[0,0,16,16],"rotation":180,"texture":"#2"},"down":{"uv":[0,0,16,16],"rotation":180,"texture":"#2"}}},{"from":[5.375,1.5,5],"to":[10.625,4.25,10.25],"rotation":{"angle":0,"axis":"y","origin":[8,-2.8125,-3.5]},"faces":{"north":{"uv":[0,8,16,16],"texture":"#9"},"east":{"uv":[0,8,16,16],"texture":"#9"},"south":{"uv":[0,8,16,16],"texture":"#9"},"west":{"uv":[0,8,16,16],"texture":"#9"},"up":{"uv":[0,0,16,16],"texture":"#9"},"down":{"uv":[0,0,16,16],"texture":"#9"}}},{"from":[5.375,-6.5,5],"to":[10.625,-3.75,10.25],"rotation":{"angle":0,"axis":"y","origin":[8,-2.8125,-3.5]},"faces":{"north":{"uv":[0,8,16,16],"texture":"#9"},"east":{"uv":[0,8,16,16],"texture":"#9"},"south":{"uv":[0,8,16,16],"texture":"#9"},"west":{"uv":[0,8,16,16],"texture":"#9"},"up":{"uv":[0,0,16,16],"texture":"#9"},"down":{"uv":[0,0,16,16],"texture":"#9"}}},{"from":[5.375,4.25,7.5],"to":[10.625,6.75,10.25],"rotation":{"angle":0,"axis":"y","origin":[8,-2.8125,-3.5]},"faces":{"north":{"uv":[0,0,16,8],"texture":"#9"},"east":{"uv":[0,0,7.75,8],"texture":"#9"},"south":{"uv":[0,0,16,8],"texture":"#9"},"west":{"uv":[7.75,0,16,8],"texture":"#9"},"up":{"uv":[0,7.75,16,16],"texture":"#9"},"down":{"uv":[0,0,16,16],"texture":"#9"}}},{"from":[10.625,-6.5,-5.5],"to":[15.875,-3.75,-0.25],"rotation":{"angle":0,"axis":"y","origin":[27.75,2.25,-24]},"faces":{"north":{"uv":[0,0,16,8],"texture":"#2"},"east":{"uv":[0,0,16,8],"texture":"#2"},"south":{"uv":[0,0,16,8],"texture":"#2"},"west":{"uv":[0,0,16,8],"texture":"#2"},"up":{"uv":[0,0,16,16],"texture":"#2"},"down":{"uv":[0,0,16,16],"texture":"#2"}}},{"from":[10.625,-9.25,-3],"to":[15.875,-6.5,-0.25],"rotation":{"angle":0,"axis":"y","origin":[27.75,2.25,-24]},"faces":{"north":{"uv":[0,8,16,16],"texture":"#2"},"east":{"uv":[0,8,7.75,16],"texture":"#2"},"south":{"uv":[0,8,16,16],"texture":"#2"},"west":{"uv":[7.75,8,16,16],"texture":"#2"},"up":{"uv":[0,7.75,16,16],"texture":"#2"},"down":{"uv":[0,0,16,16],"texture":"#2"}}},{"from":[0.125,-6.5,-5.5],"to":[5.375,-3.75,-0.25],"rotation":{"angle":0,"axis":"y","origin":[27.75,2.25,-24]},"faces":{"north":{"uv":[0,0,16,8],"texture":"#2"},"east":{"uv":[0,0,16,8],"texture":"#2"},"south":{"uv":[0,0,16,8],"texture":"#2"},"west":{"uv":[0,0,16,8],"texture":"#2"},"up":{"uv":[0,0,16,16],"texture":"#2"},"down":{"uv":[0,0,16,16],"texture":"#2"}}},{"from":[0.125,-9.25,-3],"to":[5.375,-6.5,-0.25],"rotation":{"angle":0,"axis":"y","origin":[27.75,2.25,-24]},"faces":{"north":{"uv":[0,8,16,16],"texture":"#2"},"east":{"uv":[0,8,7.75,16],"texture":"#2"},"south":{"uv":[0,8,16,16],"texture":"#2"},"west":{"uv":[7.75,8,16,16],"texture":"#2"},"up":{"uv":[0,7.75,16,16],"texture":"#2"},"down":{"uv":[0,0,16,16],"texture":"#2"}}},{"from":[10.625,-6.5,10.25],"to":[15.875,-3.75,15.5],"rotation":{"angle":0,"axis":"y","origin":[27.75,2.25,-24]},"faces":{"north":{"uv":[0,0,16,8],"texture":"#2"},"east":{"uv":[0,0,16,8],"texture":"#2"},"south":{"uv":[0,0,16,8],"texture":"#2"},"west":{"uv":[0,0,16,8],"texture":"#2"},"up":{"uv":[0,0,16,16],"texture":"#2"},"down":{"uv":[0,0,16,16],"texture":"#2"}}},{"from":[10.625,-9.25,12.75],"to":[15.875,-6.5,15.5],"rotation":{"angle":0,"axis":"y","origin":[27.75,2.25,-24]},"faces":{"north":{"uv":[0,8,16,16],"texture":"#2"},"east":{"uv":[0,8,7.75,16],"texture":"#2"},"south":{"uv":[0,8,16,16],"texture":"#2"},"west":{"uv":[7.75,8,16,16],"texture":"#2"},"up":{"uv":[0,7.75,16,16],"texture":"#2"},"down":{"uv":[0,0,16,16],"texture":"#2"}}},{"from":[10.625,-11.75,10.25],"to":[15.875,-9.25,13],"rotation":{"angle":0,"axis":"y","origin":[-2.5,-10.75,-2.25]},"faces":{"north":{"uv":[0,0,16,8],"texture":"#2"},"east":{"uv":[7.75,0,16,8],"texture":"#2"},"south":{"uv":[0,0,16,8],"texture":"#2"},"west":{"uv":[0,0,7.75,8],"texture":"#2"},"up":{"uv":[0,7.75,16,16],"rotation":180,"texture":"#2"},"down":{"uv":[0,0,16,16],"rotation":180,"texture":"#2"}}},{"from":[10.625,-14.5,10.25],"to":[15.875,-11.75,15.5],"rotation":{"angle":0,"axis":"y","origin":[-2.5,-10.75,-2.25]},"faces":{"north":{"uv":[0,8,16,16],"texture":"#2"},"east":{"uv":[0,8,16,16],"texture":"#2"},"south":{"uv":[0,8,16,16],"texture":"#2"},"west":{"uv":[0,8,16,16],"texture":"#2"},"up":{"uv":[0,0,16,16],"rotation":180,"texture":"#2"},"down":{"uv":[0,0,16,16],"rotation":180,"texture":"#2"}}},{"from":[0.125,-6.5,10.25],"to":[5.375,-3.75,15.5],"rotation":{"angle":0,"axis":"y","origin":[27.75,2.25,-24]},"faces":{"north":{"uv":[0,0,16,8],"texture":"#2"},"east":{"uv":[0,0,16,8],"texture":"#2"},"south":{"uv":[0,0,16,8],"texture":"#2"},"west":{"uv":[0,0,16,8],"texture":"#2"},"up":{"uv":[0,0,16,16],"texture":"#2"},"down":{"uv":[0,0,16,16],"texture":"#2"}}},{"from":[0.125,-9.25,12.75],"to":[5.375,-6.5,15.5],"rotation":{"angle":0,"axis":"y","origin":[27.75,2.25,-24]},"faces":{"north":{"uv":[0,8,16,16],"texture":"#2"},"east":{"uv":[0,8,7.75,16],"texture":"#2"},"south":{"uv":[0,8,16,16],"texture":"#2"},"west":{"uv":[7.75,8,16,16],"texture":"#2"},"up":{"uv":[0,7.75,16,16],"texture":"#2"},"down":{"uv":[0,0,16,16],"texture":"#2"}}},{"from":[0.125,-11.75,10.25],"to":[5.375,-9.25,13],"rotation":{"angle":0,"axis":"y","origin":[-2.5,-10.75,-2.25]},"faces":{"north":{"uv":[0,0,16,8],"texture":"#2"},"east":{"uv":[7.75,0,16,8],"texture":"#2"},"south":{"uv":[0,0,16,8],"texture":"#2"},"west":{"uv":[0,0,7.75,8],"texture":"#2"},"up":{"uv":[0,7.75,16,16],"rotation":180,"texture":"#2"},"down":{"uv":[0,0,16,16],"rotation":180,"texture":"#2"}}},{"from":[0.125,-14.5,10.25],"to":[5.375,-11.75,15.5],"rotation":{"angle":0,"axis":"y","origin":[-2.5,-10.75,-2.25]},"faces":{"north":{"uv":[0,8,16,16],"texture":"#2"},"east":{"uv":[0,8,16,16],"texture":"#2"},"south":{"uv":[0,8,16,16],"texture":"#2"},"west":{"uv":[0,8,16,16],"texture":"#2"},"up":{"uv":[0,0,16,16],"rotation":180,"texture":"#2"},"down":{"uv":[0,0,16,16],"rotation":180,"texture":"#2"}}},{"from":[10.625,-3.75,5],"to":[15.875,1.5,10.25],"rotation":{"angle":0,"axis":"y","origin":[9.375,0,-5.25]},"faces":{"north":{"uv":[0,0,16,16],"texture":"#10"},"east":{"uv":[0,0,16,16],"texture":"#10"},"south":{"uv":[0,0,16,16],"texture":"#10"},"west":{"uv":[0,0,16,16],"texture":"#10"},"up":{"uv":[0,0,16,16],"texture":"#10"},"down":{"uv":[0,0,16,16],"texture":"#10"}}},{"from":[0.125,-3.75,5],"to":[5.375,1.5,10.25],"rotation":{"angle":0,"axis":"y","origin":[27.75,2.25,-24]},"faces":{"north":{"uv":[0,0,16,16],"texture":"#10"},"east":{"uv":[0,0,16,16],"texture":"#10"},"south":{"uv":[0,0,16,16],"texture":"#10"},"west":{"uv":[0,0,16,16],"texture":"#10"},"up":{"uv":[0,0,16,16],"texture":"#10"},"down":{"uv":[0,0,16,16],"texture":"#10"}}}],"display":{"thirdperson_righthand":{"scale":[3,3,3]}},"groups":[0,{"name":"group","origin":[9.375,0,0],"color":0,"nbt":"{}","armAnimationEnabled":false,"children":[1,2,3,4,5,6,7,8,9,10,11,12,13,14,15,16,17,18,19,20,21,22,23,24,25,26,27,28,29,30,31,32,33,34,35,36,37,38,39,40,41,42,43,44,45,46,47,48,49,50,51,52,53,54,55,56,57,58,59,60,61,62,63,64,65,66,67,68,69,70,71,72,73,74,75,76,77,78,79,80,81,82,83,84,85,86,87,88,89]}]}