{"credit":"Made with Blockbench by Valvac","textures":{"0":"block/purpur_block","1":"block/magenta_concrete","2":"block/prismarine_bricks","3":"block/acacia_planks","9":"block/blue_ice","11":"block/spruce_planks","12":"block/magenta_terracotta","13":"block/birch_trapdoor","15":"block/sea_lantern","19":"block/dark_oak_planks","20":"block/nether_bricks","21":"block/blue_terracotta","22":"block/red_terracotta","23":"block/jungle_planks","24":"block/pink_concrete","25":"block/iron_trapdoor","26":"block/light_blue_stained_glass","27":"block/light_blue_stained_glass_pane_top","28":"block/light_blue_wool","particle":"block/purpur_block"},"elements":[{"from":[-15.625,-10.75,10.25],"to":[-10.375,-5.5,15.5],"rotation":{"angle":0,"axis":"y","origin":[-1.125,0,-10.5]},"faces":{"north":{"uv":[0,0,16,16],"texture":"#3"},"east":{"uv":[0,0,16,16],"texture":"#3"},"south":{"uv":[0,0,16,16],"texture":"#3"},"west":{"uv":[0,0,16,16],"texture":"#3"},"up":{"uv":[0,0,16,16],"rotation":90,"texture":"#3"},"down":{"uv":[0,0,16,16],"texture":"#3"}}},{"from":[-15.625,-10.75,5],"to":[-10.375,-5.5,10.25],"rotation":{"angle":0,"axis":"y","origin":[-1.125,0,-15.75]},"faces":{"north":{"uv":[0,0,16,16],"texture":"#3"},"east":{"uv":[0,0,16,16],"texture":"#3"},"south":{"uv":[0,0,16,16],"texture":"#3"},"west":{"uv":[0,0,16,16],"texture":"#3"},"up":{"uv":[0,0,16,16],"rotation":90,"texture":"#3"},"down":{"uv":[0,0,16,16],"texture":"#3"}}},{"from":[-15.625,-10.75,-0.25],"to":[-10.375,-5.5,5],"rotation":{"angle":0,"axis":"y","origin":[-1.125,0,-21]},"faces":{"north":{"uv":[0,0,16,16],"texture":"#3"},"east":{"uv":[0,0,16,16],"texture":"#3"},"south":{"uv":[0,0,16,16],"texture":"#3"},"west":{"uv":[0,0,16,16],"texture":"#3"},"up":{"uv":[0,0,16,16],"rotation":90,"texture":"#3"},"down":{"uv":[0,0,16,16],"texture":"#3"}}},{"from":[-15.625,-10.75,-5.5],"to":[-10.375,-5.5,-0.25],"rotation":{"angle":0,"axis":"y","origin":[-1.125,0,-26.25]},"faces":{"north":{"uv":[0,0,16,16],"texture":"#3"},"east":{"uv":[0,0,16,16],"texture":"#3"},"south":{"uv":[0,0,16,16],"texture":"#3"},"west":{"uv":[0,0,16,16],"texture":"#3"},"up":{"uv":[0,0,16,16],"rotation":90,"texture":"#3"},"down":{"uv":[0,0,16,16],"texture":"#3"}}},{"from":[5.375,-10.75,-5.5],"to":[10.625,-8.125,-0.25],"rotation":{"angle":0,"axis":"y","origin":[19.875,0,-26.25]},"faces":{"north":{"uv":[0,8,16,16],"texture":"#3"},"east":{"uv":[0,8,16,16],"texture":"#3"},"south":{"uv":[0,8,16,16],"texture":"#3"},"west":{"uv":[0,8,16,16],"texture":"#3"},"up":{"uv":[0,0,16,16],"rotation":90,"texture":"#3"},"down":{"uv":[0,0,16,16],"texture":"#3"}}},{"from":[10.625,-10.75,-5.5],"to":[15.875,-8.125,-0.25],"rotation":{"angle":0,"axis":"y","origin":[25.125,0,-26.25]},"faces":{"north":{"uv":[0,8,16,16],"texture":"#3"},"east":{"uv":[0,8,16,16],"texture":"#3"},"south":{"uv":[0,8,16,16],"texture":"#3"},"west":{"uv":[0,8,16,16],"texture":"#3"},"up":{"uv":[0,0,16,16],"rotation":90,"texture":"#3"},"down":{"uv":[0,0,16,16],"texture":"#3"}}},{"from":[0.125,-10.75,-5.5],"to":[5.375,-8.125,-0.25],"rotation":{"angle":0,"axis":"y","origin":[14.625,0,-26.25]},"faces":{"north":{"uv":[0,8,16,16],"texture":"#3"},"east":{"uv":[0,8,16,16],"texture":"#3"},"south":{"uv":[0,8,16,16],"texture":"#3"},"west":{"uv":[0,8,16,16],"texture":"#3"},"up":{"uv":[0,0,16,16],"rotation":90,"texture":"#3"},"down":{"uv":[0,0,16,16],"texture":"#3"}}},{"from":[5.375,-10.75,-0.25],"to":[10.625,-8.125,5],"rotation":{"angle":0,"axis":"y","origin":[19.875,0,-21]},"faces":{"north":{"uv":[0,8,16,16],"texture":"#3"},"east":{"uv":[0,8,16,16],"texture":"#3"},"south":{"uv":[0,8,16,16],"texture":"#3"},"west":{"uv":[0,8,16,16],"texture":"#3"},"up":{"uv":[0,0,16,16],"rotation":90,"texture":"#3"},"down":{"uv":[0,0,16,16],"texture":"#3"}}},{"from":[5.375,-10.75,5],"to":[10.625,-8.125,10.25],"rotation":{"angle":0,"axis":"y","origin":[19.875,0,-15.75]},"faces":{"north":{"uv":[0,8,16,16],"texture":"#3"},"east":{"uv":[0,8,16,16],"texture":"#3"},"south":{"uv":[0,8,16,16],"texture":"#3"},"west":{"uv":[0,8,16,16],"texture":"#3"},"up":{"uv":[0,0,16,16],"rotation":90,"texture":"#3"},"down":{"uv":[0,0,16,16],"texture":"#3"}}},{"from":[5.375,-10.75,10.25],"to":[10.625,-8.125,15.5],"rotation":{"angle":0,"axis":"y","origin":[19.875,0,-10.5]},"faces":{"north":{"uv":[0,8,16,16],"texture":"#3"},"east":{"uv":[0,8,16,16],"texture":"#3"},"south":{"uv":[0,8,16,16],"texture":"#3"},"west":{"uv":[0,8,16,16],"texture":"#3"},"up":{"uv":[0,0,16,16],"rotation":90,"texture":"#3"},"down":{"uv":[0,0,16,16],"texture":"#3"}}},{"from":[10.625,-5.5,-0.25],"to":[15.875,-2.875,5],"rotation":{"angle":0,"axis":"y","origin":[25.125,5.25,-21]},"faces":{"north":{"uv":[0,8,16,16],"texture":"#23"},"east":{"uv":[0,8,16,16],"texture":"#23"},"south":{"uv":[0,8,16,16],"texture":"#23"},"west":{"uv":[0,8,16,16],"texture":"#23"},"up":{"uv":[0,0,16,16],"rotation":90,"texture":"#23"},"down":{"uv":[0,0,16,16],"texture":"#23"}}},{"from":[10.625,-5.5,5],"to":[15.875,-2.875,10.25],"rotation":{"angle":0,"axis":"y","origin":[25.125,5.25,-15.75]},"faces":{"north":{"uv":[0,8,16,16],"texture":"#23"},"east":{"uv":[0,8,16,16],"texture":"#23"},"south":{"uv":[0,8,16,16],"texture":"#23"},"west":{"uv":[0,8,16,16],"texture":"#23"},"up":{"uv":[0,0,16,16],"rotation":90,"texture":"#23"},"down":{"uv":[0,0,16,16],"texture":"#23"}}},{"from":[15.875,-5.5,-0.25],"to":[21.125,-2.875,5],"rotation":{"angle":0,"axis":"y","origin":[30.375,5.25,-21]},"faces":{"north":{"uv":[0,8,16,16],"texture":"#23"},"east":{"uv":[0,8,16,16],"texture":"#23"},"south":{"uv":[0,8,16,16],"texture":"#23"},"west":{"uv":[0,8,16,16],"texture":"#23"},"up":{"uv":[0,0,16,16],"rotation":90,"texture":"#23"},"down":{"uv":[0,0,16,16],"texture":"#23"}}},{"from":[15.875,-5.5,-5.5],"to":[21.125,-2.875,-0.25],"rotation":{"angle":0,"axis":"y","origin":[30.375,5.25,-26.25]},"faces":{"north":{"uv":[0,8,16,16],"texture":"#23"},"east":{"uv":[0,8,16,16],"texture":"#23"},"south":{"uv":[0,8,16,16],"texture":"#23"},"west":{"uv":[0,8,16,16],"texture":"#23"},"up":{"uv":[0,0,16,16],"rotation":90,"texture":"#23"},"down":{"uv":[0,0,16,16],"texture":"#23"}}},{"from":[10.625,-5.5,10.25],"to":[15.875,-2.875,15.5],"rotation":{"angle":0,"axis":"y","origin":[25.125,5.25,-10.5]},"faces":{"north":{"uv":[0,8,16,16],"texture":"#23"},"east":{"uv":[0,8,16,16],"texture":"#23"},"south":{"uv":[0,8,16,16],"texture":"#23"},"west":{"uv":[0,8,16,16],"texture":"#23"},"up":{"uv":[0,0,16,16],"rotation":90,"texture":"#23"},"down":{"uv":[0,0,16,16],"texture":"#23"}}},{"from":[15.875,-5.5,15.5],"to":[21.125,-2.875,20.75],"rotation":{"angle":0,"axis":"y","origin":[30.375,5.25,-5.25]},"faces":{"north":{"uv":[0,8,16,16],"texture":"#23"},"east":{"uv":[0,8,16,16],"texture":"#23"},"south":{"uv":[0,8,16,16],"texture":"#23"},"west":{"uv":[0,8,16,16],"texture":"#23"},"up":{"uv":[0,0,16,16],"rotation":90,"texture":"#23"},"down":{"uv":[0,0,16,16],"texture":"#23"}}},{"from":[15.875,-5.5,10.25],"to":[21.125,-2.875,15.5],"rotation":{"angle":0,"axis":"y","origin":[30.375,5.25,-10.5]},"faces":{"north":{"uv":[0,8,16,16],"texture":"#23"},"east":{"uv":[0,8,16,16],"texture":"#23"},"south":{"uv":[0,8,16,16],"texture":"#23"},"west":{"uv":[0,8,16,16],"texture":"#23"},"up":{"uv":[0,0,16,16],"rotation":90,"texture":"#23"},"down":{"uv":[0,0,16,16],"texture":"#23"}}},{"from":[5.375,-10.75,15.5],"to":[10.625,-8.125,20.75],"rotation":{"angle":0,"axis":"y","origin":[19.875,0,-5.25]},"faces":{"north":{"uv":[0,8,16,16],"texture":"#3"},"east":{"uv":[0,8,16,16],"texture":"#3"},"south":{"uv":[0,8,16,16],"texture":"#3"},"west":{"uv":[0,8,16,16],"texture":"#3"},"up":{"uv":[0,0,16,16],"rotation":90,"texture":"#3"},"down":{"uv":[0,0,16,16],"texture":"#3"}}},{"from":[10.625,-10.75,15.5],"to":[15.875,-8.125,20.75],"rotation":{"angle":0,"axis":"y","origin":[25.125,0,-5.25]},"faces":{"north":{"uv":[0,8,16,16],"texture":"#3"},"east":{"uv":[0,8,16,16],"texture":"#3"},"south":{"uv":[0,8,16,16],"texture":"#3"},"west":{"uv":[0,8,16,16],"texture":"#3"},"up":{"uv":[0,0,16,16],"rotation":90,"texture":"#3"},"down":{"uv":[0,0,16,16],"texture":"#3"}}},{"from":[0.125,-10.75,15.5],"to":[5.375,-8.125,20.75],"rotation":{"angle":0,"axis":"y","origin":[14.625,0,-5.25]},"faces":{"north":{"uv":[0,8,16,16],"texture":"#3"},"east":{"uv":[0,8,16,16],"texture":"#3"},"south":{"uv":[0,8,16,16],"texture":"#3"},"west":{"uv":[0,8,16,16],"texture":"#3"},"up":{"uv":[0,0,16,16],"rotation":90,"texture":"#3"},"down":{"uv":[0,0,16,16],"texture":"#3"}}},{"from":[10.625,-10.75,20.75],"to":[15.875,-8.125,26],"rotation":{"angle":0,"axis":"y","origin":[25.125,0,0]},"faces":{"north":{"uv":[0,8,16,16],"texture":"#3"},"east":{"uv":[0,8,16,16],"texture":"#3"},"south":{"uv":[0,8,16,16],"texture":"#3"},"west":{"uv":[0,8,16,16],"texture":"#3"},"up":{"uv":[0,0,16,16],"rotation":90,"texture":"#3"},"down":{"uv":[0,0,16,16],"texture":"#3"}}},{"from":[15.875,-10.75,20.75],"to":[21.125,-8.125,26],"rotation":{"angle":0,"axis":"y","origin":[30.375,0,0]},"faces":{"north":{"uv":[0,8,16,16],"texture":"#3"},"east":{"uv":[0,8,16,16],"texture":"#3"},"south":{"uv":[0,8,16,16],"texture":"#3"},"west":{"uv":[0,8,16,16],"texture":"#3"},"up":{"uv":[0,0,16,16],"rotation":90,"texture":"#3"},"down":{"uv":[0,0,16,16],"texture":"#3"}}},{"from":[21.125,-10.75,20.75],"to":[26.375,-8.125,26],"rotation":{"angle":0,"axis":"y","origin":[35.625,0,0]},"faces":{"north":{"uv":[0,8,16,16],"texture":"#3"},"east":{"uv":[0,8,16,16],"texture":"#3"},"south":{"uv":[0,8,16,16],"texture":"#3"},"west":{"uv":[0,8,16,16],"texture":"#3"},"up":{"uv":[0,0,16,16],"rotation":90,"texture":"#3"},"down":{"uv":[0,0,16,16],"texture":"#3"}}},{"from":[26.375,-10.75,20.75],"to":[31.625,-8.125,26],"rotation":{"angle":0,"axis":"y","origin":[40.875,0,0]},"faces":{"north":{"uv":[0,8,16,16],"texture":"#3"},"east":{"uv":[0,8,16,16],"texture":"#3"},"south":{"uv":[0,8,16,16],"texture":"#3"},"west":{"uv":[0,8,16,16],"texture":"#3"},"up":{"uv":[0,0,16,16],"rotation":90,"texture":"#3"},"down":{"uv":[0,0,16,16],"texture":"#3"}}},{"from":[-15.625,-16,15.5],"to":[-10.375,-10.75,20.75],"rotation":{"angle":0,"axis":"y","origin":[-1.125,0,-5.25]},"faces":{"north":{"uv":[0,0,16,16],"texture":"#1"},"east":{"uv":[0,0,16,16],"texture":"#1"},"south":{"uv":[0,0,16,16],"texture":"#1"},"west":{"uv":[0,0,16,16],"texture":"#1"},"up":{"uv":[0,0,16,16],"texture":"#1"},"down":{"uv":[0,0,16,16],"texture":"#1"}}},{"from":[-15.625,-16,10.25],"to":[-10.375,-10.75,15.5],"rotation":{"angle":0,"axis":"y","origin":[-1.125,0,-10.5]},"faces":{"north":{"uv":[0,0,16,16],"texture":"#1"},"east":{"uv":[0,0,16,16],"texture":"#1"},"south":{"uv":[0,0,16,16],"texture":"#1"},"west":{"uv":[0,0,16,16],"texture":"#1"},"up":{"uv":[0,0,16,16],"texture":"#1"},"down":{"uv":[0,0,16,16],"texture":"#1"}}},{"from":[-15.625,-16,-0.25],"to":[-10.375,-10.75,5],"rotation":{"angle":0,"axis":"y","origin":[-1.125,0,-21]},"faces":{"north":{"uv":[0,0,16,16],"texture":"#1"},"east":{"uv":[0,0,16,16],"texture":"#1"},"south":{"uv":[0,0,16,16],"texture":"#1"},"west":{"uv":[0,0,16,16],"texture":"#1"},"up":{"uv":[0,0,16,16],"texture":"#1"},"down":{"uv":[0,0,16,16],"texture":"#1"}}},{"from":[-15.625,-16,-5.5],"to":[-10.375,-10.75,-0.25],"rotation":{"angle":0,"axis":"y","origin":[-1.125,0,-26.25]},"faces":{"north":{"uv":[0,0,16,16],"texture":"#1"},"east":{"uv":[0,0,16,16],"texture":"#1"},"south":{"uv":[0,0,16,16],"texture":"#1"},"west":{"uv":[0,0,16,16],"texture":"#1"},"up":{"uv":[0,0,16,16],"texture":"#1"},"down":{"uv":[0,0,16,16],"texture":"#1"}}},{"from":[-15.625,5,-5.5],"to":[-10.375,10.25,-0.25],"rotation":{"angle":0,"axis":"y","origin":[-1.125,21,-26.25]},"faces":{"north":{"uv":[0,0,16,16],"texture":"#12"},"east":{"uv":[0,0,16,16],"texture":"#12"},"south":{"uv":[0,0,16,16],"texture":"#12"},"west":{"uv":[0,0,16,16],"texture":"#12"},"up":{"uv":[0,0,16,16],"texture":"#12"},"down":{"uv":[0,0,16,16],"texture":"#12"}}},{"from":[-5.125,10.25,-5.5],"to":[0.125,15.5,-0.25],"rotation":{"angle":0,"axis":"y","origin":[9.375,26.25,-26.25]},"faces":{"north":{"uv":[0,0,16,16],"texture":"#0"},"east":{"uv":[0,0,16,16],"texture":"#0"},"south":{"uv":[0,0,16,16],"texture":"#0"},"west":{"uv":[0,0,16,16],"texture":"#0"},"up":{"uv":[0,0,16,16],"rotation":270,"texture":"#0"},"down":{"uv":[0,0,16,16],"texture":"#0"}}},{"from":[-15.625,-16,5],"to":[-10.375,-10.75,10.25],"rotation":{"angle":0,"axis":"y","origin":[-1.125,0,-15.75]},"faces":{"north":{"uv":[0,0,16,16],"texture":"#1"},"east":{"uv":[0,0,16,16],"texture":"#1"},"south":{"uv":[0,0,16,16],"texture":"#1"},"west":{"uv":[0,0,16,16],"texture":"#1"},"up":{"uv":[0,0,16,16],"texture":"#1"},"down":{"uv":[0,0,16,16],"texture":"#1"}}},{"from":[5.375,-16,-5.5],"to":[10.625,-10.75,-0.25],"rotation":{"angle":0,"axis":"y","origin":[19.875,0,-26.25]},"faces":{"north":{"uv":[0,0,16,16],"texture":"#21"},"east":{"uv":[0,0,16,16],"texture":"#21"},"south":{"uv":[0,0,16,16],"texture":"#21"},"west":{"uv":[0,0,16,16],"texture":"#21"},"up":{"uv":[0,0,16,16],"texture":"#21"},"down":{"uv":[0,0,16,16],"texture":"#21"}}},{"from":[5.375,-16,-0.25],"to":[10.625,-10.75,5],"rotation":{"angle":0,"axis":"y","origin":[19.875,0,-21]},"faces":{"north":{"uv":[0,0,16,16],"texture":"#21"},"east":{"uv":[0,0,16,16],"texture":"#21"},"south":{"uv":[0,0,16,16],"texture":"#21"},"west":{"uv":[0,0,16,16],"texture":"#21"},"up":{"uv":[0,0,16,16],"texture":"#21"},"down":{"uv":[0,0,16,16],"texture":"#21"}}},{"from":[5.375,-16,5],"to":[10.625,-10.75,10.25],"rotation":{"angle":0,"axis":"y","origin":[19.875,0,-15.75]},"faces":{"north":{"uv":[0,0,16,16],"texture":"#21"},"east":{"uv":[0,0,16,16],"texture":"#21"},"south":{"uv":[0,0,16,16],"texture":"#21"},"west":{"uv":[0,0,16,16],"texture":"#21"},"up":{"uv":[0,0,16,16],"texture":"#21"},"down":{"uv":[0,0,16,16],"texture":"#21"}}},{"from":[5.375,-16,10.25],"to":[10.625,-10.75,15.5],"rotation":{"angle":0,"axis":"y","origin":[19.875,0,-10.5]},"faces":{"north":{"uv":[0,0,16,16],"texture":"#21"},"east":{"uv":[0,0,16,16],"texture":"#21"},"south":{"uv":[0,0,16,16],"texture":"#21"},"west":{"uv":[0,0,16,16],"texture":"#21"},"up":{"uv":[0,0,16,16],"texture":"#21"},"down":{"uv":[0,0,16,16],"texture":"#21"}}},{"from":[10.625,-10.75,10.25],"to":[15.875,-5.5,15.5],"rotation":{"angle":0,"axis":"y","origin":[25.125,5.25,-10.5]},"faces":{"north":{"uv":[0,0,16,16],"texture":"#22"},"east":{"uv":[0,0,16,16],"texture":"#22"},"south":{"uv":[0,0,16,16],"texture":"#22"},"west":{"uv":[0,0,16,16],"texture":"#22"},"up":{"uv":[0,0,16,16],"texture":"#22"},"down":{"uv":[0,0,16,16],"texture":"#22"}}},{"from":[10.625,-10.75,5],"to":[15.875,-5.5,10.25],"rotation":{"angle":0,"axis":"y","origin":[25.125,5.25,-15.75]},"faces":{"north":{"uv":[0,0,16,16],"texture":"#22"},"east":{"uv":[0,0,16,16],"texture":"#22"},"south":{"uv":[0,0,16,16],"texture":"#22"},"west":{"uv":[0,0,16,16],"texture":"#22"},"up":{"uv":[0,0,16,16],"texture":"#22"},"down":{"uv":[0,0,16,16],"texture":"#22"}}},{"from":[15.875,-10.75,5],"to":[21.125,-5.5,10.25],"rotation":{"angle":0,"axis":"y","origin":[30.375,5.25,-15.75]},"faces":{"north":{"uv":[0,0,16,16],"texture":"#15"},"east":{"uv":[0,0,16,16],"texture":"#15"},"south":{"uv":[0,0,16,16],"texture":"#15"},"west":{"uv":[0,0,16,16],"texture":"#15"},"up":{"uv":[0,0,16,16],"texture":"#15"},"down":{"uv":[0,0,16,16],"texture":"#15"}}},{"from":[15.875,-5.5,5],"to":[21.125,-4.5,10.25],"rotation":{"angle":0,"axis":"y","origin":[30.375,10.5,-15.75]},"faces":{"north":{"uv":[0,0,16,3],"texture":"#13"},"east":{"uv":[0,0,16,3],"texture":"#13"},"south":{"uv":[0,0,16,3],"texture":"#13"},"west":{"uv":[0,0,16,3],"texture":"#13"},"up":{"uv":[0,0,16,16],"rotation":270,"texture":"#13"},"down":{"uv":[0,0,16,16],"texture":"#13"}}},{"from":[10.625,-10.75,-0.25],"to":[15.875,-5.5,5],"rotation":{"angle":0,"axis":"y","origin":[25.125,5.25,-21]},"faces":{"north":{"uv":[0,0,16,16],"texture":"#22"},"east":{"uv":[0,0,16,16],"texture":"#22"},"south":{"uv":[0,0,16,16],"texture":"#22"},"west":{"uv":[0,0,16,16],"texture":"#22"},"up":{"uv":[0,0,16,16],"texture":"#22"},"down":{"uv":[0,0,16,16],"texture":"#22"}}},{"from":[26.375,-10.75,10.25],"to":[31.625,-5.5,15.5],"rotation":{"angle":0,"axis":"y","origin":[40.875,5.25,-10.5]},"faces":{"north":{"uv":[0,0,16,16],"texture":"#22"},"east":{"uv":[0,0,16,16],"texture":"#22"},"south":{"uv":[0,0,16,16],"texture":"#22"},"west":{"uv":[0,0,16,16],"texture":"#22"},"up":{"uv":[0,0,16,16],"texture":"#22"},"down":{"uv":[0,0,16,16],"texture":"#22"}}},{"from":[26.375,-10.75,5],"to":[31.625,-5.5,10.25],"rotation":{"angle":0,"axis":"y","origin":[40.875,5.25,-15.75]},"faces":{"north":{"uv":[0,0,16,16],"texture":"#22"},"east":{"uv":[0,0,16,16],"texture":"#22"},"south":{"uv":[0,0,16,16],"texture":"#22"},"west":{"uv":[0,0,16,16],"texture":"#22"},"up":{"uv":[0,0,16,16],"texture":"#22"},"down":{"uv":[0,0,16,16],"texture":"#22"}}},{"from":[26.375,-10.75,-0.25],"to":[31.625,-5.5,5],"rotation":{"angle":0,"axis":"y","origin":[40.875,5.25,-21]},"faces":{"north":{"uv":[0,0,16,16],"texture":"#22"},"east":{"uv":[0,0,16,16],"texture":"#22"},"south":{"uv":[0,0,16,16],"texture":"#22"},"west":{"uv":[0,0,16,16],"texture":"#22"},"up":{"uv":[0,0,16,16],"texture":"#22"},"down":{"uv":[0,0,16,16],"texture":"#22"}}},{"from":[15.875,-10.75,10.25],"to":[21.125,-5.5,15.5],"rotation":{"angle":0,"axis":"y","origin":[30.375,5.25,-10.5]},"faces":{"north":{"uv":[0,0,16,16],"texture":"#22"},"east":{"uv":[0,0,16,16],"texture":"#22"},"south":{"uv":[0,0,16,16],"texture":"#22"},"west":{"uv":[0,0,16,16],"texture":"#22"},"up":{"uv":[0,0,16,16],"texture":"#22"},"down":{"uv":[0,0,16,16],"texture":"#22"}}},{"from":[15.875,-10.75,15.5],"to":[21.125,-5.5,20.75],"rotation":{"angle":0,"axis":"y","origin":[30.375,5.25,-5.25]},"faces":{"north":{"uv":[0,0,16,16],"texture":"#22"},"east":{"uv":[0,0,16,16],"texture":"#22"},"south":{"uv":[0,0,16,16],"texture":"#22"},"west":{"uv":[0,0,16,16],"texture":"#22"},"up":{"uv":[0,0,16,16],"texture":"#22"},"down":{"uv":[0,0,16,16],"texture":"#22"}}},{"from":[26.375,-10.75,15.5],"to":[31.625,-5.5,20.75],"rotation":{"angle":0,"axis":"y","origin":[40.875,5.25,-5.25]},"faces":{"north":{"uv":[0,0,16,16],"texture":"#22"},"east":{"uv":[0,0,16,16],"texture":"#22"},"south":{"uv":[0,0,16,16],"texture":"#22"},"west":{"uv":[0,0,16,16],"texture":"#22"},"up":{"uv":[0,0,16,16],"texture":"#22"},"down":{"uv":[0,0,16,16],"texture":"#22"}}},{"from":[15.875,-10.75,-0.25],"to":[21.125,-5.5,5],"rotation":{"angle":0,"axis":"y","origin":[30.375,5.25,-21]},"faces":{"north":{"uv":[0,0,16,16],"texture":"#22"},"east":{"uv":[0,0,16,16],"texture":"#22"},"south":{"uv":[0,0,16,16],"texture":"#22"},"west":{"uv":[0,0,16,16],"texture":"#22"},"up":{"uv":[0,0,16,16],"texture":"#22"},"down":{"uv":[0,0,16,16],"texture":"#22"}}},{"from":[26.375,-10.75,-5.5],"to":[31.625,-5.5,-0.25],"rotation":{"angle":0,"axis":"y","origin":[40.875,5.25,-26.25]},"faces":{"north":{"uv":[0,0,16,16],"texture":"#22"},"east":{"uv":[0,0,16,16],"texture":"#22"},"south":{"uv":[0,0,16,16],"texture":"#22"},"west":{"uv":[0,0,16,16],"texture":"#22"},"up":{"uv":[0,0,16,16],"texture":"#22"},"down":{"uv":[0,0,16,16],"texture":"#22"}}},{"from":[26.375,-5.5,15.5],"to":[31.625,-0.25,20.75],"rotation":{"angle":0,"axis":"y","origin":[40.875,10.5,-5.25]},"faces":{"north":{"uv":[0,0,16,16],"texture":"#24"},"east":{"uv":[0,0,16,16],"texture":"#24"},"south":{"uv":[0,0,16,16],"texture":"#24"},"west":{"uv":[0,0,16,16],"texture":"#24"},"up":{"uv":[0,0,16,16],"texture":"#24"},"down":{"uv":[0,0,16,16],"texture":"#24"}}},{"from":[26.375,-5.5,-5.5],"to":[31.625,-0.25,-0.25],"rotation":{"angle":0,"axis":"y","origin":[40.875,10.5,-26.25]},"faces":{"north":{"uv":[0,0,16,16],"texture":"#24"},"east":{"uv":[0,0,16,16],"texture":"#24"},"south":{"uv":[0,0,16,16],"texture":"#24"},"west":{"uv":[0,0,16,16],"texture":"#24"},"up":{"uv":[0,0,16,16],"texture":"#24"},"down":{"uv":[0,0,16,16],"texture":"#24"}}},{"from":[21.125,-10.75,15.5],"to":[26.375,-5.5,20.75],"rotation":{"angle":0,"axis":"y","origin":[35.625,5.25,-5.25]},"faces":{"north":{"uv":[0,0,16,16],"texture":"#22"},"east":{"uv":[0,0,16,16],"texture":"#22"},"south":{"uv":[0,0,16,16],"texture":"#22"},"west":{"uv":[0,0,16,16],"texture":"#22"},"up":{"uv":[0,0,16,16],"texture":"#22"},"down":{"uv":[0,0,16,16],"texture":"#22"}}},{"from":[21.125,-10.75,10.25],"to":[26.375,-5.5,15.5],"rotation":{"angle":0,"axis":"y","origin":[35.625,5.25,-10.5]},"faces":{"north":{"uv":[0,0,16,16],"texture":"#22"},"east":{"uv":[0,0,16,16],"texture":"#22"},"south":{"uv":[0,0,16,16],"texture":"#22"},"west":{"uv":[0,0,16,16],"texture":"#22"},"up":{"uv":[0,0,16,16],"texture":"#22"},"down":{"uv":[0,0,16,16],"texture":"#22"}}},{"from":[21.125,-10.75,5],"to":[26.375,-5.5,10.25],"rotation":{"angle":0,"axis":"y","origin":[35.625,5.25,-15.75]},"faces":{"north":{"uv":[0,0,16,16],"texture":"#22"},"east":{"uv":[0,0,16,16],"texture":"#22"},"south":{"uv":[0,0,16,16],"texture":"#22"},"west":{"uv":[0,0,16,16],"texture":"#22"},"up":{"uv":[0,0,16,16],"texture":"#22"},"down":{"uv":[0,0,16,16],"texture":"#22"}}},{"from":[21.125,-10.75,-0.25],"to":[26.375,-5.5,5],"rotation":{"angle":0,"axis":"y","origin":[35.625,5.25,-21]},"faces":{"north":{"uv":[0,0,16,16],"texture":"#22"},"east":{"uv":[0,0,16,16],"texture":"#22"},"south":{"uv":[0,0,16,16],"texture":"#22"},"west":{"uv":[0,0,16,16],"texture":"#22"},"up":{"uv":[0,0,16,16],"texture":"#22"},"down":{"uv":[0,0,16,16],"texture":"#22"}}},{"from":[21.125,-10.75,-5.5],"to":[26.375,-5.5,-0.25],"rotation":{"angle":0,"axis":"y","origin":[35.625,5.25,-26.25]},"faces":{"north":{"uv":[0,0,16,16],"texture":"#22"},"east":{"uv":[0,0,16,16],"texture":"#22"},"south":{"uv":[0,0,16,16],"texture":"#22"},"west":{"uv":[0,0,16,16],"texture":"#22"},"up":{"uv":[0,0,16,16],"texture":"#22"},"down":{"uv":[0,0,16,16],"texture":"#22"}}},{"from":[15.875,-10.75,-5.5],"to":[21.125,-5.5,-0.25],"rotation":{"angle":0,"axis":"y","origin":[30.375,5.25,-26.25]},"faces":{"north":{"uv":[0,0,16,16],"texture":"#22"},"east":{"uv":[0,0,16,16],"texture":"#22"},"south":{"uv":[0,0,16,16],"texture":"#22"},"west":{"uv":[0,0,16,16],"texture":"#22"},"up":{"uv":[0,0,16,16],"texture":"#22"},"down":{"uv":[0,0,16,16],"texture":"#22"}}},{"from":[5.375,-16,15.5],"to":[10.625,-10.75,20.75],"rotation":{"angle":0,"axis":"y","origin":[19.875,0,-5.25]},"faces":{"north":{"uv":[0,0,16,16],"texture":"#21"},"east":{"uv":[0,0,16,16],"texture":"#21"},"south":{"uv":[0,0,16,16],"texture":"#21"},"west":{"uv":[0,0,16,16],"texture":"#21"},"up":{"uv":[0,0,16,16],"texture":"#21"},"down":{"uv":[0,0,16,16],"texture":"#21"}}},{"from":[26.375,-16,15.5],"to":[31.625,-10.75,20.75],"rotation":{"angle":0,"axis":"y","origin":[40.875,0,-5.25]},"faces":{"north":{"uv":[0,0,16,16],"texture":"#21"},"east":{"uv":[0,0,16,16],"texture":"#21"},"south":{"uv":[0,0,16,16],"texture":"#21"},"west":{"uv":[0,0,16,16],"texture":"#21"},"up":{"uv":[0,0,16,16],"texture":"#21"},"down":{"uv":[0,0,16,16],"texture":"#21"}}},{"from":[26.375,-16,10.25],"to":[31.625,-10.75,15.5],"rotation":{"angle":0,"axis":"y","origin":[40.875,0,-10.5]},"faces":{"north":{"uv":[0,0,16,16],"texture":"#21"},"east":{"uv":[0,0,16,16],"texture":"#21"},"south":{"uv":[0,0,16,16],"texture":"#21"},"west":{"uv":[0,0,16,16],"texture":"#21"},"up":{"uv":[0,0,16,16],"texture":"#21"},"down":{"uv":[0,0,16,16],"texture":"#21"}}},{"from":[26.375,-16,5],"to":[31.625,-10.75,10.25],"rotation":{"angle":0,"axis":"y","origin":[40.875,0,-15.75]},"faces":{"north":{"uv":[0,0,16,16],"texture":"#21"},"east":{"uv":[0,0,16,16],"texture":"#21"},"south":{"uv":[0,0,16,16],"texture":"#21"},"west":{"uv":[0,0,16,16],"texture":"#21"},"up":{"uv":[0,0,16,16],"texture":"#21"},"down":{"uv":[0,0,16,16],"texture":"#21"}}},{"from":[26.375,-16,-0.25],"to":[31.625,-10.75,5],"rotation":{"angle":0,"axis":"y","origin":[40.875,0,-21]},"faces":{"north":{"uv":[0,0,16,16],"texture":"#21"},"east":{"uv":[0,0,16,16],"texture":"#21"},"south":{"uv":[0,0,16,16],"texture":"#21"},"west":{"uv":[0,0,16,16],"texture":"#21"},"up":{"uv":[0,0,16,16],"texture":"#21"},"down":{"uv":[0,0,16,16],"texture":"#21"}}},{"from":[26.375,-16,-5.5],"to":[31.625,-10.75,-0.25],"rotation":{"angle":0,"axis":"y","origin":[40.875,0,-26.25]},"faces":{"north":{"uv":[0,0,16,16],"texture":"#21"},"east":{"uv":[0,0,16,16],"texture":"#21"},"south":{"uv":[0,0,16,16],"texture":"#21"},"west":{"uv":[0,0,16,16],"texture":"#21"},"up":{"uv":[0,0,16,16],"texture":"#21"},"down":{"uv":[0,0,16,16],"texture":"#21"}}},{"from":[10.625,-16,20.75],"to":[15.875,-10.75,26],"rotation":{"angle":0,"axis":"y","origin":[25.125,0,0]},"faces":{"north":{"uv":[0,0,16,16],"texture":"#21"},"east":{"uv":[0,0,16,16],"texture":"#21"},"south":{"uv":[0,0,16,16],"texture":"#21"},"west":{"uv":[0,0,16,16],"texture":"#21"},"up":{"uv":[0,0,16,16],"texture":"#21"},"down":{"uv":[0,0,16,16],"texture":"#21"}}},{"from":[15.875,-16,20.75],"to":[21.125,-10.75,26],"rotation":{"angle":0,"axis":"y","origin":[30.375,0,0]},"faces":{"north":{"uv":[0,0,16,16],"texture":"#21"},"east":{"uv":[0,0,16,16],"texture":"#21"},"south":{"uv":[0,0,16,16],"texture":"#21"},"west":{"uv":[0,0,16,16],"texture":"#21"},"up":{"uv":[0,0,16,16],"texture":"#21"},"down":{"uv":[0,0,16,16],"texture":"#21"}}},{"from":[21.125,-16,20.75],"to":[26.375,-10.75,26],"rotation":{"angle":0,"axis":"y","origin":[35.625,0,0]},"faces":{"north":{"uv":[0,0,16,16],"texture":"#21"},"east":{"uv":[0,0,16,16],"texture":"#21"},"south":{"uv":[0,0,16,16],"texture":"#21"},"west":{"uv":[0,0,16,16],"texture":"#21"},"up":{"uv":[0,0,16,16],"texture":"#21"},"down":{"uv":[0,0,16,16],"texture":"#21"}}},{"from":[26.375,-16,20.75],"to":[31.625,-10.75,26],"rotation":{"angle":0,"axis":"y","origin":[40.875,0,0]},"faces":{"north":{"uv":[0,0,16,16],"texture":"#21"},"east":{"uv":[0,0,16,16],"texture":"#21"},"south":{"uv":[0,0,16,16],"texture":"#21"},"west":{"uv":[0,0,16,16],"texture":"#21"},"up":{"uv":[0,0,16,16],"texture":"#21"},"down":{"uv":[0,0,16,16],"texture":"#21"}}},{"from":[10.625,-10.75,-10.75],"to":[15.875,-8.125,-5.5],"rotation":{"angle":0,"axis":"y","origin":[25.125,0,-31.5]},"faces":{"north":{"uv":[0,8,16,16],"texture":"#3"},"east":{"uv":[0,8,16,16],"texture":"#3"},"south":{"uv":[0,8,16,16],"texture":"#3"},"west":{"uv":[0,8,16,16],"texture":"#3"},"up":{"uv":[0,0,16,16],"rotation":90,"texture":"#3"},"down":{"uv":[0,0,16,16],"texture":"#3"}}},{"from":[10.625,-16,-10.75],"to":[15.875,-10.75,-5.5],"rotation":{"angle":0,"axis":"y","origin":[25.125,0,-31.5]},"faces":{"north":{"uv":[0,0,16,16],"texture":"#21"},"east":{"uv":[0,0,16,16],"texture":"#21"},"south":{"uv":[0,0,16,16],"texture":"#21"},"west":{"uv":[0,0,16,16],"texture":"#21"},"up":{"uv":[0,0,16,16],"texture":"#21"},"down":{"uv":[0,0,16,16],"texture":"#21"}}},{"from":[15.875,-10.75,-10.75],"to":[21.125,-8.125,-5.5],"rotation":{"angle":0,"axis":"y","origin":[30.375,0,-31.5]},"faces":{"north":{"uv":[0,8,16,16],"texture":"#3"},"east":{"uv":[0,8,16,16],"texture":"#3"},"south":{"uv":[0,8,16,16],"texture":"#3"},"west":{"uv":[0,8,16,16],"texture":"#3"},"up":{"uv":[0,0,16,16],"rotation":90,"texture":"#3"},"down":{"uv":[0,0,16,16],"texture":"#3"}}},{"from":[15.875,-16,-10.75],"to":[21.125,-10.75,-5.5],"rotation":{"angle":0,"axis":"y","origin":[30.375,0,-31.5]},"faces":{"north":{"uv":[0,0,16,16],"texture":"#21"},"east":{"uv":[0,0,16,16],"texture":"#21"},"south":{"uv":[0,0,16,16],"texture":"#21"},"west":{"uv":[0,0,16,16],"texture":"#21"},"up":{"uv":[0,0,16,16],"texture":"#21"},"down":{"uv":[0,0,16,16],"texture":"#21"}}},{"from":[21.125,-10.75,-10.75],"to":[26.375,-8.125,-5.5],"rotation":{"angle":0,"axis":"y","origin":[35.625,0,-31.5]},"faces":{"north":{"uv":[0,8,16,16],"texture":"#3"},"east":{"uv":[0,8,16,16],"texture":"#3"},"south":{"uv":[0,8,16,16],"texture":"#3"},"west":{"uv":[0,8,16,16],"texture":"#3"},"up":{"uv":[0,0,16,16],"rotation":90,"texture":"#3"},"down":{"uv":[0,0,16,16],"texture":"#3"}}},{"from":[21.125,-16,-10.75],"to":[26.375,-10.75,-5.5],"rotation":{"angle":0,"axis":"y","origin":[35.625,0,-31.5]},"faces":{"north":{"uv":[0,0,16,16],"texture":"#21"},"east":{"uv":[0,0,16,16],"texture":"#21"},"south":{"uv":[0,0,16,16],"texture":"#21"},"west":{"uv":[0,0,16,16],"texture":"#21"},"up":{"uv":[0,0,16,16],"texture":"#21"},"down":{"uv":[0,0,16,16],"texture":"#21"}}},{"from":[26.375,-10.75,-10.75],"to":[31.625,-8.125,-5.5],"rotation":{"angle":0,"axis":"y","origin":[40.875,0,-31.5]},"faces":{"north":{"uv":[0,8,16,16],"texture":"#3"},"east":{"uv":[0,8,16,16],"texture":"#3"},"south":{"uv":[0,8,16,16],"texture":"#3"},"west":{"uv":[0,8,16,16],"texture":"#3"},"up":{"uv":[0,0,16,16],"rotation":90,"texture":"#3"},"down":{"uv":[0,0,16,16],"texture":"#3"}}},{"from":[26.375,-16,-10.75],"to":[31.625,-10.75,-5.5],"rotation":{"angle":0,"axis":"y","origin":[40.875,0,-31.5]},"faces":{"north":{"uv":[0,0,16,16],"texture":"#21"},"east":{"uv":[0,0,16,16],"texture":"#21"},"south":{"uv":[0,0,16,16],"texture":"#21"},"west":{"uv":[0,0,16,16],"texture":"#21"},"up":{"uv":[0,0,16,16],"texture":"#21"},"down":{"uv":[0,0,16,16],"texture":"#21"}}},{"from":[-15.625,-16,20.75],"to":[-10.375,-13.375,26],"rotation":{"angle":0,"axis":"y","origin":[27.75,2.25,17.25]},"faces":{"north":{"uv":[0,8,16,16],"texture":"#0"},"east":{"uv":[0,8,16,16],"texture":"#0"},"south":{"uv":[0,8,16,16],"texture":"#0"},"west":{"uv":[0,8,16,16],"texture":"#0"},"up":{"uv":[0,0,16,16],"rotation":90,"texture":"#0"},"down":{"uv":[0,0,16,16],"rotation":90,"texture":"#0"}}},{"from":[-15.625,-10.75,20.75],"to":[-10.375,-8.125,26],"rotation":{"angle":0,"axis":"y","origin":[27.75,7.5,17.25]},"faces":{"north":{"uv":[0,8,16,16],"texture":"#2"},"east":{"uv":[0,8,16,16],"texture":"#2"},"south":{"uv":[0,8,16,16],"texture":"#2"},"west":{"uv":[0,8,16,16],"texture":"#2"},"up":{"uv":[0,0,16,16],"rotation":270,"texture":"#2"},"down":{"uv":[0,0,16,16],"rotation":90,"texture":"#2"}}},{"from":[-15.625,-10.75,-10.75],"to":[-10.375,-8.125,-5.5],"rotation":{"angle":0,"axis":"y","origin":[27.75,7.5,-14.25]},"faces":{"north":{"uv":[0,8,16,16],"texture":"#2"},"east":{"uv":[0,8,16,16],"texture":"#2"},"south":{"uv":[0,8,16,16],"texture":"#2"},"west":{"uv":[0,8,16,16],"texture":"#2"},"up":{"uv":[0,0,16,16],"rotation":270,"texture":"#2"},"down":{"uv":[0,0,16,16],"rotation":90,"texture":"#2"}}},{"from":[-15.625,-16,-10.75],"to":[-10.375,-13.375,-5.5],"rotation":{"angle":0,"axis":"y","origin":[27.75,2.25,-14.25]},"faces":{"north":{"uv":[0,8,16,16],"texture":"#0"},"east":{"uv":[0,8,16,16],"texture":"#0"},"south":{"uv":[0,8,16,16],"texture":"#0"},"west":{"uv":[0,8,16,16],"texture":"#0"},"up":{"uv":[0,0,16,16],"rotation":90,"texture":"#0"},"down":{"uv":[0,0,16,16],"rotation":90,"texture":"#0"}}},{"from":[-10.375,10.25,-5.5],"to":[-5.125,12.875,-0.25],"rotation":{"angle":0,"axis":"y","origin":[33,28.5,-9]},"faces":{"north":{"uv":[0,8,16,16],"texture":"#0"},"east":{"uv":[0,8,16,16],"texture":"#0"},"south":{"uv":[0,8,16,16],"texture":"#0"},"west":{"uv":[0,8,16,16],"texture":"#0"},"up":{"uv":[0,0,16,16],"rotation":90,"texture":"#0"},"down":{"uv":[0,0,16,16],"rotation":90,"texture":"#0"}}},{"from":[-10.375,7.625,-5.5],"to":[-5.125,10.25,-0.25],"rotation":{"angle":0,"axis":"y","origin":[33,25.875,-9]},"faces":{"north":{"uv":[0,0,16,8],"texture":"#0"},"east":{"uv":[0,0,16,8],"texture":"#0"},"south":{"uv":[0,0,16,8],"texture":"#0"},"west":{"uv":[0,0,16,8],"texture":"#0"},"up":{"uv":[0,0,16,16],"rotation":90,"texture":"#0"},"down":{"uv":[0,0,16,16],"rotation":90,"texture":"#0"}}},{"from":[-10.375,-10.75,-5.5],"to":[-5.125,-8.125,-0.25],"rotation":{"angle":0,"axis":"y","origin":[33,7.5,-9]},"faces":{"north":{"uv":[0,8,16,16],"texture":"#2"},"east":{"uv":[0,8,16,16],"texture":"#2"},"south":{"uv":[0,8,16,16],"texture":"#2"},"west":{"uv":[0,8,16,16],"texture":"#2"},"up":{"uv":[0,0,16,16],"rotation":270,"texture":"#2"},"down":{"uv":[0,0,16,16],"rotation":90,"texture":"#2"}}},{"from":[-10.375,-16,-5.5],"to":[-5.125,-13.375,-0.25],"rotation":{"angle":0,"axis":"y","origin":[33,2.25,-9]},"faces":{"north":{"uv":[0,8,16,16],"texture":"#0"},"east":{"uv":[0,8,16,16],"texture":"#0"},"south":{"uv":[0,8,16,16],"texture":"#0"},"west":{"uv":[0,8,16,16],"texture":"#0"},"up":{"uv":[0,0,16,16],"rotation":90,"texture":"#0"},"down":{"uv":[0,0,16,16],"rotation":90,"texture":"#0"}}},{"from":[-10.375,-10.75,-0.25],"to":[-5.125,-8.125,5],"rotation":{"angle":0,"axis":"y","origin":[33,7.5,-3.75]},"faces":{"north":{"uv":[0,8,16,16],"texture":"#2"},"east":{"uv":[0,8,16,16],"texture":"#2"},"south":{"uv":[0,8,16,16],"texture":"#2"},"west":{"uv":[0,8,16,16],"texture":"#2"},"up":{"uv":[0,0,16,16],"rotation":270,"texture":"#2"},"down":{"uv":[0,0,16,16],"rotation":90,"texture":"#2"}}},{"from":[0.125,-16,-0.25],"to":[5.375,-13.375,5],"rotation":{"angle":0,"axis":"y","origin":[43.5,2.25,-3.75]},"faces":{"north":{"uv":[0,8,16,16],"texture":"#2"},"east":{"uv":[0,8,16,16],"texture":"#2"},"south":{"uv":[0,8,16,16],"texture":"#2"},"west":{"uv":[0,8,16,16],"texture":"#2"},"up":{"uv":[0,0,16,16],"rotation":270,"texture":"#2"},"down":{"uv":[0,0,16,16],"rotation":90,"texture":"#2"}}},{"from":[5.375,-16,-10.75],"to":[10.625,-13.375,-5.5],"rotation":{"angle":0,"axis":"y","origin":[48.75,2.25,-14.25]},"faces":{"north":{"uv":[0,8,16,16],"texture":"#2"},"east":{"uv":[0,8,16,16],"texture":"#2"},"south":{"uv":[0,8,16,16],"texture":"#2"},"west":{"uv":[0,8,16,16],"texture":"#2"},"up":{"uv":[0,0,16,16],"rotation":270,"texture":"#2"},"down":{"uv":[0,0,16,16],"rotation":90,"texture":"#2"}}},{"from":[10.625,-16,-16],"to":[15.875,-13.375,-10.75],"rotation":{"angle":0,"axis":"y","origin":[54,2.25,-19.5]},"faces":{"north":{"uv":[0,8,16,16],"texture":"#2"},"east":{"uv":[0,8,16,16],"texture":"#2"},"south":{"uv":[0,8,16,16],"texture":"#2"},"west":{"uv":[0,8,16,16],"texture":"#2"},"up":{"uv":[0,0,16,16],"rotation":270,"texture":"#2"},"down":{"uv":[0,0,16,16],"rotation":90,"texture":"#2"}}},{"from":[15.875,-16,-16],"to":[21.125,-13.375,-10.75],"rotation":{"angle":0,"axis":"y","origin":[59.25,2.25,-19.5]},"faces":{"north":{"uv":[0,8,16,16],"texture":"#2"},"east":{"uv":[0,8,16,16],"texture":"#2"},"south":{"uv":[0,8,16,16],"texture":"#2"},"west":{"uv":[0,8,16,16],"texture":"#2"},"up":{"uv":[0,0,16,16],"rotation":270,"texture":"#2"},"down":{"uv":[0,0,16,16],"rotation":90,"texture":"#2"}}},{"from":[10.625,-13.375,-13.375],"to":[15.875,-10.75,-10.75],"rotation":{"angle":0,"axis":"y","origin":[54,4.875,-16.875]},"faces":{"north":{"uv":[0,0,16,8],"texture":"#2"},"east":{"uv":[0,0,8,8],"texture":"#2"},"south":{"uv":[0,0,16,8],"texture":"#2"},"west":{"uv":[8,0,16,8],"texture":"#2"},"up":{"uv":[0,0,8,16],"rotation":270,"texture":"#2"},"down":{"uv":[0,0,8,16],"rotation":270,"texture":"#2"}}},{"from":[21.125,-13.375,-13.375],"to":[26.375,-10.75,-10.75],"rotation":{"angle":0,"axis":"y","origin":[64.5,4.875,-16.875]},"faces":{"north":{"uv":[0,0,16,8],"texture":"#2"},"east":{"uv":[0,0,8,8],"texture":"#2"},"south":{"uv":[0,0,16,8],"texture":"#2"},"west":{"uv":[8,0,16,8],"texture":"#2"},"up":{"uv":[0,0,8,16],"rotation":270,"texture":"#2"},"down":{"uv":[0,0,8,16],"rotation":270,"texture":"#2"}}},{"from":[21.125,-16,-16],"to":[26.375,-13.375,-10.75],"rotation":{"angle":0,"axis":"y","origin":[64.5,2.25,-19.5]},"faces":{"north":{"uv":[0,8,16,16],"texture":"#2"},"east":{"uv":[0,8,16,16],"texture":"#2"},"south":{"uv":[0,8,16,16],"texture":"#2"},"west":{"uv":[0,8,16,16],"texture":"#2"},"up":{"uv":[0,0,16,16],"rotation":270,"texture":"#2"},"down":{"uv":[0,0,16,16],"rotation":90,"texture":"#2"}}},{"from":[26.375,-16,-16],"to":[31.625,-13.375,-10.75],"rotation":{"angle":0,"axis":"y","origin":[69.75,2.25,-19.5]},"faces":{"north":{"uv":[0,8,16,16],"texture":"#2"},"east":{"uv":[0,8,16,16],"texture":"#2"},"south":{"uv":[0,8,16,16],"texture":"#2"},"west":{"uv":[0,8,16,16],"texture":"#2"},"up":{"uv":[0,0,16,16],"rotation":270,"texture":"#2"},"down":{"uv":[0,0,16,16],"rotation":90,"texture":"#2"}}},{"from":[10.625,-13.375,26],"to":[15.875,-10.75,28.625],"rotation":{"angle":0,"axis":"y","origin":[54,4.875,27]},"faces":{"north":{"uv":[0,0,16,8],"texture":"#2"},"east":{"uv":[8,0,16,8],"texture":"#2"},"south":{"uv":[0,0,16,8],"texture":"#2"},"west":{"uv":[0,0,8,8],"texture":"#2"},"up":{"uv":[8,0,16,16],"rotation":270,"texture":"#2"},"down":{"uv":[8,0,16,16],"rotation":270,"texture":"#2"}}},{"from":[21.125,-13.375,26],"to":[26.375,-10.75,28.625],"rotation":{"angle":0,"axis":"y","origin":[64.5,4.875,27]},"faces":{"north":{"uv":[0,0,16,8],"texture":"#2"},"east":{"uv":[8,0,16,8],"texture":"#2"},"south":{"uv":[0,0,16,8],"texture":"#2"},"west":{"uv":[0,0,8,8],"texture":"#2"},"up":{"uv":[8,0,16,16],"rotation":270,"texture":"#2"},"down":{"uv":[8,0,16,16],"rotation":270,"texture":"#2"}}},{"from":[10.625,-16,26],"to":[15.875,-13.375,31.25],"rotation":{"angle":0,"axis":"y","origin":[54,2.25,27]},"faces":{"north":{"uv":[0,8,16,16],"texture":"#2"},"east":{"uv":[0,8,16,16],"texture":"#2"},"south":{"uv":[0,8,16,16],"texture":"#2"},"west":{"uv":[0,8,16,16],"texture":"#2"},"up":{"uv":[0,0,16,16],"rotation":270,"texture":"#2"},"down":{"uv":[0,0,16,16],"rotation":90,"texture":"#2"}}},{"from":[15.875,-16,26],"to":[21.125,-13.375,31.25],"rotation":{"angle":0,"axis":"y","origin":[59.25,2.25,27]},"faces":{"north":{"uv":[0,8,16,16],"texture":"#2"},"east":{"uv":[0,8,16,16],"texture":"#2"},"south":{"uv":[0,8,16,16],"texture":"#2"},"west":{"uv":[0,8,16,16],"texture":"#2"},"up":{"uv":[0,0,16,16],"rotation":270,"texture":"#2"},"down":{"uv":[0,0,16,16],"rotation":90,"texture":"#2"}}},{"from":[21.125,-16,26],"to":[26.375,-13.375,31.25],"rotation":{"angle":0,"axis":"y","origin":[64.5,2.25,27]},"faces":{"north":{"uv":[0,8,16,16],"texture":"#2"},"east":{"uv":[0,8,16,16],"texture":"#2"},"south":{"uv":[0,8,16,16],"texture":"#2"},"west":{"uv":[0,8,16,16],"texture":"#2"},"up":{"uv":[0,0,16,16],"rotation":270,"texture":"#2"},"down":{"uv":[0,0,16,16],"rotation":90,"texture":"#2"}}},{"from":[26.375,-16,26],"to":[31.625,-13.375,31.25],"rotation":{"angle":0,"axis":"y","origin":[69.75,2.25,27]},"faces":{"north":{"uv":[0,8,16,16],"texture":"#2"},"east":{"uv":[0,8,16,16],"texture":"#2"},"south":{"uv":[0,8,16,16],"texture":"#2"},"west":{"uv":[0,8,16,16],"texture":"#2"},"up":{"uv":[0,0,16,16],"rotation":270,"texture":"#2"},"down":{"uv":[0,0,16,16],"rotation":90,"texture":"#2"}}},{"from":[0.125,-16,-5.5],"to":[5.375,-13.375,-0.25],"rotation":{"angle":0,"axis":"y","origin":[43.5,2.25,-9]},"faces":{"north":{"uv":[0,8,16,16],"texture":"#2"},"east":{"uv":[0,8,16,16],"texture":"#2"},"south":{"uv":[0,8,16,16],"texture":"#2"},"west":{"uv":[0,8,16,16],"texture":"#2"},"up":{"uv":[0,0,16,16],"rotation":270,"texture":"#2"},"down":{"uv":[0,0,16,16],"rotation":90,"texture":"#2"}}},{"from":[-10.375,-16,-0.25],"to":[-5.125,-13.375,5],"rotation":{"angle":0,"axis":"y","origin":[33,2.25,-3.75]},"faces":{"north":{"uv":[0,8,16,16],"texture":"#0"},"east":{"uv":[0,8,16,16],"texture":"#0"},"south":{"uv":[0,8,16,16],"texture":"#0"},"west":{"uv":[0,8,16,16],"texture":"#0"},"up":{"uv":[0,0,16,16],"rotation":90,"texture":"#0"},"down":{"uv":[0,0,16,16],"rotation":90,"texture":"#0"}}},{"from":[-10.375,-10.75,10.25],"to":[-5.125,-8.125,15.5],"rotation":{"angle":0,"axis":"y","origin":[33,7.5,6.75]},"faces":{"north":{"uv":[0,8,16,16],"texture":"#2"},"east":{"uv":[0,8,16,16],"texture":"#2"},"south":{"uv":[0,8,16,16],"texture":"#2"},"west":{"uv":[0,8,16,16],"texture":"#2"},"up":{"uv":[0,0,16,16],"rotation":270,"texture":"#2"},"down":{"uv":[0,0,16,16],"rotation":90,"texture":"#2"}}},{"from":[-10.375,-10.75,5],"to":[-5.125,-8.125,10.25],"rotation":{"angle":0,"axis":"y","origin":[33,7.5,1.5]},"faces":{"north":{"uv":[0,8,16,16],"texture":"#2"},"east":{"uv":[0,8,16,16],"texture":"#2"},"south":{"uv":[0,8,16,16],"texture":"#2"},"west":{"uv":[0,8,16,16],"texture":"#2"},"up":{"uv":[0,0,16,16],"rotation":270,"texture":"#2"},"down":{"uv":[0,0,16,16],"rotation":90,"texture":"#2"}}},{"from":[-10.375,-16,10.25],"to":[-5.125,-13.375,15.5],"rotation":{"angle":0,"axis":"y","origin":[33,2.25,6.75]},"faces":{"north":{"uv":[0,8,16,16],"texture":"#0"},"east":{"uv":[0,8,16,16],"texture":"#0"},"south":{"uv":[0,8,16,16],"texture":"#0"},"west":{"uv":[0,8,16,16],"texture":"#0"},"up":{"uv":[0,0,16,16],"rotation":90,"texture":"#0"},"down":{"uv":[0,0,16,16],"rotation":90,"texture":"#0"}}},{"from":[-10.375,-10.75,15.5],"to":[-5.125,-8.125,20.75],"rotation":{"angle":0,"axis":"y","origin":[33,7.5,12]},"faces":{"north":{"uv":[0,8,16,16],"texture":"#2"},"east":{"uv":[0,8,16,16],"texture":"#2"},"south":{"uv":[0,8,16,16],"texture":"#2"},"west":{"uv":[0,8,16,16],"texture":"#2"},"up":{"uv":[0,0,16,16],"rotation":270,"texture":"#2"},"down":{"uv":[0,0,16,16],"rotation":90,"texture":"#2"}}},{"from":[-10.375,-8.125,15.5],"to":[-7.75,-5.5,20.75],"rotation":{"angle":0,"axis":"y","origin":[33,10.125,12]},"faces":{"north":{"uv":[8,0,16,8],"texture":"#2"},"east":{"uv":[0,0,16,8],"texture":"#2"},"south":{"uv":[0,0,8,8],"texture":"#2"},"west":{"uv":[0,0,16,8],"texture":"#2"},"up":{"uv":[0,0,16,8],"rotation":270,"texture":"#2"},"down":{"uv":[0,0,16,8],"rotation":270,"texture":"#2"}}},{"from":[-10.375,-8.125,5],"to":[-7.75,-5.5,10.25],"rotation":{"angle":0,"axis":"y","origin":[33,10.125,1.5]},"faces":{"north":{"uv":[8,0,16,8],"texture":"#2"},"east":{"uv":[0,0,16,8],"texture":"#2"},"south":{"uv":[0,0,8,8],"texture":"#2"},"west":{"uv":[0,0,16,8],"texture":"#2"},"up":{"uv":[0,0,16,8],"rotation":270,"texture":"#2"},"down":{"uv":[0,0,16,8],"rotation":270,"texture":"#2"}}},{"from":[-15.625,18.125,-5.5],"to":[-13,20.75,-0.25],"rotation":{"angle":0,"axis":"y","origin":[27.75,36.375,-9]},"faces":{"north":{"uv":[8,0,16,8],"texture":"#11"},"east":{"uv":[0,0,16,8],"texture":"#11"},"south":{"uv":[0,0,8,8],"texture":"#11"},"west":{"uv":[0,0,16,8],"texture":"#11"},"up":{"uv":[0,0,16,8],"rotation":270,"texture":"#11"},"down":{"uv":[0,0,16,8],"rotation":270,"texture":"#11"}}},{"from":[-15.625,26,5],"to":[-13,28.625,10.25],"rotation":{"angle":0,"axis":"y","origin":[27.75,44.25,1.5]},"faces":{"north":{"uv":[8,8,16,16],"texture":"#11"},"east":{"uv":[0,8,16,16],"texture":"#11"},"south":{"uv":[0,8,8,16],"texture":"#11"},"west":{"uv":[0,8,16,16],"texture":"#11"},"up":{"uv":[0,0,16,8],"rotation":270,"texture":"#11"},"down":{"uv":[0,0,16,8],"rotation":270,"texture":"#11"}}},{"from":[-15.625,15.5,-5.5],"to":[-10.375,18.125,-0.25],"rotation":{"angle":0,"axis":"y","origin":[27.75,33.75,-9]},"faces":{"north":{"uv":[0,8,16,16],"texture":"#11"},"east":{"uv":[0,8,16,16],"texture":"#11"},"south":{"uv":[0,8,16,16],"texture":"#11"},"west":{"uv":[0,8,16,16],"texture":"#11"},"up":{"uv":[0,0,16,16],"rotation":270,"texture":"#11"},"down":{"uv":[0,0,16,16],"rotation":90,"texture":"#11"}}},{"from":[15.875,18.125,10.25],"to":[18.5,20.75,15.5],"rotation":{"angle":0,"axis":"y","origin":[59.25,36.375,6.75]},"faces":{"north":{"uv":[8,0,16,8],"texture":"#2"},"east":{"uv":[0,0,16,8],"texture":"#2"},"south":{"uv":[0,0,8,8],"texture":"#2"},"west":{"uv":[0,0,16,8],"texture":"#2"},"up":{"uv":[0,0,16,8],"rotation":270,"texture":"#2"},"down":{"uv":[0,0,16,8],"rotation":270,"texture":"#2"}}},{"from":[-10.375,-13.375,5],"to":[-7.75,-10.75,10.25],"rotation":{"angle":0,"axis":"y","origin":[33,4.875,1.5]},"faces":{"north":{"uv":[8,0,16,8],"texture":"#19"},"east":{"uv":[0,0,16,8],"texture":"#19"},"south":{"uv":[0,0,8,8],"texture":"#19"},"west":{"uv":[0,0,16,8],"texture":"#19"},"up":{"uv":[0,0,16,8],"rotation":270,"texture":"#19"},"down":{"uv":[0,0,16,8],"rotation":270,"texture":"#19"}}},{"from":[-5.125,-16,5],"to":[0.125,-13.375,10.25],"rotation":{"angle":0,"axis":"y","origin":[38.25,2.25,1.5]},"faces":{"north":{"uv":[0,8,16,16],"texture":"#20"},"east":{"uv":[0,8,16,16],"texture":"#20"},"south":{"uv":[0,8,16,16],"texture":"#20"},"west":{"uv":[0,8,16,16],"texture":"#20"},"up":{"uv":[0,0,16,16],"rotation":270,"texture":"#20"},"down":{"uv":[0,0,16,16],"rotation":90,"texture":"#20"}}},{"from":[-10.375,-16,5],"to":[-5.125,-13.375,10.25],"rotation":{"angle":0,"axis":"y","origin":[33,2.25,1.5]},"faces":{"north":{"uv":[0,8,16,16],"texture":"#19"},"east":{"uv":[0,8,16,16],"texture":"#19"},"south":{"uv":[0,8,16,16],"texture":"#19"},"west":{"uv":[0,8,16,16],"texture":"#19"},"up":{"uv":[0,0,16,16],"rotation":270,"texture":"#19"},"down":{"uv":[0,0,16,16],"rotation":90,"texture":"#19"}}},{"from":[2.75,-13.375,5],"to":[5.375,-10.75,10.25],"rotation":{"angle":0,"axis":"y","origin":[46.125,4.875,1.5]},"faces":{"north":{"uv":[8,0,16,8],"texture":"#19"},"east":{"uv":[0,0,16,8],"texture":"#19"},"south":{"uv":[0,0,8,8],"texture":"#19"},"west":{"uv":[0,0,16,8],"texture":"#19"},"up":{"uv":[0,8,16,16],"rotation":270,"texture":"#19"},"down":{"uv":[0,8,16,16],"rotation":270,"texture":"#19"}}},{"from":[0.125,-16,5],"to":[5.375,-13.375,10.25],"rotation":{"angle":0,"axis":"y","origin":[43.5,2.25,1.5]},"faces":{"north":{"uv":[0,8,16,16],"texture":"#19"},"east":{"uv":[0,8,16,16],"texture":"#19"},"south":{"uv":[0,8,16,16],"texture":"#19"},"west":{"uv":[0,8,16,16],"texture":"#19"},"up":{"uv":[0,0,16,16],"rotation":270,"texture":"#19"},"down":{"uv":[0,0,16,16],"rotation":90,"texture":"#19"}}},{"from":[-10.375,-8.125,-5.5],"to":[-7.75,-5.5,-0.25],"rotation":{"angle":0,"axis":"y","origin":[33,10.125,-9]},"faces":{"north":{"uv":[8,0,16,8],"texture":"#2"},"east":{"uv":[0,0,16,8],"texture":"#2"},"south":{"uv":[0,0,8,8],"texture":"#2"},"west":{"uv":[0,0,16,8],"texture":"#2"},"up":{"uv":[0,0,16,8],"rotation":270,"texture":"#2"},"down":{"uv":[0,0,16,8],"rotation":270,"texture":"#2"}}},{"from":[2.75,-13.375,-5.5],"to":[5.375,-10.75,-0.25],"rotation":{"angle":0,"axis":"y","origin":[46.125,4.875,-9]},"faces":{"north":{"uv":[0,0,8,8],"texture":"#2"},"east":{"uv":[0,0,16,8],"texture":"#2"},"south":{"uv":[8,0,16,8],"texture":"#2"},"west":{"uv":[0,0,16,8],"texture":"#2"},"up":{"uv":[0,8,16,16],"rotation":270,"texture":"#2"},"down":{"uv":[0,0,16,8],"rotation":270,"texture":"#2"}}},{"from":[13.25,12.875,10.25],"to":[15.875,15.5,15.5],"rotation":{"angle":0,"axis":"y","origin":[56.625,31.125,6.75]},"faces":{"north":{"uv":[0,0,8,8],"texture":"#2"},"east":{"uv":[0,0,16,8],"texture":"#2"},"south":{"uv":[8,0,16,8],"texture":"#2"},"west":{"uv":[0,0,16,8],"texture":"#2"},"up":{"uv":[0,8,16,16],"rotation":270,"texture":"#2"},"down":{"uv":[0,0,16,8],"rotation":270,"texture":"#2"}}},{"from":[10.625,10.25,10.25],"to":[15.875,12.875,15.5],"rotation":{"angle":0,"axis":"y","origin":[54,28.5,6.75]},"faces":{"north":{"uv":[0,8,16,16],"texture":"#2"},"east":{"uv":[0,8,16,16],"texture":"#2"},"south":{"uv":[0,8,16,16],"texture":"#2"},"west":{"uv":[0,8,16,16],"texture":"#2"},"up":{"uv":[0,0,16,16],"rotation":270,"texture":"#2"},"down":{"uv":[0,0,16,16],"rotation":90,"texture":"#2"}}},{"from":[0.125,-16,15.5],"to":[5.375,-13.375,20.75],"rotation":{"angle":0,"axis":"y","origin":[43.5,2.25,12]},"faces":{"north":{"uv":[0,8,16,16],"texture":"#2"},"east":{"uv":[0,8,16,16],"texture":"#2"},"south":{"uv":[0,8,16,16],"texture":"#2"},"west":{"uv":[0,8,16,16],"texture":"#2"},"up":{"uv":[0,0,16,16],"rotation":270,"texture":"#2"},"down":{"uv":[0,0,16,16],"rotation":90,"texture":"#2"}}},{"from":[2.75,-13.375,15.5],"to":[5.375,-10.75,20.75],"rotation":{"angle":0,"axis":"y","origin":[46.125,4.875,12]},"faces":{"north":{"uv":[0,0,8,8],"texture":"#2"},"east":{"uv":[0,0,16,8],"texture":"#2"},"south":{"uv":[8,0,16,8],"texture":"#2"},"west":{"uv":[0,0,16,8],"texture":"#2"},"up":{"uv":[0,8,16,16],"rotation":270,"texture":"#2"},"down":{"uv":[0,0,16,8],"rotation":270,"texture":"#2"}}},{"from":[0.125,-16,10.25],"to":[5.375,-13.375,15.5],"rotation":{"angle":0,"axis":"y","origin":[43.5,2.25,6.75]},"faces":{"north":{"uv":[0,8,16,16],"texture":"#2"},"east":{"uv":[0,8,16,16],"texture":"#2"},"south":{"uv":[0,8,16,16],"texture":"#2"},"west":{"uv":[0,8,16,16],"texture":"#2"},"up":{"uv":[0,0,16,16],"rotation":270,"texture":"#2"},"down":{"uv":[0,0,16,16],"rotation":90,"texture":"#2"}}},{"from":[5.375,-16,20.75],"to":[10.625,-13.375,26],"rotation":{"angle":0,"axis":"y","origin":[48.75,2.25,17.25]},"faces":{"north":{"uv":[0,8,16,16],"texture":"#2"},"east":{"uv":[0,8,16,16],"texture":"#2"},"south":{"uv":[0,8,16,16],"texture":"#2"},"west":{"uv":[0,8,16,16],"texture":"#2"},"up":{"uv":[0,0,16,16],"rotation":270,"texture":"#2"},"down":{"uv":[0,0,16,16],"rotation":90,"texture":"#2"}}},{"from":[26.375,-0.25,15.5],"to":[31.625,2.375,20.75],"rotation":{"angle":0,"axis":"y","origin":[69.75,18,12]},"faces":{"north":{"uv":[0,8,16,16],"texture":"#2"},"east":{"uv":[0,8,16,16],"texture":"#2"},"south":{"uv":[0,8,16,16],"texture":"#2"},"west":{"uv":[0,8,16,16],"texture":"#2"},"up":{"uv":[0,0,16,16],"rotation":270,"texture":"#2"},"down":{"uv":[0,0,16,16],"rotation":90,"texture":"#2"}}},{"from":[15.875,7.625,10.25],"to":[21.125,10.25,15.5],"rotation":{"angle":0,"axis":"y","origin":[59.25,25.875,6.75]},"faces":{"north":{"uv":[0,0,16,8],"texture":"#2"},"east":{"uv":[0,0,16,8],"texture":"#2"},"south":{"uv":[0,0,16,8],"texture":"#2"},"west":{"uv":[0,0,16,8],"texture":"#2"},"up":{"uv":[0,0,16,16],"rotation":90,"texture":"#2"},"down":{"uv":[0,0,16,16],"rotation":90,"texture":"#2"}}},{"from":[21.125,12.875,10.25],"to":[26.375,15.5,15.5],"rotation":{"angle":0,"axis":"y","origin":[64.5,31.125,6.75]},"faces":{"north":{"uv":[0,0,16,8],"texture":"#2"},"east":{"uv":[0,0,16,8],"texture":"#2"},"south":{"uv":[0,0,16,8],"texture":"#2"},"west":{"uv":[0,0,16,8],"texture":"#2"},"up":{"uv":[0,0,16,16],"rotation":270,"texture":"#2"},"down":{"uv":[0,0,16,16],"rotation":90,"texture":"#2"}}},{"from":[15.875,12.875,5],"to":[21.125,15.5,10.25],"rotation":{"angle":0,"axis":"y","origin":[59.25,31.125,1.5]},"faces":{"north":{"uv":[0,0,16,8],"texture":"#2"},"east":{"uv":[0,0,16,8],"texture":"#2"},"south":{"uv":[0,0,16,8],"texture":"#2"},"west":{"uv":[0,0,16,8],"texture":"#2"},"up":{"uv":[0,0,16,16],"rotation":270,"texture":"#2"},"down":{"uv":[0,0,16,16],"rotation":90,"texture":"#2"}}},{"from":[21.125,20.75,10.25],"to":[26.375,21.1,15.5],"rotation":{"angle":0,"axis":"y","origin":[64.5,39,6.75]},"faces":{"north":{"uv":[0,15,16,16],"texture":"#28"},"east":{"uv":[0,15,16,16],"texture":"#28"},"south":{"uv":[0,15,16,16],"texture":"#28"},"west":{"uv":[0,15,16,16],"texture":"#28"},"up":{"uv":[0,0,16,16],"rotation":270,"texture":"#28"},"down":{"uv":[0,0,16,16],"rotation":90,"texture":"#28"}}},{"from":[18.5,5,10.25],"to":[21.125,7.625,15.5],"rotation":{"angle":0,"axis":"y","origin":[61.875,23.25,6.75]},"faces":{"north":{"uv":[0,8,8,16],"texture":"#2"},"east":{"uv":[0,8,16,16],"texture":"#2"},"south":{"uv":[8,8,16,16],"texture":"#2"},"west":{"uv":[0,8,16,16],"texture":"#2"},"up":{"uv":[0,0,16,8],"rotation":90,"texture":"#2"},"down":{"uv":[0,0,16,8],"rotation":90,"texture":"#2"}}},{"from":[21.125,10.25,10.25],"to":[23.75,12.875,15.5],"rotation":{"angle":0,"axis":"y","origin":[64.5,28.5,6.75]},"faces":{"north":{"uv":[8,8,16,16],"texture":"#2"},"east":{"uv":[0,8,16,16],"texture":"#2"},"south":{"uv":[0,8,8,16],"texture":"#2"},"west":{"uv":[0,8,16,16],"texture":"#2"},"up":{"uv":[0,0,16,8],"rotation":90,"texture":"#2"},"down":{"uv":[0,8,16,16],"rotation":90,"texture":"#2"}}},{"from":[26.375,-0.25,-5.5],"to":[31.625,2.375,-0.25],"rotation":{"angle":0,"axis":"y","origin":[69.75,18,-9]},"faces":{"north":{"uv":[0,8,16,16],"texture":"#2"},"east":{"uv":[0,8,16,16],"texture":"#2"},"south":{"uv":[0,8,16,16],"texture":"#2"},"west":{"uv":[0,8,16,16],"texture":"#2"},"up":{"uv":[0,0,16,16],"rotation":270,"texture":"#2"},"down":{"uv":[0,0,16,16],"rotation":90,"texture":"#2"}}},{"from":[-10.375,-16,15.5],"to":[-5.125,-13.375,20.75],"rotation":{"angle":0,"axis":"y","origin":[33,2.25,12]},"faces":{"north":{"uv":[0,8,16,16],"texture":"#0"},"east":{"uv":[0,8,16,16],"texture":"#0"},"south":{"uv":[0,8,16,16],"texture":"#0"},"west":{"uv":[0,8,16,16],"texture":"#0"},"up":{"uv":[0,0,16,16],"rotation":90,"texture":"#0"},"down":{"uv":[0,0,16,16],"rotation":90,"texture":"#0"}}},{"from":[21.125,-0.25,15.5],"to":[26.375,2.375,20.75],"rotation":{"angle":0,"axis":"y","origin":[64.5,18,12]},"faces":{"north":{"uv":[0,8,16,16],"texture":"#0"},"east":{"uv":[0,8,16,16],"texture":"#0"},"south":{"uv":[0,8,16,16],"texture":"#0"},"west":{"uv":[0,8,16,16],"texture":"#0"},"up":{"uv":[0,0,16,16],"rotation":270,"texture":"#0"},"down":{"uv":[0,0,16,16],"rotation":90,"texture":"#0"}}},{"from":[21.125,10.25,15.5],"to":[26.375,12.875,20.75],"rotation":{"angle":0,"axis":"y","origin":[64.5,28.5,12]},"faces":{"north":{"uv":[0,8,16,16],"texture":"#0"},"east":{"uv":[0,8,16,16],"texture":"#0"},"south":{"uv":[0,8,16,16],"texture":"#0"},"west":{"uv":[0,8,16,16],"texture":"#0"},"up":{"uv":[0,0,16,16],"rotation":270,"texture":"#0"},"down":{"uv":[0,0,16,16],"rotation":90,"texture":"#0"}}},{"from":[15.875,20.75,15.5],"to":[21.125,23.375,20.75],"rotation":{"angle":0,"axis":"y","origin":[59.25,39,12]},"faces":{"north":{"uv":[0,8,16,16],"texture":"#0"},"east":{"uv":[0,8,16,16],"texture":"#0"},"south":{"uv":[0,8,16,16],"texture":"#0"},"west":{"uv":[0,8,16,16],"texture":"#0"},"up":{"uv":[0,0,16,16],"rotation":90,"texture":"#0"},"down":{"uv":[0,0,16,16],"rotation":90,"texture":"#0"}}},{"from":[23.75,-5.5,15.5],"to":[26.375,-2.875,20.75],"rotation":{"angle":0,"axis":"y","origin":[67.125,12.75,12]},"faces":{"north":{"uv":[0,8,8,16],"texture":"#0"},"east":{"uv":[0,8,16,16],"texture":"#0"},"south":{"uv":[8,8,16,16],"texture":"#0"},"west":{"uv":[0,8,16,16],"texture":"#0"},"up":{"uv":[0,0,16,8],"rotation":90,"texture":"#0"},"down":{"uv":[0,8,16,16],"rotation":90,"texture":"#0"}}},{"from":[21.125,-2.875,15.5],"to":[26.375,-0.25,20.75],"rotation":{"angle":0,"axis":"y","origin":[64.5,15.375,12]},"faces":{"north":{"uv":[0,0,16,8],"texture":"#0"},"east":{"uv":[0,0,16,8],"texture":"#0"},"south":{"uv":[0,0,16,8],"texture":"#0"},"west":{"uv":[0,0,16,8],"texture":"#0"},"up":{"uv":[0,0,16,16],"rotation":90,"texture":"#0"},"down":{"uv":[0,0,16,16],"rotation":90,"texture":"#0"}}},{"from":[15.875,-0.25,15.5],"to":[21.125,5,20.75],"rotation":{"angle":0,"axis":"y","origin":[30.375,15.75,-5.25]},"faces":{"north":{"uv":[0,0,16,16],"texture":"#24"},"east":{"uv":[0,0,16,16],"texture":"#24"},"south":{"uv":[0,0,16,16],"texture":"#24"},"west":{"uv":[0,0,16,16],"texture":"#24"},"up":{"uv":[0,0,16,16],"texture":"#24"},"down":{"uv":[0,0,16,16],"texture":"#24"}}},{"from":[10.625,5,15.5],"to":[15.875,10.25,20.75],"rotation":{"angle":0,"axis":"y","origin":[25.125,21,-5.25]},"faces":{"north":{"uv":[0,0,16,16],"texture":"#24"},"east":{"uv":[0,0,16,16],"texture":"#24"},"south":{"uv":[0,0,16,16],"texture":"#24"},"west":{"uv":[0,0,16,16],"texture":"#24"},"up":{"uv":[0,0,16,16],"texture":"#24"},"down":{"uv":[0,0,16,16],"texture":"#24"}}},{"from":[12.925,5,12.5469],"to":[13.525,10.25,15.5],"rotation":{"angle":0,"axis":"y","origin":[25.125,21,-8.2031]},"faces":{"north":{"uv":[7,0,9,16],"texture":"#26"},"east":{"uv":[0,0,9,16],"texture":"#26"},"south":{"uv":[7,0,9,16],"texture":"#26"},"west":{"uv":[7,0,16,16],"texture":"#26"},"up":{"uv":[7,0,9,16],"texture":"#27"},"down":{"uv":[7,0,9,16],"texture":"#27"}}},{"from":[21.125,5,12.55],"to":[24.0781,10.25,13.15],"rotation":{"angle":0,"axis":"y","origin":[31.025,21,-10.5]},"faces":{"north":{"uv":[7,0,16,16],"texture":"#26"},"east":{"uv":[7,0,9,16],"texture":"#26"},"south":{"uv":[0,0,9,16],"texture":"#26"},"west":{"uv":[7,0,9,16],"texture":"#26"},"up":{"uv":[7,0,9,16],"rotation":90,"texture":"#27"},"down":{"uv":[7,0,9,16],"rotation":90,"texture":"#27"}}},{"from":[10.625,20.75,10.25],"to":[15.875,21.1,15.5],"rotation":{"angle":0,"axis":"y","origin":[54,39,6.75]},"faces":{"north":{"uv":[0,15,16,16],"texture":"#28"},"east":{"uv":[0,15,16,16],"texture":"#28"},"south":{"uv":[0,15,16,16],"texture":"#28"},"west":{"uv":[0,15,16,16],"texture":"#28"},"up":{"uv":[0,0,16,16],"rotation":270,"texture":"#28"},"down":{"uv":[0,0,16,16],"rotation":90,"texture":"#28"}}},{"from":[10.625,4,10.25],"to":[15.875,5,15.5],"rotation":{"angle":0,"axis":"y","origin":[25.125,20,-10.5]},"faces":{"north":{"uv":[0,13,16,16],"rotation":180,"texture":"#25"},"east":{"uv":[0,13,16,16],"rotation":180,"texture":"#25"},"south":{"uv":[0,13,16,16],"rotation":180,"texture":"#25"},"west":{"uv":[0,13,16,16],"rotation":180,"texture":"#25"},"up":{"uv":[0,0,16,16],"texture":"#25"},"down":{"uv":[0,0,16,16],"texture":"#25"}}},{"from":[21.125,4,10.25],"to":[26.375,5,15.5],"rotation":{"angle":0,"axis":"y","origin":[35.625,20,-10.5]},"faces":{"north":{"uv":[0,13,16,16],"rotation":180,"texture":"#25"},"east":{"uv":[0,13,16,16],"rotation":180,"texture":"#25"},"south":{"uv":[0,13,16,16],"rotation":180,"texture":"#25"},"west":{"uv":[0,13,16,16],"rotation":180,"texture":"#25"},"up":{"uv":[0,0,16,16],"texture":"#25"},"down":{"uv":[0,0,16,16],"texture":"#25"}}},{"from":[10.625,10.25,15.5],"to":[15.875,15.5,20.75],"rotation":{"angle":0,"axis":"y","origin":[25.125,26.25,-5.25]},"faces":{"north":{"uv":[0,0,16,16],"texture":"#24"},"east":{"uv":[0,0,16,16],"texture":"#24"},"south":{"uv":[0,0,16,16],"texture":"#24"},"west":{"uv":[0,0,16,16],"texture":"#24"},"up":{"uv":[0,0,16,16],"texture":"#24"},"down":{"uv":[0,0,16,16],"texture":"#24"}}},{"from":[15.875,10.25,10.25],"to":[21.125,15.5,15.5],"rotation":{"angle":0,"axis":"y","origin":[30.375,26.25,-10.5]},"faces":{"north":{"uv":[0,0,16,16],"texture":"#9"},"east":{"uv":[0,0,16,16],"texture":"#9"},"south":{"uv":[0,0,16,16],"texture":"#9"},"west":{"uv":[0,0,16,16],"texture":"#9"},"up":{"uv":[0,0,16,16],"texture":"#9"},"down":{"uv":[0,0,16,16],"texture":"#9"}}},{"from":[21.125,4,-0.25],"to":[26.375,5,5],"rotation":{"angle":0,"axis":"y","origin":[35.625,20,-21]},"faces":{"north":{"uv":[0,13,16,16],"rotation":180,"texture":"#25"},"east":{"uv":[0,13,16,16],"rotation":180,"texture":"#25"},"south":{"uv":[0,13,16,16],"rotation":180,"texture":"#25"},"west":{"uv":[0,13,16,16],"rotation":180,"texture":"#25"},"up":{"uv":[0,0,16,16],"texture":"#25"},"down":{"uv":[0,0,16,16],"texture":"#25"}}},{"from":[15.875,7.625,-0.25],"to":[21.125,10.25,5],"rotation":{"angle":0,"axis":"y","origin":[59.25,25.875,-3.75]},"faces":{"north":{"uv":[0,0,16,8],"texture":"#2"},"east":{"uv":[0,0,16,8],"texture":"#2"},"south":{"uv":[0,0,16,8],"texture":"#2"},"west":{"uv":[0,0,16,8],"texture":"#2"},"up":{"uv":[0,0,16,16],"rotation":90,"texture":"#2"},"down":{"uv":[0,0,16,16],"rotation":90,"texture":"#2"}}},{"from":[18.5,5,-0.25],"to":[21.125,7.625,5],"rotation":{"angle":0,"axis":"y","origin":[61.875,23.25,-3.75]},"faces":{"north":{"uv":[0,8,8,16],"texture":"#2"},"east":{"uv":[0,8,16,16],"texture":"#2"},"south":{"uv":[8,8,16,16],"texture":"#2"},"west":{"uv":[0,8,16,16],"texture":"#2"},"up":{"uv":[0,0,16,8],"rotation":90,"texture":"#2"},"down":{"uv":[0,0,16,8],"rotation":90,"texture":"#2"}}},{"from":[10.625,4,-0.25],"to":[15.875,5,5],"rotation":{"angle":0,"axis":"y","origin":[25.125,20,-21]},"faces":{"north":{"uv":[0,13,16,16],"rotation":180,"texture":"#25"},"east":{"uv":[0,13,16,16],"rotation":180,"texture":"#25"},"south":{"uv":[0,13,16,16],"rotation":180,"texture":"#25"},"west":{"uv":[0,13,16,16],"rotation":180,"texture":"#25"},"up":{"uv":[0,0,16,16],"texture":"#25"},"down":{"uv":[0,0,16,16],"texture":"#25"}}},{"from":[12.925,5,-0.25],"to":[13.525,10.25,2.7031],"rotation":{"angle":0,"axis":"y","origin":[22.825,21,-21]},"faces":{"north":{"uv":[7,0,9,16],"texture":"#26"},"east":{"uv":[7,0,16,16],"texture":"#26"},"south":{"uv":[7,0,9,16],"texture":"#26"},"west":{"uv":[0,0,9,16],"texture":"#26"},"up":{"uv":[7,0,9,16],"texture":"#27"},"down":{"uv":[7,0,9,16],"texture":"#27"}}},{"from":[21.125,5,2.05],"to":[24.0781,10.25,2.65],"rotation":{"angle":0,"axis":"y","origin":[31.025,21,-21]},"faces":{"north":{"uv":[7,0,16,16],"texture":"#26"},"east":{"uv":[7,0,9,16],"texture":"#26"},"south":{"uv":[0,0,9,16],"texture":"#26"},"west":{"uv":[7,0,9,16],"texture":"#26"},"up":{"uv":[7,0,9,16],"rotation":90,"texture":"#27"},"down":{"uv":[7,0,9,16],"rotation":90,"texture":"#27"}}},{"from":[10.625,10.25,-0.25],"to":[15.875,12.875,5],"rotation":{"angle":0,"axis":"y","origin":[54,28.5,-3.75]},"faces":{"north":{"uv":[0,8,16,16],"texture":"#2"},"east":{"uv":[0,8,16,16],"texture":"#2"},"south":{"uv":[0,8,16,16],"texture":"#2"},"west":{"uv":[0,8,16,16],"texture":"#2"},"up":{"uv":[0,0,16,16],"rotation":270,"texture":"#2"},"down":{"uv":[0,0,16,16],"rotation":90,"texture":"#2"}}},{"from":[13.25,12.875,-0.25],"to":[15.875,15.5,5],"rotation":{"angle":0,"axis":"y","origin":[56.625,31.125,-3.75]},"faces":{"north":{"uv":[0,0,8,8],"texture":"#2"},"east":{"uv":[0,0,16,8],"texture":"#2"},"south":{"uv":[8,0,16,8],"texture":"#2"},"west":{"uv":[0,0,16,8],"texture":"#2"},"up":{"uv":[0,8,16,16],"rotation":270,"texture":"#2"},"down":{"uv":[0,0,16,8],"rotation":270,"texture":"#2"}}},{"from":[-13,12.875,-5.5],"to":[-10.375,15.5,-0.25],"rotation":{"angle":0,"axis":"y","origin":[30.375,31.125,-9]},"faces":{"north":{"uv":[0,0,8,8],"texture":"#11"},"east":{"uv":[0,0,16,8],"texture":"#11"},"south":{"uv":[8,0,16,8],"texture":"#11"},"west":{"uv":[0,0,16,8],"texture":"#11"},"up":{"uv":[0,8,16,16],"rotation":270,"texture":"#11"},"down":{"uv":[0,0,16,8],"rotation":270,"texture":"#11"}}},{"from":[-15.625,10.25,-5.5],"to":[-10.375,12.875,-0.25],"rotation":{"angle":0,"axis":"y","origin":[27.75,28.5,-9]},"faces":{"north":{"uv":[0,8,16,16],"texture":"#11"},"east":{"uv":[0,8,16,16],"texture":"#11"},"south":{"uv":[0,8,16,16],"texture":"#11"},"west":{"uv":[0,8,16,16],"texture":"#11"},"up":{"uv":[0,0,16,16],"rotation":270,"texture":"#11"},"down":{"uv":[0,0,16,16],"rotation":90,"texture":"#11"}}},{"from":[-15.625,18.125,15.5],"to":[-13,20.75,20.75],"rotation":{"angle":0,"axis":"y","origin":[27.75,36.375,12]},"faces":{"north":{"uv":[8,0,16,8],"texture":"#11"},"east":{"uv":[0,0,16,8],"texture":"#11"},"south":{"uv":[0,0,8,8],"texture":"#11"},"west":{"uv":[0,0,16,8],"texture":"#11"},"up":{"uv":[0,0,16,8],"rotation":270,"texture":"#11"},"down":{"uv":[0,0,16,8],"rotation":270,"texture":"#11"}}},{"from":[-15.625,15.5,15.5],"to":[-10.375,18.125,20.75],"rotation":{"angle":0,"axis":"y","origin":[27.75,33.75,12]},"faces":{"north":{"uv":[0,8,16,16],"texture":"#11"},"east":{"uv":[0,8,16,16],"texture":"#11"},"south":{"uv":[0,8,16,16],"texture":"#11"},"west":{"uv":[0,8,16,16],"texture":"#11"},"up":{"uv":[0,0,16,16],"rotation":270,"texture":"#11"},"down":{"uv":[0,0,16,16],"rotation":90,"texture":"#11"}}},{"from":[-15.625,23.375,5],"to":[-10.375,26,10.25],"rotation":{"angle":0,"axis":"y","origin":[27.75,41.625,1.5]},"faces":{"north":{"uv":[0,0,16,8],"texture":"#11"},"east":{"uv":[0,0,16,8],"texture":"#11"},"south":{"uv":[0,0,16,8],"texture":"#11"},"west":{"uv":[0,0,16,8],"texture":"#11"},"up":{"uv":[0,0,16,16],"rotation":270,"texture":"#11"},"down":{"uv":[0,0,16,16],"rotation":90,"texture":"#11"}}},{"from":[-15.625,28.625,5],"to":[-10.375,31.25,10.25],"rotation":{"angle":0,"axis":"y","origin":[27.75,46.875,1.5]},"faces":{"north":{"uv":[0,0,16,8],"texture":"#11"},"east":{"uv":[0,0,16,8],"texture":"#11"},"south":{"uv":[0,0,16,8],"texture":"#11"},"west":{"uv":[0,0,16,8],"texture":"#11"},"up":{"uv":[0,0,16,16],"rotation":270,"texture":"#11"},"down":{"uv":[0,0,16,16],"rotation":90,"texture":"#11"}}},{"from":[-13,12.875,15.5],"to":[-10.375,15.5,20.75],"rotation":{"angle":0,"axis":"y","origin":[30.375,31.125,12]},"faces":{"north":{"uv":[0,0,8,8],"texture":"#11"},"east":{"uv":[0,0,16,8],"texture":"#11"},"south":{"uv":[8,0,16,8],"texture":"#11"},"west":{"uv":[0,0,16,8],"texture":"#11"},"up":{"uv":[0,8,16,16],"rotation":270,"texture":"#11"},"down":{"uv":[0,0,16,8],"rotation":270,"texture":"#11"}}},{"from":[-15.625,10.25,15.5],"to":[-10.375,12.875,20.75],"rotation":{"angle":0,"axis":"y","origin":[27.75,28.5,12]},"faces":{"north":{"uv":[0,8,16,16],"texture":"#11"},"east":{"uv":[0,8,16,16],"texture":"#11"},"south":{"uv":[0,8,16,16],"texture":"#11"},"west":{"uv":[0,8,16,16],"texture":"#11"},"up":{"uv":[0,0,16,16],"rotation":270,"texture":"#11"},"down":{"uv":[0,0,16,16],"rotation":90,"texture":"#11"}}},{"from":[-10.375,10.25,15.5],"to":[-5.125,12.875,20.75],"rotation":{"angle":0,"axis":"y","origin":[33,28.5,12]},"faces":{"north":{"uv":[0,8,16,16],"texture":"#0"},"east":{"uv":[0,8,16,16],"texture":"#0"},"south":{"uv":[0,8,16,16],"texture":"#0"},"west":{"uv":[0,8,16,16],"texture":"#0"},"up":{"uv":[0,0,16,16],"rotation":90,"texture":"#0"},"down":{"uv":[0,0,16,16],"rotation":90,"texture":"#0"}}},{"from":[-10.375,7.625,15.5],"to":[-5.125,10.25,20.75],"rotation":{"angle":0,"axis":"y","origin":[33,25.875,12]},"faces":{"north":{"uv":[0,0,16,8],"texture":"#0"},"east":{"uv":[0,0,16,8],"texture":"#0"},"south":{"uv":[0,0,16,8],"texture":"#0"},"west":{"uv":[0,0,16,8],"texture":"#0"},"up":{"uv":[0,0,16,16],"rotation":90,"texture":"#0"},"down":{"uv":[0,0,16,16],"rotation":90,"texture":"#0"}}},{"from":[-5.125,10.25,15.5],"to":[0.125,15.5,20.75],"rotation":{"angle":0,"axis":"y","origin":[9.375,26.25,-5.25]},"faces":{"north":{"uv":[0,0,16,16],"texture":"#0"},"east":{"uv":[0,0,16,16],"texture":"#0"},"south":{"uv":[0,0,16,16],"texture":"#0"},"west":{"uv":[0,0,16,16],"texture":"#0"},"up":{"uv":[0,0,16,16],"rotation":270,"texture":"#0"},"down":{"uv":[0,0,16,16],"texture":"#0"}}},{"from":[-15.625,5,15.5],"to":[-10.375,10.25,20.75],"rotation":{"angle":0,"axis":"y","origin":[-1.125,21,-5.25]},"faces":{"north":{"uv":[0,0,16,16],"texture":"#12"},"east":{"uv":[0,0,16,16],"texture":"#12"},"south":{"uv":[0,0,16,16],"texture":"#12"},"west":{"uv":[0,0,16,16],"texture":"#12"},"up":{"uv":[0,0,16,16],"texture":"#12"},"down":{"uv":[0,0,16,16],"texture":"#12"}}},{"from":[-15.625,-10.75,15.5],"to":[-10.375,-5.5,20.75],"rotation":{"angle":0,"axis":"y","origin":[-1.125,0,-5.25]},"faces":{"north":{"uv":[0,0,16,16],"texture":"#3"},"east":{"uv":[0,0,16,16],"texture":"#3"},"south":{"uv":[0,0,16,16],"texture":"#3"},"west":{"uv":[0,0,16,16],"texture":"#3"},"up":{"uv":[0,0,16,16],"rotation":90,"texture":"#3"},"down":{"uv":[0,0,16,16],"texture":"#3"}}},{"from":[15.875,10.25,-0.25],"to":[21.125,15.5,5],"rotation":{"angle":0,"axis":"y","origin":[30.375,26.25,-21]},"faces":{"north":{"uv":[0,0,16,16],"texture":"#9"},"east":{"uv":[0,0,16,16],"texture":"#9"},"south":{"uv":[0,0,16,16],"texture":"#9"},"west":{"uv":[0,0,16,16],"texture":"#9"},"up":{"uv":[0,0,16,16],"texture":"#9"},"down":{"uv":[0,0,16,16],"texture":"#9"}}},{"from":[21.125,10.25,-0.25],"to":[23.75,12.875,5],"rotation":{"angle":0,"axis":"y","origin":[64.5,28.5,-3.75]},"faces":{"north":{"uv":[8,8,16,16],"texture":"#2"},"east":{"uv":[0,8,16,16],"texture":"#2"},"south":{"uv":[0,8,8,16],"texture":"#2"},"west":{"uv":[0,8,16,16],"texture":"#2"},"up":{"uv":[0,0,16,8],"rotation":90,"texture":"#2"},"down":{"uv":[0,8,16,16],"rotation":90,"texture":"#2"}}},{"from":[21.125,12.875,-0.25],"to":[26.375,15.5,5],"rotation":{"angle":0,"axis":"y","origin":[64.5,31.125,-3.75]},"faces":{"north":{"uv":[0,0,16,8],"texture":"#2"},"east":{"uv":[0,0,16,8],"texture":"#2"},"south":{"uv":[0,0,16,8],"texture":"#2"},"west":{"uv":[0,0,16,8],"texture":"#2"},"up":{"uv":[0,0,16,16],"rotation":270,"texture":"#2"},"down":{"uv":[0,0,16,16],"rotation":90,"texture":"#2"}}},{"from":[15.875,15.5,-0.25],"to":[21.125,18.125,5],"rotation":{"angle":0,"axis":"y","origin":[59.25,33.75,-3.75]},"faces":{"north":{"uv":[0,8,16,16],"texture":"#2"},"east":{"uv":[0,8,16,16],"texture":"#2"},"south":{"uv":[0,8,16,16],"texture":"#2"},"west":{"uv":[0,8,16,16],"texture":"#2"},"up":{"uv":[0,0,16,16],"rotation":270,"texture":"#2"},"down":{"uv":[0,0,16,16],"rotation":90,"texture":"#2"}}},{"from":[15.875,18.125,-0.25],"to":[18.5,20.75,5],"rotation":{"angle":0,"axis":"y","origin":[59.25,36.375,-3.75]},"faces":{"north":{"uv":[8,0,16,8],"texture":"#2"},"east":{"uv":[0,0,16,8],"texture":"#2"},"south":{"uv":[0,0,8,8],"texture":"#2"},"west":{"uv":[0,0,16,8],"texture":"#2"},"up":{"uv":[0,0,16,8],"rotation":270,"texture":"#2"},"down":{"uv":[0,0,16,8],"rotation":270,"texture":"#2"}}},{"from":[23.425,15.5,2.05],"to":[24.025,20.75,2.65],"rotation":{"angle":0,"axis":"y","origin":[28.725,31.5,-23.3]},"faces":{"north":{"uv":[7,0,9,16],"texture":"#26"},"east":{"uv":[7,0,9,16],"texture":"#26"},"south":{"uv":[7,0,9,16],"texture":"#26"},"west":{"uv":[7,0,9,16],"texture":"#26"},"up":{"uv":[7,0,9,16],"rotation":90,"texture":"#27"},"down":{"uv":[7,0,9,16],"rotation":90,"texture":"#27"}}},{"from":[10.625,20.75,-0.25],"to":[15.875,21.1,5],"rotation":{"angle":0,"axis":"y","origin":[54,39,-3.75]},"faces":{"north":{"uv":[0,15,16,16],"texture":"#28"},"east":{"uv":[0,15,16,16],"texture":"#28"},"south":{"uv":[0,15,16,16],"texture":"#28"},"west":{"uv":[0,15,16,16],"texture":"#28"},"up":{"uv":[0,0,16,16],"rotation":270,"texture":"#28"},"down":{"uv":[0,0,16,16],"rotation":90,"texture":"#28"}}},{"from":[12.9219,15.5,2.05],"to":[15.875,20.75,2.65],"rotation":{"angle":0,"axis":"y","origin":[22.8219,31.5,-23.3]},"faces":{"north":{"uv":[0,0,9,16],"texture":"#26"},"east":{"uv":[7,0,9,16],"texture":"#26"},"south":{"uv":[7,0,16,16],"texture":"#26"},"west":{"uv":[7,0,9,16],"texture":"#26"},"up":{"uv":[7,0,9,16],"rotation":90,"texture":"#27"},"down":{"uv":[7,0,9,16],"rotation":90,"texture":"#27"}}},{"from":[12.9219,15.5,12.55],"to":[15.875,20.75,13.15],"rotation":{"angle":0,"axis":"y","origin":[22.8219,31.5,-12.8]},"faces":{"north":{"uv":[0,0,9,16],"texture":"#26"},"east":{"uv":[7,0,9,16],"texture":"#26"},"south":{"uv":[7,0,16,16],"texture":"#26"},"west":{"uv":[7,0,9,16],"texture":"#26"},"up":{"uv":[7,0,9,16],"rotation":90,"texture":"#27"},"down":{"uv":[7,0,9,16],"rotation":90,"texture":"#27"}}},{"from":[23.425,15.5,12.55],"to":[24.025,20.75,13.15],"rotation":{"angle":0,"axis":"y","origin":[28.725,31.5,-12.8]},"faces":{"north":{"uv":[7,0,9,16],"texture":"#26"},"east":{"uv":[7,0,9,16],"texture":"#26"},"south":{"uv":[7,0,9,16],"texture":"#26"},"west":{"uv":[7,0,9,16],"texture":"#26"},"up":{"uv":[7,0,9,16],"rotation":90,"texture":"#27"},"down":{"uv":[7,0,9,16],"rotation":90,"texture":"#27"}}},{"from":[15.875,15.5,10.25],"to":[21.125,18.125,15.5],"rotation":{"angle":0,"axis":"y","origin":[59.25,33.75,6.75]},"faces":{"north":{"uv":[0,8,16,16],"texture":"#2"},"east":{"uv":[0,8,16,16],"texture":"#2"},"south":{"uv":[0,8,16,16],"texture":"#2"},"west":{"uv":[0,8,16,16],"texture":"#2"},"up":{"uv":[0,0,16,16],"rotation":270,"texture":"#2"},"down":{"uv":[0,0,16,16],"rotation":90,"texture":"#2"}}},{"from":[21.125,20.75,-0.25],"to":[26.375,21.1,5],"rotation":{"angle":0,"axis":"y","origin":[64.5,39,-3.75]},"faces":{"north":{"uv":[0,15,16,16],"texture":"#28"},"east":{"uv":[0,15,16,16],"texture":"#28"},"south":{"uv":[0,15,16,16],"texture":"#28"},"west":{"uv":[0,15,16,16],"texture":"#28"},"up":{"uv":[0,0,16,16],"rotation":270,"texture":"#28"},"down":{"uv":[0,0,16,16],"rotation":90,"texture":"#28"}}},{"from":[15.875,15.5,15.5],"to":[21.125,20.75,20.75],"rotation":{"angle":0,"axis":"y","origin":[30.375,31.5,-5.25]},"faces":{"north":{"uv":[0,0,16,16],"texture":"#24"},"east":{"uv":[0,0,16,16],"texture":"#24"},"south":{"uv":[0,0,16,16],"texture":"#24"},"west":{"uv":[0,0,16,16],"texture":"#24"},"up":{"uv":[0,0,16,16],"texture":"#24"},"down":{"uv":[0,0,16,16],"texture":"#24"}}},{"from":[10.625,2.375,15.5],"to":[15.875,5,20.75],"rotation":{"angle":0,"axis":"y","origin":[54,20.625,12]},"faces":{"north":{"uv":[0,0,16,8],"texture":"#0"},"east":{"uv":[0,0,16,8],"texture":"#0"},"south":{"uv":[0,0,16,8],"texture":"#0"},"west":{"uv":[0,0,16,8],"texture":"#0"},"up":{"uv":[0,0,16,16],"rotation":90,"texture":"#0"},"down":{"uv":[0,0,16,16],"rotation":90,"texture":"#0"}}},{"from":[15.875,12.875,15.5],"to":[21.125,15.5,20.75],"rotation":{"angle":0,"axis":"y","origin":[59.25,31.125,12]},"faces":{"north":{"uv":[0,0,16,8],"texture":"#0"},"east":{"uv":[0,0,16,8],"texture":"#0"},"south":{"uv":[0,0,16,8],"texture":"#0"},"west":{"uv":[0,0,16,8],"texture":"#0"},"up":{"uv":[0,0,16,16],"rotation":90,"texture":"#0"},"down":{"uv":[0,0,16,16],"rotation":90,"texture":"#0"}}},{"from":[26.375,7.625,15.5],"to":[31.625,10.25,20.75],"rotation":{"angle":0,"axis":"y","origin":[69.75,25.875,12]},"faces":{"north":{"uv":[0,0,16,8],"texture":"#0"},"east":{"uv":[0,0,16,8],"texture":"#0"},"south":{"uv":[0,0,16,8],"texture":"#0"},"west":{"uv":[0,0,16,8],"texture":"#0"},"up":{"uv":[0,0,16,16],"rotation":90,"texture":"#0"},"down":{"uv":[0,0,16,16],"rotation":90,"texture":"#0"}}},{"from":[13.25,-0.25,15.5],"to":[15.875,2.375,20.75],"rotation":{"angle":0,"axis":"y","origin":[56.625,18,12]},"faces":{"north":{"uv":[0,8,8,16],"texture":"#0"},"east":{"uv":[0,8,16,16],"texture":"#0"},"south":{"uv":[8,8,16,16],"texture":"#0"},"west":{"uv":[0,8,16,16],"texture":"#0"},"up":{"uv":[0,0,16,8],"rotation":90,"texture":"#0"},"down":{"uv":[0,8,16,16],"rotation":90,"texture":"#0"}}},{"from":[15.875,23.375,15.5],"to":[18.5,26,20.75],"rotation":{"angle":0,"axis":"y","origin":[59.25,41.625,12]},"faces":{"north":{"uv":[8,8,16,16],"texture":"#0"},"east":{"uv":[0,8,16,16],"texture":"#0"},"south":{"uv":[0,8,8,16],"texture":"#0"},"west":{"uv":[0,8,16,16],"texture":"#0"},"up":{"uv":[0,0,16,8],"rotation":270,"texture":"#0"},"down":{"uv":[0,8,16,16],"rotation":90,"texture":"#0"}}},{"from":[10.625,23.375,15.5],"to":[15.875,26,20.75],"rotation":{"angle":0,"axis":"y","origin":[54,41.625,12]},"faces":{"north":{"uv":[0,0,16,8],"texture":"#0"},"east":{"uv":[0,0,16,8],"texture":"#0"},"south":{"uv":[0,0,16,8],"texture":"#0"},"west":{"uv":[0,0,16,8],"texture":"#0"},"up":{"uv":[0,0,16,16],"rotation":270,"texture":"#0"},"down":{"uv":[0,0,16,16],"rotation":90,"texture":"#0"}}},{"from":[13.25,20.75,15.5],"to":[15.875,23.375,20.75],"rotation":{"angle":0,"axis":"y","origin":[56.625,39,12]},"faces":{"north":{"uv":[0,8,8,16],"texture":"#0"},"east":{"uv":[0,8,16,16],"texture":"#0"},"south":{"uv":[8,8,16,16],"texture":"#0"},"west":{"uv":[0,8,16,16],"texture":"#0"},"up":{"uv":[0,0,16,8],"rotation":90,"texture":"#0"},"down":{"uv":[0,0,16,8],"rotation":90,"texture":"#0"}}},{"from":[15.875,10.25,15.5],"to":[18.5,12.875,20.75],"rotation":{"angle":0,"axis":"y","origin":[59.25,28.5,12]},"faces":{"north":{"uv":[8,8,16,16],"texture":"#0"},"east":{"uv":[0,8,16,16],"texture":"#0"},"south":{"uv":[0,8,8,16],"texture":"#0"},"west":{"uv":[0,8,16,16],"texture":"#0"},"up":{"uv":[0,0,16,8],"rotation":90,"texture":"#0"},"down":{"uv":[0,8,16,16],"rotation":90,"texture":"#0"}}},{"from":[13.25,20.75,-5.5],"to":[15.875,23.375,-0.25],"rotation":{"angle":0,"axis":"y","origin":[56.625,39,-9]},"faces":{"north":{"uv":[0,8,8,16],"texture":"#0"},"east":{"uv":[0,8,16,16],"texture":"#0"},"south":{"uv":[8,8,16,16],"texture":"#0"},"west":{"uv":[0,8,16,16],"texture":"#0"},"up":{"uv":[0,0,16,8],"rotation":90,"texture":"#0"},"down":{"uv":[0,0,16,8],"rotation":90,"texture":"#0"}}},{"from":[10.625,23.375,-5.5],"to":[15.875,26,-0.25],"rotation":{"angle":0,"axis":"y","origin":[54,41.625,-9]},"faces":{"north":{"uv":[0,0,16,8],"texture":"#0"},"east":{"uv":[0,0,16,8],"texture":"#0"},"south":{"uv":[0,0,16,8],"texture":"#0"},"west":{"uv":[0,0,16,8],"texture":"#0"},"up":{"uv":[0,0,16,16],"rotation":270,"texture":"#0"},"down":{"uv":[0,0,16,16],"rotation":90,"texture":"#0"}}},{"from":[15.875,23.375,-5.5],"to":[18.5,26,-0.25],"rotation":{"angle":0,"axis":"y","origin":[59.25,41.625,-9]},"faces":{"north":{"uv":[8,8,16,16],"texture":"#0"},"east":{"uv":[0,8,16,16],"texture":"#0"},"south":{"uv":[0,8,8,16],"texture":"#0"},"west":{"uv":[0,8,16,16],"texture":"#0"},"up":{"uv":[0,0,16,8],"rotation":270,"texture":"#0"},"down":{"uv":[0,8,16,16],"rotation":90,"texture":"#0"}}},{"from":[15.875,20.75,-5.5],"to":[21.125,23.375,-0.25],"rotation":{"angle":0,"axis":"y","origin":[59.25,39,-9]},"faces":{"north":{"uv":[0,8,16,16],"texture":"#0"},"east":{"uv":[0,8,16,16],"texture":"#0"},"south":{"uv":[0,8,16,16],"texture":"#0"},"west":{"uv":[0,8,16,16],"texture":"#0"},"up":{"uv":[0,0,16,16],"rotation":90,"texture":"#0"},"down":{"uv":[0,0,16,16],"rotation":90,"texture":"#0"}}},{"from":[15.875,15.5,-5.5],"to":[21.125,20.75,-0.25],"rotation":{"angle":0,"axis":"y","origin":[30.375,31.5,-26.25]},"faces":{"north":{"uv":[0,0,16,16],"texture":"#24"},"east":{"uv":[0,0,16,16],"texture":"#24"},"south":{"uv":[0,0,16,16],"texture":"#24"},"west":{"uv":[0,0,16,16],"texture":"#24"},"up":{"uv":[0,0,16,16],"texture":"#24"},"down":{"uv":[0,0,16,16],"texture":"#24"}}},{"from":[15.875,12.875,-5.5],"to":[21.125,15.5,-0.25],"rotation":{"angle":0,"axis":"y","origin":[59.25,31.125,-9]},"faces":{"north":{"uv":[0,0,16,8],"texture":"#0"},"east":{"uv":[0,0,16,8],"texture":"#0"},"south":{"uv":[0,0,16,8],"texture":"#0"},"west":{"uv":[0,0,16,8],"texture":"#0"},"up":{"uv":[0,0,16,16],"rotation":90,"texture":"#0"},"down":{"uv":[0,0,16,16],"rotation":90,"texture":"#0"}}},{"from":[15.875,10.25,-5.5],"to":[18.5,12.875,-0.25],"rotation":{"angle":0,"axis":"y","origin":[59.25,28.5,-9]},"faces":{"north":{"uv":[8,8,16,16],"texture":"#0"},"east":{"uv":[0,8,16,16],"texture":"#0"},"south":{"uv":[0,8,8,16],"texture":"#0"},"west":{"uv":[0,8,16,16],"texture":"#0"},"up":{"uv":[0,0,16,8],"rotation":90,"texture":"#0"},"down":{"uv":[0,8,16,16],"rotation":90,"texture":"#0"}}},{"from":[10.625,10.25,-5.5],"to":[15.875,15.5,-0.25],"rotation":{"angle":0,"axis":"y","origin":[25.125,26.25,-26.25]},"faces":{"north":{"uv":[0,0,16,16],"texture":"#24"},"east":{"uv":[0,0,16,16],"texture":"#24"},"south":{"uv":[0,0,16,16],"texture":"#24"},"west":{"uv":[0,0,16,16],"texture":"#24"},"up":{"uv":[0,0,16,16],"texture":"#24"},"down":{"uv":[0,0,16,16],"texture":"#24"}}},{"from":[10.625,5,-5.5],"to":[15.875,10.25,-0.25],"rotation":{"angle":0,"axis":"y","origin":[25.125,21,-26.25]},"faces":{"north":{"uv":[0,0,16,16],"texture":"#24"},"east":{"uv":[0,0,16,16],"texture":"#24"},"south":{"uv":[0,0,16,16],"texture":"#24"},"west":{"uv":[0,0,16,16],"texture":"#24"},"up":{"uv":[0,0,16,16],"texture":"#24"},"down":{"uv":[0,0,16,16],"texture":"#24"}}},{"from":[10.625,2.375,-5.5],"to":[15.875,5,-0.25],"rotation":{"angle":0,"axis":"y","origin":[54,20.625,-9]},"faces":{"north":{"uv":[0,0,16,8],"texture":"#0"},"east":{"uv":[0,0,16,8],"texture":"#0"},"south":{"uv":[0,0,16,8],"texture":"#0"},"west":{"uv":[0,0,16,8],"texture":"#0"},"up":{"uv":[0,0,16,16],"rotation":90,"texture":"#0"},"down":{"uv":[0,0,16,16],"rotation":90,"texture":"#0"}}},{"from":[13.25,-0.25,-5.5],"to":[15.875,2.375,-0.25],"rotation":{"angle":0,"axis":"y","origin":[56.625,18,-9]},"faces":{"north":{"uv":[0,8,8,16],"texture":"#0"},"east":{"uv":[0,8,16,16],"texture":"#0"},"south":{"uv":[8,8,16,16],"texture":"#0"},"west":{"uv":[0,8,16,16],"texture":"#0"},"up":{"uv":[0,0,16,8],"rotation":90,"texture":"#0"},"down":{"uv":[0,8,16,16],"rotation":90,"texture":"#0"}}},{"from":[15.875,-0.25,-5.5],"to":[21.125,5,-0.25],"rotation":{"angle":0,"axis":"y","origin":[30.375,15.75,-26.25]},"faces":{"north":{"uv":[0,0,16,16],"texture":"#24"},"east":{"uv":[0,0,16,16],"texture":"#24"},"south":{"uv":[0,0,16,16],"texture":"#24"},"west":{"uv":[0,0,16,16],"texture":"#24"},"up":{"uv":[0,0,16,16],"texture":"#24"},"down":{"uv":[0,0,16,16],"texture":"#24"}}},{"from":[21.125,10.25,-5.5],"to":[26.375,12.875,-0.25],"rotation":{"angle":0,"axis":"y","origin":[64.5,28.5,-9]},"faces":{"north":{"uv":[0,8,16,16],"texture":"#0"},"east":{"uv":[0,8,16,16],"texture":"#0"},"south":{"uv":[0,8,16,16],"texture":"#0"},"west":{"uv":[0,8,16,16],"texture":"#0"},"up":{"uv":[0,0,16,16],"rotation":270,"texture":"#0"},"down":{"uv":[0,0,16,16],"rotation":90,"texture":"#0"}}},{"from":[26.375,7.625,-5.5],"to":[31.625,10.25,-0.25],"rotation":{"angle":0,"axis":"y","origin":[69.75,25.875,-9]},"faces":{"north":{"uv":[0,0,16,8],"texture":"#0"},"east":{"uv":[0,0,16,8],"texture":"#0"},"south":{"uv":[0,0,16,8],"texture":"#0"},"west":{"uv":[0,0,16,8],"texture":"#0"},"up":{"uv":[0,0,16,16],"rotation":90,"texture":"#0"},"down":{"uv":[0,0,16,16],"rotation":90,"texture":"#0"}}},{"from":[21.125,-0.25,-5.5],"to":[26.375,2.375,-0.25],"rotation":{"angle":0,"axis":"y","origin":[64.5,18,-9]},"faces":{"north":{"uv":[0,8,16,16],"texture":"#0"},"east":{"uv":[0,8,16,16],"texture":"#0"},"south":{"uv":[0,8,16,16],"texture":"#0"},"west":{"uv":[0,8,16,16],"texture":"#0"},"up":{"uv":[0,0,16,16],"rotation":270,"texture":"#0"},"down":{"uv":[0,0,16,16],"rotation":90,"texture":"#0"}}},{"from":[21.125,-2.875,-5.5],"to":[26.375,-0.25,-0.25],"rotation":{"angle":0,"axis":"y","origin":[64.5,15.375,-9]},"faces":{"north":{"uv":[0,0,16,8],"texture":"#0"},"east":{"uv":[0,0,16,8],"texture":"#0"},"south":{"uv":[0,0,16,8],"texture":"#0"},"west":{"uv":[0,0,16,8],"texture":"#0"},"up":{"uv":[0,0,16,16],"rotation":90,"texture":"#0"},"down":{"uv":[0,0,16,16],"rotation":90,"texture":"#0"}}},{"from":[23.75,-5.5,-5.5],"to":[26.375,-2.875,-0.25],"rotation":{"angle":0,"axis":"y","origin":[67.125,12.75,-9]},"faces":{"north":{"uv":[0,8,8,16],"texture":"#0"},"east":{"uv":[0,8,16,16],"texture":"#0"},"south":{"uv":[8,8,16,16],"texture":"#0"},"west":{"uv":[0,8,16,16],"texture":"#0"},"up":{"uv":[0,0,16,8],"rotation":90,"texture":"#0"},"down":{"uv":[0,8,16,16],"rotation":90,"texture":"#0"}}}],"display":{"thirdperson_righthand":{"scale":[3,3,3]}},"groups":[{"name":"group","origin":[9.375,0,0],"color":0,"nbt":"{}","armAnimationEnabled":false,"children":[0,1,2,3,4,5,6,7,8,9,10,11,12,13,14,15,16,17,18,19,20,21,22,23,24,25,26,27,28,29,30,31,32,33,34,35,36,37,38,39,40,41,42,43,44,45,46,47,48,49,50,51,52,53,54,55,56,57,58,59,60,61,62,63,64,65,66,67,68,69,70,71,72,73,74,75,76,77,78,79,80,81,82,83,84,85,86,87,88,89,90,91,92,93,94,95,96,97,98,99,100,101,102,103,104,105,106,107,108,109,110,111,112,113,114,115,116,117,118,119,120,121,122,123,124,125,126,127,128,129,130,131,132,133,134,135,136,137,138,139,140,141,142,143,144,145,146,147,148,149,150,151,152,153,154,155,156,157,158,159,160,161,162,163,164,165,166,167,168,169,170,171,172,173,174,175,176,177,178,179,180,181,182,183,184,185,186,187,188,189,190,191,192,193,194,195,196,197,198,199,200,201,202,203]}]}