{"credit":"Made with Blockbench by Valvac","textures":{"0":"block/sandstone","1":"block/sandstone_bottom","2":"block/sandstone_top","3":"block/blue_concrete","4":"block/dark_prismarine","5":"block/birch_planks","6":"block/birch_trapdoor","particle":"block/sandstone"},"elements":[{"from":[0.125,-10.75,10.25],"to":[5.375,-5.5,15.5],"rotation":{"angle":0,"axis":"y","origin":[9.375,0,0]},"faces":{"north":{"uv":[0,0,16,16],"texture":"#3"},"east":{"uv":[0,0,16,16],"texture":"#3"},"south":{"uv":[0,0,16,16],"texture":"#3"},"west":{"uv":[0,0,16,16],"texture":"#3"},"up":{"uv":[0,0,16,16],"texture":"#3"},"down":{"uv":[0,0,16,16],"texture":"#3"}}},{"from":[0.125,-5.5,10.25],"to":[5.375,-0.25,15.5],"rotation":{"angle":0,"axis":"y","origin":[9.375,5.25,0]},"faces":{"north":{"uv":[0,0,16,16],"texture":"#3"},"east":{"uv":[0,0,16,16],"texture":"#3"},"south":{"uv":[0,0,16,16],"texture":"#3"},"west":{"uv":[0,0,16,16],"texture":"#3"},"up":{"uv":[0,0,16,16],"texture":"#3"},"down":{"uv":[0,0,16,16],"texture":"#3"}}},{"from":[2.125,-0.25,6.975],"to":[3.425,5,8.275],"rotation":{"angle":0,"axis":"y","origin":[22.15,-26.8,-5]},"faces":{"north":{"uv":[6,0,10,16],"texture":"#5"},"east":{"uv":[6,0,10,16],"texture":"#5"},"south":{"uv":[6,0,10,16],"texture":"#5"},"west":{"uv":[6,0,10,16],"texture":"#5"},"up":{"uv":[0,0,8,8],"texture":"#5"},"down":{"uv":[0,0,8,8],"texture":"#5"}}},{"from":[0.125,-5.5,-0.25],"to":[5.375,-0.25,5],"rotation":{"angle":0,"axis":"y","origin":[9.375,5.25,-10.5]},"faces":{"north":{"uv":[0,0,16,16],"texture":"#3"},"east":{"uv":[0,0,16,16],"texture":"#3"},"south":{"uv":[0,0,16,16],"texture":"#3"},"west":{"uv":[0,0,16,16],"texture":"#3"},"up":{"uv":[0,0,16,16],"texture":"#3"},"down":{"uv":[0,0,16,16],"texture":"#3"}}},{"from":[0.125,-5.5,5],"to":[5.375,-0.25,10.25],"rotation":{"angle":0,"axis":"y","origin":[9.375,5.25,-5.25]},"faces":{"north":{"uv":[0,0,16,16],"texture":"#3"},"east":{"uv":[0,0,16,16],"texture":"#3"},"south":{"uv":[0,0,16,16],"texture":"#3"},"west":{"uv":[0,0,16,16],"texture":"#3"},"up":{"uv":[0,0,16,16],"texture":"#3"},"down":{"uv":[0,0,16,16],"texture":"#3"}}},{"from":[0.125,-10.75,-0.25],"to":[5.375,-5.5,5],"rotation":{"angle":0,"axis":"y","origin":[9.375,0,-10.5]},"faces":{"north":{"uv":[0,0,16,16],"texture":"#3"},"east":{"uv":[0,0,16,16],"texture":"#3"},"south":{"uv":[0,0,16,16],"texture":"#3"},"west":{"uv":[0,0,16,16],"texture":"#3"},"up":{"uv":[0,0,16,16],"texture":"#3"},"down":{"uv":[0,0,16,16],"texture":"#3"}}},{"from":[-5.125,-10.75,10.25],"to":[0.125,-5.5,15.5],"rotation":{"angle":0,"axis":"y","origin":[9.375,0,0]},"faces":{"north":{"uv":[0,0,16,16],"texture":"#3"},"east":{"uv":[0,0,16,16],"texture":"#3"},"south":{"uv":[0,0,16,16],"texture":"#3"},"west":{"uv":[0,0,16,16],"texture":"#3"},"up":{"uv":[0,0,16,16],"texture":"#3"},"down":{"uv":[0,0,16,16],"texture":"#3"}}},{"from":[-5.125,-10.75,-0.25],"to":[0.125,-5.5,5],"rotation":{"angle":0,"axis":"y","origin":[9.375,0,0]},"faces":{"north":{"uv":[0,0,16,16],"texture":"#3"},"east":{"uv":[0,0,16,16],"texture":"#3"},"south":{"uv":[0,0,16,16],"texture":"#3"},"west":{"uv":[0,0,16,16],"texture":"#3"},"up":{"uv":[0,0,16,16],"texture":"#3"},"down":{"uv":[0,0,16,16],"texture":"#3"}}},{"from":[-10.375,-10.75,5],"to":[-5.125,-8.125,10.25],"rotation":{"angle":0,"axis":"y","origin":[9.375,0,0]},"faces":{"north":{"uv":[0,0,16,8],"texture":"#0"},"east":{"uv":[0,0,16,8],"texture":"#0"},"south":{"uv":[0,0,16,8],"texture":"#0"},"west":{"uv":[0,0,16,8],"texture":"#0"},"up":{"uv":[0,0,16,16],"rotation":90,"texture":"#2"},"down":{"uv":[0,0,16,16],"texture":"#1"}}},{"from":[-5.125,-10.75,5],"to":[0.125,-5.5,10.25],"rotation":{"angle":0,"axis":"y","origin":[9.375,0,0]},"faces":{"north":{"uv":[0,0,16,16],"texture":"#3"},"east":{"uv":[0,0,16,16],"texture":"#3"},"south":{"uv":[0,0,16,16],"texture":"#3"},"west":{"uv":[0,0,16,16],"texture":"#3"},"up":{"uv":[0,0,16,16],"texture":"#3"},"down":{"uv":[0,0,16,16],"texture":"#3"}}},{"from":[-5.125,-5.5,5],"to":[0.125,-0.25,10.25],"rotation":{"angle":0,"axis":"y","origin":[9.375,0,0]},"faces":{"north":{"uv":[0,0,16,16],"texture":"#3"},"east":{"uv":[0,0,16,16],"texture":"#3"},"south":{"uv":[0,0,16,16],"texture":"#3"},"west":{"uv":[0,0,16,16],"texture":"#3"},"up":{"uv":[0,0,16,16],"texture":"#3"},"down":{"uv":[0,0,16,16],"texture":"#3"}}},{"from":[-15.625,-16,5],"to":[-10.375,-13.375,10.25],"rotation":{"angle":0,"axis":"y","origin":[4.85,10.5,-15.75]},"faces":{"north":{"uv":[0,8,16,16],"texture":"#0"},"east":{"uv":[0,8,16,16],"texture":"#0"},"south":{"uv":[0,8,16,16],"texture":"#0"},"west":{"uv":[0,8,16,16],"texture":"#0"},"up":{"uv":[0,0,16,16],"rotation":90,"texture":"#2"},"down":{"uv":[0,0,16,16],"rotation":270,"texture":"#1"}}},{"from":[0.125,-13.375,-5.5],"to":[5.375,-10.75,-0.25],"rotation":{"angle":0,"axis":"y","origin":[20.6,13.125,-26.25]},"faces":{"north":{"uv":[0,8,16,16],"texture":"#0"},"east":{"uv":[0,8,16,16],"texture":"#0"},"south":{"uv":[0,8,16,16],"texture":"#0"},"west":{"uv":[0,8,16,16],"texture":"#0"},"up":{"uv":[0,0,16,16],"rotation":90,"texture":"#2"},"down":{"uv":[0,0,16,16],"rotation":270,"texture":"#1"}}},{"from":[-10.375,-13.375,5],"to":[-5.125,-10.75,10.25],"rotation":{"angle":0,"axis":"y","origin":[10.1,13.125,-15.75]},"faces":{"north":{"uv":[0,8,16,16],"texture":"#0"},"east":{"uv":[0,8,16,16],"texture":"#0"},"south":{"uv":[0,8,16,16],"texture":"#0"},"west":{"uv":[0,8,16,16],"texture":"#0"},"up":{"uv":[0,0,16,16],"rotation":90,"texture":"#2"},"down":{"uv":[0,0,16,16],"rotation":270,"texture":"#2"}}},{"from":[-13,-13.375,5],"to":[-10.375,-10.75,10.25],"rotation":{"angle":0,"axis":"y","origin":[7.475,13.125,-15.75]},"faces":{"north":{"uv":[8,0,16,8],"texture":"#0"},"east":{"uv":[0,0,16,8],"texture":"#0"},"south":{"uv":[8,0,16,8],"texture":"#0"},"west":{"uv":[0,0,16,8],"texture":"#0"},"up":{"uv":[0,0,16,8],"rotation":90,"texture":"#2"},"down":{"uv":[0,8,16,16],"rotation":270,"texture":"#1"}}},{"from":[21.125,-16,5],"to":[26.375,-13.375,10.25],"rotation":{"angle":0,"axis":"y","origin":[41.6,10.5,-15.75]},"faces":{"north":{"uv":[0,8,16,16],"texture":"#4"},"east":{"uv":[0,8,16,16],"texture":"#4"},"south":{"uv":[0,8,16,16],"texture":"#4"},"west":{"uv":[0,8,16,16],"texture":"#4"},"up":{"uv":[0,0,16,16],"rotation":90,"texture":"#4"},"down":{"uv":[0,0,16,16],"rotation":270,"texture":"#4"}}},{"from":[23.75,-13.375,5],"to":[26.375,-10.75,10.25],"rotation":{"angle":0,"axis":"y","origin":[44.225,13.125,-15.75]},"faces":{"north":{"uv":[8,0,16,8],"texture":"#4"},"east":{"uv":[0,0,16,8],"texture":"#4"},"south":{"uv":[8,0,16,8],"texture":"#4"},"west":{"uv":[0,0,16,8],"texture":"#4"},"up":{"uv":[0,0,16,8],"rotation":90,"texture":"#4"},"down":{"uv":[0,8,16,16],"rotation":270,"texture":"#4"}}},{"from":[-10.375,-16,5],"to":[-7.75,-13.375,10.25],"rotation":{"angle":0,"axis":"y","origin":[10.1,10.5,-15.75]},"faces":{"north":{"uv":[8,8,16,16],"texture":"#0"},"east":{"uv":[0,8,16,16],"texture":"#0"},"south":{"uv":[8,8,16,16],"texture":"#0"},"west":{"uv":[0,8,16,16],"texture":"#0"},"up":{"uv":[0,0,16,8],"rotation":90,"texture":"#2"},"down":{"uv":[0,8,16,16],"rotation":270,"texture":"#2"}}},{"from":[-10.375,-13.375,-5.5],"to":[-5.125,-10.75,-0.25],"rotation":{"angle":0,"axis":"y","origin":[9.375,2.625,0]},"faces":{"north":{"uv":[0,0,16,8],"texture":"#0"},"east":{"uv":[0,0,16,8],"texture":"#0"},"south":{"uv":[0,0,16,8],"texture":"#0"},"west":{"uv":[0,0,16,8],"texture":"#0"},"up":{"uv":[0,0,16,16],"rotation":90,"texture":"#2"},"down":{"uv":[0,0,16,16],"texture":"#1"}}},{"from":[0.125,-8.125,5],"to":[5.375,-5.5,10.25],"rotation":{"angle":0,"axis":"y","origin":[19.875,7.875,10.5]},"faces":{"north":{"uv":[0,0,16,8],"texture":"#4"},"east":{"uv":[0,0,16,8],"texture":"#4"},"south":{"uv":[0,0,16,8],"texture":"#4"},"west":{"uv":[0,0,16,8],"texture":"#4"},"up":{"uv":[0,0,16,16],"rotation":90,"texture":"#4"},"down":{"uv":[0,0,16,16],"texture":"#4"}}},{"from":[0.125,-13.375,15.5],"to":[5.375,-10.75,20.75],"rotation":{"angle":0,"axis":"y","origin":[19.875,2.625,0]},"faces":{"north":{"uv":[0,0,16,8],"texture":"#0"},"east":{"uv":[0,0,16,8],"texture":"#0"},"south":{"uv":[0,0,16,8],"texture":"#0"},"west":{"uv":[0,0,16,8],"texture":"#0"},"up":{"uv":[0,0,16,16],"rotation":90,"texture":"#2"},"down":{"uv":[0,0,16,16],"texture":"#1"}}},{"from":[-10.375,-13.375,15.5],"to":[-5.125,-10.75,20.75],"rotation":{"angle":0,"axis":"y","origin":[9.375,2.625,0]},"faces":{"north":{"uv":[0,0,16,8],"texture":"#0"},"east":{"uv":[0,0,16,8],"texture":"#0"},"south":{"uv":[0,0,16,8],"texture":"#0"},"west":{"uv":[0,0,16,8],"texture":"#0"},"up":{"uv":[0,0,16,16],"rotation":90,"texture":"#2"},"down":{"uv":[0,0,16,16],"texture":"#1"}}},{"from":[10.625,-13.375,-5.5],"to":[15.875,-10.75,-0.25],"rotation":{"angle":0,"axis":"y","origin":[-3.875,2.625,0]},"faces":{"north":{"uv":[16,0,0,8],"texture":"#0"},"east":{"uv":[16,0,0,8],"texture":"#0"},"south":{"uv":[16,0,0,8],"texture":"#0"},"west":{"uv":[16,0,0,8],"texture":"#0"},"up":{"uv":[0,16,16,0],"rotation":90,"texture":"#2"},"down":{"uv":[16,0,0,16],"texture":"#1"}}},{"from":[5.375,-10.75,-0.25],"to":[10.625,-5.5,5],"rotation":{"angle":0,"axis":"y","origin":[-3.875,0,0]},"faces":{"north":{"uv":[16,0,0,16],"texture":"#3"},"east":{"uv":[16,0,0,16],"texture":"#3"},"south":{"uv":[16,0,0,16],"texture":"#3"},"west":{"uv":[16,0,0,16],"texture":"#3"},"up":{"uv":[16,0,0,16],"texture":"#3"},"down":{"uv":[16,0,0,16],"texture":"#3"}}},{"from":[5.375,-5.5,5],"to":[10.625,-0.25,10.25],"rotation":{"angle":0,"axis":"y","origin":[-3.875,0,0]},"faces":{"north":{"uv":[16,0,0,16],"texture":"#3"},"east":{"uv":[16,0,0,16],"texture":"#3"},"south":{"uv":[16,0,0,16],"texture":"#3"},"west":{"uv":[16,0,0,16],"texture":"#3"},"up":{"uv":[16,0,0,16],"texture":"#3"},"down":{"uv":[16,0,0,16],"texture":"#3"}}},{"from":[0.125,5,5],"to":[5.375,6,10.25],"rotation":{"angle":0,"axis":"y","origin":[-11.625,-21,0]},"faces":{"north":{"uv":[0,0,16,3],"texture":"#6"},"east":{"uv":[0,0,16,3],"texture":"#6"},"south":{"uv":[0,0,16,3],"texture":"#6"},"west":{"uv":[0,0,16,3],"texture":"#6"},"up":{"uv":[0,0,16,16],"rotation":90,"texture":"#6"},"down":{"uv":[0,0,16,16],"rotation":90,"texture":"#6"}}},{"from":[26.375,-16,5],"to":[31.625,-10.75,10.25],"rotation":{"angle":0,"axis":"y","origin":[17.125,-10.5,0]},"faces":{"north":{"uv":[16,0,0,16],"texture":"#3"},"east":{"uv":[16,0,0,16],"texture":"#3"},"south":{"uv":[16,0,0,16],"texture":"#3"},"west":{"uv":[16,0,0,16],"texture":"#3"},"up":{"uv":[16,0,0,16],"texture":"#3"},"down":{"uv":[16,0,0,16],"texture":"#3"}}},{"from":[5.375,-10.75,5],"to":[10.625,-5.5,10.25],"rotation":{"angle":0,"axis":"y","origin":[-3.875,0,0]},"faces":{"north":{"uv":[16,0,0,16],"texture":"#3"},"east":{"uv":[16,0,0,16],"texture":"#3"},"south":{"uv":[16,0,0,16],"texture":"#3"},"west":{"uv":[16,0,0,16],"texture":"#3"},"up":{"uv":[16,0,0,16],"texture":"#3"},"down":{"uv":[16,0,0,16],"texture":"#3"}}},{"from":[5.375,-10.75,10.25],"to":[10.625,-5.5,15.5],"rotation":{"angle":0,"axis":"y","origin":[-3.875,0,0]},"faces":{"north":{"uv":[16,0,0,16],"texture":"#3"},"east":{"uv":[16,0,0,16],"texture":"#3"},"south":{"uv":[16,0,0,16],"texture":"#3"},"west":{"uv":[16,0,0,16],"texture":"#3"},"up":{"uv":[16,0,0,16],"texture":"#3"},"down":{"uv":[16,0,0,16],"texture":"#3"}}},{"from":[10.625,-13.375,15.5],"to":[15.875,-10.75,20.75],"rotation":{"angle":0,"axis":"y","origin":[-3.875,2.625,0]},"faces":{"north":{"uv":[16,0,0,8],"texture":"#0"},"east":{"uv":[16,0,0,8],"texture":"#0"},"south":{"uv":[16,0,0,8],"texture":"#0"},"west":{"uv":[16,0,0,8],"texture":"#0"},"up":{"uv":[0,16,16,0],"rotation":90,"texture":"#2"},"down":{"uv":[16,0,0,16],"texture":"#1"}}},{"from":[10.625,-13.375,5],"to":[15.875,-10.75,10.25],"rotation":{"angle":0,"axis":"y","origin":[-4.6,13.125,-15.75]},"faces":{"north":{"uv":[16,0,0,8],"texture":"#0"},"east":{"uv":[16,0,0,8],"texture":"#0"},"south":{"uv":[16,0,0,8],"texture":"#0"},"west":{"uv":[16,0,0,8],"texture":"#0"},"up":{"uv":[0,16,16,0],"rotation":90,"texture":"#2"},"down":{"uv":[0,16,16,0],"rotation":270,"texture":"#1"}}}],"display":{"thirdperson_righthand":{"scale":[3,3,3]}},"groups":[{"name":"group","origin":[9.375,0,0],"color":0,"nbt":"{}","armAnimationEnabled":false,"children":[0,1,2,3,4,5,6,7,8,9,10,11,12,13,14,15,16,17,18,19,20,21,22,23,24,25,26,27,28,29,30]}]}