{"credit":"Made with Blockbench by Valvac","textures":{"0":"block/red_sandstone","1":"block/red_sandstone_bottom","2":"block/red_sandstone_top","3":"block/blue_concrete","4":"block/acacia_trapdoor","5":"block/jungle_planks","6":"block/red_stained_glass","7":"block/red_stained_glass_pane_top","8":"block/dark_oak_planks","9":"block/spruce_trapdoor","particle":"block/red_sandstone"},"elements":[{"from":[26.375,-16,5],"to":[31.625,-13.375,10.25],"rotation":{"angle":0,"axis":"y","origin":[51.725,0,0]},"faces":{"north":{"uv":[0,8,16,16],"texture":"#0"},"east":{"uv":[0,8,16,16],"texture":"#0"},"south":{"uv":[0,8,16,16],"texture":"#0"},"west":{"uv":[0,8,16,16],"texture":"#0"},"up":{"uv":[0,0,16,16],"texture":"#2"},"down":{"uv":[0,0,16,16],"texture":"#1"}}},{"from":[10.625,-16,5],"to":[15.875,-13.375,10.25],"rotation":{"angle":0,"axis":"y","origin":[35.975,0,0]},"faces":{"north":{"uv":[0,8,16,16],"texture":"#0"},"east":{"uv":[0,8,16,16],"texture":"#0"},"south":{"uv":[0,8,16,16],"texture":"#0"},"west":{"uv":[0,8,16,16],"texture":"#0"},"up":{"uv":[0,0,16,16],"texture":"#2"},"down":{"uv":[0,0,16,16],"texture":"#1"}}},{"from":[13.25,-13.375,5],"to":[15.875,-10.75,10.25],"rotation":{"angle":0,"axis":"y","origin":[38.6,2.625,0]},"faces":{"north":{"uv":[0,0,8,8],"texture":"#0"},"east":{"uv":[0,0,16,8],"texture":"#0"},"south":{"uv":[8,0,16,8],"texture":"#0"},"west":{"uv":[0,0,16,8],"texture":"#0"},"up":{"uv":[0,0,8,16],"texture":"#2"},"down":{"uv":[0,0,16,16],"texture":"#1"}}},{"from":[10.625,-8.125,10.25],"to":[15.875,-5.5,15.5],"rotation":{"angle":0,"axis":"y","origin":[35.975,7.875,5.25]},"faces":{"north":{"uv":[0,8,16,16],"texture":"#5"},"east":{"uv":[0,8,16,16],"texture":"#5"},"south":{"uv":[0,8,16,16],"texture":"#5"},"west":{"uv":[0,8,16,16],"texture":"#5"},"up":{"uv":[0,0,16,16],"rotation":90,"texture":"#5"},"down":{"uv":[0,0,16,16],"texture":"#5"}}},{"from":[10.625,-2.875,10.25],"to":[15.875,-0.25,15.5],"rotation":{"angle":0,"axis":"y","origin":[35.975,13.125,5.25]},"faces":{"north":{"uv":[0,8,16,16],"texture":"#5"},"east":{"uv":[0,8,16,16],"texture":"#5"},"south":{"uv":[0,8,16,16],"texture":"#5"},"west":{"uv":[0,8,16,16],"texture":"#5"},"up":{"uv":[0,0,16,16],"rotation":90,"texture":"#5"},"down":{"uv":[0,0,16,16],"texture":"#5"}}},{"from":[10.625,-0.25,10.25],"to":[15.875,2.375,15.5],"rotation":{"angle":0,"axis":"y","origin":[35.975,15.75,5.25]},"faces":{"north":{"uv":[0,8,16,16],"texture":"#5"},"east":{"uv":[0,8,16,16],"texture":"#5"},"south":{"uv":[0,8,16,16],"texture":"#5"},"west":{"uv":[0,8,16,16],"texture":"#5"},"up":{"uv":[0,0,16,16],"rotation":90,"texture":"#5"},"down":{"uv":[0,0,16,16],"texture":"#5"}}},{"from":[10.625,-10.75,10.25],"to":[15.875,-8.125,12.875],"rotation":{"angle":0,"axis":"y","origin":[35.975,5.25,5.25]},"faces":{"north":{"uv":[0,8,16,16],"texture":"#5"},"east":{"uv":[8,8,16,16],"texture":"#5"},"south":{"uv":[0,8,16,16],"texture":"#5"},"west":{"uv":[0,8,8,16],"texture":"#5"},"up":{"uv":[0,8,16,16],"rotation":90,"texture":"#5"},"down":{"uv":[0,8,16,16],"texture":"#5"}}},{"from":[10.625,-5.5,12.875],"to":[15.875,-2.875,15.5],"rotation":{"angle":0,"axis":"y","origin":[35.975,10.5,7.875]},"faces":{"north":{"uv":[0,8,16,16],"texture":"#5"},"east":{"uv":[8,8,16,16],"texture":"#5"},"south":{"uv":[0,8,16,16],"texture":"#5"},"west":{"uv":[0,8,8,16],"texture":"#5"},"up":{"uv":[0,8,16,16],"rotation":90,"texture":"#5"},"down":{"uv":[0,8,16,16],"texture":"#5"}}},{"from":[10.625,2.375,10.25],"to":[15.875,5,12.875],"rotation":{"angle":0,"axis":"y","origin":[35.975,18.375,5.25]},"faces":{"north":{"uv":[0,8,16,16],"texture":"#5"},"east":{"uv":[8,8,16,16],"texture":"#5"},"south":{"uv":[0,8,16,16],"texture":"#5"},"west":{"uv":[0,8,8,16],"texture":"#5"},"up":{"uv":[0,0,8,16],"rotation":90,"texture":"#5"},"down":{"uv":[0,8,16,16],"texture":"#5"}}},{"from":[10.625,2.375,2.375],"to":[15.875,5,5],"rotation":{"angle":0,"axis":"y","origin":[35.975,18.375,14]},"faces":{"north":{"uv":[16,8,0,16],"texture":"#5"},"east":{"uv":[16,8,8,16],"texture":"#5"},"south":{"uv":[16,8,0,16],"texture":"#5"},"west":{"uv":[8,8,0,16],"texture":"#5"},"up":{"uv":[8,0,0,16],"rotation":90,"texture":"#5"},"down":{"uv":[0,16,16,8],"texture":"#5"}}},{"from":[10.625,-0.25,-0.25],"to":[15.875,2.375,5],"rotation":{"angle":0,"axis":"y","origin":[35.975,15.75,14]},"faces":{"north":{"uv":[16,8,0,16],"texture":"#5"},"east":{"uv":[16,8,0,16],"texture":"#5"},"south":{"uv":[16,8,0,16],"texture":"#5"},"west":{"uv":[16,8,0,16],"texture":"#5"},"up":{"uv":[16,0,0,16],"rotation":90,"texture":"#5"},"down":{"uv":[0,16,16,0],"texture":"#5"}}},{"from":[10.625,-2.875,-0.25],"to":[15.875,-0.25,5],"rotation":{"angle":0,"axis":"y","origin":[35.975,13.125,14]},"faces":{"north":{"uv":[16,8,0,16],"texture":"#5"},"east":{"uv":[16,8,0,16],"texture":"#5"},"south":{"uv":[16,8,0,16],"texture":"#5"},"west":{"uv":[16,8,0,16],"texture":"#5"},"up":{"uv":[16,0,0,16],"rotation":90,"texture":"#5"},"down":{"uv":[0,16,16,0],"texture":"#5"}}},{"from":[10.625,-5.5,-0.25],"to":[15.875,-2.875,2.375],"rotation":{"angle":0,"axis":"y","origin":[35.975,10.5,11.375]},"faces":{"north":{"uv":[16,8,0,16],"texture":"#5"},"east":{"uv":[16,8,8,16],"texture":"#5"},"south":{"uv":[16,8,0,16],"texture":"#5"},"west":{"uv":[8,8,0,16],"texture":"#5"},"up":{"uv":[16,8,0,16],"rotation":90,"texture":"#5"},"down":{"uv":[0,16,16,8],"texture":"#5"}}},{"from":[10.625,-8.125,-0.25],"to":[15.875,-5.5,5],"rotation":{"angle":0,"axis":"y","origin":[35.975,7.875,14]},"faces":{"north":{"uv":[16,8,0,16],"texture":"#5"},"east":{"uv":[16,8,0,16],"texture":"#5"},"south":{"uv":[16,8,0,16],"texture":"#5"},"west":{"uv":[16,8,0,16],"texture":"#5"},"up":{"uv":[16,0,0,16],"rotation":90,"texture":"#5"},"down":{"uv":[0,16,16,0],"texture":"#5"}}},{"from":[10.625,-10.75,2.375],"to":[15.875,-8.125,5],"rotation":{"angle":0,"axis":"y","origin":[35.975,5.25,14]},"faces":{"north":{"uv":[16,8,0,16],"texture":"#5"},"east":{"uv":[16,8,8,16],"texture":"#5"},"south":{"uv":[16,8,0,16],"texture":"#5"},"west":{"uv":[8,8,0,16],"texture":"#5"},"up":{"uv":[16,8,0,16],"rotation":90,"texture":"#5"},"down":{"uv":[0,16,16,8],"texture":"#5"}}},{"from":[10.625,-10.75,5],"to":[15.875,-8.125,10.25],"rotation":{"angle":0,"axis":"y","origin":[35.975,5.25,0]},"faces":{"north":{"uv":[0,8,16,16],"texture":"#5"},"east":{"uv":[0,8,16,16],"texture":"#5"},"south":{"uv":[0,8,16,16],"texture":"#5"},"west":{"uv":[0,8,16,16],"texture":"#5"},"up":{"uv":[0,0,16,16],"rotation":90,"texture":"#5"},"down":{"uv":[0,0,16,16],"texture":"#5"}}},{"from":[10.625,2.375,5],"to":[15.875,5,10.25],"rotation":{"angle":0,"axis":"y","origin":[35.975,18.375,0]},"faces":{"north":{"uv":[0,8,16,16],"texture":"#5"},"east":{"uv":[0,8,16,16],"texture":"#5"},"south":{"uv":[0,8,16,16],"texture":"#5"},"west":{"uv":[0,8,16,16],"texture":"#5"},"up":{"uv":[0,0,16,16],"rotation":90,"texture":"#5"},"down":{"uv":[0,0,16,16],"texture":"#5"}}},{"from":[13.25,-8.125,5],"to":[15.875,-5.5,10.25],"rotation":{"angle":0,"axis":"y","origin":[38.6,7.875,0]},"faces":{"north":{"uv":[0,0,8,8],"texture":"#5"},"east":{"uv":[0,0,16,8],"texture":"#5"},"south":{"uv":[8,0,16,8],"texture":"#5"},"west":{"uv":[0,0,16,8],"texture":"#5"},"up":{"uv":[0,0,16,8],"rotation":90,"texture":"#5"},"down":{"uv":[0,0,16,16],"texture":"#5"}}},{"from":[12.95,-5.5,7.325],"to":[13.55,-0.25,7.925],"rotation":{"angle":0,"axis":"y","origin":[38.6,7.5,4.65]},"faces":{"north":{"uv":[6,0,8,16],"texture":"#6"},"east":{"uv":[6,0,8,16],"texture":"#6"},"south":{"uv":[6,0,8,16],"texture":"#6"},"west":{"uv":[6,0,8,16],"texture":"#6"},"up":{"uv":[7,0,9,2],"rotation":90,"texture":"#7"},"down":{"uv":[7,0,9,2],"rotation":90,"texture":"#7"}}},{"from":[13.25,-0.25,5],"to":[15.875,2.375,10.25],"rotation":{"angle":0,"axis":"y","origin":[38.6,15.75,0]},"faces":{"north":{"uv":[0,0,8,8],"texture":"#5"},"east":{"uv":[0,0,16,8],"texture":"#5"},"south":{"uv":[8,0,16,8],"texture":"#5"},"west":{"uv":[0,0,16,8],"texture":"#5"},"up":{"uv":[0,0,16,8],"rotation":90,"texture":"#5"},"down":{"uv":[0,0,16,16],"texture":"#5"}}},{"from":[21.125,-16,5],"to":[26.375,-10.75,10.25],"rotation":{"angle":0,"axis":"y","origin":[46.475,0,0]},"faces":{"north":{"uv":[0,0,16,16],"texture":"#3"},"east":{"uv":[0,0,16,16],"texture":"#3"},"south":{"uv":[0,0,16,16],"texture":"#3"},"west":{"uv":[0,0,16,16],"texture":"#3"},"up":{"uv":[0,0,16,16],"texture":"#3"},"down":{"uv":[0,0,16,16],"texture":"#3"}}},{"from":[21.125,-10.75,5],"to":[26.375,-9.75,10.25],"rotation":{"angle":0,"axis":"y","origin":[46.475,5.25,0]},"faces":{"north":{"uv":[0,0,16,3],"texture":"#4"},"east":{"uv":[0,0,16,3],"texture":"#4"},"south":{"uv":[0,0,16,3],"texture":"#4"},"west":{"uv":[0,0,16,3],"texture":"#4"},"up":{"uv":[0,0,16,16],"rotation":90,"texture":"#4"},"down":{"uv":[0,0,16,16],"texture":"#4"}}},{"from":[15.875,-10.75,5],"to":[21.125,-9.75,10.25],"rotation":{"angle":0,"axis":"y","origin":[41.225,5.25,0]},"faces":{"north":{"uv":[0,0,16,3],"texture":"#4"},"east":{"uv":[0,0,16,3],"texture":"#4"},"south":{"uv":[0,0,16,3],"texture":"#4"},"west":{"uv":[0,0,16,3],"texture":"#4"},"up":{"uv":[0,0,16,16],"rotation":90,"texture":"#4"},"down":{"uv":[0,0,16,16],"texture":"#4"}}},{"from":[10.625,5,10.25],"to":[15.875,6,15.5],"rotation":{"angle":0,"axis":"y","origin":[35.975,21,5.25]},"faces":{"north":{"uv":[0,0,16,3],"texture":"#9"},"east":{"uv":[0,0,16,3],"texture":"#9"},"south":{"uv":[0,0,16,3],"texture":"#9"},"west":{"uv":[0,0,16,3],"texture":"#9"},"up":{"uv":[0,0,16,16],"rotation":90,"texture":"#9"},"down":{"uv":[0,0,16,16],"rotation":90,"texture":"#9"}}},{"from":[10.625,5,-0.25],"to":[15.875,6,5],"rotation":{"angle":0,"axis":"y","origin":[35.975,21,-5.25]},"faces":{"north":{"uv":[0,0,16,3],"texture":"#9"},"east":{"uv":[0,0,16,3],"texture":"#9"},"south":{"uv":[0,0,16,3],"texture":"#9"},"west":{"uv":[0,0,16,3],"texture":"#9"},"up":{"uv":[0,0,16,16],"rotation":90,"texture":"#9"},"down":{"uv":[0,0,16,16],"rotation":90,"texture":"#9"}}},{"from":[15.875,-16,5],"to":[21.125,-10.75,10.25],"rotation":{"angle":0,"axis":"y","origin":[41.225,0,0]},"faces":{"north":{"uv":[0,0,16,16],"texture":"#3"},"east":{"uv":[0,0,16,16],"texture":"#3"},"south":{"uv":[0,0,16,16],"texture":"#3"},"west":{"uv":[0,0,16,16],"texture":"#3"},"up":{"uv":[0,0,16,16],"texture":"#3"},"down":{"uv":[0,0,16,16],"texture":"#3"}}},{"from":[12.7,-5.5,17.475],"to":[14,-0.25,18.775],"rotation":{"angle":0,"axis":"y","origin":[42.025,-31.725,28.775]},"faces":{"north":{"uv":[10,0,6,16],"texture":"#8"},"east":{"uv":[10,0,6,16],"texture":"#8"},"south":{"uv":[10,0,6,16],"texture":"#8"},"west":{"uv":[10,0,6,16],"texture":"#8"},"up":{"uv":[0,4,4,0],"texture":"#8"},"down":{"uv":[0,8,8,0],"texture":"#8"}}},{"from":[12.7,5,7.075],"to":[14,10.25,8.375],"rotation":{"angle":0,"axis":"y","origin":[43.9,-21.225,22.25]},"faces":{"north":{"uv":[10,0,6,16],"texture":"#8"},"east":{"uv":[10,0,6,16],"texture":"#8"},"south":{"uv":[10,0,6,16],"texture":"#8"},"west":{"uv":[10,0,6,16],"texture":"#8"},"up":{"uv":[0,4,4,0],"texture":"#8"},"down":{"uv":[0,8,8,0],"texture":"#8"}}},{"from":[13.025,-3.55,15.5],"to":[13.675,-2.55,17.475],"rotation":{"angle":0,"axis":"y","origin":[45.3,-31.4,26.475]},"faces":{"north":{"uv":[7,1,5,4],"texture":"#8"},"east":{"uv":[11,1,5,4],"texture":"#8"},"south":{"uv":[11,1,5,4],"texture":"#8"},"west":{"uv":[11,1,5,4],"texture":"#8"},"up":{"uv":[0,6,2,0],"texture":"#8"},"down":{"uv":[0,6,2,0],"texture":"#8"}}},{"from":[13.025,-1.575,15.5],"to":[13.675,-0.575,17.475],"rotation":{"angle":0,"axis":"y","origin":[45.3,-31.4,26.475]},"faces":{"north":{"uv":[7,1,5,4],"texture":"#8"},"east":{"uv":[11,1,5,4],"texture":"#8"},"south":{"uv":[11,1,5,4],"texture":"#8"},"west":{"uv":[11,1,5,4],"texture":"#8"},"up":{"uv":[0,6,2,0],"texture":"#8"},"down":{"uv":[0,6,2,0],"texture":"#8"}}},{"from":[12.7,-3.55,-2.225],"to":[13.35,-2.55,-0.25],"rotation":{"angle":0,"axis":"y","origin":[42.9,-31.075,-11.225]},"faces":{"north":{"uv":[5,1,11,4],"texture":"#8"},"east":{"uv":[5,1,11,4],"texture":"#8"},"south":{"uv":[5,1,7,4],"texture":"#8"},"west":{"uv":[5,1,11,4],"texture":"#8"},"up":{"uv":[0,0,2,6],"texture":"#8"},"down":{"uv":[0,0,2,6],"texture":"#8"}}},{"from":[12.7,-1.575,-2.225],"to":[13.35,-0.575,-0.25],"rotation":{"angle":0,"axis":"y","origin":[42.9,-31.075,-11.225]},"faces":{"north":{"uv":[5,1,11,4],"texture":"#8"},"east":{"uv":[5,1,11,4],"texture":"#8"},"south":{"uv":[5,1,7,4],"texture":"#8"},"west":{"uv":[5,1,11,4],"texture":"#8"},"up":{"uv":[0,0,2,6],"texture":"#8"},"down":{"uv":[0,0,2,6],"texture":"#8"}}},{"from":[12.375,-5.5,-3.525],"to":[13.675,-0.25,-2.225],"rotation":{"angle":0,"axis":"y","origin":[39.625,-31.4,-13.525]},"faces":{"north":{"uv":[6,0,10,16],"texture":"#8"},"east":{"uv":[6,0,10,16],"texture":"#8"},"south":{"uv":[6,0,10,16],"texture":"#8"},"west":{"uv":[6,0,10,16],"texture":"#8"},"up":{"uv":[0,0,4,4],"texture":"#8"},"down":{"uv":[0,0,8,8],"texture":"#8"}}}],"display":{"thirdperson_righthand":{"scale":[3,3,3]}}}