{"credit":"Made with Blockbench by Valvac","textures":{"0":"block/blue_terracotta","1":"block/nether_bricks","2":"block/sandstone","3":"block/sandstone_bottom","4":"block/sandstone_top","particle":"block/blue_terracotta"},"elements":[{"from":[-10.375,-0.25,5],"to":[-5.125,5,10.25],"rotation":{"angle":0,"axis":"y","origin":[14.975,0,0]},"faces":{"north":{"uv":[0,0,16,16],"texture":"#0"},"east":{"uv":[0,0,16,16],"texture":"#0"},"south":{"uv":[0,0,16,16],"texture":"#0"},"west":{"uv":[0,0,16,16],"texture":"#0"},"up":{"uv":[0,0,16,16],"texture":"#0"},"down":{"uv":[0,0,16,16],"texture":"#0"}}},{"from":[-15.625,2.375,5],"to":[-10.375,5,10.25],"rotation":{"angle":0,"axis":"y","origin":[9.725,2.625,0]},"faces":{"north":{"uv":[0,0,16,8],"texture":"#2"},"east":{"uv":[0,0,16,8],"texture":"#2"},"south":{"uv":[0,0,16,8],"texture":"#2"},"west":{"uv":[0,0,16,8],"texture":"#2"},"up":{"uv":[0,0,16,16],"rotation":90,"texture":"#3"},"down":{"uv":[0,0,16,16],"rotation":90,"texture":"#4"}}},{"from":[-5.125,2.375,5],"to":[0.125,5,10.25],"rotation":{"angle":0,"axis":"y","origin":[20.225,2.625,0]},"faces":{"north":{"uv":[0,0,16,8],"texture":"#1"},"east":{"uv":[0,0,16,8],"texture":"#1"},"south":{"uv":[0,0,16,8],"texture":"#1"},"west":{"uv":[0,0,16,8],"texture":"#1"},"up":{"uv":[0,0,16,16],"rotation":90,"texture":"#1"},"down":{"uv":[0,0,16,16],"rotation":90,"texture":"#1"}}},{"from":[-5.125,10.25,5],"to":[0.125,12.875,10.25],"rotation":{"angle":0,"axis":"y","origin":[20.225,10.5,0]},"faces":{"north":{"uv":[0,0,16,8],"texture":"#1"},"east":{"uv":[0,0,16,8],"texture":"#1"},"south":{"uv":[0,0,16,8],"texture":"#1"},"west":{"uv":[0,0,16,8],"texture":"#1"},"up":{"uv":[0,0,16,16],"rotation":90,"texture":"#1"},"down":{"uv":[0,0,16,16],"rotation":90,"texture":"#1"}}},{"from":[-10.375,15.5,5],"to":[-5.125,18.125,10.25],"rotation":{"angle":0,"axis":"y","origin":[14.975,15.75,0]},"faces":{"north":{"uv":[0,0,16,8],"texture":"#1"},"east":{"uv":[0,0,16,8],"texture":"#1"},"south":{"uv":[0,0,16,8],"texture":"#1"},"west":{"uv":[0,0,16,8],"texture":"#1"},"up":{"uv":[0,0,16,16],"rotation":90,"texture":"#1"},"down":{"uv":[0,0,16,16],"rotation":90,"texture":"#1"}}},{"from":[-8.4,-5.5,6.975],"to":[-7.1,-0.25,8.275],"rotation":{"angle":0,"axis":"y","origin":[67.325,-66.1,-11.325]},"faces":{"north":{"uv":[6,0,10,16],"texture":"#1"},"east":{"uv":[6,0,10,16],"texture":"#1"},"south":{"uv":[6,0,10,16],"texture":"#1"},"west":{"uv":[6,0,10,16],"texture":"#1"},"up":{"uv":[0,0,4,4],"texture":"#1"},"down":{"uv":[0,1,4,5],"rotation":90,"texture":"#1"}}},{"from":[-10.375,-3.55,7.3],"to":[-8.4,-2.55,7.95],"rotation":{"angle":0,"axis":"y","origin":[19.4,-71.95,12.275]},"faces":{"north":{"uv":[11,3,5,6],"texture":"#1"},"east":{"uv":[7,3,5,6],"texture":"#1"},"south":{"uv":[11,3,5,6],"texture":"#1"},"west":{"uv":[7,3,5,6],"texture":"#1"},"up":{"uv":[0,2,6,0],"texture":"#1"},"down":{"uv":[0,2,6,0],"texture":"#1"}}},{"from":[-10.375,-1.575,7.3],"to":[-8.4,-0.575,7.95],"rotation":{"angle":0,"axis":"y","origin":[19.4,-71.95,12.275]},"faces":{"north":{"uv":[11,1,5,4],"texture":"#1"},"east":{"uv":[7,1,5,4],"texture":"#1"},"south":{"uv":[11,1,5,4],"texture":"#1"},"west":{"uv":[7,1,5,4],"texture":"#1"},"up":{"uv":[0,2,6,0],"texture":"#1"},"down":{"uv":[0,2,6,0],"texture":"#1"}}},{"from":[-3.15,5,6.975],"to":[-1.85,10.25,8.275],"rotation":{"angle":0,"axis":"y","origin":[72.575,-55.6,-11.325]},"faces":{"north":{"uv":[6,0,10,16],"texture":"#1"},"east":{"uv":[6,0,10,16],"texture":"#1"},"south":{"uv":[6,0,10,16],"texture":"#1"},"west":{"uv":[6,0,10,16],"texture":"#1"},"up":{"uv":[0,0,4,4],"texture":"#1"},"down":{"uv":[0,1,4,5],"rotation":90,"texture":"#1"}}},{"from":[-8.4,10.25,6.975],"to":[-7.1,15.5,8.275],"rotation":{"angle":0,"axis":"y","origin":[67.325,-50.35,-11.325]},"faces":{"north":{"uv":[6,0,10,16],"texture":"#1"},"east":{"uv":[6,0,10,16],"texture":"#1"},"south":{"uv":[6,0,10,16],"texture":"#1"},"west":{"uv":[6,0,10,16],"texture":"#1"},"up":{"uv":[0,0,4,4],"texture":"#1"},"down":{"uv":[0,1,4,5],"rotation":90,"texture":"#1"}}},{"from":[-5.125,6.95,7.3],"to":[-3.15,7.95,7.95],"rotation":{"angle":0,"axis":"y","origin":[24.65,-61.45,12.275]},"faces":{"north":{"uv":[11,3,5,6],"texture":"#1"},"east":{"uv":[7,3,5,6],"texture":"#1"},"south":{"uv":[11,3,5,6],"texture":"#1"},"west":{"uv":[7,3,5,6],"texture":"#1"},"up":{"uv":[0,2,6,0],"texture":"#1"},"down":{"uv":[0,2,6,0],"texture":"#1"}}},{"from":[-5.125,8.925,7.3],"to":[-3.15,9.925,7.95],"rotation":{"angle":0,"axis":"y","origin":[24.65,-61.45,12.275]},"faces":{"north":{"uv":[11,1,5,4],"texture":"#1"},"east":{"uv":[7,1,5,4],"texture":"#1"},"south":{"uv":[11,1,5,4],"texture":"#1"},"west":{"uv":[7,1,5,4],"texture":"#1"},"up":{"uv":[0,2,6,0],"texture":"#1"},"down":{"uv":[0,2,6,0],"texture":"#1"}}},{"from":[-15.625,-6.825,7.3],"to":[-13.65,-5.825,7.95],"rotation":{"angle":0,"axis":"y","origin":[14.15,-77.2,12.275]},"faces":{"north":{"uv":[11,1,5,4],"texture":"#1"},"east":{"uv":[7,1,5,4],"texture":"#1"},"south":{"uv":[11,1,5,4],"texture":"#1"},"west":{"uv":[7,1,5,4],"texture":"#1"},"up":{"uv":[0,2,6,0],"texture":"#1"},"down":{"uv":[0,2,6,0],"texture":"#1"}}},{"from":[-15.625,-8.8,7.3],"to":[-13.65,-7.8,7.95],"rotation":{"angle":0,"axis":"y","origin":[14.15,-77.2,12.275]},"faces":{"north":{"uv":[11,3,5,6],"texture":"#1"},"east":{"uv":[7,3,5,6],"texture":"#1"},"south":{"uv":[11,3,5,6],"texture":"#1"},"west":{"uv":[7,3,5,6],"texture":"#1"},"up":{"uv":[0,2,6,0],"texture":"#1"},"down":{"uv":[0,2,6,0],"texture":"#1"}}},{"from":[-13.65,-10.75,6.975],"to":[-12.35,-5.5,8.275],"rotation":{"angle":0,"axis":"y","origin":[62.075,-71.35,-11.325]},"faces":{"north":{"uv":[6,0,10,16],"texture":"#1"},"east":{"uv":[6,0,10,16],"texture":"#1"},"south":{"uv":[6,0,10,16],"texture":"#1"},"west":{"uv":[6,0,10,16],"texture":"#1"},"up":{"uv":[0,0,4,4],"texture":"#1"},"down":{"uv":[0,1,4,5],"rotation":90,"texture":"#1"}}},{"from":[-15.625,-5.5,5],"to":[-10.375,-0.25,10.25],"rotation":{"angle":0,"axis":"y","origin":[9.725,-5.25,0]},"faces":{"north":{"uv":[0,0,16,16],"texture":"#0"},"east":{"uv":[0,0,16,16],"texture":"#0"},"south":{"uv":[0,0,16,16],"texture":"#0"},"west":{"uv":[0,0,16,16],"texture":"#0"},"up":{"uv":[0,0,16,16],"texture":"#0"},"down":{"uv":[0,0,16,16],"texture":"#0"}}},{"from":[-13,-0.25,5],"to":[-10.375,2.375,10.25],"rotation":{"angle":0,"axis":"y","origin":[12.35,0,0]},"faces":{"north":{"uv":[8,8,16,16],"texture":"#2"},"east":{"uv":[0,8,16,16],"texture":"#2"},"south":{"uv":[0,8,8,16],"texture":"#2"},"west":{"uv":[0,8,16,16],"texture":"#2"},"up":{"uv":[0,8,16,16],"rotation":90,"texture":"#3"},"down":{"uv":[0,0,16,8],"rotation":90,"texture":"#4"}}},{"from":[-5.125,-0.25,5],"to":[-2.5,2.375,10.25],"rotation":{"angle":0,"axis":"y","origin":[20.225,0,0]},"faces":{"north":{"uv":[8,8,16,16],"texture":"#1"},"east":{"uv":[0,8,16,16],"texture":"#1"},"south":{"uv":[0,8,8,16],"texture":"#1"},"west":{"uv":[0,8,16,16],"texture":"#1"},"up":{"uv":[0,8,16,16],"rotation":90,"texture":"#1"},"down":{"uv":[0,0,16,8],"rotation":90,"texture":"#1"}}},{"from":[-10.375,5,5],"to":[-5.125,10.25,10.25],"rotation":{"angle":0,"axis":"y","origin":[14.975,5.25,0]},"faces":{"north":{"uv":[0,0,16,16],"texture":"#0"},"east":{"uv":[0,0,16,16],"texture":"#0"},"south":{"uv":[0,0,16,16],"texture":"#0"},"west":{"uv":[0,0,16,16],"texture":"#0"},"up":{"uv":[0,0,16,16],"texture":"#0"},"down":{"uv":[0,0,16,16],"texture":"#0"}}}],"display":{"thirdperson_righthand":{"scale":[3,3,3]}}}