{"credit":"Made with Blockbench by Valvac","textures":{"0":"block/blue_terracotta","1":"block/nether_bricks","2":"block/sandstone","3":"block/sandstone_bottom","4":"block/sandstone_top","particle":"block/blue_terracotta"},"elements":[{"from":[-5.125,-0.25,5],"to":[0.125,5,10.25],"rotation":{"angle":0,"axis":"y","origin":[9.375,0,0]},"faces":{"north":{"uv":[0,0,16,16],"texture":"#0"},"east":{"uv":[0,0,16,16],"texture":"#0"},"south":{"uv":[0,0,16,16],"texture":"#0"},"west":{"uv":[0,0,16,16],"texture":"#0"},"up":{"uv":[0,0,16,16],"texture":"#0"},"down":{"uv":[0,0,16,16],"texture":"#0"}}},{"from":[-10.375,-0.25,5],"to":[-5.125,5,10.25],"rotation":{"angle":0,"axis":"y","origin":[9.375,0,0]},"faces":{"north":{"uv":[0,0,16,16],"texture":"#0"},"east":{"uv":[0,0,16,16],"texture":"#0"},"south":{"uv":[0,0,16,16],"texture":"#0"},"west":{"uv":[0,0,16,16],"texture":"#0"},"up":{"uv":[0,0,16,16],"texture":"#0"},"down":{"uv":[0,0,16,16],"texture":"#0"}}},{"from":[-10.375,5,5],"to":[-5.125,7.625,10.25],"rotation":{"angle":0,"axis":"y","origin":[9.375,5.25,0]},"faces":{"north":{"uv":[0,8,16,16],"texture":"#1"},"east":{"uv":[0,8,16,16],"texture":"#1"},"south":{"uv":[0,8,16,16],"texture":"#1"},"west":{"uv":[0,8,16,16],"texture":"#1"},"up":{"uv":[0,0,16,16],"rotation":90,"texture":"#1"},"down":{"uv":[0,0,16,16],"rotation":90,"texture":"#1"}}},{"from":[0.125,-0.25,5],"to":[2.75,2.375,10.25],"rotation":{"angle":0,"axis":"y","origin":[19.875,0,0]},"faces":{"north":{"uv":[8,8,16,16],"texture":"#1"},"east":{"uv":[0,8,16,16],"texture":"#1"},"south":{"uv":[0,8,8,16],"texture":"#1"},"west":{"uv":[0,8,16,16],"texture":"#1"},"up":{"uv":[0,0,16,8],"rotation":90,"texture":"#1"},"down":{"uv":[0,8,16,16],"rotation":90,"texture":"#1"}}},{"from":[23.75,12.875,5],"to":[26.375,15.5,10.25],"rotation":{"angle":0,"axis":"y","origin":[43.5,13.125,0]},"faces":{"north":{"uv":[8,0,16,8],"texture":"#2"},"east":{"uv":[0,0,16,8],"texture":"#2"},"south":{"uv":[0,0,8,8],"texture":"#2"},"west":{"uv":[0,0,16,8],"texture":"#2"},"up":{"uv":[0,0,16,8],"rotation":90,"texture":"#4"},"down":{"uv":[0,8,16,16],"rotation":90,"texture":"#3"}}},{"from":[26.375,10.25,5],"to":[31.625,12.875,10.25],"rotation":{"angle":0,"axis":"y","origin":[46.125,10.5,0]},"faces":{"north":{"uv":[0,8,16,16],"texture":"#1"},"east":{"uv":[0,8,16,16],"texture":"#1"},"south":{"uv":[0,8,16,16],"texture":"#1"},"west":{"uv":[0,8,16,16],"texture":"#1"},"up":{"uv":[0,0,16,16],"rotation":90,"texture":"#1"},"down":{"uv":[0,0,16,16],"rotation":90,"texture":"#1"}}},{"from":[21.125,10.25,5],"to":[26.375,12.875,10.25],"rotation":{"angle":0,"axis":"y","origin":[40.875,10.5,0]},"faces":{"north":{"uv":[0,8,16,16],"texture":"#2"},"east":{"uv":[0,8,16,16],"texture":"#2"},"south":{"uv":[0,8,16,16],"texture":"#2"},"west":{"uv":[0,8,16,16],"texture":"#2"},"up":{"uv":[0,0,16,16],"rotation":90,"texture":"#4"},"down":{"uv":[0,0,16,16],"rotation":90,"texture":"#3"}}},{"from":[13.25,12.875,5],"to":[15.875,15.5,10.25],"rotation":{"angle":0,"axis":"y","origin":[33,13.125,0]},"faces":{"north":{"uv":[8,0,16,8],"texture":"#2"},"east":{"uv":[0,0,16,8],"texture":"#2"},"south":{"uv":[0,0,8,8],"texture":"#2"},"west":{"uv":[0,0,16,8],"texture":"#2"},"up":{"uv":[0,0,16,8],"rotation":90,"texture":"#4"},"down":{"uv":[0,8,16,16],"rotation":90,"texture":"#3"}}},{"from":[10.625,10.25,5],"to":[15.875,12.875,10.25],"rotation":{"angle":0,"axis":"y","origin":[30.375,10.5,0]},"faces":{"north":{"uv":[0,8,16,16],"texture":"#2"},"east":{"uv":[0,8,16,16],"texture":"#2"},"south":{"uv":[0,8,16,16],"texture":"#2"},"west":{"uv":[0,8,16,16],"texture":"#2"},"up":{"uv":[0,0,16,16],"rotation":90,"texture":"#4"},"down":{"uv":[0,0,16,16],"rotation":90,"texture":"#3"}}},{"from":[-15.625,-2.875,5],"to":[-10.375,-0.25,10.25],"rotation":{"angle":0,"axis":"y","origin":[4.125,-2.625,0]},"faces":{"north":{"uv":[0,0,16,8],"texture":"#1"},"east":{"uv":[0,0,16,8],"texture":"#1"},"south":{"uv":[0,0,16,8],"texture":"#1"},"west":{"uv":[0,0,16,8],"texture":"#1"},"up":{"uv":[0,0,16,16],"rotation":90,"texture":"#1"},"down":{"uv":[0,0,16,16],"rotation":90,"texture":"#1"}}},{"from":[0.125,2.375,5],"to":[5.375,5,10.25],"rotation":{"angle":0,"axis":"y","origin":[19.875,2.625,0]},"faces":{"north":{"uv":[0,0,16,8],"texture":"#1"},"east":{"uv":[0,0,16,8],"texture":"#1"},"south":{"uv":[0,0,16,8],"texture":"#1"},"west":{"uv":[0,0,16,8],"texture":"#1"},"up":{"uv":[0,0,16,16],"rotation":90,"texture":"#1"},"down":{"uv":[0,0,16,16],"rotation":90,"texture":"#1"}}},{"from":[5.375,2.375,5],"to":[10.625,5,10.25],"rotation":{"angle":0,"axis":"y","origin":[25.125,2.625,0]},"faces":{"north":{"uv":[0,0,16,8],"texture":"#1"},"east":{"uv":[0,0,16,8],"texture":"#1"},"south":{"uv":[0,0,16,8],"texture":"#1"},"west":{"uv":[0,0,16,8],"texture":"#1"},"up":{"uv":[0,0,16,16],"rotation":90,"texture":"#1"},"down":{"uv":[0,0,16,16],"rotation":90,"texture":"#1"}}},{"from":[10.625,2.375,5],"to":[15.875,5,10.25],"rotation":{"angle":0,"axis":"y","origin":[30.375,2.625,0]},"faces":{"north":{"uv":[0,0,16,8],"texture":"#1"},"east":{"uv":[0,0,16,8],"texture":"#1"},"south":{"uv":[0,0,16,8],"texture":"#1"},"west":{"uv":[0,0,16,8],"texture":"#1"},"up":{"uv":[0,0,16,16],"rotation":90,"texture":"#1"},"down":{"uv":[0,0,16,16],"rotation":90,"texture":"#1"}}},{"from":[10.625,5,5],"to":[15.875,10.25,10.25],"rotation":{"angle":0,"axis":"y","origin":[9.375,0,0]},"faces":{"north":{"uv":[0,0,16,16],"texture":"#0"},"east":{"uv":[0,0,16,16],"texture":"#0"},"south":{"uv":[0,0,16,16],"texture":"#0"},"west":{"uv":[0,0,16,16],"texture":"#0"},"up":{"uv":[0,0,16,16],"texture":"#0"},"down":{"uv":[0,0,16,16],"texture":"#0"}}},{"from":[21.125,5,5],"to":[26.375,10.25,10.25],"rotation":{"angle":0,"axis":"y","origin":[9.375,0,0]},"faces":{"north":{"uv":[0,0,16,16],"texture":"#0"},"east":{"uv":[0,0,16,16],"texture":"#0"},"south":{"uv":[0,0,16,16],"texture":"#0"},"west":{"uv":[0,0,16,16],"texture":"#0"},"up":{"uv":[0,0,16,16],"texture":"#0"},"down":{"uv":[0,0,16,16],"texture":"#0"}}},{"from":[15.875,5,5],"to":[21.125,10.25,10.25],"rotation":{"angle":0,"axis":"y","origin":[9.375,0,0]},"faces":{"north":{"uv":[0,0,16,16],"texture":"#0"},"east":{"uv":[0,0,16,16],"texture":"#0"},"south":{"uv":[0,0,16,16],"texture":"#0"},"west":{"uv":[0,0,16,16],"texture":"#0"},"up":{"uv":[0,0,16,16],"texture":"#0"},"down":{"uv":[0,0,16,16],"texture":"#0"}}},{"from":[0.125,5,5],"to":[5.375,10.25,10.25],"rotation":{"angle":0,"axis":"y","origin":[9.375,0,0]},"faces":{"north":{"uv":[0,0,16,16],"texture":"#0"},"east":{"uv":[0,0,16,16],"texture":"#0"},"south":{"uv":[0,0,16,16],"texture":"#0"},"west":{"uv":[0,0,16,16],"texture":"#0"},"up":{"uv":[0,0,16,16],"texture":"#0"},"down":{"uv":[0,0,16,16],"texture":"#0"}}},{"from":[-3.15,5,6.975],"to":[-1.85,10.25,8.275],"rotation":{"angle":0,"axis":"y","origin":[72.575,-55.6,-11.325]},"faces":{"north":{"uv":[6,0,10,16],"texture":"#1"},"east":{"uv":[6,0,10,16],"texture":"#1"},"south":{"uv":[6,0,10,16],"texture":"#1"},"west":{"uv":[6,0,10,16],"texture":"#1"},"up":{"uv":[0,0,4,4],"texture":"#1"},"down":{"uv":[0,1,4,5],"rotation":90,"texture":"#1"}}},{"from":[-1.85,6.95,7.3],"to":[0.125,7.95,7.95],"rotation":{"angle":0,"axis":"y","origin":[24.65,-61.45,12.275]},"faces":{"north":{"uv":[11,3,5,6],"texture":"#1"},"east":{"uv":[7,3,5,6],"texture":"#1"},"south":{"uv":[11,3,5,6],"texture":"#1"},"west":{"uv":[7,3,5,6],"texture":"#1"},"up":{"uv":[0,2,6,0],"texture":"#1"},"down":{"uv":[0,2,6,0],"texture":"#1"}}},{"from":[-1.85,8.925,7.3],"to":[0.125,9.925,7.95],"rotation":{"angle":0,"axis":"y","origin":[24.65,-61.45,12.275]},"faces":{"north":{"uv":[11,1,5,4],"texture":"#1"},"east":{"uv":[7,1,5,4],"texture":"#1"},"south":{"uv":[11,1,5,4],"texture":"#1"},"west":{"uv":[7,1,5,4],"texture":"#1"},"up":{"uv":[0,2,6,0],"texture":"#1"},"down":{"uv":[0,2,6,0],"texture":"#1"}}},{"from":[5.375,5,5],"to":[10.625,10.25,10.25],"rotation":{"angle":0,"axis":"y","origin":[9.375,0,0]},"faces":{"north":{"uv":[0,0,16,16],"texture":"#0"},"east":{"uv":[0,0,16,16],"texture":"#0"},"south":{"uv":[0,0,16,16],"texture":"#0"},"west":{"uv":[0,0,16,16],"texture":"#0"},"up":{"uv":[0,0,16,16],"texture":"#0"},"down":{"uv":[0,0,16,16],"texture":"#0"}}},{"from":[-15.625,5,5],"to":[-10.375,10.25,10.25],"rotation":{"angle":0,"axis":"y","origin":[9.725,0,0]},"faces":{"north":{"uv":[0,0,16,16],"texture":"#0"},"east":{"uv":[0,0,16,16],"texture":"#0"},"south":{"uv":[0,0,16,16],"texture":"#0"},"west":{"uv":[0,0,16,16],"texture":"#0"},"up":{"uv":[0,0,16,16],"texture":"#0"},"down":{"uv":[0,0,16,16],"texture":"#0"}}},{"from":[-15.625,-0.25,5],"to":[-10.375,5,10.25],"rotation":{"angle":0,"axis":"y","origin":[9.725,0,0]},"faces":{"north":{"uv":[0,0,16,16],"texture":"#0"},"east":{"uv":[0,0,16,16],"texture":"#0"},"south":{"uv":[0,0,16,16],"texture":"#0"},"west":{"uv":[0,0,16,16],"texture":"#0"},"up":{"uv":[0,0,16,16],"texture":"#0"},"down":{"uv":[0,0,16,16],"texture":"#0"}}},{"from":[26.375,5,5],"to":[31.625,10.25,10.25],"rotation":{"angle":0,"axis":"y","origin":[51.725,0,0]},"faces":{"north":{"uv":[0,0,16,16],"texture":"#0"},"east":{"uv":[0,0,16,16],"texture":"#0"},"south":{"uv":[0,0,16,16],"texture":"#0"},"west":{"uv":[0,0,16,16],"texture":"#0"},"up":{"uv":[0,0,16,16],"texture":"#0"},"down":{"uv":[0,0,16,16],"texture":"#0"}}}],"display":{"thirdperson_righthand":{"scale":[3,3,3]}},"groups":[{"name":"group","origin":[9.375,0,0],"color":0,"nbt":"{}","armAnimationEnabled":false,"children":[0,1,2,3,4,5,6,7,8,9,10,11,12,13,14,15,16,17,18,19,20,21,22,23]}]}