{"credit":"Made with Blockbench by Valvac","textures":{"0":"block/sea_lantern","1":"block/birch_trapdoor","2":"block/yellow_terracotta","3":"block/birch_planks","4":"block/smooth_stone","5":"block/spruce_planks","6":"block/purpur_block","7":"block/oak_trapdoor","8":"block/spruce_trapdoor","9":"block/yellow_stained_glass","10":"block/yellow_stained_glass_pane_top","particle":"block/sea_lantern"},"elements":[{"from":[17.875,-10.75,6.975],"to":[19.175,-5.5,8.275],"rotation":{"angle":0,"axis":"y","origin":[49.6,-37.3,-3.025]},"faces":{"north":{"uv":[6,0,10,16],"texture":"#5"},"east":{"uv":[6,0,10,16],"texture":"#5"},"south":{"uv":[6,0,10,16],"texture":"#5"},"west":{"uv":[6,0,10,16],"texture":"#5"},"up":{"uv":[0,0,4,4],"texture":"#5"},"down":{"uv":[0,1,4,5],"rotation":90,"texture":"#5"}}},{"from":[8.675,-12.075,12.55],"to":[12.625,-11.075,13.2],"rotation":{"angle":0,"axis":"y","origin":[39.75,-42.225,22.425]},"faces":{"north":{"uv":[12,1,0,4],"texture":"#5"},"east":{"uv":[12,1,0,4],"texture":"#5"},"south":{"uv":[12,1,0,4],"texture":"#5"},"west":{"uv":[12,1,0,4],"texture":"#5"},"up":{"uv":[2,0,0,12],"rotation":90,"texture":"#5"},"down":{"uv":[2,0,0,12],"rotation":90,"texture":"#5"}}},{"from":[8.675,-14.05,12.55],"to":[12.625,-13.05,13.2],"rotation":{"angle":0,"axis":"y","origin":[39.75,-42.225,22.425]},"faces":{"north":{"uv":[12,1,0,4],"texture":"#5"},"east":{"uv":[12,1,0,4],"texture":"#5"},"south":{"uv":[12,1,0,4],"texture":"#5"},"west":{"uv":[12,1,0,4],"texture":"#5"},"up":{"uv":[2,0,0,12],"rotation":90,"texture":"#5"},"down":{"uv":[2,0,0,12],"rotation":90,"texture":"#5"}}},{"from":[12.625,-16,12.225],"to":[13.925,-10.75,13.525],"rotation":{"angle":0,"axis":"y","origin":[44.35,-40.6,1.9]},"faces":{"north":{"uv":[6,0,10,16],"texture":"#5"},"east":{"uv":[6,0,10,16],"texture":"#5"},"south":{"uv":[6,0,10,16],"texture":"#5"},"west":{"uv":[6,0,10,16],"texture":"#5"},"up":{"uv":[0,0,4,4],"texture":"#5"},"down":{"uv":[0,1,4,5],"rotation":90,"texture":"#5"}}},{"from":[7.375,-16,12.225],"to":[8.675,-10.75,13.525],"rotation":{"angle":0,"axis":"y","origin":[39.1,-42.55,2.225]},"faces":{"north":{"uv":[6,0,10,16],"texture":"#5"},"east":{"uv":[6,0,10,16],"texture":"#5"},"south":{"uv":[6,0,10,16],"texture":"#5"},"west":{"uv":[6,0,10,16],"texture":"#5"},"up":{"uv":[0,0,4,4],"texture":"#5"},"down":{"uv":[0,1,4,5],"rotation":90,"texture":"#5"}}},{"from":[23.125,-16,12.225],"to":[24.425,-10.75,13.525],"rotation":{"angle":0,"axis":"y","origin":[54.85,-42.55,2.225]},"faces":{"north":{"uv":[6,0,10,16],"texture":"#5"},"east":{"uv":[6,0,10,16],"texture":"#5"},"south":{"uv":[6,0,10,16],"texture":"#5"},"west":{"uv":[6,0,10,16],"texture":"#5"},"up":{"uv":[0,0,4,4],"texture":"#5"},"down":{"uv":[0,1,4,5],"rotation":90,"texture":"#5"}}},{"from":[24.425,-14.05,12.55],"to":[28.375,-13.05,13.2],"rotation":{"angle":0,"axis":"y","origin":[55.5,-42.225,22.425]},"faces":{"north":{"uv":[12,1,0,4],"texture":"#5"},"east":{"uv":[12,1,0,4],"texture":"#5"},"south":{"uv":[12,1,0,4],"texture":"#5"},"west":{"uv":[12,1,0,4],"texture":"#5"},"up":{"uv":[2,0,0,12],"rotation":90,"texture":"#5"},"down":{"uv":[2,0,0,12],"rotation":90,"texture":"#5"}}},{"from":[24.425,-12.075,12.55],"to":[28.375,-11.075,13.2],"rotation":{"angle":0,"axis":"y","origin":[55.5,-42.225,22.425]},"faces":{"north":{"uv":[12,1,0,4],"texture":"#5"},"east":{"uv":[12,1,0,4],"texture":"#5"},"south":{"uv":[12,1,0,4],"texture":"#5"},"west":{"uv":[12,1,0,4],"texture":"#5"},"up":{"uv":[2,0,0,12],"rotation":90,"texture":"#5"},"down":{"uv":[2,0,0,12],"rotation":90,"texture":"#5"}}},{"from":[28.375,-16,12.225],"to":[29.675,-10.75,13.525],"rotation":{"angle":0,"axis":"y","origin":[60.1,-40.6,1.9]},"faces":{"north":{"uv":[6,0,10,16],"texture":"#5"},"east":{"uv":[6,0,10,16],"texture":"#5"},"south":{"uv":[6,0,10,16],"texture":"#5"},"west":{"uv":[6,0,10,16],"texture":"#5"},"up":{"uv":[0,0,4,4],"texture":"#5"},"down":{"uv":[0,1,4,5],"rotation":90,"texture":"#5"}}},{"from":[7.375,-16,1.725],"to":[8.675,-10.75,3.025],"rotation":{"angle":0,"axis":"y","origin":[39.1,-42.55,-8.275]},"faces":{"north":{"uv":[6,0,10,16],"texture":"#5"},"east":{"uv":[6,0,10,16],"texture":"#5"},"south":{"uv":[6,0,10,16],"texture":"#5"},"west":{"uv":[6,0,10,16],"texture":"#5"},"up":{"uv":[0,0,4,4],"texture":"#5"},"down":{"uv":[0,1,4,5],"rotation":90,"texture":"#5"}}},{"from":[8.675,-12.075,2.05],"to":[12.625,-11.075,2.7],"rotation":{"angle":0,"axis":"y","origin":[39.75,-42.225,11.925]},"faces":{"north":{"uv":[12,1,0,4],"texture":"#5"},"east":{"uv":[12,1,0,4],"texture":"#5"},"south":{"uv":[12,1,0,4],"texture":"#5"},"west":{"uv":[12,1,0,4],"texture":"#5"},"up":{"uv":[2,0,0,12],"rotation":90,"texture":"#5"},"down":{"uv":[2,0,0,12],"rotation":90,"texture":"#5"}}},{"from":[8.675,-14.05,2.05],"to":[12.625,-13.05,2.7],"rotation":{"angle":0,"axis":"y","origin":[39.75,-42.225,11.925]},"faces":{"north":{"uv":[12,1,0,4],"texture":"#5"},"east":{"uv":[12,1,0,4],"texture":"#5"},"south":{"uv":[12,1,0,4],"texture":"#5"},"west":{"uv":[12,1,0,4],"texture":"#5"},"up":{"uv":[2,0,0,12],"rotation":90,"texture":"#5"},"down":{"uv":[2,0,0,12],"rotation":90,"texture":"#5"}}},{"from":[12.625,-16,1.725],"to":[13.925,-10.75,3.025],"rotation":{"angle":0,"axis":"y","origin":[44.35,-40.6,-8.6]},"faces":{"north":{"uv":[6,0,10,16],"texture":"#5"},"east":{"uv":[6,0,10,16],"texture":"#5"},"south":{"uv":[6,0,10,16],"texture":"#5"},"west":{"uv":[6,0,10,16],"texture":"#5"},"up":{"uv":[0,0,4,4],"texture":"#5"},"down":{"uv":[0,1,4,5],"rotation":90,"texture":"#5"}}},{"from":[3.425,-14.05,7.3],"to":[7.375,-13.05,7.95],"rotation":{"angle":0,"axis":"y","origin":[34.5,-42.225,17.175]},"faces":{"north":{"uv":[12,1,0,4],"texture":"#5"},"east":{"uv":[12,1,0,4],"texture":"#5"},"south":{"uv":[12,1,0,4],"texture":"#5"},"west":{"uv":[12,1,0,4],"texture":"#5"},"up":{"uv":[2,0,0,12],"rotation":90,"texture":"#5"},"down":{"uv":[2,0,0,12],"rotation":90,"texture":"#5"}}},{"from":[3.425,-12.075,7.3],"to":[7.375,-11.075,7.95],"rotation":{"angle":0,"axis":"y","origin":[34.5,-42.225,17.175]},"faces":{"north":{"uv":[12,1,0,4],"texture":"#5"},"east":{"uv":[12,1,0,4],"texture":"#5"},"south":{"uv":[12,1,0,4],"texture":"#5"},"west":{"uv":[12,1,0,4],"texture":"#5"},"up":{"uv":[2,0,0,12],"rotation":90,"texture":"#5"},"down":{"uv":[2,0,0,12],"rotation":90,"texture":"#5"}}},{"from":[2.125,-16,6.975],"to":[3.425,-10.75,8.275],"rotation":{"angle":0,"axis":"y","origin":[33.85,-42.55,-3.025]},"faces":{"north":{"uv":[6,0,10,16],"texture":"#5"},"east":{"uv":[6,0,10,16],"texture":"#5"},"south":{"uv":[6,0,10,16],"texture":"#5"},"west":{"uv":[6,0,10,16],"texture":"#5"},"up":{"uv":[0,0,4,4],"texture":"#5"},"down":{"uv":[0,1,4,5],"rotation":90,"texture":"#5"}}},{"from":[7.7,-14.05,8.275],"to":[8.35,-13.05,12.225],"rotation":{"angle":0,"axis":"y","origin":[39.1,-44.2,18.475]},"faces":{"north":{"uv":[7,1,5,4],"texture":"#5"},"east":{"uv":[12,3,0,6],"texture":"#5"},"south":{"uv":[7,1,5,4],"texture":"#5"},"west":{"uv":[12,3,0,6],"texture":"#5"},"up":{"uv":[0,12,2,0],"texture":"#5"},"down":{"uv":[0,12,2,0],"texture":"#5"}}},{"from":[7.7,-12.075,8.275],"to":[8.35,-11.075,12.225],"rotation":{"angle":0,"axis":"y","origin":[39.1,-42.225,18.475]},"faces":{"north":{"uv":[7,1,5,4],"texture":"#5"},"east":{"uv":[12,1,0,4],"texture":"#5"},"south":{"uv":[7,1,5,4],"texture":"#5"},"west":{"uv":[12,1,0,4],"texture":"#5"},"up":{"uv":[0,12,2,0],"texture":"#5"},"down":{"uv":[0,12,2,0],"texture":"#5"}}},{"from":[7.375,-16,6.975],"to":[8.675,-10.75,8.275],"rotation":{"angle":0,"axis":"y","origin":[39.1,-42.55,-3.025]},"faces":{"north":{"uv":[6,0,10,16],"texture":"#5"},"east":{"uv":[6,0,10,16],"texture":"#5"},"south":{"uv":[6,0,10,16],"texture":"#5"},"west":{"uv":[6,0,10,16],"texture":"#5"},"up":{"uv":[0,0,4,4],"texture":"#5"},"down":{"uv":[0,1,4,5],"rotation":90,"texture":"#5"}}},{"from":[7.7,-14.05,3.025],"to":[8.35,-13.05,6.975],"rotation":{"angle":0,"axis":"y","origin":[39.1,-44.2,13.225]},"faces":{"north":{"uv":[7,1,5,4],"texture":"#5"},"east":{"uv":[12,3,0,6],"texture":"#5"},"south":{"uv":[7,1,5,4],"texture":"#5"},"west":{"uv":[12,3,0,6],"texture":"#5"},"up":{"uv":[0,12,2,0],"texture":"#5"},"down":{"uv":[0,12,2,0],"texture":"#5"}}},{"from":[7.7,-12.075,3.025],"to":[8.35,-11.075,6.975],"rotation":{"angle":0,"axis":"y","origin":[39.1,-42.225,13.225]},"faces":{"north":{"uv":[7,1,5,4],"texture":"#5"},"east":{"uv":[12,1,0,4],"texture":"#5"},"south":{"uv":[7,1,5,4],"texture":"#5"},"west":{"uv":[12,1,0,4],"texture":"#5"},"up":{"uv":[0,12,2,0],"texture":"#5"},"down":{"uv":[0,12,2,0],"texture":"#5"}}},{"from":[17.875,-5.5,6.975],"to":[19.175,-0.25,8.275],"rotation":{"angle":0,"axis":"y","origin":[7.6,-32.05,-3.025]},"faces":{"north":{"uv":[6,0,10,16],"texture":"#5"},"east":{"uv":[6,0,10,16],"texture":"#5"},"south":{"uv":[6,0,10,16],"texture":"#5"},"west":{"uv":[6,0,10,16],"texture":"#5"},"up":{"uv":[0,0,4,4],"texture":"#5"},"down":{"uv":[0,1,4,5],"rotation":90,"texture":"#5"}}},{"from":[17.875,-0.25,6.975],"to":[19.175,5,8.275],"rotation":{"angle":0,"axis":"y","origin":[7.6,-26.8,-3.025]},"faces":{"north":{"uv":[6,0,10,16],"texture":"#5"},"east":{"uv":[6,0,10,16],"texture":"#5"},"south":{"uv":[6,0,10,16],"texture":"#5"},"west":{"uv":[6,0,10,16],"texture":"#5"},"up":{"uv":[0,0,4,4],"texture":"#5"},"down":{"uv":[0,1,4,5],"rotation":90,"texture":"#5"}}},{"from":[15.9,1.7,7.3],"to":[17.875,2.7,7.95],"rotation":{"angle":0,"axis":"y","origin":[8.9,-26.8,18.275]},"faces":{"north":{"uv":[11,3,5,6],"texture":"#5"},"east":{"uv":[7,3,5,6],"texture":"#5"},"south":{"uv":[11,3,5,6],"texture":"#5"},"west":{"uv":[7,3,5,6],"texture":"#5"},"up":{"uv":[0,2,6,0],"texture":"#5"},"down":{"uv":[0,2,6,0],"texture":"#5"}}},{"from":[15.9,3.675,7.3],"to":[17.875,4.675,7.95],"rotation":{"angle":0,"axis":"y","origin":[8.9,-26.8,18.275]},"faces":{"north":{"uv":[11,1,5,4],"texture":"#5"},"east":{"uv":[7,1,5,4],"texture":"#5"},"south":{"uv":[11,1,5,4],"texture":"#5"},"west":{"uv":[7,1,5,4],"texture":"#5"},"up":{"uv":[0,2,6,0],"texture":"#5"},"down":{"uv":[0,2,6,0],"texture":"#5"}}},{"from":[29.675,-14.05,12.55],"to":[31.65,-13.05,13.2],"rotation":{"angle":0,"axis":"y","origin":[14.15,-42.55,23.525]},"faces":{"north":{"uv":[11,3,5,6],"texture":"#5"},"east":{"uv":[7,3,5,6],"texture":"#5"},"south":{"uv":[11,3,5,6],"texture":"#5"},"west":{"uv":[7,3,5,6],"texture":"#5"},"up":{"uv":[0,2,6,0],"texture":"#5"},"down":{"uv":[0,2,6,0],"texture":"#5"}}},{"from":[29.675,-12.075,12.55],"to":[31.65,-11.075,13.2],"rotation":{"angle":0,"axis":"y","origin":[14.15,-42.55,23.525]},"faces":{"north":{"uv":[11,1,5,4],"texture":"#5"},"east":{"uv":[7,1,5,4],"texture":"#5"},"south":{"uv":[11,1,5,4],"texture":"#5"},"west":{"uv":[7,1,5,4],"texture":"#5"},"up":{"uv":[0,2,6,0],"texture":"#5"},"down":{"uv":[0,2,6,0],"texture":"#5"}}},{"from":[17.875,-16,6.975],"to":[19.175,-10.75,8.275],"rotation":{"angle":0,"axis":"y","origin":[49.6,-42.55,-3.025]},"faces":{"north":{"uv":[6,0,10,16],"texture":"#5"},"east":{"uv":[6,0,10,16],"texture":"#5"},"south":{"uv":[6,0,10,16],"texture":"#5"},"west":{"uv":[6,0,10,16],"texture":"#5"},"up":{"uv":[0,0,4,4],"texture":"#5"},"down":{"uv":[0,1,4,5],"rotation":90,"texture":"#5"}}},{"from":[10.625,10.25,5],"to":[15.875,15.5,10.25],"rotation":{"angle":0,"axis":"y","origin":[9.375,0,0]},"faces":{"north":{"uv":[0,0,16,16],"texture":"#2"},"east":{"uv":[0,0,16,16],"texture":"#2"},"south":{"uv":[0,0,16,16],"texture":"#2"},"west":{"uv":[0,0,16,16],"texture":"#2"},"up":{"uv":[0,0,16,16],"texture":"#2"},"down":{"uv":[0,0,16,16],"texture":"#2"}}},{"from":[15.875,10.25,10.25],"to":[21.125,15.5,15.5],"rotation":{"angle":0,"axis":"y","origin":[9.375,0,0]},"faces":{"north":{"uv":[0,0,16,16],"texture":"#2"},"east":{"uv":[0,0,16,16],"texture":"#2"},"south":{"uv":[0,0,16,16],"texture":"#2"},"west":{"uv":[0,0,16,16],"texture":"#2"},"up":{"uv":[0,0,16,16],"texture":"#2"},"down":{"uv":[0,0,16,16],"texture":"#2"}}},{"from":[21.125,10.25,12.55],"to":[26.375,15.5,13.15],"rotation":{"angle":0,"axis":"y","origin":[14.625,0,0]},"faces":{"north":{"uv":[1.1,0,16,16],"texture":"#9"},"south":{"uv":[0,0,14.9,16],"texture":"#9"},"up":{"uv":[7,0,9,16],"rotation":90,"texture":"#10"},"down":{"uv":[7,0,9,16],"rotation":90,"texture":"#10"}}},{"from":[28.72625,10.25,13.15],"to":[29.32625,15.5,15.4469],"rotation":{"angle":0,"axis":"y","origin":[22.22625,0,0.6]},"faces":{"east":{"uv":[1.1,0,8.1,16],"texture":"#9"},"west":{"uv":[7.9,0,14.9,16],"texture":"#9"},"up":{"uv":[7,0,9,16],"rotation":90,"texture":"#10"},"down":{"uv":[7,0,9,16],"rotation":90,"texture":"#10"}}},{"from":[28.72625,10.25,15.4469],"to":[29.32625,15.5,17.7438],"rotation":{"angle":0,"axis":"y","origin":[22.22625,0,2.8969]},"faces":{"east":{"uv":[7.9,0,14.9,16],"texture":"#9"},"west":{"uv":[1.1,0,8.1,16],"texture":"#9"},"up":{"uv":[7,0,9,16],"rotation":90,"texture":"#10"},"down":{"uv":[7,0,9,16],"rotation":90,"texture":"#10"}}},{"from":[26.375,10.25,12.55],"to":[29.32625,15.5,13.15],"rotation":{"angle":0,"axis":"y","origin":[19.875,0,0]},"faces":{"north":{"uv":[5.9,0,14.9,16],"texture":"#9"},"east":{"uv":[7,0,9,16],"texture":"#9"},"south":{"uv":[1.1,0,10.1,16],"texture":"#9"},"up":{"uv":[7,0,9,16],"rotation":90,"texture":"#10"},"down":{"uv":[7,0,9,16],"rotation":90,"texture":"#10"}}},{"from":[28.72625,10.25,17.7438],"to":[31.6775,15.5,18.3438],"rotation":{"angle":0,"axis":"y","origin":[22.22625,0,5.1938]},"faces":{"north":{"uv":[1.1,0,10.1,16],"texture":"#9"},"east":{"uv":[7,0,9,16],"texture":"#9"},"south":{"uv":[5.9,0,14.9,16],"texture":"#9"},"west":{"uv":[7,0,9,16],"texture":"#9"},"up":{"uv":[7,0,9,16],"rotation":90,"texture":"#10"},"down":{"uv":[7,0,9,16],"rotation":90,"texture":"#10"}}},{"from":[15.875,10.25,-0.25],"to":[21.125,15.5,5],"rotation":{"angle":0,"axis":"y","origin":[9.375,0,0]},"faces":{"north":{"uv":[0,0,16,16],"texture":"#2"},"east":{"uv":[0,0,16,16],"texture":"#2"},"south":{"uv":[0,0,16,16],"texture":"#2"},"west":{"uv":[0,0,16,16],"texture":"#2"},"up":{"uv":[0,0,16,16],"texture":"#2"},"down":{"uv":[0,0,16,16],"texture":"#2"}}},{"from":[15.875,12.875,5],"to":[21.125,15.5,10.25],"rotation":{"angle":0,"axis":"y","origin":[9.375,2.625,0]},"faces":{"north":{"uv":[0,0,16,8],"texture":"#3"},"east":{"uv":[0,0,16,8],"texture":"#3"},"south":{"uv":[0,0,16,8],"texture":"#3"},"west":{"uv":[0,0,16,8],"texture":"#3"},"up":{"uv":[0,0,16,16],"rotation":90,"texture":"#3"},"down":{"uv":[0,0,16,16],"rotation":90,"texture":"#3"}}},{"from":[0.125,7.625,5],"to":[5.375,10.25,10.25],"rotation":{"angle":0,"axis":"y","origin":[-6.375,-2.625,0]},"faces":{"north":{"uv":[0,0,16,8],"texture":"#3"},"east":{"uv":[0,0,16,8],"texture":"#3"},"south":{"uv":[0,0,16,8],"texture":"#3"},"west":{"uv":[0,0,16,8],"texture":"#3"},"up":{"uv":[0,0,16,16],"rotation":90,"texture":"#3"},"down":{"uv":[0,0,16,16],"rotation":90,"texture":"#3"}}},{"from":[10.625,2.375,5],"to":[15.875,5,10.25],"rotation":{"angle":0,"axis":"y","origin":[4.125,-7.875,0]},"faces":{"north":{"uv":[0,0,16,8],"texture":"#6"},"east":{"uv":[0,0,16,8],"texture":"#6"},"south":{"uv":[0,0,16,8],"texture":"#6"},"west":{"uv":[0,0,16,8],"texture":"#6"},"up":{"uv":[0,0,16,16],"rotation":90,"texture":"#6"},"down":{"uv":[0,0,16,16],"rotation":270,"texture":"#6"}}},{"from":[10.625,-0.25,10.25],"to":[15.875,2.375,15.5],"rotation":{"angle":0,"axis":"y","origin":[4.125,-10.5,5.25]},"faces":{"north":{"uv":[0,8,16,16],"texture":"#6"},"east":{"uv":[0,8,16,16],"texture":"#6"},"south":{"uv":[0,8,16,16],"texture":"#6"},"west":{"uv":[0,8,16,16],"texture":"#6"},"up":{"uv":[0,0,16,16],"rotation":90,"texture":"#6"},"down":{"uv":[0,0,16,16],"rotation":270,"texture":"#6"}}},{"from":[10.625,-0.25,-0.25],"to":[15.875,2.375,5],"rotation":{"angle":0,"axis":"y","origin":[4.125,-10.5,-5.25]},"faces":{"north":{"uv":[0,8,16,16],"texture":"#6"},"east":{"uv":[0,8,16,16],"texture":"#6"},"south":{"uv":[0,8,16,16],"texture":"#6"},"west":{"uv":[0,8,16,16],"texture":"#6"},"up":{"uv":[0,0,16,16],"rotation":90,"texture":"#6"},"down":{"uv":[0,0,16,16],"rotation":270,"texture":"#6"}}},{"from":[10.625,2.375,10.25],"to":[15.875,5,12.875],"rotation":{"angle":0,"axis":"y","origin":[4.125,-7.875,5.25]},"faces":{"north":{"uv":[0,0,8,8],"texture":"#6"},"east":{"uv":[8,0,16,8],"texture":"#6"},"south":{"uv":[0,0,16,8],"texture":"#6"},"west":{"uv":[0,0,8,8],"texture":"#6"},"up":{"uv":[0,0,8,16],"rotation":90,"texture":"#6"},"down":{"uv":[0,0,16,8],"rotation":90,"texture":"#6"}}},{"from":[10.625,2.375,2.375],"to":[15.875,5,5],"rotation":{"angle":0,"axis":"y","origin":[4.125,-7.875,-2.625]},"faces":{"north":{"uv":[0,0,16,8],"texture":"#6"},"east":{"uv":[8,0,16,8],"texture":"#6"},"south":{"uv":[8,0,16,8],"texture":"#6"},"west":{"uv":[0,0,8,8],"texture":"#6"},"up":{"uv":[0,0,8,16],"rotation":90,"texture":"#6"},"down":{"uv":[0,0,16,8],"rotation":90,"texture":"#6"}}},{"from":[13.25,-0.25,5],"to":[15.875,2.375,10.25],"rotation":{"angle":0,"axis":"y","origin":[6.75,-10.5,0]},"faces":{"north":{"uv":[0,8,8,16],"texture":"#6"},"east":{"uv":[0,8,16,16],"texture":"#6"},"south":{"uv":[8,8,16,16],"texture":"#6"},"west":{"uv":[0,8,16,16],"texture":"#6"},"up":{"uv":[0,0,16,8],"rotation":90,"texture":"#6"},"down":{"uv":[0,0,16,8],"rotation":90,"texture":"#6"}}},{"from":[-5.125,7.625,5],"to":[0.125,10.25,10.25],"rotation":{"angle":0,"axis":"y","origin":[-11.625,-2.625,0]},"faces":{"north":{"uv":[0,0,16,8],"texture":"#3"},"east":{"uv":[0,0,16,8],"texture":"#3"},"south":{"uv":[0,0,16,8],"texture":"#3"},"west":{"uv":[0,0,16,8],"texture":"#3"},"up":{"uv":[0,0,16,16],"rotation":90,"texture":"#3"},"down":{"uv":[0,0,16,16],"rotation":90,"texture":"#3"}}},{"from":[15.875,10.25,5],"to":[18.5,12.875,10.25],"rotation":{"angle":0,"axis":"y","origin":[9.375,0,0]},"faces":{"north":{"uv":[0,8,16,16],"texture":"#3"},"east":{"uv":[0,8,16,16],"texture":"#3"},"south":{"uv":[0,8,16,16],"texture":"#3"},"west":{"uv":[0,8,16,16],"texture":"#3"},"up":{"uv":[0,0,16,8],"rotation":90,"texture":"#3"},"down":{"uv":[0,0,16,8],"rotation":90,"texture":"#3"}}},{"from":[0.125,10.25,5],"to":[5.375,15.5,10.25],"rotation":{"angle":0,"axis":"y","origin":[4.125,0,0]},"faces":{"north":{"uv":[0,0,16,16],"texture":"#2"},"east":{"uv":[0,0,16,16],"texture":"#2"},"south":{"uv":[0,0,16,16],"texture":"#2"},"west":{"uv":[0,0,16,16],"texture":"#2"},"up":{"uv":[0,0,16,16],"texture":"#2"},"down":{"uv":[0,0,16,16],"texture":"#2"}}},{"from":[5.375,10.25,5],"to":[10.625,15.5,10.25],"rotation":{"angle":0,"axis":"y","origin":[9.375,0,0]},"faces":{"north":{"uv":[0,0,16,16],"texture":"#2"},"east":{"uv":[0,0,16,16],"texture":"#2"},"south":{"uv":[0,0,16,16],"texture":"#2"},"west":{"uv":[0,0,16,16],"texture":"#2"},"up":{"uv":[0,0,16,16],"texture":"#2"},"down":{"uv":[0,0,16,16],"texture":"#2"}}},{"from":[21.125,15.5,10.25],"to":[26.375,20.75,15.5],"rotation":{"angle":0,"axis":"y","origin":[9.375,0,0]},"faces":{"north":{"uv":[0,0,16,16],"texture":"#2"},"east":{"uv":[0,0,16,16],"texture":"#2"},"south":{"uv":[0,0,16,16],"texture":"#2"},"west":{"uv":[0,0,16,16],"texture":"#2"},"up":{"uv":[0,0,16,16],"texture":"#2"},"down":{"uv":[0,0,16,16],"texture":"#2"}}},{"from":[21.125,10.25,2.05],"to":[26.375,15.5,2.65],"rotation":{"angle":0,"axis":"y","origin":[14.625,0,-10.5]},"faces":{"north":{"uv":[1.1,0,16,16],"texture":"#9"},"south":{"uv":[0,0,14.9,16],"texture":"#9"},"up":{"uv":[7,0,9,16],"rotation":90,"texture":"#10"},"down":{"uv":[7,0,9,16],"rotation":90,"texture":"#10"}}},{"from":[26.375,10.25,2.05],"to":[29.32625,15.5,2.65],"rotation":{"angle":0,"axis":"y","origin":[19.875,0,-10.5]},"faces":{"north":{"uv":[5.9,0,14.9,16],"texture":"#9"},"east":{"uv":[7,0,9,16],"texture":"#9"},"south":{"uv":[1.1,0,10.1,16],"texture":"#9"},"up":{"uv":[7,0,9,16],"rotation":90,"texture":"#10"},"down":{"uv":[7,0,9,16],"rotation":90,"texture":"#10"}}},{"from":[28.72625,10.25,-2.5438],"to":[29.32625,15.5,-0.2469],"rotation":{"angle":0,"axis":"y","origin":[22.22625,0,-15.0938]},"faces":{"east":{"uv":[1.1,0,8.1,16],"texture":"#9"},"west":{"uv":[7.9,0,14.9,16],"texture":"#9"},"up":{"uv":[7,0,9,16],"rotation":90,"texture":"#10"},"down":{"uv":[7,0,9,16],"rotation":90,"texture":"#10"}}},{"from":[28.72625,10.25,-0.2469],"to":[29.32625,15.5,2.05],"rotation":{"angle":0,"axis":"y","origin":[22.22625,0,-12.7969]},"faces":{"east":{"uv":[7.9,0,14.9,16],"texture":"#9"},"west":{"uv":[1.1,0,8.1,16],"texture":"#9"},"up":{"uv":[7,0,9,16],"rotation":90,"texture":"#10"},"down":{"uv":[7,0,9,16],"rotation":90,"texture":"#10"}}},{"from":[28.72625,10.25,-3.1438],"to":[31.6775,15.5,-2.5438],"rotation":{"angle":0,"axis":"y","origin":[22.50375,0,-15.6938]},"faces":{"north":{"uv":[1.1,0,10.1,16],"texture":"#9"},"east":{"uv":[7,0,9,16],"texture":"#9"},"south":{"uv":[5.9,0,14.9,16],"texture":"#9"},"west":{"uv":[7,0,9,16],"texture":"#9"},"up":{"uv":[7,0,9,16],"rotation":90,"texture":"#10"},"down":{"uv":[7,0,9,16],"rotation":90,"texture":"#10"}}},{"from":[21.125,15.5,-0.25],"to":[26.375,20.75,5],"rotation":{"angle":0,"axis":"y","origin":[9.375,0,-10.5]},"faces":{"north":{"uv":[0,0,16,16],"texture":"#2"},"east":{"uv":[0,0,16,16],"texture":"#2"},"south":{"uv":[0,0,16,16],"texture":"#2"},"west":{"uv":[0,0,16,16],"texture":"#2"},"up":{"uv":[0,0,16,16],"texture":"#2"},"down":{"uv":[0,0,16,16],"texture":"#2"}}},{"from":[21.125,15.5,5],"to":[26.375,20.75,10.25],"rotation":{"angle":0,"axis":"y","origin":[9.375,0,0]},"faces":{"north":{"uv":[0,0,16,16],"texture":"#2"},"east":{"uv":[0,0,16,16],"texture":"#2"},"south":{"uv":[0,0,16,16],"texture":"#2"},"west":{"uv":[0,0,16,16],"texture":"#2"},"up":{"uv":[0,0,16,16],"texture":"#2"},"down":{"uv":[0,0,16,16],"texture":"#2"}}},{"from":[15.875,15.5,5],"to":[21.125,20.75,10.25],"rotation":{"angle":0,"axis":"y","origin":[9.375,0,0]},"faces":{"north":{"uv":[0,0,16,16],"texture":"#2"},"east":{"uv":[0,0,16,16],"texture":"#2"},"south":{"uv":[0,0,16,16],"texture":"#2"},"west":{"uv":[0,0,16,16],"texture":"#2"},"up":{"uv":[0,0,16,16],"texture":"#2"},"down":{"uv":[0,0,16,16],"texture":"#2"}}},{"from":[17.1875,6.3125,6.96875],"to":[19.8125,7.95313,8.28125],"rotation":{"angle":0,"axis":"y","origin":[41.225,-9.1875,-5.25]},"faces":{"north":{"uv":[4,8,12,13],"texture":"#4"},"east":{"uv":[6,8,10,13],"texture":"#4"},"south":{"uv":[4,8,12,13],"texture":"#4"},"west":{"uv":[6,8,10,13],"texture":"#4"},"up":{"uv":[4,4,12,12],"rotation":90,"texture":"#4"},"down":{"uv":[4,4,12,12],"rotation":90,"texture":"#4"}}},{"from":[15.875,7.95313,5.98443],"to":[21.125,9.92188,9.26568],"rotation":{"angle":0,"axis":"y","origin":[41.225,-7.54687,-5.25]},"faces":{"north":{"uv":[0,11,16,16],"texture":"#4"},"east":{"uv":[3,0,13,6],"texture":"#4"},"south":{"uv":[0,11,16,16],"texture":"#4"},"west":{"uv":[3,0,13,6],"texture":"#4"},"up":{"uv":[3,2,13,14],"rotation":90,"texture":"#4"},"down":{"uv":[4,0,12,16],"rotation":90,"texture":"#4"}}},{"from":[16.53125,5,5.65625],"to":[20.46875,5.98438,9.59375],"rotation":{"angle":0,"axis":"y","origin":[41.225,-10.5,-5.25]},"faces":{"north":{"uv":[2,13,14,16],"texture":"#4"},"east":{"uv":[2,13,14,16],"texture":"#4"},"south":{"uv":[2,13,14,16],"texture":"#4"},"west":{"uv":[2,13,14,16],"texture":"#4"},"up":{"uv":[2,2,14,14],"rotation":90,"texture":"#4"},"down":{"uv":[2,2,14,14],"rotation":90,"texture":"#4"}}},{"from":[16.85937,5.98438,6.3125],"to":[20.14062,6.3125,8.9375],"rotation":{"angle":0,"axis":"y","origin":[41.225,-9.51562,-5.25]},"faces":{"north":{"uv":[4,12,12,13],"texture":"#4"},"east":{"uv":[4,12,12,13],"texture":"#4"},"south":{"uv":[4,12,12,13],"texture":"#4"},"west":{"uv":[4,12,12,13],"texture":"#4"},"up":{"uv":[4,3,12,13],"rotation":90,"texture":"#4"},"down":{"uv":[4,3,12,13],"rotation":90,"texture":"#4"}}},{"from":[26.375,15.5,-0.25],"to":[31.625,20.75,5],"rotation":{"angle":0,"axis":"y","origin":[51.725,0,0]},"faces":{"north":{"uv":[0,0,16,16],"texture":"#2"},"east":{"uv":[0,0,16,16],"texture":"#2"},"south":{"uv":[0,0,16,16],"texture":"#2"},"west":{"uv":[0,0,16,16],"texture":"#2"},"up":{"uv":[0,0,16,16],"texture":"#2"},"down":{"uv":[0,0,16,16],"texture":"#2"}}},{"from":[26.375,15.5,5],"to":[31.625,20.75,10.25],"rotation":{"angle":0,"axis":"y","origin":[51.725,0,0]},"faces":{"north":{"uv":[0,0,16,16],"texture":"#0"},"east":{"uv":[0,0,16,16],"texture":"#0"},"south":{"uv":[0,0,16,16],"texture":"#0"},"west":{"uv":[0,0,16,16],"texture":"#0"},"up":{"uv":[0,0,16,16],"texture":"#0"},"down":{"uv":[0,0,16,16],"texture":"#0"}}},{"from":[0.125,-10.75,5],"to":[5.375,-9.75,10.25],"rotation":{"angle":0,"axis":"y","origin":[25.475,-8.875,0]},"faces":{"north":{"uv":[0,13,16,16],"rotation":180,"texture":"#7"},"east":{"uv":[0,13,16,16],"rotation":180,"texture":"#7"},"south":{"uv":[0,13,16,16],"rotation":180,"texture":"#7"},"west":{"uv":[0,13,16,16],"rotation":180,"texture":"#7"},"up":{"uv":[0,0,16,16],"rotation":90,"texture":"#7"},"down":{"uv":[0,0,16,16],"rotation":90,"texture":"#7"}}},{"from":[26.375,-10.75,10.25],"to":[31.625,-9.75,15.5],"rotation":{"angle":0,"axis":"y","origin":[51.725,-8.875,5.25]},"faces":{"north":{"uv":[0,13,16,16],"rotation":180,"texture":"#8"},"east":{"uv":[0,13,16,16],"rotation":180,"texture":"#8"},"south":{"uv":[0,13,16,16],"rotation":180,"texture":"#8"},"west":{"uv":[0,13,16,16],"rotation":180,"texture":"#8"},"up":{"uv":[0,0,16,16],"texture":"#8"},"down":{"uv":[0,0,16,16],"texture":"#8"}}},{"from":[26.375,20.75,5],"to":[31.625,21.75,10.25],"rotation":{"angle":0,"axis":"y","origin":[51.725,5.25,0]},"faces":{"north":{"uv":[0,0,16,3],"texture":"#1"},"east":{"uv":[0,0,16,3],"texture":"#1"},"south":{"uv":[0,0,16,3],"texture":"#1"},"west":{"uv":[0,0,16,3],"texture":"#1"},"up":{"uv":[0,0,16,16],"rotation":90,"texture":"#1"},"down":{"uv":[0,0,16,16],"rotation":90,"texture":"#1"}}},{"from":[26.375,14.5,5],"to":[31.625,15.5,10.25],"rotation":{"angle":0,"axis":"y","origin":[51.725,-1,0]},"faces":{"north":{"uv":[0,0,16,3],"texture":"#1"},"east":{"uv":[0,0,16,3],"texture":"#1"},"south":{"uv":[0,0,16,3],"texture":"#1"},"west":{"uv":[0,0,16,3],"texture":"#1"},"up":{"uv":[0,0,16,16],"rotation":90,"texture":"#1"},"down":{"uv":[0,0,16,16],"rotation":90,"texture":"#1"}}},{"from":[23.125,-16,1.725],"to":[24.425,-10.75,3.025],"rotation":{"angle":0,"axis":"y","origin":[54.85,-42.55,-8.275]},"faces":{"north":{"uv":[6,0,10,16],"texture":"#5"},"east":{"uv":[6,0,10,16],"texture":"#5"},"south":{"uv":[6,0,10,16],"texture":"#5"},"west":{"uv":[6,0,10,16],"texture":"#5"},"up":{"uv":[0,0,4,4],"texture":"#5"},"down":{"uv":[0,1,4,5],"rotation":90,"texture":"#5"}}},{"from":[24.425,-14.05,2.05],"to":[28.375,-13.05,2.7],"rotation":{"angle":0,"axis":"y","origin":[55.5,-42.225,11.925]},"faces":{"north":{"uv":[12,1,0,4],"texture":"#5"},"east":{"uv":[12,1,0,4],"texture":"#5"},"south":{"uv":[12,1,0,4],"texture":"#5"},"west":{"uv":[12,1,0,4],"texture":"#5"},"up":{"uv":[2,0,0,12],"rotation":90,"texture":"#5"},"down":{"uv":[2,0,0,12],"rotation":90,"texture":"#5"}}},{"from":[24.425,-12.075,2.05],"to":[28.375,-11.075,2.7],"rotation":{"angle":0,"axis":"y","origin":[55.5,-42.225,11.925]},"faces":{"north":{"uv":[12,1,0,4],"texture":"#5"},"east":{"uv":[12,1,0,4],"texture":"#5"},"south":{"uv":[12,1,0,4],"texture":"#5"},"west":{"uv":[12,1,0,4],"texture":"#5"},"up":{"uv":[2,0,0,12],"rotation":90,"texture":"#5"},"down":{"uv":[2,0,0,12],"rotation":90,"texture":"#5"}}},{"from":[28.375,-16,1.725],"to":[29.675,-10.75,3.025],"rotation":{"angle":0,"axis":"y","origin":[60.1,-40.6,-8.6]},"faces":{"north":{"uv":[6,0,10,16],"texture":"#5"},"east":{"uv":[6,0,10,16],"texture":"#5"},"south":{"uv":[6,0,10,16],"texture":"#5"},"west":{"uv":[6,0,10,16],"texture":"#5"},"up":{"uv":[0,0,4,4],"texture":"#5"},"down":{"uv":[0,1,4,5],"rotation":90,"texture":"#5"}}},{"from":[29.675,-14.05,2.05],"to":[31.65,-13.05,2.7],"rotation":{"angle":0,"axis":"y","origin":[14.15,-42.55,13.025]},"faces":{"north":{"uv":[11,3,5,6],"texture":"#5"},"east":{"uv":[7,3,5,6],"texture":"#5"},"south":{"uv":[11,3,5,6],"texture":"#5"},"west":{"uv":[7,3,5,6],"texture":"#5"},"up":{"uv":[0,2,6,0],"texture":"#5"},"down":{"uv":[0,2,6,0],"texture":"#5"}}},{"from":[29.675,-12.075,2.05],"to":[31.65,-11.075,2.7],"rotation":{"angle":0,"axis":"y","origin":[14.15,-42.55,13.025]},"faces":{"north":{"uv":[11,1,5,4],"texture":"#5"},"east":{"uv":[7,1,5,4],"texture":"#5"},"south":{"uv":[11,1,5,4],"texture":"#5"},"west":{"uv":[7,1,5,4],"texture":"#5"},"up":{"uv":[0,2,6,0],"texture":"#5"},"down":{"uv":[0,2,6,0],"texture":"#5"}}},{"from":[26.375,-10.75,-0.25],"to":[31.625,-9.75,5],"rotation":{"angle":0,"axis":"y","origin":[51.725,-8.875,-5.25]},"faces":{"north":{"uv":[0,13,16,16],"rotation":180,"texture":"#8"},"east":{"uv":[0,13,16,16],"rotation":180,"texture":"#8"},"south":{"uv":[0,13,16,16],"rotation":180,"texture":"#8"},"west":{"uv":[0,13,16,16],"rotation":180,"texture":"#8"},"up":{"uv":[0,0,16,16],"texture":"#8"},"down":{"uv":[0,0,16,16],"texture":"#8"}}},{"from":[26.375,15.5,10.25],"to":[31.625,20.75,15.5],"rotation":{"angle":0,"axis":"y","origin":[51.725,0,0]},"faces":{"north":{"uv":[0,0,16,16],"texture":"#2"},"east":{"uv":[0,0,16,16],"texture":"#2"},"south":{"uv":[0,0,16,16],"texture":"#2"},"west":{"uv":[0,0,16,16],"texture":"#2"},"up":{"uv":[0,0,16,16],"texture":"#2"},"down":{"uv":[0,0,16,16],"texture":"#2"}}}],"display":{"thirdperson_righthand":{"scale":[3,3,3]}},"groups":[{"name":"group","origin":[9.375,0,0],"color":0,"nbt":"{}","armAnimationEnabled":false,"children":[0,1,2,3,4,5,6,7,8,9,10,11,12,13,14,15,16,17,18,19,20,21,22,23,24,25,26,27,28,29,30,31,32,33,34,35,36,37,38,39,40,41,42,43,44,45,46,47,48,49,50,51,52,53,54,55,56,57,58,59,60,61,62,63,64,65,66,67,68,69,70,71,72,73,74]}]}