{"credit":"Made with Blockbench by Valvac","textures":{"4":"block/lime_concrete","5":"block/lime_concrete_powder","7":"block/yellow_concrete","10":"block/cyan_terracotta","11":"block/skins/mdcp_panpan","12":"block/skins/mdcp_missbunny","18":"block/yellow_concrete_powder","19":"block/green_concrete_powder","20":"block/magenta_concrete","21":"block/pink_concrete","23":"block/acacia_leaves_textures","particle":"block/blue_concrete"},"elements":[{"from":[2,0.6,-5.5],"to":[14,3.6,21.5],"rotation":{"angle":0,"axis":"y","origin":[-16,-0.3,-16]},"faces":{"north":{"uv":[0,0,4,1],"texture":"#20"},"east":{"uv":[0,0,9,1],"texture":"#20"},"south":{"uv":[0,0,4,1],"texture":"#20"},"west":{"uv":[0,0,9,1],"texture":"#20"},"up":{"uv":[0,0,4,9],"texture":"#20"},"down":{"uv":[0,0,4,9],"texture":"#20"}}},{"from":[1.7,3.3,-5.8],"to":[14.3,3.9,21.8],"rotation":{"angle":0,"axis":"y","origin":[-16,-0.3,-16]},"faces":{"north":{"uv":[0,0,16,1],"texture":"#5"},"east":{"uv":[0,0,16,1],"texture":"#5"},"south":{"uv":[0,0,16,1],"texture":"#5"},"west":{"uv":[0,0,16,1],"texture":"#5"},"up":{"uv":[0,0,16,16],"texture":"#5"},"down":{"uv":[0,0,16,16],"texture":"#5"}}},{"from":[4.85081,1.35,-5.65],"to":[5.14919,2.85,-4.75],"rotation":{"angle":-45,"axis":"z","origin":[5,2.1,-5.5]},"faces":{"north":{"uv":[0,0,1,1],"texture":"#21"},"east":{"uv":[0,0,1,1],"texture":"#21"},"south":{"uv":[0,0,1,1],"texture":"#21"},"west":{"uv":[0,0,1,1],"texture":"#21"},"up":{"uv":[0,0,1,1],"texture":"#21"},"down":{"uv":[0,0,1,1],"texture":"#21"}}},{"from":[4.85081,1.35,-5.65],"to":[5.14919,2.85,-4.75],"rotation":{"angle":-22.5,"axis":"z","origin":[5,2.1,-5.5]},"faces":{"north":{"uv":[0,0,1,1],"texture":"#21"},"east":{"uv":[0,0,1,1],"texture":"#21"},"south":{"uv":[0,0,1,1],"texture":"#21"},"west":{"uv":[0,0,1,1],"texture":"#21"},"up":{"uv":[0,0,1,1],"texture":"#21"},"down":{"uv":[0,0,1,1],"texture":"#21"}}},{"from":[4.85081,1.35,-5.65],"to":[5.14919,2.85,-4.75],"rotation":{"angle":0,"axis":"y","origin":[5,2.1,-5.5]},"faces":{"north":{"uv":[0,0,1,1],"texture":"#21"},"east":{"uv":[0,0,1,1],"texture":"#21"},"south":{"uv":[0,0,1,1],"texture":"#21"},"west":{"uv":[0,0,1,1],"texture":"#21"},"up":{"uv":[0,0,1,1],"texture":"#21"},"down":{"uv":[0,0,1,1],"texture":"#21"}}},{"from":[4.85081,1.35,-5.65],"to":[5.14919,2.85,-4.75],"rotation":{"angle":22.5,"axis":"z","origin":[5,2.1,-5.5]},"faces":{"north":{"uv":[0,0,1,1],"texture":"#21"},"east":{"uv":[0,0,1,1],"texture":"#21"},"south":{"uv":[0,0,1,1],"texture":"#21"},"west":{"uv":[0,0,1,1],"texture":"#21"},"up":{"uv":[0,0,1,1],"texture":"#21"},"down":{"uv":[0,0,1,1],"texture":"#21"}}},{"from":[4.85081,1.35,-5.65],"to":[5.14919,2.85,-4.75],"rotation":{"angle":45,"axis":"z","origin":[5,2.1,-5.5]},"faces":{"north":{"uv":[0,0,1,1],"texture":"#21"},"east":{"uv":[0,0,1,1],"texture":"#21"},"south":{"uv":[0,0,1,1],"texture":"#21"},"west":{"uv":[0,0,1,1],"texture":"#21"},"up":{"uv":[0,0,1,1],"texture":"#21"},"down":{"uv":[0,0,1,1],"texture":"#21"}}},{"from":[4.25,1.95081,-5.65],"to":[5.75,2.24919,-4.75],"rotation":{"angle":-22.5,"axis":"z","origin":[5,2.1,-5.5]},"faces":{"north":{"uv":[0,0,1,1],"texture":"#21"},"east":{"uv":[0,0,1,1],"texture":"#21"},"south":{"uv":[0,0,1,1],"texture":"#21"},"west":{"uv":[0,0,1,1],"texture":"#21"},"up":{"uv":[0,0,1,1],"texture":"#21"},"down":{"uv":[0,0,1,1],"texture":"#21"}}},{"from":[4.25,1.95081,-5.65],"to":[5.75,2.24919,-4.75],"rotation":{"angle":0,"axis":"y","origin":[5,2.1,-5.5]},"faces":{"north":{"uv":[0,0,1,1],"texture":"#21"},"east":{"uv":[0,0,1,1],"texture":"#21"},"south":{"uv":[0,0,1,1],"texture":"#21"},"west":{"uv":[0,0,1,1],"texture":"#21"},"up":{"uv":[0,0,1,1],"texture":"#21"},"down":{"uv":[0,0,1,1],"texture":"#21"}}},{"from":[4.25,1.95081,-5.65],"to":[5.75,2.24919,-4.75],"rotation":{"angle":22.5,"axis":"z","origin":[5,2.1,-5.5]},"faces":{"north":{"uv":[0,0,1,1],"texture":"#21"},"east":{"uv":[0,0,1,1],"texture":"#21"},"south":{"uv":[0,0,1,1],"texture":"#21"},"west":{"uv":[0,0,1,1],"texture":"#21"},"up":{"uv":[0,0,1,1],"texture":"#21"},"down":{"uv":[0,0,1,1],"texture":"#21"}}},{"from":[10.85081,1.35,-5.65],"to":[11.14919,2.85,-4.75],"rotation":{"angle":-45,"axis":"z","origin":[11,2.1,-5.5]},"faces":{"north":{"uv":[0,0,1,1],"texture":"#21"},"east":{"uv":[0,0,1,1],"texture":"#21"},"south":{"uv":[0,0,1,1],"texture":"#21"},"west":{"uv":[0,0,1,1],"texture":"#21"},"up":{"uv":[0,0,1,1],"texture":"#21"},"down":{"uv":[0,0,1,1],"texture":"#21"}}},{"from":[10.85081,1.35,-5.65],"to":[11.14919,2.85,-4.75],"rotation":{"angle":-22.5,"axis":"z","origin":[11,2.1,-5.5]},"faces":{"north":{"uv":[0,0,1,1],"texture":"#21"},"east":{"uv":[0,0,1,1],"texture":"#21"},"south":{"uv":[0,0,1,1],"texture":"#21"},"west":{"uv":[0,0,1,1],"texture":"#21"},"up":{"uv":[0,0,1,1],"texture":"#21"},"down":{"uv":[0,0,1,1],"texture":"#21"}}},{"from":[10.85081,1.35,-5.65],"to":[11.14919,2.85,-4.75],"rotation":{"angle":0,"axis":"y","origin":[11,2.1,-5.5]},"faces":{"north":{"uv":[0,0,1,1],"texture":"#21"},"east":{"uv":[0,0,1,1],"texture":"#21"},"south":{"uv":[0,0,1,1],"texture":"#21"},"west":{"uv":[0,0,1,1],"texture":"#21"},"up":{"uv":[0,0,1,1],"texture":"#21"},"down":{"uv":[0,0,1,1],"texture":"#21"}}},{"from":[10.85081,1.35,-5.65],"to":[11.14919,2.85,-4.75],"rotation":{"angle":22.5,"axis":"z","origin":[11,2.1,-5.5]},"faces":{"north":{"uv":[0,0,1,1],"texture":"#21"},"east":{"uv":[0,0,1,1],"texture":"#21"},"south":{"uv":[0,0,1,1],"texture":"#21"},"west":{"uv":[0,0,1,1],"texture":"#21"},"up":{"uv":[0,0,1,1],"texture":"#21"},"down":{"uv":[0,0,1,1],"texture":"#21"}}},{"from":[10.85081,1.35,-5.65],"to":[11.14919,2.85,-4.75],"rotation":{"angle":45,"axis":"z","origin":[11,2.1,-5.5]},"faces":{"north":{"uv":[0,0,1,1],"texture":"#21"},"east":{"uv":[0,0,1,1],"texture":"#21"},"south":{"uv":[0,0,1,1],"texture":"#21"},"west":{"uv":[0,0,1,1],"texture":"#21"},"up":{"uv":[0,0,1,1],"texture":"#21"},"down":{"uv":[0,0,1,1],"texture":"#21"}}},{"from":[10.25,1.95081,-5.65],"to":[11.75,2.24919,-4.75],"rotation":{"angle":-22.5,"axis":"z","origin":[11,2.1,-5.5]},"faces":{"north":{"uv":[0,0,1,1],"texture":"#21"},"east":{"uv":[0,0,1,1],"texture":"#21"},"south":{"uv":[0,0,1,1],"texture":"#21"},"west":{"uv":[0,0,1,1],"texture":"#21"},"up":{"uv":[0,0,1,1],"texture":"#21"},"down":{"uv":[0,0,1,1],"texture":"#21"}}},{"from":[10.25,1.95081,-5.65],"to":[11.75,2.24919,-4.75],"rotation":{"angle":0,"axis":"y","origin":[11,2.1,-5.5]},"faces":{"north":{"uv":[0,0,1,1],"texture":"#21"},"east":{"uv":[0,0,1,1],"texture":"#21"},"south":{"uv":[0,0,1,1],"texture":"#21"},"west":{"uv":[0,0,1,1],"texture":"#21"},"up":{"uv":[0,0,1,1],"texture":"#21"},"down":{"uv":[0,0,1,1],"texture":"#21"}}},{"from":[10.25,1.95081,-5.65],"to":[11.75,2.24919,-4.75],"rotation":{"angle":22.5,"axis":"z","origin":[11,2.1,-5.5]},"faces":{"north":{"uv":[0,0,1,1],"texture":"#21"},"east":{"uv":[0,0,1,1],"texture":"#21"},"south":{"uv":[0,0,1,1],"texture":"#21"},"west":{"uv":[0,0,1,1],"texture":"#21"},"up":{"uv":[0,0,1,1],"texture":"#21"},"down":{"uv":[0,0,1,1],"texture":"#21"}}},{"from":[4.85081,1.35,20.75],"to":[5.14919,2.85,21.65],"rotation":{"angle":-45,"axis":"z","origin":[5,2.1,20.9]},"faces":{"north":{"uv":[0,0,1,1],"texture":"#21"},"east":{"uv":[0,0,1,1],"texture":"#21"},"south":{"uv":[0,0,1,1],"texture":"#21"},"west":{"uv":[0,0,1,1],"texture":"#21"},"up":{"uv":[0,0,1,1],"texture":"#21"},"down":{"uv":[0,0,1,1],"texture":"#21"}}},{"from":[4.85081,1.35,20.75],"to":[5.14919,2.85,21.65],"rotation":{"angle":-22.5,"axis":"z","origin":[5,2.1,20.9]},"faces":{"north":{"uv":[0,0,1,1],"texture":"#21"},"east":{"uv":[0,0,1,1],"texture":"#21"},"south":{"uv":[0,0,1,1],"texture":"#21"},"west":{"uv":[0,0,1,1],"texture":"#21"},"up":{"uv":[0,0,1,1],"texture":"#21"},"down":{"uv":[0,0,1,1],"texture":"#21"}}},{"from":[4.85081,1.35,20.75],"to":[5.14919,2.85,21.65],"rotation":{"angle":0,"axis":"y","origin":[5,2.1,20.9]},"faces":{"north":{"uv":[0,0,1,1],"texture":"#21"},"east":{"uv":[0,0,1,1],"texture":"#21"},"south":{"uv":[0,0,1,1],"texture":"#21"},"west":{"uv":[0,0,1,1],"texture":"#21"},"up":{"uv":[0,0,1,1],"texture":"#21"},"down":{"uv":[0,0,1,1],"texture":"#21"}}},{"from":[4.85081,1.35,20.75],"to":[5.14919,2.85,21.65],"rotation":{"angle":22.5,"axis":"z","origin":[5,2.1,20.9]},"faces":{"north":{"uv":[0,0,1,1],"texture":"#21"},"east":{"uv":[0,0,1,1],"texture":"#21"},"south":{"uv":[0,0,1,1],"texture":"#21"},"west":{"uv":[0,0,1,1],"texture":"#21"},"up":{"uv":[0,0,1,1],"texture":"#21"},"down":{"uv":[0,0,1,1],"texture":"#21"}}},{"from":[4.85081,1.35,20.75],"to":[5.14919,2.85,21.65],"rotation":{"angle":45,"axis":"z","origin":[5,2.1,20.9]},"faces":{"north":{"uv":[0,0,1,1],"texture":"#21"},"east":{"uv":[0,0,1,1],"texture":"#21"},"south":{"uv":[0,0,1,1],"texture":"#21"},"west":{"uv":[0,0,1,1],"texture":"#21"},"up":{"uv":[0,0,1,1],"texture":"#21"},"down":{"uv":[0,0,1,1],"texture":"#21"}}},{"from":[4.25,1.95081,20.75],"to":[5.75,2.24919,21.65],"rotation":{"angle":-22.5,"axis":"z","origin":[5,2.1,20.9]},"faces":{"north":{"uv":[0,0,1,1],"texture":"#21"},"east":{"uv":[0,0,1,1],"texture":"#21"},"south":{"uv":[0,0,1,1],"texture":"#21"},"west":{"uv":[0,0,1,1],"texture":"#21"},"up":{"uv":[0,0,1,1],"texture":"#21"},"down":{"uv":[0,0,1,1],"texture":"#21"}}},{"from":[4.25,1.95081,20.75],"to":[5.75,2.24919,21.65],"rotation":{"angle":0,"axis":"y","origin":[5,2.1,20.9]},"faces":{"north":{"uv":[0,0,1,1],"texture":"#21"},"east":{"uv":[0,0,1,1],"texture":"#21"},"south":{"uv":[0,0,1,1],"texture":"#21"},"west":{"uv":[0,0,1,1],"texture":"#21"},"up":{"uv":[0,0,1,1],"texture":"#21"},"down":{"uv":[0,0,1,1],"texture":"#21"}}},{"from":[4.25,1.95081,20.75],"to":[5.75,2.24919,21.65],"rotation":{"angle":22.5,"axis":"z","origin":[5,2.1,20.9]},"faces":{"north":{"uv":[0,0,1,1],"texture":"#21"},"east":{"uv":[0,0,1,1],"texture":"#21"},"south":{"uv":[0,0,1,1],"texture":"#21"},"west":{"uv":[0,0,1,1],"texture":"#21"},"up":{"uv":[0,0,1,1],"texture":"#21"},"down":{"uv":[0,0,1,1],"texture":"#21"}}},{"from":[10.85081,1.35,20.75],"to":[11.14919,2.85,21.65],"rotation":{"angle":-45,"axis":"z","origin":[11,2.1,20.9]},"faces":{"north":{"uv":[0,0,1,1],"texture":"#21"},"east":{"uv":[0,0,1,1],"texture":"#21"},"south":{"uv":[0,0,1,1],"texture":"#21"},"west":{"uv":[0,0,1,1],"texture":"#21"},"up":{"uv":[0,0,1,1],"texture":"#21"},"down":{"uv":[0,0,1,1],"texture":"#21"}}},{"from":[10.85081,1.35,20.75],"to":[11.14919,2.85,21.65],"rotation":{"angle":-22.5,"axis":"z","origin":[11,2.1,20.9]},"faces":{"north":{"uv":[0,0,1,1],"texture":"#21"},"east":{"uv":[0,0,1,1],"texture":"#21"},"south":{"uv":[0,0,1,1],"texture":"#21"},"west":{"uv":[0,0,1,1],"texture":"#21"},"up":{"uv":[0,0,1,1],"texture":"#21"},"down":{"uv":[0,0,1,1],"texture":"#21"}}},{"from":[10.85081,1.35,20.75],"to":[11.14919,2.85,21.65],"rotation":{"angle":0,"axis":"y","origin":[11,2.1,20.9]},"faces":{"north":{"uv":[0,0,1,1],"texture":"#21"},"east":{"uv":[0,0,1,1],"texture":"#21"},"south":{"uv":[0,0,1,1],"texture":"#21"},"west":{"uv":[0,0,1,1],"texture":"#21"},"up":{"uv":[0,0,1,1],"texture":"#21"},"down":{"uv":[0,0,1,1],"texture":"#21"}}},{"from":[10.85081,1.35,20.75],"to":[11.14919,2.85,21.65],"rotation":{"angle":22.5,"axis":"z","origin":[11,2.1,20.9]},"faces":{"north":{"uv":[0,0,1,1],"texture":"#21"},"east":{"uv":[0,0,1,1],"texture":"#21"},"south":{"uv":[0,0,1,1],"texture":"#21"},"west":{"uv":[0,0,1,1],"texture":"#21"},"up":{"uv":[0,0,1,1],"texture":"#21"},"down":{"uv":[0,0,1,1],"texture":"#21"}}},{"from":[10.85081,1.35,20.75],"to":[11.14919,2.85,21.65],"rotation":{"angle":45,"axis":"z","origin":[11,2.1,20.9]},"faces":{"north":{"uv":[0,0,1,1],"texture":"#21"},"east":{"uv":[0,0,1,1],"texture":"#21"},"south":{"uv":[0,0,1,1],"texture":"#21"},"west":{"uv":[0,0,1,1],"texture":"#21"},"up":{"uv":[0,0,1,1],"texture":"#21"},"down":{"uv":[0,0,1,1],"texture":"#21"}}},{"from":[10.25,1.95081,20.75],"to":[11.75,2.24919,21.65],"rotation":{"angle":-22.5,"axis":"z","origin":[11,2.1,20.9]},"faces":{"north":{"uv":[0,0,1,1],"texture":"#21"},"east":{"uv":[0,0,1,1],"texture":"#21"},"south":{"uv":[0,0,1,1],"texture":"#21"},"west":{"uv":[0,0,1,1],"texture":"#21"},"up":{"uv":[0,0,1,1],"texture":"#21"},"down":{"uv":[0,0,1,1],"texture":"#21"}}},{"from":[10.25,1.95081,20.75],"to":[11.75,2.24919,21.65],"rotation":{"angle":0,"axis":"y","origin":[11,2.1,20.9]},"faces":{"north":{"uv":[0,0,1,1],"texture":"#21"},"east":{"uv":[0,0,1,1],"texture":"#21"},"south":{"uv":[0,0,1,1],"texture":"#21"},"west":{"uv":[0,0,1,1],"texture":"#21"},"up":{"uv":[0,0,1,1],"texture":"#21"},"down":{"uv":[0,0,1,1],"texture":"#21"}}},{"from":[10.25,1.95081,20.75],"to":[11.75,2.24919,21.65],"rotation":{"angle":22.5,"axis":"z","origin":[11,2.1,20.9]},"faces":{"north":{"uv":[0,0,1,1],"texture":"#21"},"east":{"uv":[0,0,1,1],"texture":"#21"},"south":{"uv":[0,0,1,1],"texture":"#21"},"west":{"uv":[0,0,1,1],"texture":"#21"},"up":{"uv":[0,0,1,1],"texture":"#21"},"down":{"uv":[0,0,1,1],"texture":"#21"}}},{"from":[13.4,1.20162,10.7],"to":[14.3,1.79838,11.6],"rotation":{"angle":-45,"axis":"x","origin":[13.7,1.5,12.2]},"faces":{"north":{"uv":[0,0,1,1],"texture":"#10"},"east":{"uv":[0,0,1,1],"texture":"#10"},"south":{"uv":[0,0,1,1],"texture":"#10"},"west":{"uv":[0,0,1,1],"texture":"#10"},"up":{"uv":[0,0,1,1],"texture":"#10"},"down":{"uv":[0,0,1,1],"texture":"#10"}}},{"from":[13.4,1.20162,10.7],"to":[14.3,1.79838,11.6],"rotation":{"angle":-22.5,"axis":"x","origin":[13.7,1.5,12.2]},"faces":{"north":{"uv":[0,0,1,1],"texture":"#10"},"east":{"uv":[0,0,1,1],"texture":"#10"},"south":{"uv":[0,0,1,1],"texture":"#10"},"west":{"uv":[0,0,1,1],"texture":"#10"},"up":{"uv":[0,0,1,1],"texture":"#10"},"down":{"uv":[0,0,1,1],"texture":"#10"}}},{"from":[13.4,1.20162,10.7],"to":[14.3,1.79838,11.6],"rotation":{"angle":0,"axis":"y","origin":[13.7,1.5,12.2]},"faces":{"north":{"uv":[0,0,1,1],"texture":"#10"},"east":{"uv":[0,0,1,1],"texture":"#10"},"south":{"uv":[0,0,1,1],"texture":"#10"},"west":{"uv":[0,0,1,1],"texture":"#10"},"up":{"uv":[0,0,1,1],"texture":"#10"},"down":{"uv":[0,0,1,1],"texture":"#10"}}},{"from":[13.4,1.20162,10.7],"to":[14.3,1.79838,11.6],"rotation":{"angle":22.5,"axis":"x","origin":[13.7,1.5,12.2]},"faces":{"north":{"uv":[0,0,1,1],"texture":"#10"},"east":{"uv":[0,0,1,1],"texture":"#10"},"south":{"uv":[0,0,1,1],"texture":"#10"},"west":{"uv":[0,0,1,1],"texture":"#10"},"up":{"uv":[0,0,1,1],"texture":"#10"},"down":{"uv":[0,0,1,1],"texture":"#10"}}},{"from":[13.4,1.20162,10.7],"to":[14.3,1.79838,11.6],"rotation":{"angle":45,"axis":"x","origin":[13.7,1.5,12.2]},"faces":{"north":{"uv":[0,0,1,1],"texture":"#10"},"east":{"uv":[0,0,1,1],"texture":"#10"},"south":{"uv":[0,0,1,1],"texture":"#10"},"west":{"uv":[0,0,1,1],"texture":"#10"},"up":{"uv":[0,0,1,1],"texture":"#10"},"down":{"uv":[0,0,1,1],"texture":"#10"}}},{"from":[13.4,1.20162,12.8],"to":[14.3,1.79838,13.7],"rotation":{"angle":-45,"axis":"x","origin":[13.7,1.5,12.2]},"faces":{"north":{"uv":[0,0,1,1],"texture":"#10"},"east":{"uv":[0,0,1,1],"texture":"#10"},"south":{"uv":[0,0,1,1],"texture":"#10"},"west":{"uv":[0,0,1,1],"texture":"#10"},"up":{"uv":[0,0,1,1],"texture":"#10"},"down":{"uv":[0,0,1,1],"texture":"#10"}}},{"from":[13.4,1.20162,12.8],"to":[14.3,1.79838,13.7],"rotation":{"angle":-22.5,"axis":"x","origin":[13.7,1.5,12.2]},"faces":{"north":{"uv":[0,0,1,1],"texture":"#10"},"east":{"uv":[0,0,1,1],"texture":"#10"},"south":{"uv":[0,0,1,1],"texture":"#10"},"west":{"uv":[0,0,1,1],"texture":"#10"},"up":{"uv":[0,0,1,1],"texture":"#10"},"down":{"uv":[0,0,1,1],"texture":"#10"}}},{"from":[13.4,1.20162,12.8],"to":[14.3,1.79838,13.7],"rotation":{"angle":0,"axis":"y","origin":[13.7,1.5,12.2]},"faces":{"north":{"uv":[0,0,1,1],"texture":"#10"},"east":{"uv":[0,0,1,1],"texture":"#10"},"south":{"uv":[0,0,1,1],"texture":"#10"},"west":{"uv":[0,0,1,1],"texture":"#10"},"up":{"uv":[0,0,1,1],"texture":"#10"},"down":{"uv":[0,0,1,1],"texture":"#10"}}},{"from":[13.4,1.20162,12.8],"to":[14.3,1.79838,13.7],"rotation":{"angle":22.5,"axis":"x","origin":[13.7,1.5,12.2]},"faces":{"north":{"uv":[0,0,1,1],"texture":"#10"},"east":{"uv":[0,0,1,1],"texture":"#10"},"south":{"uv":[0,0,1,1],"texture":"#10"},"west":{"uv":[0,0,1,1],"texture":"#10"},"up":{"uv":[0,0,1,1],"texture":"#10"},"down":{"uv":[0,0,1,1],"texture":"#10"}}},{"from":[13.4,1.20162,12.8],"to":[14.3,1.79838,13.7],"rotation":{"angle":45,"axis":"x","origin":[13.7,1.5,12.2]},"faces":{"north":{"uv":[0,0,1,1],"texture":"#10"},"east":{"uv":[0,0,1,1],"texture":"#10"},"south":{"uv":[0,0,1,1],"texture":"#10"},"west":{"uv":[0,0,1,1],"texture":"#10"},"up":{"uv":[0,0,1,1],"texture":"#10"},"down":{"uv":[0,0,1,1],"texture":"#10"}}},{"from":[13.4,0,11.90162],"to":[14.3,0.9,12.49838],"rotation":{"angle":-22.5,"axis":"x","origin":[13.7,1.5,12.2]},"faces":{"north":{"uv":[0,0,1,1],"texture":"#10"},"east":{"uv":[0,0,1,1],"texture":"#10"},"south":{"uv":[0,0,1,1],"texture":"#10"},"west":{"uv":[0,0,1,1],"texture":"#10"},"up":{"uv":[0,0,1,1],"texture":"#10"},"down":{"uv":[0,0,1,1],"texture":"#10"}}},{"from":[13.4,0,11.90162],"to":[14.3,0.9,12.49838],"rotation":{"angle":0,"axis":"y","origin":[13.7,1.5,12.2]},"faces":{"north":{"uv":[0,0,1,1],"texture":"#10"},"east":{"uv":[0,0,1,1],"texture":"#10"},"south":{"uv":[0,0,1,1],"texture":"#10"},"west":{"uv":[0,0,1,1],"texture":"#10"},"up":{"uv":[0,0,1,1],"texture":"#10"},"down":{"uv":[0,0,1,1],"texture":"#10"}}},{"from":[13.4,0,11.90162],"to":[14.3,0.9,12.49838],"rotation":{"angle":22.5,"axis":"x","origin":[13.7,1.5,12.2]},"faces":{"north":{"uv":[0,0,1,1],"texture":"#10"},"east":{"uv":[0,0,1,1],"texture":"#10"},"south":{"uv":[0,0,1,1],"texture":"#10"},"west":{"uv":[0,0,1,1],"texture":"#10"},"up":{"uv":[0,0,1,1],"texture":"#10"},"down":{"uv":[0,0,1,1],"texture":"#10"}}},{"from":[13.4,2.1,11.90162],"to":[14.3,3,12.49838],"rotation":{"angle":-22.5,"axis":"x","origin":[13.7,1.5,12.2]},"faces":{"north":{"uv":[0,0,1,1],"texture":"#10"},"east":{"uv":[0,0,1,1],"texture":"#10"},"south":{"uv":[0,0,1,1],"texture":"#10"},"west":{"uv":[0,0,1,1],"texture":"#10"},"up":{"uv":[0,0,1,1],"texture":"#10"},"down":{"uv":[0,0,1,1],"texture":"#10"}}},{"from":[13.4,2.1,11.90162],"to":[14.3,3,12.49838],"rotation":{"angle":0,"axis":"y","origin":[13.7,1.5,12.2]},"faces":{"north":{"uv":[0,0,1,1],"texture":"#10"},"east":{"uv":[0,0,1,1],"texture":"#10"},"south":{"uv":[0,0,1,1],"texture":"#10"},"west":{"uv":[0,0,1,1],"texture":"#10"},"up":{"uv":[0,0,1,1],"texture":"#10"},"down":{"uv":[0,0,1,1],"texture":"#10"}}},{"from":[13.4,2.1,11.90162],"to":[14.3,3,12.49838],"rotation":{"angle":22.5,"axis":"x","origin":[13.7,1.5,12.2]},"faces":{"north":{"uv":[0,0,1,1],"texture":"#10"},"east":{"uv":[0,0,1,1],"texture":"#10"},"south":{"uv":[0,0,1,1],"texture":"#10"},"west":{"uv":[0,0,1,1],"texture":"#10"},"up":{"uv":[0,0,1,1],"texture":"#10"},"down":{"uv":[0,0,1,1],"texture":"#10"}}},{"from":[13.775,1.3359,11.375],"to":[14.525,1.6641,11.675],"rotation":{"angle":-45,"axis":"x","origin":[13.7,1.5,12.2]},"faces":{"north":{"uv":[0,0,1,1],"texture":"#7"},"east":{"uv":[0,0,1,1],"texture":"#7"},"south":{"uv":[0,0,1,1],"texture":"#7"},"west":{"uv":[0,0,1,1],"texture":"#7"},"up":{"uv":[0,0,1,1],"texture":"#7"},"down":{"uv":[0,0,1,1],"texture":"#7"}}},{"from":[13.775,1.3359,11.375],"to":[14.525,1.6641,11.675],"rotation":{"angle":-22.5,"axis":"x","origin":[13.7,1.5,12.2]},"faces":{"north":{"uv":[0,0,1,1],"texture":"#7"},"east":{"uv":[0,0,1,1],"texture":"#7"},"south":{"uv":[0,0,1,1],"texture":"#7"},"west":{"uv":[0,0,1,1],"texture":"#7"},"up":{"uv":[0,0,1,1],"texture":"#7"},"down":{"uv":[0,0,1,1],"texture":"#7"}}},{"from":[13.775,1.3359,11.375],"to":[14.525,1.6641,11.675],"rotation":{"angle":0,"axis":"y","origin":[13.7,1.5,12.2]},"faces":{"north":{"uv":[0,0,1,1],"texture":"#7"},"east":{"uv":[0,0,1,1],"texture":"#7"},"south":{"uv":[0,0,1,1],"texture":"#7"},"west":{"uv":[0,0,1,1],"texture":"#7"},"up":{"uv":[0,0,1,1],"texture":"#7"},"down":{"uv":[0,0,1,1],"texture":"#7"}}},{"from":[13.775,1.3359,11.375],"to":[14.525,1.6641,11.675],"rotation":{"angle":22.5,"axis":"x","origin":[13.7,1.5,12.2]},"faces":{"north":{"uv":[0,0,1,1],"texture":"#7"},"east":{"uv":[0,0,1,1],"texture":"#7"},"south":{"uv":[0,0,1,1],"texture":"#7"},"west":{"uv":[0,0,1,1],"texture":"#7"},"up":{"uv":[0,0,1,1],"texture":"#7"},"down":{"uv":[0,0,1,1],"texture":"#7"}}},{"from":[13.775,1.3359,11.375],"to":[14.525,1.6641,11.675],"rotation":{"angle":45,"axis":"x","origin":[13.7,1.5,12.2]},"faces":{"north":{"uv":[0,0,1,1],"texture":"#7"},"east":{"uv":[0,0,1,1],"texture":"#7"},"south":{"uv":[0,0,1,1],"texture":"#7"},"west":{"uv":[0,0,1,1],"texture":"#7"},"up":{"uv":[0,0,1,1],"texture":"#7"},"down":{"uv":[0,0,1,1],"texture":"#7"}}},{"from":[13.775,1.3359,12.725],"to":[14.525,1.6641,13.025],"rotation":{"angle":-45,"axis":"x","origin":[13.7,1.5,12.2]},"faces":{"north":{"uv":[0,0,1,1],"texture":"#7"},"east":{"uv":[0,0,1,1],"texture":"#7"},"south":{"uv":[0,0,1,1],"texture":"#7"},"west":{"uv":[0,0,1,1],"texture":"#7"},"up":{"uv":[0,0,1,1],"texture":"#7"},"down":{"uv":[0,0,1,1],"texture":"#7"}}},{"from":[13.775,1.3359,12.725],"to":[14.525,1.6641,13.025],"rotation":{"angle":-22.5,"axis":"x","origin":[13.7,1.5,12.2]},"faces":{"north":{"uv":[0,0,1,1],"texture":"#7"},"east":{"uv":[0,0,1,1],"texture":"#7"},"south":{"uv":[0,0,1,1],"texture":"#7"},"west":{"uv":[0,0,1,1],"texture":"#7"},"up":{"uv":[0,0,1,1],"texture":"#7"},"down":{"uv":[0,0,1,1],"texture":"#7"}}},{"from":[13.775,1.3359,12.725],"to":[14.525,1.6641,13.025],"rotation":{"angle":0,"axis":"y","origin":[13.7,1.5,12.2]},"faces":{"north":{"uv":[0,0,1,1],"texture":"#7"},"east":{"uv":[0,0,1,1],"texture":"#7"},"south":{"uv":[0,0,1,1],"texture":"#7"},"west":{"uv":[0,0,1,1],"texture":"#7"},"up":{"uv":[0,0,1,1],"texture":"#7"},"down":{"uv":[0,0,1,1],"texture":"#7"}}},{"from":[13.775,1.3359,12.725],"to":[14.525,1.6641,13.025],"rotation":{"angle":22.5,"axis":"x","origin":[13.7,1.5,12.2]},"faces":{"north":{"uv":[0,0,1,1],"texture":"#7"},"east":{"uv":[0,0,1,1],"texture":"#7"},"south":{"uv":[0,0,1,1],"texture":"#7"},"west":{"uv":[0,0,1,1],"texture":"#7"},"up":{"uv":[0,0,1,1],"texture":"#7"},"down":{"uv":[0,0,1,1],"texture":"#7"}}},{"from":[13.775,1.3359,12.725],"to":[14.525,1.6641,13.025],"rotation":{"angle":45,"axis":"x","origin":[13.7,1.5,12.2]},"faces":{"north":{"uv":[0,0,1,1],"texture":"#7"},"east":{"uv":[0,0,1,1],"texture":"#7"},"south":{"uv":[0,0,1,1],"texture":"#7"},"west":{"uv":[0,0,1,1],"texture":"#7"},"up":{"uv":[0,0,1,1],"texture":"#7"},"down":{"uv":[0,0,1,1],"texture":"#7"}}},{"from":[13.775,0.675,12.0359],"to":[14.525,0.975,12.3641],"rotation":{"angle":-22.5,"axis":"x","origin":[13.7,1.5,12.2]},"faces":{"north":{"uv":[0,0,1,1],"texture":"#7"},"east":{"uv":[0,0,1,1],"texture":"#7"},"south":{"uv":[0,0,1,1],"texture":"#7"},"west":{"uv":[0,0,1,1],"texture":"#7"},"up":{"uv":[0,0,1,1],"texture":"#7"},"down":{"uv":[0,0,1,1],"texture":"#7"}}},{"from":[13.775,0.675,12.0359],"to":[14.525,0.975,12.3641],"rotation":{"angle":0,"axis":"y","origin":[13.7,1.5,12.2]},"faces":{"north":{"uv":[0,0,1,1],"texture":"#7"},"east":{"uv":[0,0,1,1],"texture":"#7"},"south":{"uv":[0,0,1,1],"texture":"#7"},"west":{"uv":[0,0,1,1],"texture":"#7"},"up":{"uv":[0,0,1,1],"texture":"#7"},"down":{"uv":[0,0,1,1],"texture":"#7"}}},{"from":[13.775,0.675,12.0359],"to":[14.525,0.975,12.3641],"rotation":{"angle":22.5,"axis":"x","origin":[13.7,1.5,12.2]},"faces":{"north":{"uv":[0,0,1,1],"texture":"#7"},"east":{"uv":[0,0,1,1],"texture":"#7"},"south":{"uv":[0,0,1,1],"texture":"#7"},"west":{"uv":[0,0,1,1],"texture":"#7"},"up":{"uv":[0,0,1,1],"texture":"#7"},"down":{"uv":[0,0,1,1],"texture":"#7"}}},{"from":[13.775,2.025,12.0359],"to":[14.525,2.325,12.3641],"rotation":{"angle":-22.5,"axis":"x","origin":[13.7,1.5,12.2]},"faces":{"north":{"uv":[0,0,1,1],"texture":"#7"},"east":{"uv":[0,0,1,1],"texture":"#7"},"south":{"uv":[0,0,1,1],"texture":"#7"},"west":{"uv":[0,0,1,1],"texture":"#7"},"up":{"uv":[0,0,1,1],"texture":"#7"},"down":{"uv":[0,0,1,1],"texture":"#7"}}},{"from":[13.775,2.025,12.0359],"to":[14.525,2.325,12.3641],"rotation":{"angle":0,"axis":"y","origin":[13.7,1.5,12.2]},"faces":{"north":{"uv":[0,0,1,1],"texture":"#7"},"east":{"uv":[0,0,1,1],"texture":"#7"},"south":{"uv":[0,0,1,1],"texture":"#7"},"west":{"uv":[0,0,1,1],"texture":"#7"},"up":{"uv":[0,0,1,1],"texture":"#7"},"down":{"uv":[0,0,1,1],"texture":"#7"}}},{"from":[13.775,2.025,12.0359],"to":[14.525,2.325,12.3641],"rotation":{"angle":22.5,"axis":"x","origin":[13.7,1.5,12.2]},"faces":{"north":{"uv":[0,0,1,1],"texture":"#7"},"east":{"uv":[0,0,1,1],"texture":"#7"},"south":{"uv":[0,0,1,1],"texture":"#7"},"west":{"uv":[0,0,1,1],"texture":"#7"},"up":{"uv":[0,0,1,1],"texture":"#7"},"down":{"uv":[0,0,1,1],"texture":"#7"}}},{"from":[1.7,1.20162,10.7],"to":[2.6,1.79838,11.6],"rotation":{"angle":-45,"axis":"x","origin":[2,1.5,12.2]},"faces":{"north":{"uv":[0,0,1,1],"texture":"#10"},"east":{"uv":[0,0,1,1],"texture":"#10"},"south":{"uv":[0,0,1,1],"texture":"#10"},"west":{"uv":[0,0,1,1],"texture":"#10"},"up":{"uv":[0,0,1,1],"texture":"#10"},"down":{"uv":[0,0,1,1],"texture":"#10"}}},{"from":[1.7,1.20162,10.7],"to":[2.6,1.79838,11.6],"rotation":{"angle":-22.5,"axis":"x","origin":[2,1.5,12.2]},"faces":{"north":{"uv":[0,0,1,1],"texture":"#10"},"east":{"uv":[0,0,1,1],"texture":"#10"},"south":{"uv":[0,0,1,1],"texture":"#10"},"west":{"uv":[0,0,1,1],"texture":"#10"},"up":{"uv":[0,0,1,1],"texture":"#10"},"down":{"uv":[0,0,1,1],"texture":"#10"}}},{"from":[1.7,1.20162,10.7],"to":[2.6,1.79838,11.6],"rotation":{"angle":0,"axis":"y","origin":[2,1.5,12.2]},"faces":{"north":{"uv":[0,0,1,1],"texture":"#10"},"east":{"uv":[0,0,1,1],"texture":"#10"},"south":{"uv":[0,0,1,1],"texture":"#10"},"west":{"uv":[0,0,1,1],"texture":"#10"},"up":{"uv":[0,0,1,1],"texture":"#10"},"down":{"uv":[0,0,1,1],"texture":"#10"}}},{"from":[1.7,1.20162,10.7],"to":[2.6,1.79838,11.6],"rotation":{"angle":22.5,"axis":"x","origin":[2,1.5,12.2]},"faces":{"north":{"uv":[0,0,1,1],"texture":"#10"},"east":{"uv":[0,0,1,1],"texture":"#10"},"south":{"uv":[0,0,1,1],"texture":"#10"},"west":{"uv":[0,0,1,1],"texture":"#10"},"up":{"uv":[0,0,1,1],"texture":"#10"},"down":{"uv":[0,0,1,1],"texture":"#10"}}},{"from":[1.7,1.20162,10.7],"to":[2.6,1.79838,11.6],"rotation":{"angle":45,"axis":"x","origin":[2,1.5,12.2]},"faces":{"north":{"uv":[0,0,1,1],"texture":"#10"},"east":{"uv":[0,0,1,1],"texture":"#10"},"south":{"uv":[0,0,1,1],"texture":"#10"},"west":{"uv":[0,0,1,1],"texture":"#10"},"up":{"uv":[0,0,1,1],"texture":"#10"},"down":{"uv":[0,0,1,1],"texture":"#10"}}},{"from":[1.7,1.20162,12.8],"to":[2.6,1.79838,13.7],"rotation":{"angle":-45,"axis":"x","origin":[2,1.5,12.2]},"faces":{"north":{"uv":[0,0,1,1],"texture":"#10"},"east":{"uv":[0,0,1,1],"texture":"#10"},"south":{"uv":[0,0,1,1],"texture":"#10"},"west":{"uv":[0,0,1,1],"texture":"#10"},"up":{"uv":[0,0,1,1],"texture":"#10"},"down":{"uv":[0,0,1,1],"texture":"#10"}}},{"from":[1.7,1.20162,12.8],"to":[2.6,1.79838,13.7],"rotation":{"angle":-22.5,"axis":"x","origin":[2,1.5,12.2]},"faces":{"north":{"uv":[0,0,1,1],"texture":"#10"},"east":{"uv":[0,0,1,1],"texture":"#10"},"south":{"uv":[0,0,1,1],"texture":"#10"},"west":{"uv":[0,0,1,1],"texture":"#10"},"up":{"uv":[0,0,1,1],"texture":"#10"},"down":{"uv":[0,0,1,1],"texture":"#10"}}},{"from":[1.7,1.20162,12.8],"to":[2.6,1.79838,13.7],"rotation":{"angle":0,"axis":"y","origin":[2,1.5,12.2]},"faces":{"north":{"uv":[0,0,1,1],"texture":"#10"},"east":{"uv":[0,0,1,1],"texture":"#10"},"south":{"uv":[0,0,1,1],"texture":"#10"},"west":{"uv":[0,0,1,1],"texture":"#10"},"up":{"uv":[0,0,1,1],"texture":"#10"},"down":{"uv":[0,0,1,1],"texture":"#10"}}},{"from":[1.7,1.20162,12.8],"to":[2.6,1.79838,13.7],"rotation":{"angle":22.5,"axis":"x","origin":[2,1.5,12.2]},"faces":{"north":{"uv":[0,0,1,1],"texture":"#10"},"east":{"uv":[0,0,1,1],"texture":"#10"},"south":{"uv":[0,0,1,1],"texture":"#10"},"west":{"uv":[0,0,1,1],"texture":"#10"},"up":{"uv":[0,0,1,1],"texture":"#10"},"down":{"uv":[0,0,1,1],"texture":"#10"}}},{"from":[1.7,1.20162,12.8],"to":[2.6,1.79838,13.7],"rotation":{"angle":45,"axis":"x","origin":[2,1.5,12.2]},"faces":{"north":{"uv":[0,0,1,1],"texture":"#10"},"east":{"uv":[0,0,1,1],"texture":"#10"},"south":{"uv":[0,0,1,1],"texture":"#10"},"west":{"uv":[0,0,1,1],"texture":"#10"},"up":{"uv":[0,0,1,1],"texture":"#10"},"down":{"uv":[0,0,1,1],"texture":"#10"}}},{"from":[1.7,0,11.90162],"to":[2.6,0.9,12.49838],"rotation":{"angle":-22.5,"axis":"x","origin":[2,1.5,12.2]},"faces":{"north":{"uv":[0,0,1,1],"texture":"#10"},"east":{"uv":[0,0,1,1],"texture":"#10"},"south":{"uv":[0,0,1,1],"texture":"#10"},"west":{"uv":[0,0,1,1],"texture":"#10"},"up":{"uv":[0,0,1,1],"texture":"#10"},"down":{"uv":[0,0,1,1],"texture":"#10"}}},{"from":[1.7,0,11.90162],"to":[2.6,0.9,12.49838],"rotation":{"angle":0,"axis":"y","origin":[2,1.5,12.2]},"faces":{"north":{"uv":[0,0,1,1],"texture":"#10"},"east":{"uv":[0,0,1,1],"texture":"#10"},"south":{"uv":[0,0,1,1],"texture":"#10"},"west":{"uv":[0,0,1,1],"texture":"#10"},"up":{"uv":[0,0,1,1],"texture":"#10"},"down":{"uv":[0,0,1,1],"texture":"#10"}}},{"from":[1.7,0,11.90162],"to":[2.6,0.9,12.49838],"rotation":{"angle":22.5,"axis":"x","origin":[2,1.5,12.2]},"faces":{"north":{"uv":[0,0,1,1],"texture":"#10"},"east":{"uv":[0,0,1,1],"texture":"#10"},"south":{"uv":[0,0,1,1],"texture":"#10"},"west":{"uv":[0,0,1,1],"texture":"#10"},"up":{"uv":[0,0,1,1],"texture":"#10"},"down":{"uv":[0,0,1,1],"texture":"#10"}}},{"from":[1.7,2.1,11.90162],"to":[2.6,3,12.49838],"rotation":{"angle":-22.5,"axis":"x","origin":[2,1.5,12.2]},"faces":{"north":{"uv":[0,0,1,1],"texture":"#10"},"east":{"uv":[0,0,1,1],"texture":"#10"},"south":{"uv":[0,0,1,1],"texture":"#10"},"west":{"uv":[0,0,1,1],"texture":"#10"},"up":{"uv":[0,0,1,1],"texture":"#10"},"down":{"uv":[0,0,1,1],"texture":"#10"}}},{"from":[1.7,2.1,11.90162],"to":[2.6,3,12.49838],"rotation":{"angle":0,"axis":"y","origin":[2,1.5,12.2]},"faces":{"north":{"uv":[0,0,1,1],"texture":"#10"},"east":{"uv":[0,0,1,1],"texture":"#10"},"south":{"uv":[0,0,1,1],"texture":"#10"},"west":{"uv":[0,0,1,1],"texture":"#10"},"up":{"uv":[0,0,1,1],"texture":"#10"},"down":{"uv":[0,0,1,1],"texture":"#10"}}},{"from":[1.7,2.1,11.90162],"to":[2.6,3,12.49838],"rotation":{"angle":22.5,"axis":"x","origin":[2,1.5,12.2]},"faces":{"north":{"uv":[0,0,1,1],"texture":"#10"},"east":{"uv":[0,0,1,1],"texture":"#10"},"south":{"uv":[0,0,1,1],"texture":"#10"},"west":{"uv":[0,0,1,1],"texture":"#10"},"up":{"uv":[0,0,1,1],"texture":"#10"},"down":{"uv":[0,0,1,1],"texture":"#10"}}},{"from":[1.475,1.3359,11.375],"to":[2.225,1.6641,11.675],"rotation":{"angle":-45,"axis":"x","origin":[1.4,1.5,12.2]},"faces":{"north":{"uv":[0,0,1,1],"texture":"#7"},"east":{"uv":[0,0,1,1],"texture":"#7"},"south":{"uv":[0,0,1,1],"texture":"#7"},"west":{"uv":[0,0,1,1],"texture":"#7"},"up":{"uv":[0,0,1,1],"texture":"#7"},"down":{"uv":[0,0,1,1],"texture":"#7"}}},{"from":[1.475,1.3359,11.375],"to":[2.225,1.6641,11.675],"rotation":{"angle":-22.5,"axis":"x","origin":[1.4,1.5,12.2]},"faces":{"north":{"uv":[0,0,1,1],"texture":"#7"},"east":{"uv":[0,0,1,1],"texture":"#7"},"south":{"uv":[0,0,1,1],"texture":"#7"},"west":{"uv":[0,0,1,1],"texture":"#7"},"up":{"uv":[0,0,1,1],"texture":"#7"},"down":{"uv":[0,0,1,1],"texture":"#7"}}},{"from":[1.475,1.3359,11.375],"to":[2.225,1.6641,11.675],"rotation":{"angle":0,"axis":"y","origin":[1.4,1.5,12.2]},"faces":{"north":{"uv":[0,0,1,1],"texture":"#7"},"east":{"uv":[0,0,1,1],"texture":"#7"},"south":{"uv":[0,0,1,1],"texture":"#7"},"west":{"uv":[0,0,1,1],"texture":"#7"},"up":{"uv":[0,0,1,1],"texture":"#7"},"down":{"uv":[0,0,1,1],"texture":"#7"}}},{"from":[1.475,1.3359,11.375],"to":[2.225,1.6641,11.675],"rotation":{"angle":22.5,"axis":"x","origin":[1.4,1.5,12.2]},"faces":{"north":{"uv":[0,0,1,1],"texture":"#7"},"east":{"uv":[0,0,1,1],"texture":"#7"},"south":{"uv":[0,0,1,1],"texture":"#7"},"west":{"uv":[0,0,1,1],"texture":"#7"},"up":{"uv":[0,0,1,1],"texture":"#7"},"down":{"uv":[0,0,1,1],"texture":"#7"}}},{"from":[1.475,1.3359,11.375],"to":[2.225,1.6641,11.675],"rotation":{"angle":45,"axis":"x","origin":[1.4,1.5,12.2]},"faces":{"north":{"uv":[0,0,1,1],"texture":"#7"},"east":{"uv":[0,0,1,1],"texture":"#7"},"south":{"uv":[0,0,1,1],"texture":"#7"},"west":{"uv":[0,0,1,1],"texture":"#7"},"up":{"uv":[0,0,1,1],"texture":"#7"},"down":{"uv":[0,0,1,1],"texture":"#7"}}},{"from":[1.475,1.3359,12.725],"to":[2.225,1.6641,13.025],"rotation":{"angle":-45,"axis":"x","origin":[1.4,1.5,12.2]},"faces":{"north":{"uv":[0,0,1,1],"texture":"#7"},"east":{"uv":[0,0,1,1],"texture":"#7"},"south":{"uv":[0,0,1,1],"texture":"#7"},"west":{"uv":[0,0,1,1],"texture":"#7"},"up":{"uv":[0,0,1,1],"texture":"#7"},"down":{"uv":[0,0,1,1],"texture":"#7"}}},{"from":[1.475,1.3359,12.725],"to":[2.225,1.6641,13.025],"rotation":{"angle":-22.5,"axis":"x","origin":[1.4,1.5,12.2]},"faces":{"north":{"uv":[0,0,1,1],"texture":"#7"},"east":{"uv":[0,0,1,1],"texture":"#7"},"south":{"uv":[0,0,1,1],"texture":"#7"},"west":{"uv":[0,0,1,1],"texture":"#7"},"up":{"uv":[0,0,1,1],"texture":"#7"},"down":{"uv":[0,0,1,1],"texture":"#7"}}},{"from":[1.475,1.3359,12.725],"to":[2.225,1.6641,13.025],"rotation":{"angle":0,"axis":"y","origin":[1.4,1.5,12.2]},"faces":{"north":{"uv":[0,0,1,1],"texture":"#7"},"east":{"uv":[0,0,1,1],"texture":"#7"},"south":{"uv":[0,0,1,1],"texture":"#7"},"west":{"uv":[0,0,1,1],"texture":"#7"},"up":{"uv":[0,0,1,1],"texture":"#7"},"down":{"uv":[0,0,1,1],"texture":"#7"}}},{"from":[1.475,1.3359,12.725],"to":[2.225,1.6641,13.025],"rotation":{"angle":22.5,"axis":"x","origin":[1.4,1.5,12.2]},"faces":{"north":{"uv":[0,0,1,1],"texture":"#7"},"east":{"uv":[0,0,1,1],"texture":"#7"},"south":{"uv":[0,0,1,1],"texture":"#7"},"west":{"uv":[0,0,1,1],"texture":"#7"},"up":{"uv":[0,0,1,1],"texture":"#7"},"down":{"uv":[0,0,1,1],"texture":"#7"}}},{"from":[1.475,1.3359,12.725],"to":[2.225,1.6641,13.025],"rotation":{"angle":45,"axis":"x","origin":[1.4,1.5,12.2]},"faces":{"north":{"uv":[0,0,1,1],"texture":"#7"},"east":{"uv":[0,0,1,1],"texture":"#7"},"south":{"uv":[0,0,1,1],"texture":"#7"},"west":{"uv":[0,0,1,1],"texture":"#7"},"up":{"uv":[0,0,1,1],"texture":"#7"},"down":{"uv":[0,0,1,1],"texture":"#7"}}},{"from":[1.475,0.675,12.0359],"to":[2.225,0.975,12.3641],"rotation":{"angle":-22.5,"axis":"x","origin":[1.4,1.5,12.2]},"faces":{"north":{"uv":[0,0,1,1],"texture":"#7"},"east":{"uv":[0,0,1,1],"texture":"#7"},"south":{"uv":[0,0,1,1],"texture":"#7"},"west":{"uv":[0,0,1,1],"texture":"#7"},"up":{"uv":[0,0,1,1],"texture":"#7"},"down":{"uv":[0,0,1,1],"texture":"#7"}}},{"from":[1.475,0.675,12.0359],"to":[2.225,0.975,12.3641],"rotation":{"angle":0,"axis":"y","origin":[1.4,1.5,12.2]},"faces":{"north":{"uv":[0,0,1,1],"texture":"#7"},"east":{"uv":[0,0,1,1],"texture":"#7"},"south":{"uv":[0,0,1,1],"texture":"#7"},"west":{"uv":[0,0,1,1],"texture":"#7"},"up":{"uv":[0,0,1,1],"texture":"#7"},"down":{"uv":[0,0,1,1],"texture":"#7"}}},{"from":[1.475,0.675,12.0359],"to":[2.225,0.975,12.3641],"rotation":{"angle":22.5,"axis":"x","origin":[1.4,1.5,12.2]},"faces":{"north":{"uv":[0,0,1,1],"texture":"#7"},"east":{"uv":[0,0,1,1],"texture":"#7"},"south":{"uv":[0,0,1,1],"texture":"#7"},"west":{"uv":[0,0,1,1],"texture":"#7"},"up":{"uv":[0,0,1,1],"texture":"#7"},"down":{"uv":[0,0,1,1],"texture":"#7"}}},{"from":[1.475,2.025,12.0359],"to":[2.225,2.325,12.3641],"rotation":{"angle":-22.5,"axis":"x","origin":[1.4,1.5,12.2]},"faces":{"north":{"uv":[0,0,1,1],"texture":"#7"},"east":{"uv":[0,0,1,1],"texture":"#7"},"south":{"uv":[0,0,1,1],"texture":"#7"},"west":{"uv":[0,0,1,1],"texture":"#7"},"up":{"uv":[0,0,1,1],"texture":"#7"},"down":{"uv":[0,0,1,1],"texture":"#7"}}},{"from":[1.475,2.025,12.0359],"to":[2.225,2.325,12.3641],"rotation":{"angle":0,"axis":"y","origin":[1.4,1.5,12.2]},"faces":{"north":{"uv":[0,0,1,1],"texture":"#7"},"east":{"uv":[0,0,1,1],"texture":"#7"},"south":{"uv":[0,0,1,1],"texture":"#7"},"west":{"uv":[0,0,1,1],"texture":"#7"},"up":{"uv":[0,0,1,1],"texture":"#7"},"down":{"uv":[0,0,1,1],"texture":"#7"}}},{"from":[1.475,2.025,12.0359],"to":[2.225,2.325,12.3641],"rotation":{"angle":22.5,"axis":"x","origin":[1.4,1.5,12.2]},"faces":{"north":{"uv":[0,0,1,1],"texture":"#7"},"east":{"uv":[0,0,1,1],"texture":"#7"},"south":{"uv":[0,0,1,1],"texture":"#7"},"west":{"uv":[0,0,1,1],"texture":"#7"},"up":{"uv":[0,0,1,1],"texture":"#7"},"down":{"uv":[0,0,1,1],"texture":"#7"}}},{"from":[1.7,1.20162,1.7],"to":[2.6,1.79838,2.6],"rotation":{"angle":-45,"axis":"x","origin":[2,1.5,3.2]},"faces":{"north":{"uv":[0,0,1,1],"texture":"#10"},"east":{"uv":[0,0,1,1],"texture":"#10"},"south":{"uv":[0,0,1,1],"texture":"#10"},"west":{"uv":[0,0,1,1],"texture":"#10"},"up":{"uv":[0,0,1,1],"texture":"#10"},"down":{"uv":[0,0,1,1],"texture":"#10"}}},{"from":[1.7,1.20162,1.7],"to":[2.6,1.79838,2.6],"rotation":{"angle":-22.5,"axis":"x","origin":[2,1.5,3.2]},"faces":{"north":{"uv":[0,0,1,1],"texture":"#10"},"east":{"uv":[0,0,1,1],"texture":"#10"},"south":{"uv":[0,0,1,1],"texture":"#10"},"west":{"uv":[0,0,1,1],"texture":"#10"},"up":{"uv":[0,0,1,1],"texture":"#10"},"down":{"uv":[0,0,1,1],"texture":"#10"}}},{"from":[1.7,1.20162,1.7],"to":[2.6,1.79838,2.6],"rotation":{"angle":0,"axis":"y","origin":[2,1.5,3.2]},"faces":{"north":{"uv":[0,0,1,1],"texture":"#10"},"east":{"uv":[0,0,1,1],"texture":"#10"},"south":{"uv":[0,0,1,1],"texture":"#10"},"west":{"uv":[0,0,1,1],"texture":"#10"},"up":{"uv":[0,0,1,1],"texture":"#10"},"down":{"uv":[0,0,1,1],"texture":"#10"}}},{"from":[1.7,1.20162,1.7],"to":[2.6,1.79838,2.6],"rotation":{"angle":22.5,"axis":"x","origin":[2,1.5,3.2]},"faces":{"north":{"uv":[0,0,1,1],"texture":"#10"},"east":{"uv":[0,0,1,1],"texture":"#10"},"south":{"uv":[0,0,1,1],"texture":"#10"},"west":{"uv":[0,0,1,1],"texture":"#10"},"up":{"uv":[0,0,1,1],"texture":"#10"},"down":{"uv":[0,0,1,1],"texture":"#10"}}},{"from":[1.7,1.20162,1.7],"to":[2.6,1.79838,2.6],"rotation":{"angle":45,"axis":"x","origin":[2,1.5,3.2]},"faces":{"north":{"uv":[0,0,1,1],"texture":"#10"},"east":{"uv":[0,0,1,1],"texture":"#10"},"south":{"uv":[0,0,1,1],"texture":"#10"},"west":{"uv":[0,0,1,1],"texture":"#10"},"up":{"uv":[0,0,1,1],"texture":"#10"},"down":{"uv":[0,0,1,1],"texture":"#10"}}},{"from":[1.7,1.20162,3.8],"to":[2.6,1.79838,4.7],"rotation":{"angle":-45,"axis":"x","origin":[2,1.5,3.2]},"faces":{"north":{"uv":[0,0,1,1],"texture":"#10"},"east":{"uv":[0,0,1,1],"texture":"#10"},"south":{"uv":[0,0,1,1],"texture":"#10"},"west":{"uv":[0,0,1,1],"texture":"#10"},"up":{"uv":[0,0,1,1],"texture":"#10"},"down":{"uv":[0,0,1,1],"texture":"#10"}}},{"from":[1.7,1.20162,3.8],"to":[2.6,1.79838,4.7],"rotation":{"angle":-22.5,"axis":"x","origin":[2,1.5,3.2]},"faces":{"north":{"uv":[0,0,1,1],"texture":"#10"},"east":{"uv":[0,0,1,1],"texture":"#10"},"south":{"uv":[0,0,1,1],"texture":"#10"},"west":{"uv":[0,0,1,1],"texture":"#10"},"up":{"uv":[0,0,1,1],"texture":"#10"},"down":{"uv":[0,0,1,1],"texture":"#10"}}},{"from":[1.7,1.20162,3.8],"to":[2.6,1.79838,4.7],"rotation":{"angle":0,"axis":"y","origin":[2,1.5,3.2]},"faces":{"north":{"uv":[0,0,1,1],"texture":"#10"},"east":{"uv":[0,0,1,1],"texture":"#10"},"south":{"uv":[0,0,1,1],"texture":"#10"},"west":{"uv":[0,0,1,1],"texture":"#10"},"up":{"uv":[0,0,1,1],"texture":"#10"},"down":{"uv":[0,0,1,1],"texture":"#10"}}},{"from":[1.7,1.20162,3.8],"to":[2.6,1.79838,4.7],"rotation":{"angle":22.5,"axis":"x","origin":[2,1.5,3.2]},"faces":{"north":{"uv":[0,0,1,1],"texture":"#10"},"east":{"uv":[0,0,1,1],"texture":"#10"},"south":{"uv":[0,0,1,1],"texture":"#10"},"west":{"uv":[0,0,1,1],"texture":"#10"},"up":{"uv":[0,0,1,1],"texture":"#10"},"down":{"uv":[0,0,1,1],"texture":"#10"}}},{"from":[1.7,1.20162,3.8],"to":[2.6,1.79838,4.7],"rotation":{"angle":45,"axis":"x","origin":[2,1.5,3.2]},"faces":{"north":{"uv":[0,0,1,1],"texture":"#10"},"east":{"uv":[0,0,1,1],"texture":"#10"},"south":{"uv":[0,0,1,1],"texture":"#10"},"west":{"uv":[0,0,1,1],"texture":"#10"},"up":{"uv":[0,0,1,1],"texture":"#10"},"down":{"uv":[0,0,1,1],"texture":"#10"}}},{"from":[1.7,0,2.90162],"to":[2.6,0.9,3.49838],"rotation":{"angle":-22.5,"axis":"x","origin":[2,1.5,3.2]},"faces":{"north":{"uv":[0,0,1,1],"texture":"#10"},"east":{"uv":[0,0,1,1],"texture":"#10"},"south":{"uv":[0,0,1,1],"texture":"#10"},"west":{"uv":[0,0,1,1],"texture":"#10"},"up":{"uv":[0,0,1,1],"texture":"#10"},"down":{"uv":[0,0,1,1],"texture":"#10"}}},{"from":[1.7,0,2.90162],"to":[2.6,0.9,3.49838],"rotation":{"angle":0,"axis":"y","origin":[2,1.5,3.2]},"faces":{"north":{"uv":[0,0,1,1],"texture":"#10"},"east":{"uv":[0,0,1,1],"texture":"#10"},"south":{"uv":[0,0,1,1],"texture":"#10"},"west":{"uv":[0,0,1,1],"texture":"#10"},"up":{"uv":[0,0,1,1],"texture":"#10"},"down":{"uv":[0,0,1,1],"texture":"#10"}}},{"from":[1.7,0,2.90162],"to":[2.6,0.9,3.49838],"rotation":{"angle":22.5,"axis":"x","origin":[2,1.5,3.2]},"faces":{"north":{"uv":[0,0,1,1],"texture":"#10"},"east":{"uv":[0,0,1,1],"texture":"#10"},"south":{"uv":[0,0,1,1],"texture":"#10"},"west":{"uv":[0,0,1,1],"texture":"#10"},"up":{"uv":[0,0,1,1],"texture":"#10"},"down":{"uv":[0,0,1,1],"texture":"#10"}}},{"from":[1.7,2.1,2.90162],"to":[2.6,3,3.49838],"rotation":{"angle":-22.5,"axis":"x","origin":[2,1.5,3.2]},"faces":{"north":{"uv":[0,0,1,1],"texture":"#10"},"east":{"uv":[0,0,1,1],"texture":"#10"},"south":{"uv":[0,0,1,1],"texture":"#10"},"west":{"uv":[0,0,1,1],"texture":"#10"},"up":{"uv":[0,0,1,1],"texture":"#10"},"down":{"uv":[0,0,1,1],"texture":"#10"}}},{"from":[1.7,2.1,2.90162],"to":[2.6,3,3.49838],"rotation":{"angle":0,"axis":"y","origin":[2,1.5,3.2]},"faces":{"north":{"uv":[0,0,1,1],"texture":"#10"},"east":{"uv":[0,0,1,1],"texture":"#10"},"south":{"uv":[0,0,1,1],"texture":"#10"},"west":{"uv":[0,0,1,1],"texture":"#10"},"up":{"uv":[0,0,1,1],"texture":"#10"},"down":{"uv":[0,0,1,1],"texture":"#10"}}},{"from":[1.7,2.1,2.90162],"to":[2.6,3,3.49838],"rotation":{"angle":22.5,"axis":"x","origin":[2,1.5,3.2]},"faces":{"north":{"uv":[0,0,1,1],"texture":"#10"},"east":{"uv":[0,0,1,1],"texture":"#10"},"south":{"uv":[0,0,1,1],"texture":"#10"},"west":{"uv":[0,0,1,1],"texture":"#10"},"up":{"uv":[0,0,1,1],"texture":"#10"},"down":{"uv":[0,0,1,1],"texture":"#10"}}},{"from":[1.475,1.3359,2.375],"to":[2.225,1.6641,2.675],"rotation":{"angle":-45,"axis":"x","origin":[1.4,1.5,3.2]},"faces":{"north":{"uv":[0,0,1,1],"texture":"#7"},"east":{"uv":[0,0,1,1],"texture":"#7"},"south":{"uv":[0,0,1,1],"texture":"#7"},"west":{"uv":[0,0,1,1],"texture":"#7"},"up":{"uv":[0,0,1,1],"texture":"#7"},"down":{"uv":[0,0,1,1],"texture":"#7"}}},{"from":[1.475,1.3359,2.375],"to":[2.225,1.6641,2.675],"rotation":{"angle":-22.5,"axis":"x","origin":[1.4,1.5,3.2]},"faces":{"north":{"uv":[0,0,1,1],"texture":"#7"},"east":{"uv":[0,0,1,1],"texture":"#7"},"south":{"uv":[0,0,1,1],"texture":"#7"},"west":{"uv":[0,0,1,1],"texture":"#7"},"up":{"uv":[0,0,1,1],"texture":"#7"},"down":{"uv":[0,0,1,1],"texture":"#7"}}},{"from":[1.475,1.3359,2.375],"to":[2.225,1.6641,2.675],"rotation":{"angle":0,"axis":"y","origin":[1.4,1.5,3.2]},"faces":{"north":{"uv":[0,0,1,1],"texture":"#7"},"east":{"uv":[0,0,1,1],"texture":"#7"},"south":{"uv":[0,0,1,1],"texture":"#7"},"west":{"uv":[0,0,1,1],"texture":"#7"},"up":{"uv":[0,0,1,1],"texture":"#7"},"down":{"uv":[0,0,1,1],"texture":"#7"}}},{"from":[1.475,1.3359,2.375],"to":[2.225,1.6641,2.675],"rotation":{"angle":22.5,"axis":"x","origin":[1.4,1.5,3.2]},"faces":{"north":{"uv":[0,0,1,1],"texture":"#7"},"east":{"uv":[0,0,1,1],"texture":"#7"},"south":{"uv":[0,0,1,1],"texture":"#7"},"west":{"uv":[0,0,1,1],"texture":"#7"},"up":{"uv":[0,0,1,1],"texture":"#7"},"down":{"uv":[0,0,1,1],"texture":"#7"}}},{"from":[1.475,1.3359,2.375],"to":[2.225,1.6641,2.675],"rotation":{"angle":45,"axis":"x","origin":[1.4,1.5,3.2]},"faces":{"north":{"uv":[0,0,1,1],"texture":"#7"},"east":{"uv":[0,0,1,1],"texture":"#7"},"south":{"uv":[0,0,1,1],"texture":"#7"},"west":{"uv":[0,0,1,1],"texture":"#7"},"up":{"uv":[0,0,1,1],"texture":"#7"},"down":{"uv":[0,0,1,1],"texture":"#7"}}},{"from":[1.475,1.3359,3.725],"to":[2.225,1.6641,4.025],"rotation":{"angle":-45,"axis":"x","origin":[1.4,1.5,3.2]},"faces":{"north":{"uv":[0,0,1,1],"texture":"#7"},"east":{"uv":[0,0,1,1],"texture":"#7"},"south":{"uv":[0,0,1,1],"texture":"#7"},"west":{"uv":[0,0,1,1],"texture":"#7"},"up":{"uv":[0,0,1,1],"texture":"#7"},"down":{"uv":[0,0,1,1],"texture":"#7"}}},{"from":[1.475,1.3359,3.725],"to":[2.225,1.6641,4.025],"rotation":{"angle":-22.5,"axis":"x","origin":[1.4,1.5,3.2]},"faces":{"north":{"uv":[0,0,1,1],"texture":"#7"},"east":{"uv":[0,0,1,1],"texture":"#7"},"south":{"uv":[0,0,1,1],"texture":"#7"},"west":{"uv":[0,0,1,1],"texture":"#7"},"up":{"uv":[0,0,1,1],"texture":"#7"},"down":{"uv":[0,0,1,1],"texture":"#7"}}},{"from":[1.475,1.3359,3.725],"to":[2.225,1.6641,4.025],"rotation":{"angle":0,"axis":"y","origin":[1.4,1.5,3.2]},"faces":{"north":{"uv":[0,0,1,1],"texture":"#7"},"east":{"uv":[0,0,1,1],"texture":"#7"},"south":{"uv":[0,0,1,1],"texture":"#7"},"west":{"uv":[0,0,1,1],"texture":"#7"},"up":{"uv":[0,0,1,1],"texture":"#7"},"down":{"uv":[0,0,1,1],"texture":"#7"}}},{"from":[1.475,1.3359,3.725],"to":[2.225,1.6641,4.025],"rotation":{"angle":22.5,"axis":"x","origin":[1.4,1.5,3.2]},"faces":{"north":{"uv":[0,0,1,1],"texture":"#7"},"east":{"uv":[0,0,1,1],"texture":"#7"},"south":{"uv":[0,0,1,1],"texture":"#7"},"west":{"uv":[0,0,1,1],"texture":"#7"},"up":{"uv":[0,0,1,1],"texture":"#7"},"down":{"uv":[0,0,1,1],"texture":"#7"}}},{"from":[1.475,1.3359,3.725],"to":[2.225,1.6641,4.025],"rotation":{"angle":45,"axis":"x","origin":[1.4,1.5,3.2]},"faces":{"north":{"uv":[0,0,1,1],"texture":"#7"},"east":{"uv":[0,0,1,1],"texture":"#7"},"south":{"uv":[0,0,1,1],"texture":"#7"},"west":{"uv":[0,0,1,1],"texture":"#7"},"up":{"uv":[0,0,1,1],"texture":"#7"},"down":{"uv":[0,0,1,1],"texture":"#7"}}},{"from":[1.475,0.675,3.0359],"to":[2.225,0.975,3.3641],"rotation":{"angle":-22.5,"axis":"x","origin":[1.4,1.5,3.2]},"faces":{"north":{"uv":[0,0,1,1],"texture":"#7"},"east":{"uv":[0,0,1,1],"texture":"#7"},"south":{"uv":[0,0,1,1],"texture":"#7"},"west":{"uv":[0,0,1,1],"texture":"#7"},"up":{"uv":[0,0,1,1],"texture":"#7"},"down":{"uv":[0,0,1,1],"texture":"#7"}}},{"from":[1.475,0.675,3.0359],"to":[2.225,0.975,3.3641],"rotation":{"angle":0,"axis":"y","origin":[1.4,1.5,3.2]},"faces":{"north":{"uv":[0,0,1,1],"texture":"#7"},"east":{"uv":[0,0,1,1],"texture":"#7"},"south":{"uv":[0,0,1,1],"texture":"#7"},"west":{"uv":[0,0,1,1],"texture":"#7"},"up":{"uv":[0,0,1,1],"texture":"#7"},"down":{"uv":[0,0,1,1],"texture":"#7"}}},{"from":[1.475,0.675,3.0359],"to":[2.225,0.975,3.3641],"rotation":{"angle":22.5,"axis":"x","origin":[1.4,1.5,3.2]},"faces":{"north":{"uv":[0,0,1,1],"texture":"#7"},"east":{"uv":[0,0,1,1],"texture":"#7"},"south":{"uv":[0,0,1,1],"texture":"#7"},"west":{"uv":[0,0,1,1],"texture":"#7"},"up":{"uv":[0,0,1,1],"texture":"#7"},"down":{"uv":[0,0,1,1],"texture":"#7"}}},{"from":[1.475,2.025,3.0359],"to":[2.225,2.325,3.3641],"rotation":{"angle":-22.5,"axis":"x","origin":[1.4,1.5,3.2]},"faces":{"north":{"uv":[0,0,1,1],"texture":"#7"},"east":{"uv":[0,0,1,1],"texture":"#7"},"south":{"uv":[0,0,1,1],"texture":"#7"},"west":{"uv":[0,0,1,1],"texture":"#7"},"up":{"uv":[0,0,1,1],"texture":"#7"},"down":{"uv":[0,0,1,1],"texture":"#7"}}},{"from":[1.475,2.025,3.0359],"to":[2.225,2.325,3.3641],"rotation":{"angle":0,"axis":"y","origin":[1.4,1.5,3.2]},"faces":{"north":{"uv":[0,0,1,1],"texture":"#7"},"east":{"uv":[0,0,1,1],"texture":"#7"},"south":{"uv":[0,0,1,1],"texture":"#7"},"west":{"uv":[0,0,1,1],"texture":"#7"},"up":{"uv":[0,0,1,1],"texture":"#7"},"down":{"uv":[0,0,1,1],"texture":"#7"}}},{"from":[1.475,2.025,3.0359],"to":[2.225,2.325,3.3641],"rotation":{"angle":22.5,"axis":"x","origin":[1.4,1.5,3.2]},"faces":{"north":{"uv":[0,0,1,1],"texture":"#7"},"east":{"uv":[0,0,1,1],"texture":"#7"},"south":{"uv":[0,0,1,1],"texture":"#7"},"west":{"uv":[0,0,1,1],"texture":"#7"},"up":{"uv":[0,0,1,1],"texture":"#7"},"down":{"uv":[0,0,1,1],"texture":"#7"}}},{"from":[13.4,1.20162,1.7],"to":[14.3,1.79838,2.6],"rotation":{"angle":-45,"axis":"x","origin":[13.7,1.5,3.2]},"faces":{"north":{"uv":[0,0,1,1],"texture":"#10"},"east":{"uv":[0,0,1,1],"texture":"#10"},"south":{"uv":[0,0,1,1],"texture":"#10"},"west":{"uv":[0,0,1,1],"texture":"#10"},"up":{"uv":[0,0,1,1],"texture":"#10"},"down":{"uv":[0,0,1,1],"texture":"#10"}}},{"from":[13.4,1.20162,1.7],"to":[14.3,1.79838,2.6],"rotation":{"angle":-22.5,"axis":"x","origin":[13.7,1.5,3.2]},"faces":{"north":{"uv":[0,0,1,1],"texture":"#10"},"east":{"uv":[0,0,1,1],"texture":"#10"},"south":{"uv":[0,0,1,1],"texture":"#10"},"west":{"uv":[0,0,1,1],"texture":"#10"},"up":{"uv":[0,0,1,1],"texture":"#10"},"down":{"uv":[0,0,1,1],"texture":"#10"}}},{"from":[13.4,1.20162,1.7],"to":[14.3,1.79838,2.6],"rotation":{"angle":0,"axis":"y","origin":[13.7,1.5,3.2]},"faces":{"north":{"uv":[0,0,1,1],"texture":"#10"},"east":{"uv":[0,0,1,1],"texture":"#10"},"south":{"uv":[0,0,1,1],"texture":"#10"},"west":{"uv":[0,0,1,1],"texture":"#10"},"up":{"uv":[0,0,1,1],"texture":"#10"},"down":{"uv":[0,0,1,1],"texture":"#10"}}},{"from":[13.4,1.20162,1.7],"to":[14.3,1.79838,2.6],"rotation":{"angle":22.5,"axis":"x","origin":[13.7,1.5,3.2]},"faces":{"north":{"uv":[0,0,1,1],"texture":"#10"},"east":{"uv":[0,0,1,1],"texture":"#10"},"south":{"uv":[0,0,1,1],"texture":"#10"},"west":{"uv":[0,0,1,1],"texture":"#10"},"up":{"uv":[0,0,1,1],"texture":"#10"},"down":{"uv":[0,0,1,1],"texture":"#10"}}},{"from":[13.4,1.20162,1.7],"to":[14.3,1.79838,2.6],"rotation":{"angle":45,"axis":"x","origin":[13.7,1.5,3.2]},"faces":{"north":{"uv":[0,0,1,1],"texture":"#10"},"east":{"uv":[0,0,1,1],"texture":"#10"},"south":{"uv":[0,0,1,1],"texture":"#10"},"west":{"uv":[0,0,1,1],"texture":"#10"},"up":{"uv":[0,0,1,1],"texture":"#10"},"down":{"uv":[0,0,1,1],"texture":"#10"}}},{"from":[13.4,1.20162,3.8],"to":[14.3,1.79838,4.7],"rotation":{"angle":-45,"axis":"x","origin":[13.7,1.5,3.2]},"faces":{"north":{"uv":[0,0,1,1],"texture":"#10"},"east":{"uv":[0,0,1,1],"texture":"#10"},"south":{"uv":[0,0,1,1],"texture":"#10"},"west":{"uv":[0,0,1,1],"texture":"#10"},"up":{"uv":[0,0,1,1],"texture":"#10"},"down":{"uv":[0,0,1,1],"texture":"#10"}}},{"from":[13.4,1.20162,3.8],"to":[14.3,1.79838,4.7],"rotation":{"angle":-22.5,"axis":"x","origin":[13.7,1.5,3.2]},"faces":{"north":{"uv":[0,0,1,1],"texture":"#10"},"east":{"uv":[0,0,1,1],"texture":"#10"},"south":{"uv":[0,0,1,1],"texture":"#10"},"west":{"uv":[0,0,1,1],"texture":"#10"},"up":{"uv":[0,0,1,1],"texture":"#10"},"down":{"uv":[0,0,1,1],"texture":"#10"}}},{"from":[13.4,1.20162,3.8],"to":[14.3,1.79838,4.7],"rotation":{"angle":0,"axis":"y","origin":[13.7,1.5,3.2]},"faces":{"north":{"uv":[0,0,1,1],"texture":"#10"},"east":{"uv":[0,0,1,1],"texture":"#10"},"south":{"uv":[0,0,1,1],"texture":"#10"},"west":{"uv":[0,0,1,1],"texture":"#10"},"up":{"uv":[0,0,1,1],"texture":"#10"},"down":{"uv":[0,0,1,1],"texture":"#10"}}},{"from":[13.4,1.20162,3.8],"to":[14.3,1.79838,4.7],"rotation":{"angle":22.5,"axis":"x","origin":[13.7,1.5,3.2]},"faces":{"north":{"uv":[0,0,1,1],"texture":"#10"},"east":{"uv":[0,0,1,1],"texture":"#10"},"south":{"uv":[0,0,1,1],"texture":"#10"},"west":{"uv":[0,0,1,1],"texture":"#10"},"up":{"uv":[0,0,1,1],"texture":"#10"},"down":{"uv":[0,0,1,1],"texture":"#10"}}},{"from":[13.4,1.20162,3.8],"to":[14.3,1.79838,4.7],"rotation":{"angle":45,"axis":"x","origin":[13.7,1.5,3.2]},"faces":{"north":{"uv":[0,0,1,1],"texture":"#10"},"east":{"uv":[0,0,1,1],"texture":"#10"},"south":{"uv":[0,0,1,1],"texture":"#10"},"west":{"uv":[0,0,1,1],"texture":"#10"},"up":{"uv":[0,0,1,1],"texture":"#10"},"down":{"uv":[0,0,1,1],"texture":"#10"}}},{"from":[13.4,0,2.90162],"to":[14.3,0.9,3.49838],"rotation":{"angle":-22.5,"axis":"x","origin":[13.7,1.5,3.2]},"faces":{"north":{"uv":[0,0,1,1],"texture":"#10"},"east":{"uv":[0,0,1,1],"texture":"#10"},"south":{"uv":[0,0,1,1],"texture":"#10"},"west":{"uv":[0,0,1,1],"texture":"#10"},"up":{"uv":[0,0,1,1],"texture":"#10"},"down":{"uv":[0,0,1,1],"texture":"#10"}}},{"from":[13.4,0,2.90162],"to":[14.3,0.9,3.49838],"rotation":{"angle":0,"axis":"y","origin":[13.7,1.5,3.2]},"faces":{"north":{"uv":[0,0,1,1],"texture":"#10"},"east":{"uv":[0,0,1,1],"texture":"#10"},"south":{"uv":[0,0,1,1],"texture":"#10"},"west":{"uv":[0,0,1,1],"texture":"#10"},"up":{"uv":[0,0,1,1],"texture":"#10"},"down":{"uv":[0,0,1,1],"texture":"#10"}}},{"from":[13.4,0,2.90162],"to":[14.3,0.9,3.49838],"rotation":{"angle":22.5,"axis":"x","origin":[13.7,1.5,3.2]},"faces":{"north":{"uv":[0,0,1,1],"texture":"#10"},"east":{"uv":[0,0,1,1],"texture":"#10"},"south":{"uv":[0,0,1,1],"texture":"#10"},"west":{"uv":[0,0,1,1],"texture":"#10"},"up":{"uv":[0,0,1,1],"texture":"#10"},"down":{"uv":[0,0,1,1],"texture":"#10"}}},{"from":[13.4,2.1,2.90162],"to":[14.3,3,3.49838],"rotation":{"angle":-22.5,"axis":"x","origin":[13.7,1.5,3.2]},"faces":{"north":{"uv":[0,0,1,1],"texture":"#10"},"east":{"uv":[0,0,1,1],"texture":"#10"},"south":{"uv":[0,0,1,1],"texture":"#10"},"west":{"uv":[0,0,1,1],"texture":"#10"},"up":{"uv":[0,0,1,1],"texture":"#10"},"down":{"uv":[0,0,1,1],"texture":"#10"}}},{"from":[13.4,2.1,2.90162],"to":[14.3,3,3.49838],"rotation":{"angle":0,"axis":"y","origin":[13.7,1.5,3.2]},"faces":{"north":{"uv":[0,0,1,1],"texture":"#10"},"east":{"uv":[0,0,1,1],"texture":"#10"},"south":{"uv":[0,0,1,1],"texture":"#10"},"west":{"uv":[0,0,1,1],"texture":"#10"},"up":{"uv":[0,0,1,1],"texture":"#10"},"down":{"uv":[0,0,1,1],"texture":"#10"}}},{"from":[13.4,2.1,2.90162],"to":[14.3,3,3.49838],"rotation":{"angle":22.5,"axis":"x","origin":[13.7,1.5,3.2]},"faces":{"north":{"uv":[0,0,1,1],"texture":"#10"},"east":{"uv":[0,0,1,1],"texture":"#10"},"south":{"uv":[0,0,1,1],"texture":"#10"},"west":{"uv":[0,0,1,1],"texture":"#10"},"up":{"uv":[0,0,1,1],"texture":"#10"},"down":{"uv":[0,0,1,1],"texture":"#10"}}},{"from":[13.775,1.3359,2.375],"to":[14.525,1.6641,2.675],"rotation":{"angle":-45,"axis":"x","origin":[13.7,1.5,3.2]},"faces":{"north":{"uv":[0,0,1,1],"texture":"#7"},"east":{"uv":[0,0,1,1],"texture":"#7"},"south":{"uv":[0,0,1,1],"texture":"#7"},"west":{"uv":[0,0,1,1],"texture":"#7"},"up":{"uv":[0,0,1,1],"texture":"#7"},"down":{"uv":[0,0,1,1],"texture":"#7"}}},{"from":[13.775,1.3359,2.375],"to":[14.525,1.6641,2.675],"rotation":{"angle":-22.5,"axis":"x","origin":[13.7,1.5,3.2]},"faces":{"north":{"uv":[0,0,1,1],"texture":"#7"},"east":{"uv":[0,0,1,1],"texture":"#7"},"south":{"uv":[0,0,1,1],"texture":"#7"},"west":{"uv":[0,0,1,1],"texture":"#7"},"up":{"uv":[0,0,1,1],"texture":"#7"},"down":{"uv":[0,0,1,1],"texture":"#7"}}},{"from":[13.775,1.3359,2.375],"to":[14.525,1.6641,2.675],"rotation":{"angle":0,"axis":"y","origin":[13.7,1.5,3.2]},"faces":{"north":{"uv":[0,0,1,1],"texture":"#7"},"east":{"uv":[0,0,1,1],"texture":"#7"},"south":{"uv":[0,0,1,1],"texture":"#7"},"west":{"uv":[0,0,1,1],"texture":"#7"},"up":{"uv":[0,0,1,1],"texture":"#7"},"down":{"uv":[0,0,1,1],"texture":"#7"}}},{"from":[13.775,1.3359,2.375],"to":[14.525,1.6641,2.675],"rotation":{"angle":22.5,"axis":"x","origin":[13.7,1.5,3.2]},"faces":{"north":{"uv":[0,0,1,1],"texture":"#7"},"east":{"uv":[0,0,1,1],"texture":"#7"},"south":{"uv":[0,0,1,1],"texture":"#7"},"west":{"uv":[0,0,1,1],"texture":"#7"},"up":{"uv":[0,0,1,1],"texture":"#7"},"down":{"uv":[0,0,1,1],"texture":"#7"}}},{"from":[13.775,1.3359,2.375],"to":[14.525,1.6641,2.675],"rotation":{"angle":45,"axis":"x","origin":[13.7,1.5,3.2]},"faces":{"north":{"uv":[0,0,1,1],"texture":"#7"},"east":{"uv":[0,0,1,1],"texture":"#7"},"south":{"uv":[0,0,1,1],"texture":"#7"},"west":{"uv":[0,0,1,1],"texture":"#7"},"up":{"uv":[0,0,1,1],"texture":"#7"},"down":{"uv":[0,0,1,1],"texture":"#7"}}},{"from":[13.775,1.3359,3.725],"to":[14.525,1.6641,4.025],"rotation":{"angle":-45,"axis":"x","origin":[13.7,1.5,3.2]},"faces":{"north":{"uv":[0,0,1,1],"texture":"#7"},"east":{"uv":[0,0,1,1],"texture":"#7"},"south":{"uv":[0,0,1,1],"texture":"#7"},"west":{"uv":[0,0,1,1],"texture":"#7"},"up":{"uv":[0,0,1,1],"texture":"#7"},"down":{"uv":[0,0,1,1],"texture":"#7"}}},{"from":[13.775,1.3359,3.725],"to":[14.525,1.6641,4.025],"rotation":{"angle":-22.5,"axis":"x","origin":[13.7,1.5,3.2]},"faces":{"north":{"uv":[0,0,1,1],"texture":"#7"},"east":{"uv":[0,0,1,1],"texture":"#7"},"south":{"uv":[0,0,1,1],"texture":"#7"},"west":{"uv":[0,0,1,1],"texture":"#7"},"up":{"uv":[0,0,1,1],"texture":"#7"},"down":{"uv":[0,0,1,1],"texture":"#7"}}},{"from":[13.775,1.3359,3.725],"to":[14.525,1.6641,4.025],"rotation":{"angle":0,"axis":"y","origin":[13.7,1.5,3.2]},"faces":{"north":{"uv":[0,0,1,1],"texture":"#7"},"east":{"uv":[0,0,1,1],"texture":"#7"},"south":{"uv":[0,0,1,1],"texture":"#7"},"west":{"uv":[0,0,1,1],"texture":"#7"},"up":{"uv":[0,0,1,1],"texture":"#7"},"down":{"uv":[0,0,1,1],"texture":"#7"}}},{"from":[13.775,1.3359,3.725],"to":[14.525,1.6641,4.025],"rotation":{"angle":22.5,"axis":"x","origin":[13.7,1.5,3.2]},"faces":{"north":{"uv":[0,0,1,1],"texture":"#7"},"east":{"uv":[0,0,1,1],"texture":"#7"},"south":{"uv":[0,0,1,1],"texture":"#7"},"west":{"uv":[0,0,1,1],"texture":"#7"},"up":{"uv":[0,0,1,1],"texture":"#7"},"down":{"uv":[0,0,1,1],"texture":"#7"}}},{"from":[13.775,1.3359,3.725],"to":[14.525,1.6641,4.025],"rotation":{"angle":45,"axis":"x","origin":[13.7,1.5,3.2]},"faces":{"north":{"uv":[0,0,1,1],"texture":"#7"},"east":{"uv":[0,0,1,1],"texture":"#7"},"south":{"uv":[0,0,1,1],"texture":"#7"},"west":{"uv":[0,0,1,1],"texture":"#7"},"up":{"uv":[0,0,1,1],"texture":"#7"},"down":{"uv":[0,0,1,1],"texture":"#7"}}},{"from":[13.775,0.675,3.0359],"to":[14.525,0.975,3.3641],"rotation":{"angle":-22.5,"axis":"x","origin":[13.7,1.5,3.2]},"faces":{"north":{"uv":[0,0,1,1],"texture":"#7"},"east":{"uv":[0,0,1,1],"texture":"#7"},"south":{"uv":[0,0,1,1],"texture":"#7"},"west":{"uv":[0,0,1,1],"texture":"#7"},"up":{"uv":[0,0,1,1],"texture":"#7"},"down":{"uv":[0,0,1,1],"texture":"#7"}}},{"from":[13.775,0.675,3.0359],"to":[14.525,0.975,3.3641],"rotation":{"angle":0,"axis":"y","origin":[13.7,1.5,3.2]},"faces":{"north":{"uv":[0,0,1,1],"texture":"#7"},"east":{"uv":[0,0,1,1],"texture":"#7"},"south":{"uv":[0,0,1,1],"texture":"#7"},"west":{"uv":[0,0,1,1],"texture":"#7"},"up":{"uv":[0,0,1,1],"texture":"#7"},"down":{"uv":[0,0,1,1],"texture":"#7"}}},{"from":[13.775,0.675,3.0359],"to":[14.525,0.975,3.3641],"rotation":{"angle":22.5,"axis":"x","origin":[13.7,1.5,3.2]},"faces":{"north":{"uv":[0,0,1,1],"texture":"#7"},"east":{"uv":[0,0,1,1],"texture":"#7"},"south":{"uv":[0,0,1,1],"texture":"#7"},"west":{"uv":[0,0,1,1],"texture":"#7"},"up":{"uv":[0,0,1,1],"texture":"#7"},"down":{"uv":[0,0,1,1],"texture":"#7"}}},{"from":[13.775,2.025,3.0359],"to":[14.525,2.325,3.3641],"rotation":{"angle":-22.5,"axis":"x","origin":[13.7,1.5,3.2]},"faces":{"north":{"uv":[0,0,1,1],"texture":"#7"},"east":{"uv":[0,0,1,1],"texture":"#7"},"south":{"uv":[0,0,1,1],"texture":"#7"},"west":{"uv":[0,0,1,1],"texture":"#7"},"up":{"uv":[0,0,1,1],"texture":"#7"},"down":{"uv":[0,0,1,1],"texture":"#7"}}},{"from":[13.775,2.025,3.0359],"to":[14.525,2.325,3.3641],"rotation":{"angle":0,"axis":"y","origin":[13.7,1.5,3.2]},"faces":{"north":{"uv":[0,0,1,1],"texture":"#7"},"east":{"uv":[0,0,1,1],"texture":"#7"},"south":{"uv":[0,0,1,1],"texture":"#7"},"west":{"uv":[0,0,1,1],"texture":"#7"},"up":{"uv":[0,0,1,1],"texture":"#7"},"down":{"uv":[0,0,1,1],"texture":"#7"}}},{"from":[13.775,2.025,3.0359],"to":[14.525,2.325,3.3641],"rotation":{"angle":22.5,"axis":"x","origin":[13.7,1.5,3.2]},"faces":{"north":{"uv":[0,0,1,1],"texture":"#7"},"east":{"uv":[0,0,1,1],"texture":"#7"},"south":{"uv":[0,0,1,1],"texture":"#7"},"west":{"uv":[0,0,1,1],"texture":"#7"},"up":{"uv":[0,0,1,1],"texture":"#7"},"down":{"uv":[0,0,1,1],"texture":"#7"}}},{"from":[2.75,3.75,-1.75],"to":[4.25,23.25,-0.25],"rotation":{"angle":0,"axis":"y","origin":[-16,0,-16]},"faces":{"north":{"uv":[0,0,0.5,6.5],"texture":"#19"},"east":{"uv":[0,0,0.5,6.5],"texture":"#19"},"south":{"uv":[0,0,0.5,6.5],"texture":"#19"},"west":{"uv":[0,0,0.5,6.5],"texture":"#19"},"up":{"uv":[0,0,0.5,0.5],"texture":"#19"},"down":{"uv":[0,0,0.5,0.5],"texture":"#19"}}},{"from":[2.75,3.75,16.25],"to":[4.25,23.25,17.75],"rotation":{"angle":0,"axis":"y","origin":[-16,0,32]},"faces":{"north":{"uv":[0.5,0,0,6.5],"texture":"#19"},"east":{"uv":[0.5,0,0,6.5],"texture":"#19"},"south":{"uv":[0.5,0,0,6.5],"texture":"#19"},"west":{"uv":[0.5,0,0,6.5],"texture":"#19"},"up":{"uv":[0,0.5,0.5,0],"texture":"#19"},"down":{"uv":[0,0.5,0.5,0],"texture":"#19"}}},{"from":[11.75,3.75,-1.75],"to":[13.25,23.25,-0.25],"rotation":{"angle":0,"axis":"y","origin":[32,0,-16]},"faces":{"north":{"uv":[0.5,0,0,6.5],"texture":"#19"},"east":{"uv":[0.5,0,0,6.5],"texture":"#19"},"south":{"uv":[0.5,0,0,6.5],"texture":"#19"},"west":{"uv":[0.5,0,0,6.5],"texture":"#19"},"up":{"uv":[0.5,0,0,0.5],"texture":"#19"},"down":{"uv":[0.5,0,0,0.5],"texture":"#19"}}},{"from":[11.75,3.75,16.25],"to":[13.25,23.25,17.75],"rotation":{"angle":0,"axis":"y","origin":[32,0,32]},"faces":{"north":{"uv":[0,0,0.5,6.5],"texture":"#19"},"east":{"uv":[0,0,0.5,6.5],"texture":"#19"},"south":{"uv":[0,0,0.5,6.5],"texture":"#19"},"west":{"uv":[0,0,0.5,6.5],"texture":"#19"},"up":{"uv":[0.5,0.5,0,0],"texture":"#19"},"down":{"uv":[0.5,0.5,0,0],"texture":"#19"}}},{"from":[6.05,14.1,-3.1],"to":[16.25,15,20],"rotation":{"angle":22.5,"axis":"z","origin":[-16,0,-13]},"faces":{"north":{"uv":[0,0,16,1],"texture":"#18"},"east":{"uv":[0,0,16,16],"texture":"#18"},"south":{"uv":[0,5,16,6],"texture":"#18"},"west":{"uv":[0,10,16,11],"texture":"#18"},"up":{"uv":[0,0,16,16],"texture":"#18"},"down":{"uv":[0,0,16,16],"texture":"#18"}}},{"from":[6.05,14.85,-3.1],"to":[16.25,15.75,20],"rotation":{"angle":22.5,"axis":"z","origin":[-16,0,-13]},"faces":{"north":{"uv":[0,0,16,1],"texture":"#23"},"east":{"uv":[0,0,16,16],"texture":"#23"},"south":{"uv":[0,5,16,6],"texture":"#23"},"west":{"uv":[0,10,16,11],"texture":"#23"},"up":{"uv":[0,0,16,16],"texture":"#23"},"down":{"uv":[0,0,16,16],"texture":"#23"}}},{"from":[-0.25,14.1,-3.1],"to":[9.95,15,20],"rotation":{"angle":-22.5,"axis":"z","origin":[32,0,-13]},"faces":{"north":{"uv":[16,0,0,1],"texture":"#18"},"east":{"uv":[16,10,0,11],"texture":"#18"},"south":{"uv":[16,5,0,6],"texture":"#18"},"west":{"uv":[16,0,0,16],"texture":"#18"},"up":{"uv":[16,0,0,16],"texture":"#18"},"down":{"uv":[16,0,0,16],"texture":"#18"}}},{"from":[-0.25,14.85,-3.1],"to":[9.95,15.75,20],"rotation":{"angle":-22.5,"axis":"z","origin":[32,0,-13]},"faces":{"north":{"uv":[16,0,0,1],"texture":"#23"},"east":{"uv":[16,10,0,11],"texture":"#23"},"south":{"uv":[16,5,0,6],"texture":"#23"},"west":{"uv":[16,0,0,16],"texture":"#23"},"up":{"uv":[16,0,0,16],"texture":"#23"},"down":{"uv":[16,0,0,16],"texture":"#23"}}},{"from":[2.75,3.75,-4.75],"to":[3.5,9.75,-4],"rotation":{"angle":0,"axis":"y","origin":[-16,0,-16]},"faces":{"north":{"uv":[0,0,0.25,2],"texture":"#4"},"east":{"uv":[0,0,0.25,2],"texture":"#4"},"south":{"uv":[0,0,0.25,2],"texture":"#4"},"west":{"uv":[0,0,0.25,2],"texture":"#4"},"up":{"uv":[0,0,0.25,0.25],"texture":"#4"},"down":{"uv":[0,0,0.25,0.25],"texture":"#4"}}},{"from":[2.75,3.75,20],"to":[3.5,9.75,20.75],"rotation":{"angle":0,"axis":"y","origin":[-16,0,32]},"faces":{"north":{"uv":[0.25,0,0,2],"texture":"#4"},"east":{"uv":[0.25,0,0,2],"texture":"#4"},"south":{"uv":[0.25,0,0,2],"texture":"#4"},"west":{"uv":[0.25,0,0,2],"texture":"#4"},"up":{"uv":[0,0.25,0.25,0],"texture":"#4"},"down":{"uv":[0,0.25,0.25,0],"texture":"#4"}}},{"from":[5,3.75,20],"to":[5.75,9,20.75],"rotation":{"angle":0,"axis":"y","origin":[-16,0,32]},"faces":{"north":{"uv":[0.25,0,0.5,1.75],"texture":"#4"},"east":{"uv":[0.25,0,0.5,1.75],"texture":"#4"},"south":{"uv":[0.25,0,0.5,1.75],"texture":"#4"},"west":{"uv":[0.25,0,0.5,1.75],"texture":"#4"},"up":{"uv":[0,0.25,0.25,0.5],"texture":"#4"},"down":{"uv":[0,0.25,0.25,0.5],"texture":"#4"}}},{"from":[10.25,3.75,20],"to":[11,9,20.75],"rotation":{"angle":0,"axis":"y","origin":[32,0,32]},"faces":{"north":{"uv":[0.5,0,0.25,1.75],"texture":"#4"},"east":{"uv":[0.5,0,0.25,1.75],"texture":"#4"},"south":{"uv":[0.5,0,0.25,1.75],"texture":"#4"},"west":{"uv":[0.5,0,0.25,1.75],"texture":"#4"},"up":{"uv":[0.25,0.25,0,0.5],"texture":"#4"},"down":{"uv":[0.25,0.25,0,0.5],"texture":"#4"}}},{"from":[10.25,3.75,-4.75],"to":[11,9,-4],"rotation":{"angle":0,"axis":"y","origin":[32,0,-16]},"faces":{"north":{"uv":[0.25,0,0.5,1.75],"texture":"#4"},"east":{"uv":[0.25,0,0.5,1.75],"texture":"#4"},"south":{"uv":[0.25,0,0.5,1.75],"texture":"#4"},"west":{"uv":[0.25,0,0.5,1.75],"texture":"#4"},"up":{"uv":[0.25,0.5,0,0.25],"texture":"#4"},"down":{"uv":[0.25,0.5,0,0.25],"texture":"#4"}}},{"from":[5,3.75,-4.75],"to":[5.75,9,-4],"rotation":{"angle":0,"axis":"y","origin":[-16,0,-16]},"faces":{"north":{"uv":[0.5,0,0.25,1.75],"texture":"#4"},"east":{"uv":[0.5,0,0.25,1.75],"texture":"#4"},"south":{"uv":[0.5,0,0.25,1.75],"texture":"#4"},"west":{"uv":[0.5,0,0.25,1.75],"texture":"#4"},"up":{"uv":[0,0.5,0.25,0.25],"texture":"#4"},"down":{"uv":[0,0.5,0.25,0.25],"texture":"#4"}}},{"from":[2.75,3.75,0.5],"to":[3.5,9,1.25],"rotation":{"angle":0,"axis":"y","origin":[-16,0,-16]},"faces":{"north":{"uv":[0.5,0,0.75,1.75],"texture":"#4"},"east":{"uv":[0.5,0,0.75,1.75],"texture":"#4"},"south":{"uv":[0.5,0,0.75,1.75],"texture":"#4"},"west":{"uv":[0.5,0,0.75,1.75],"texture":"#4"},"up":{"uv":[0,0.5,0.25,0.75],"texture":"#4"},"down":{"uv":[0,0.5,0.25,0.75],"texture":"#4"}}},{"from":[2.75,3.75,14.75],"to":[3.5,9,15.5],"rotation":{"angle":0,"axis":"y","origin":[-16,0,32]},"faces":{"north":{"uv":[0.75,0,0.5,1.75],"texture":"#4"},"east":{"uv":[0.75,0,0.5,1.75],"texture":"#4"},"south":{"uv":[0.75,0,0.5,1.75],"texture":"#4"},"west":{"uv":[0.75,0,0.5,1.75],"texture":"#4"},"up":{"uv":[0,0.75,0.25,0.5],"texture":"#4"},"down":{"uv":[0,0.75,0.25,0.5],"texture":"#4"}}},{"from":[12.5,3.75,14.75],"to":[13.25,9,15.5],"rotation":{"angle":0,"axis":"y","origin":[32,0,32]},"faces":{"north":{"uv":[0.5,0,0.75,1.75],"texture":"#4"},"east":{"uv":[0.5,0,0.75,1.75],"texture":"#4"},"south":{"uv":[0.5,0,0.75,1.75],"texture":"#4"},"west":{"uv":[0.5,0,0.75,1.75],"texture":"#4"},"up":{"uv":[0.25,0.75,0,0.5],"texture":"#4"},"down":{"uv":[0.25,0.75,0,0.5],"texture":"#4"}}},{"from":[12.5,3.75,0.5],"to":[13.25,9,1.25],"rotation":{"angle":0,"axis":"y","origin":[32,0,-16]},"faces":{"north":{"uv":[0.75,0,0.5,1.75],"texture":"#4"},"east":{"uv":[0.75,0,0.5,1.75],"texture":"#4"},"south":{"uv":[0.75,0,0.5,1.75],"texture":"#4"},"west":{"uv":[0.75,0,0.5,1.75],"texture":"#4"},"up":{"uv":[0.25,0.5,0,0.75],"texture":"#4"},"down":{"uv":[0.25,0.5,0,0.75],"texture":"#4"}}},{"from":[2.75,3.75,5.75],"to":[3.5,9,6.5],"rotation":{"angle":0,"axis":"y","origin":[-16,0,-16]},"faces":{"north":{"uv":[0.5,0,0.75,1.75],"texture":"#4"},"east":{"uv":[0.5,0,0.75,1.75],"texture":"#4"},"south":{"uv":[0.5,0,0.75,1.75],"texture":"#4"},"west":{"uv":[0.5,0,0.75,1.75],"texture":"#4"},"up":{"uv":[0,0.5,0.25,0.75],"texture":"#4"},"down":{"uv":[0,0.5,0.25,0.75],"texture":"#4"}}},{"from":[2.75,3.75,9.5],"to":[3.5,9,10.25],"rotation":{"angle":0,"axis":"y","origin":[-16,0,32]},"faces":{"north":{"uv":[0.75,0,0.5,1.75],"texture":"#4"},"east":{"uv":[0.75,0,0.5,1.75],"texture":"#4"},"south":{"uv":[0.75,0,0.5,1.75],"texture":"#4"},"west":{"uv":[0.75,0,0.5,1.75],"texture":"#4"},"up":{"uv":[0,0.75,0.25,0.5],"texture":"#4"},"down":{"uv":[0,0.75,0.25,0.5],"texture":"#4"}}},{"from":[12.5,3.75,9.5],"to":[13.25,9,10.25],"rotation":{"angle":0,"axis":"y","origin":[32,0,32]},"faces":{"north":{"uv":[0.5,0,0.75,1.75],"texture":"#4"},"east":{"uv":[0.5,0,0.75,1.75],"texture":"#4"},"south":{"uv":[0.5,0,0.75,1.75],"texture":"#4"},"west":{"uv":[0.5,0,0.75,1.75],"texture":"#4"},"up":{"uv":[0.25,0.75,0,0.5],"texture":"#4"},"down":{"uv":[0.25,0.75,0,0.5],"texture":"#4"}}},{"from":[12.5,3.75,5.75],"to":[13.25,9,6.5],"rotation":{"angle":0,"axis":"y","origin":[32,0,-16]},"faces":{"north":{"uv":[0.75,0,0.5,1.75],"texture":"#4"},"east":{"uv":[0.75,0,0.5,1.75],"texture":"#4"},"south":{"uv":[0.75,0,0.5,1.75],"texture":"#4"},"west":{"uv":[0.75,0,0.5,1.75],"texture":"#4"},"up":{"uv":[0.25,0.5,0,0.75],"texture":"#4"},"down":{"uv":[0.25,0.5,0,0.75],"texture":"#4"}}},{"from":[12.5,3.75,20],"to":[13.25,9.75,20.75],"rotation":{"angle":0,"axis":"y","origin":[32,0,32]},"faces":{"north":{"uv":[0,0,0.25,2],"texture":"#4"},"east":{"uv":[0,0,0.25,2],"texture":"#4"},"south":{"uv":[0,0,0.25,2],"texture":"#4"},"west":{"uv":[0,0,0.25,2],"texture":"#4"},"up":{"uv":[0.25,0.25,0,0],"texture":"#4"},"down":{"uv":[0.25,0.25,0,0],"texture":"#4"}}},{"from":[12.5,3.75,-4.75],"to":[13.25,9.75,-4],"rotation":{"angle":0,"axis":"y","origin":[32,0,-16]},"faces":{"north":{"uv":[0.25,0,0,2],"texture":"#4"},"east":{"uv":[0.25,0,0,2],"texture":"#4"},"south":{"uv":[0.25,0,0,2],"texture":"#4"},"west":{"uv":[0.25,0,0,2],"texture":"#4"},"up":{"uv":[0.25,0,0,0.25],"texture":"#4"},"down":{"uv":[0.25,0,0,0.25],"texture":"#4"}}},{"from":[3.5,9,-4.75],"to":[12.5,9.75,-4],"rotation":{"angle":0,"axis":"y","origin":[32,0,-16]},"faces":{"north":{"uv":[0.25,0,3.25,0.25],"texture":"#4"},"east":{"uv":[0.25,0,0.5,0.25],"texture":"#4"},"south":{"uv":[0.25,0,3.25,0.25],"texture":"#4"},"west":{"uv":[0.25,0,0.5,0.25],"texture":"#4"},"up":{"uv":[0.25,0,3.25,0.25],"texture":"#4"},"down":{"uv":[0.25,0,3.25,0.25],"texture":"#4"}}},{"from":[3.5,9,20],"to":[12.5,9.75,20.75],"rotation":{"angle":0,"axis":"y","origin":[32,0,32]},"faces":{"north":{"uv":[3.25,0,0.25,0.25],"texture":"#4"},"east":{"uv":[0.5,0,0.25,0.25],"texture":"#4"},"south":{"uv":[3.25,0,0.25,0.25],"texture":"#4"},"west":{"uv":[0.5,0,0.25,0.25],"texture":"#4"},"up":{"uv":[0.25,0.25,3.25,0],"texture":"#4"},"down":{"uv":[0.25,0.25,3.25,0],"texture":"#4"}}},{"from":[2.75,9,-4],"to":[3.5,9.75,-1.75],"rotation":{"angle":0,"axis":"y","origin":[-16,0,-16]},"faces":{"north":{"uv":[0,0,0.25,0.25],"texture":"#4"},"east":{"uv":[0,0,0.75,0.25],"texture":"#4"},"south":{"uv":[0,0,0.25,0.25],"texture":"#4"},"west":{"uv":[0,0,0.75,0.25],"texture":"#4"},"up":{"uv":[0,0,0.25,0.75],"texture":"#4"},"down":{"uv":[0,0,0.25,0.75],"texture":"#4"}}},{"from":[12.5,9,-4],"to":[13.25,9.75,-1.75],"rotation":{"angle":0,"axis":"y","origin":[32,0,-16]},"faces":{"north":{"uv":[0.25,0,0.5,0.25],"texture":"#4"},"east":{"uv":[2.25,0,3,0.25],"texture":"#4"},"south":{"uv":[0.25,0,0.5,0.25],"texture":"#4"},"west":{"uv":[2.25,0,3,0.25],"texture":"#4"},"up":{"uv":[0.25,0,0.5,0.75],"texture":"#4"},"down":{"uv":[0.25,0,0.5,0.75],"texture":"#4"}}},{"from":[2.75,9,-0.25],"to":[3.5,9.75,16.25],"rotation":{"angle":0,"axis":"y","origin":[-16,0,-16]},"faces":{"north":{"uv":[0,0,0.25,0.25],"texture":"#4"},"east":{"uv":[0,0,5.5,0.25],"texture":"#4"},"south":{"uv":[0,0,0.25,0.25],"texture":"#4"},"west":{"uv":[0,0,5.5,0.25],"texture":"#4"},"up":{"uv":[0,0,0.25,5.5],"texture":"#4"},"down":{"uv":[0,0,0.25,5.5],"texture":"#4"}}},{"from":[12.5,9,-0.25],"to":[13.25,9.75,16.25],"rotation":{"angle":0,"axis":"y","origin":[32,0,-16]},"faces":{"north":{"uv":[0.25,0,0.5,0.25],"texture":"#4"},"east":{"uv":[2.5,0,8,0.25],"texture":"#4"},"south":{"uv":[0.25,0,0.5,0.25],"texture":"#4"},"west":{"uv":[2.5,0,8,0.25],"texture":"#4"},"up":{"uv":[0.25,0,0.5,5.5],"texture":"#4"},"down":{"uv":[0.25,0,0.5,5.5],"texture":"#4"}}},{"from":[2.75,9,17.75],"to":[3.5,9.75,20],"rotation":{"angle":0,"axis":"y","origin":[-16,0,-16]},"faces":{"north":{"uv":[0,0,0.25,0.25],"texture":"#4"},"east":{"uv":[0,0,0.75,0.25],"texture":"#4"},"south":{"uv":[0,0,0.25,0.25],"texture":"#4"},"west":{"uv":[0,0,0.75,0.25],"texture":"#4"},"up":{"uv":[0,0,0.25,0.75],"texture":"#4"},"down":{"uv":[0,0,0.25,0.75],"texture":"#4"}}},{"from":[12.5,9,17.75],"to":[13.25,9.75,20],"rotation":{"angle":0,"axis":"y","origin":[32,0,-16]},"faces":{"north":{"uv":[0.25,0,0.5,0.25],"texture":"#4"},"east":{"uv":[2.25,0,3,0.25],"texture":"#4"},"south":{"uv":[0.25,0,0.5,0.25],"texture":"#4"},"west":{"uv":[2.25,0,3,0.25],"texture":"#4"},"up":{"uv":[0.25,0,0.5,0.75],"texture":"#4"},"down":{"uv":[0.25,0,0.5,0.75],"texture":"#4"}}},{"from":[6.5,3.75,21.5],"to":[9.5,6.75,24.5],"rotation":{"angle":0,"axis":"y","origin":[-16,0,-16]},"faces":{"north":{"uv":[0,0,1,1],"texture":"#21"},"east":{"uv":[0,0,1,1],"texture":"#21"},"south":{"uv":[0,0,1,1],"texture":"#21"},"west":{"uv":[0,0,1,1],"texture":"#21"},"up":{"uv":[0,0,1,1],"texture":"#21"},"down":{"uv":[0,0,1,1],"texture":"#21"}}},{"from":[6.375,6.75,21.5],"to":[9.625,9.75,24.5],"rotation":{"angle":0,"axis":"y","origin":[-16,0,-16]},"faces":{"north":{"uv":[0,0,1,1],"texture":"#20"},"east":{"uv":[0,0,1,1],"texture":"#20"},"south":{"uv":[0,0,1,1],"texture":"#20"},"west":{"uv":[0,0,1,1],"texture":"#20"},"up":{"uv":[0,0,1,1],"texture":"#20"},"down":{"uv":[0,0,1,1],"texture":"#20"}}},{"from":[6.375,2.25,20],"to":[9.625,5.25,23],"rotation":{"angle":0,"axis":"y","origin":[-16,0,-16]},"faces":{"north":{"uv":[0,0,1,1],"texture":"#20"},"east":{"uv":[0,0,1,1],"texture":"#20"},"south":{"uv":[0,0,1,1],"texture":"#20"},"west":{"uv":[0,0,1,1],"texture":"#20"},"up":{"uv":[0,0,1,1],"texture":"#20"},"down":{"uv":[0,0,1,1],"texture":"#20"}}},{"from":[6.5,9.75,22.25],"to":[9.5,12.75,25.25],"rotation":{"angle":0,"axis":"y","origin":[-16,0,-16]},"faces":{"north":{"uv":[0,0,1,1],"texture":"#21"},"east":{"uv":[0,0,1,1],"texture":"#21"},"south":{"uv":[0,0,1,1],"texture":"#21"},"west":{"uv":[0,0,1,1],"texture":"#21"},"up":{"uv":[0,0,1,1],"texture":"#21"},"down":{"uv":[0,0,1,1],"texture":"#21"}}},{"from":[6.375,10.5,25.25],"to":[9.625,13.5,28.25],"rotation":{"angle":0,"axis":"y","origin":[-16,0,-16]},"faces":{"north":{"uv":[0,0,1,1],"texture":"#20"},"east":{"uv":[0,0,1,1],"texture":"#20"},"south":{"uv":[0,0,1,1],"texture":"#20"},"west":{"uv":[0,0,1,1],"texture":"#20"},"up":{"uv":[0,0,1,1],"texture":"#20"},"down":{"uv":[0,0,1,1],"texture":"#20"}}},{"from":[6.5,9,26.75],"to":[9.5,12,29.75],"rotation":{"angle":0,"axis":"y","origin":[-16,0,-16]},"faces":{"north":{"uv":[0,0,1,1],"texture":"#21"},"east":{"uv":[0,0,1,1],"texture":"#21"},"south":{"uv":[0,0,1,1],"texture":"#21"},"west":{"uv":[0,0,1,1],"texture":"#21"},"up":{"uv":[0,0,1,1],"texture":"#21"},"down":{"uv":[0,0,1,1],"texture":"#21"}}},{"from":[8.12461,11.96493,-2.07507],"to":[10.52461,13.56493,-0.51507],"rotation":{"angle":0,"axis":"y","origin":[8.96487,10.7,0.83275]},"faces":{"north":{"uv":[12,6.5,13,5],"rotation":270,"texture":"#12"},"east":{"uv":[0,0,0,0],"rotation":270,"texture":"#12"},"south":{"uv":[10,6.5,11,5],"rotation":90,"texture":"#12"},"west":{"uv":[12,4,11,5],"rotation":180,"texture":"#12"},"up":{"uv":[13,6.5,14,5],"rotation":90,"texture":"#12"},"down":{"uv":[11,6.5,12,5],"rotation":90,"texture":"#12"}}},{"from":[8.02461,11.86493,-2.18507],"to":[10.56461,13.66493,-0.40507],"rotation":{"angle":0,"axis":"y","origin":[8.96487,10.7,0.83275]},"faces":{"north":{"uv":[10,10.5,11,9],"rotation":270,"texture":"#12"},"east":{"uv":[0,0,0,0],"rotation":270,"texture":"#12"},"south":{"uv":[12,10.5,13,9],"rotation":90,"texture":"#12"},"west":{"uv":[12,8,11,9],"rotation":180,"texture":"#12"},"up":{"uv":[11,10.5,12,9],"rotation":90,"texture":"#12"},"down":{"uv":[13,10.5,14,9],"rotation":90,"texture":"#12"}}},{"from":[8.61567,13.19263,-2.09507],"to":[10.21567,15.59263,-0.49507],"rotation":{"angle":-22.5,"axis":"z","origin":[8.96487,10.7,0.83275]},"faces":{"north":{"uv":[10,8,11,6.5],"texture":"#12"},"east":{"uv":[14,6.5,13,8],"rotation":180,"texture":"#12"},"south":{"uv":[13,6.5,12,8],"rotation":180,"texture":"#12"},"west":{"uv":[12,6.5,11,8],"rotation":180,"texture":"#12"},"up":{"uv":[12,4,13,5],"rotation":90,"texture":"#12"},"down":{"uv":[0,0,0,0],"rotation":90,"texture":"#12"}}},{"from":[8.57567,13.08463,-2.19507],"to":[10.27567,15.68463,-0.39507],"rotation":{"angle":-22.5,"axis":"z","origin":[8.96487,10.7,0.83275]},"faces":{"north":{"uv":[10,12,11,10.5],"texture":"#12"},"east":{"uv":[14,10.5,13,12],"rotation":180,"texture":"#12"},"south":{"uv":[13,10.5,12,12],"rotation":180,"texture":"#12"},"west":{"uv":[12,10.5,11,12],"rotation":180,"texture":"#12"},"up":{"uv":[12,8,13,9],"rotation":90,"texture":"#12"},"down":{"uv":[0,0,0,0],"rotation":90,"texture":"#12"}}},{"from":[10.9159,10.39723,-2.18907],"to":[11.6759,12.19723,-0.40107],"rotation":{"angle":45,"axis":"z","origin":[8.96487,10.7,0.83275]},"faces":{"north":{"uv":[10,10.7,11,10.3],"rotation":270,"texture":"#12"},"east":{"uv":[0,0,0,0],"rotation":270,"texture":"#12"},"south":{"uv":[12,10.7,13,10.3],"rotation":90,"texture":"#12"},"west":{"uv":[0,0,0,0],"rotation":270,"texture":"#12"},"up":{"uv":[11,10.7,12,10.3],"rotation":90,"texture":"#12"},"down":{"uv":[13,10.7,14,10.3],"rotation":90,"texture":"#12"}}},{"from":[10.9679,10.50123,-2.08507],"to":[11.7479,12.10123,-0.50507],"rotation":{"angle":45,"axis":"z","origin":[8.96487,10.7,0.83275]},"faces":{"north":{"uv":[10,6.7,11,6.3],"rotation":270,"texture":"#12"},"east":{"uv":[0,0,0,0],"rotation":270,"texture":"#12"},"south":{"uv":[12,6.7,13,6.3],"rotation":90,"texture":"#12"},"west":{"uv":[0,0,0,0],"rotation":270,"texture":"#12"},"up":{"uv":[11,6.7,12,6.3],"rotation":90,"texture":"#12"},"down":{"uv":[13,6.7,14,6.3],"rotation":90,"texture":"#12"}}},{"from":[4.72151,8.8,-2.84899],"to":[7.92151,13.6,-1.24899],"rotation":{"angle":-22.5,"axis":"y","origin":[6.58987,10.7,-1.16725]},"faces":{"north":{"uv":[5,5,7,8],"texture":"#12"},"east":{"uv":[4,5,5,8],"texture":"#12"},"south":{"uv":[8,5,10,8],"texture":"#12"},"west":{"uv":[7,5,8,8],"texture":"#12"},"up":{"uv":[5,4,7,5],"rotation":180,"texture":"#12"},"down":{"uv":[7,5,9,4],"rotation":180,"texture":"#12"}}},{"from":[4.62151,8.7,-2.94899],"to":[8.02151,13.7,-1.14899],"rotation":{"angle":-22.5,"axis":"y","origin":[6.58987,10.7,-1.16725]},"faces":{"north":{"uv":[5,9,7,12],"texture":"#12"},"east":{"uv":[4,9,5,12],"texture":"#12"},"south":{"uv":[8,9,10,12],"texture":"#12"},"west":{"uv":[7,9,8,12],"texture":"#12"},"up":{"uv":[5,8,7,9],"rotation":180,"texture":"#12"},"down":{"uv":[7,9,9,8],"rotation":180,"texture":"#12"}}},{"from":[4.72151,4,-2.84899],"to":[6.32151,8.8,-1.24899],"rotation":{"angle":-22.5,"axis":"y","origin":[6.58987,10.7,-1.16725]},"faces":{"north":{"uv":[1,5,2,8],"texture":"#12"},"east":{"uv":[0,5,1,8],"texture":"#12"},"south":{"uv":[3,5,4,8],"texture":"#12"},"west":{"uv":[2,5,3,8],"texture":"#12"},"up":{"uv":[1,4,2,5],"rotation":180,"texture":"#12"},"down":{"uv":[2,5,3,4],"rotation":180,"texture":"#12"}}},{"from":[4.62151,3.9,-2.94899],"to":[6.42151,8.9,-1.14899],"rotation":{"angle":-22.5,"axis":"y","origin":[6.58987,10.7,-1.16725]},"faces":{"north":{"uv":[1,9,2,12],"texture":"#12"},"east":{"uv":[0,9,1,12],"texture":"#12"},"south":{"uv":[3,9,4,12],"texture":"#12"},"west":{"uv":[2,9,3,12],"texture":"#12"},"up":{"uv":[1,8,2,9],"rotation":180,"texture":"#12"},"down":{"uv":[2,9,3,8],"rotation":180,"texture":"#12"}}},{"from":[6.32151,4,-2.84899],"to":[7.92151,8.8,-1.24899],"rotation":{"angle":-22.5,"axis":"y","origin":[6.58987,10.7,-1.16725]},"faces":{"north":{"uv":[5,13,6,16],"texture":"#12"},"east":{"uv":[4,13,5,16],"texture":"#12"},"south":{"uv":[7,13,8,16],"texture":"#12"},"west":{"uv":[6,13,7,16],"texture":"#12"},"up":{"uv":[5,12,6,13],"rotation":180,"texture":"#12"},"down":{"uv":[6,13,7,12],"rotation":180,"texture":"#12"}}},{"from":[6.22151,3.9,-2.94899],"to":[8.02151,8.9,-1.14899],"rotation":{"angle":-22.5,"axis":"y","origin":[6.58987,10.7,-1.16725]},"faces":{"north":{"uv":[1,13,2,16],"texture":"#12"},"east":{"uv":[0,13,1,16],"texture":"#12"},"south":{"uv":[3,13,4,16],"texture":"#12"},"west":{"uv":[2,13,3,16],"texture":"#12"},"up":{"uv":[1,12,2,13],"rotation":180,"texture":"#12"},"down":{"uv":[2,13,3,12],"rotation":180,"texture":"#12"}}},{"from":[3.12151,8.8,-2.84899],"to":[4.72151,13.6,-1.24899],"rotation":{"angle":-22.5,"axis":"y","origin":[6.58987,10.7,-1.16725]},"faces":{"north":{"uv":[9,13,10,16],"texture":"#12"},"east":{"uv":[8,13,9,16],"texture":"#12"},"south":{"uv":[11,13,12,16],"texture":"#12"},"west":{"uv":[10,13,11,16],"texture":"#12"},"up":{"uv":[9,12,10,13],"rotation":180,"texture":"#12"},"down":{"uv":[10,13,11,12],"rotation":180,"texture":"#12"}}},{"from":[3.02151,8.7,-2.94899],"to":[4.82151,13.7,-1.14899],"rotation":{"angle":-22.5,"axis":"y","origin":[6.58987,10.7,-1.16725]},"faces":{"north":{"uv":[13,13,14,16],"texture":"#12"},"east":{"uv":[12,13,13,16],"texture":"#12"},"south":{"uv":[15,13,16,16],"texture":"#12"},"west":{"uv":[14,13,15,16],"texture":"#12"},"up":{"uv":[13,12,14,13],"rotation":180,"texture":"#12"},"down":{"uv":[14,13,15,12],"rotation":180,"texture":"#12"}}},{"from":[5.70172,13.4,-3.353],"to":[8.90172,16.6,-0.153],"rotation":{"angle":45,"axis":"y","origin":[6.58987,10.7,-1.16725]},"faces":{"north":{"uv":[4,2,6,4],"texture":"#12"},"east":{"uv":[2,2,4,4],"texture":"#12"},"south":{"uv":[0,2,2,4],"texture":"#12"},"west":{"uv":[6,2,8,4],"texture":"#12"},"up":{"uv":[2,0,4,2],"rotation":270,"texture":"#12"},"down":{"uv":[4,2,6,0],"rotation":90,"texture":"#12"}}},{"from":[5.60172,13.3,-3.453],"to":[9.00172,16.7,-0.053],"rotation":{"angle":45,"axis":"y","origin":[6.58987,10.7,-1.16725]},"faces":{"north":{"uv":[12,2,14,4],"texture":"#12"},"east":{"uv":[10,2,12,4],"texture":"#12"},"south":{"uv":[8,2,10,4],"texture":"#12"},"west":{"uv":[14,2,16,4],"texture":"#12"},"up":{"uv":[10,0,12,2],"rotation":270,"texture":"#12"},"down":{"uv":[12,2,14,0],"rotation":90,"texture":"#12"}}},{"from":[5.70172,13.8,-2.553],"to":[8.90572,15.4,-0.953],"rotation":{"angle":45,"axis":"y","origin":[6.58987,10.7,-1.16725]},"faces":{"north":{"uv":[0,0,0,0],"texture":"#12"},"east":{"uv":[14,0,16,2],"texture":"#12"},"south":{"uv":[0,0,0,0],"texture":"#12"},"west":{"uv":[0,0,0,0],"texture":"#12"},"up":{"uv":[0,0,0,0],"rotation":270,"texture":"#12"},"down":{"uv":[0,0,0,0],"rotation":90,"texture":"#12"}}},{"from":[5.79142,11.95778,18.15032],"to":[7.35142,13.55778,20.55032],"rotation":{"angle":0,"axis":"x","origin":[6.57142,13.20678,20.14243]},"faces":{"north":{"uv":[11,4,12,5],"rotation":180,"texture":"#11"},"east":{"uv":[10,5,11,6.5],"rotation":90,"texture":"#11"},"south":{"uv":[0,0,0,0],"rotation":270,"texture":"#11"},"west":{"uv":[12,5,13,6.5],"rotation":270,"texture":"#11"},"up":{"uv":[14,6.5,13,5],"rotation":180,"texture":"#11"},"down":{"uv":[12,6.5,11,5],"texture":"#11"}}},{"from":[5.77142,12.93605,19.6911],"to":[7.37142,15.33605,21.2911],"rotation":{"angle":22.5,"axis":"x","origin":[6.57142,13.20678,20.14243]},"faces":{"north":{"uv":[11,6.5,12,8],"rotation":180,"texture":"#11"},"east":{"uv":[12,6.5,13,8],"rotation":180,"texture":"#11"},"south":{"uv":[13,6.5,14,8],"rotation":180,"texture":"#11"},"west":{"uv":[11,8,10,6.5],"texture":"#11"},"up":{"uv":[13,4,12,5],"rotation":180,"texture":"#11"},"down":{"uv":[0,0,0,0],"texture":"#11"}}},{"from":[5.78142,12.61771,19.70435],"to":[7.36142,13.39771,21.30435],"rotation":{"angle":45,"axis":"x","origin":[6.57142,13.20678,20.14243]},"faces":{"north":{"uv":[12,6.7,11,6.3],"texture":"#11"},"east":{"uv":[12,6.3,13,6.7],"rotation":180,"texture":"#11"},"south":{"uv":[14,6.7,13,6.3],"texture":"#11"},"west":{"uv":[10,6.3,11,6.7],"rotation":180,"texture":"#11"},"up":{"uv":[0,0,0,0],"rotation":270,"texture":"#11"},"down":{"uv":[0,0,0,0],"rotation":90,"texture":"#11"}}},{"from":[8.38202,12.54917,15.45257],"to":[10.78202,14.14917,17.01257],"rotation":{"angle":-22.5,"axis":"z","origin":[7.4375,12.58178,16.23257]},"faces":{"north":{"uv":[10,5,11,6.5],"rotation":90,"texture":"#11"},"east":{"uv":[0,0,0,0],"rotation":270,"texture":"#11"},"south":{"uv":[12,5,13,6.5],"rotation":270,"texture":"#11"},"west":{"uv":[11,4,12,5],"rotation":180,"texture":"#11"},"up":{"uv":[14,6.5,13,5],"rotation":90,"texture":"#11"},"down":{"uv":[12,6.5,11,5],"rotation":90,"texture":"#11"}}},{"from":[9.78506,10.20348,15.44257],"to":[10.56506,11.80348,17.02257],"rotation":{"angle":22.5,"axis":"z","origin":[7.4375,12.58178,16.23257]},"faces":{"north":{"uv":[12,6.3,13,6.7],"rotation":90,"texture":"#11"},"east":{"uv":[0,0,0,0],"rotation":270,"texture":"#11"},"south":{"uv":[10,6.3,11,6.7],"rotation":270,"texture":"#11"},"west":{"uv":[0,0,0,0],"rotation":270,"texture":"#11"},"up":{"uv":[12,6.7,11,6.3],"rotation":90,"texture":"#11"},"down":{"uv":[14,6.7,13,6.3],"rotation":90,"texture":"#11"}}},{"from":[9.23376,14.55865,15.43257],"to":[10.83376,16.95865,17.03257],"rotation":{"angle":-45,"axis":"z","origin":[7.4375,12.58178,16.23257]},"faces":{"north":{"uv":[12,6.5,13,8],"rotation":180,"texture":"#11"},"east":{"uv":[13,6.5,14,8],"rotation":180,"texture":"#11"},"south":{"uv":[11,8,10,6.5],"texture":"#11"},"west":{"uv":[11,6.5,12,8],"rotation":180,"texture":"#11"},"up":{"uv":[13,4,12,5],"rotation":90,"texture":"#11"},"down":{"uv":[0,0,0,0],"rotation":90,"texture":"#11"}}},{"from":[5.57849,8.8,16.99899],"to":[8.77849,13.6,18.59899],"rotation":{"angle":45,"axis":"y","origin":[6.91013,10.7,16.91725]},"faces":{"north":{"uv":[8,5,10,8],"texture":"#11"},"east":{"uv":[7,5,8,8],"texture":"#11"},"south":{"uv":[5,5,7,8],"texture":"#11"},"west":{"uv":[4,5,5,8],"texture":"#11"},"up":{"uv":[7,5,5,4],"rotation":180,"texture":"#11"},"down":{"uv":[9,4,7,5],"rotation":180,"texture":"#11"}}},{"from":[5.47849,8.7,16.89899],"to":[8.87849,13.7,18.69899],"rotation":{"angle":45,"axis":"y","origin":[6.91013,10.7,16.91725]},"faces":{"north":{"uv":[8,9,10,12],"texture":"#11"},"east":{"uv":[7,9,8,12],"texture":"#11"},"south":{"uv":[5,9,7,12],"texture":"#11"},"west":{"uv":[4,9,5,12],"texture":"#11"},"up":{"uv":[7,9,5,8],"rotation":180,"texture":"#11"},"down":{"uv":[9,8,7,9],"rotation":180,"texture":"#11"}}},{"from":[7.17849,4,16.99899],"to":[8.77849,8.8,18.59899],"rotation":{"angle":45,"axis":"y","origin":[6.91013,10.7,16.91725]},"faces":{"north":{"uv":[3,5,4,8],"texture":"#11"},"east":{"uv":[2,5,3,8],"texture":"#11"},"south":{"uv":[1,5,2,8],"texture":"#11"},"west":{"uv":[0,5,1,8],"texture":"#11"},"up":{"uv":[2,5,1,4],"rotation":180,"texture":"#11"},"down":{"uv":[3,4,2,5],"rotation":180,"texture":"#11"}}},{"from":[7.07849,3.9,16.89899],"to":[8.87849,8.9,18.69899],"rotation":{"angle":45,"axis":"y","origin":[6.91013,10.7,16.91725]},"faces":{"north":{"uv":[3,9,4,12],"texture":"#11"},"east":{"uv":[2,9,3,12],"texture":"#11"},"south":{"uv":[1,9,2,12],"texture":"#11"},"west":{"uv":[0,9,1,12],"texture":"#11"},"up":{"uv":[2,9,1,8],"rotation":180,"texture":"#11"},"down":{"uv":[3,8,2,9],"rotation":180,"texture":"#11"}}},{"from":[5.57849,4,16.99899],"to":[7.17849,8.8,18.59899],"rotation":{"angle":45,"axis":"y","origin":[6.91013,10.7,16.91725]},"faces":{"north":{"uv":[7,13,8,16],"texture":"#11"},"east":{"uv":[6,13,7,16],"texture":"#11"},"south":{"uv":[5,13,6,16],"texture":"#11"},"west":{"uv":[4,13,5,16],"texture":"#11"},"up":{"uv":[6,13,5,12],"rotation":180,"texture":"#11"},"down":{"uv":[7,12,6,13],"rotation":180,"texture":"#11"}}},{"from":[5.47849,3.9,16.89899],"to":[7.27849,8.9,18.69899],"rotation":{"angle":45,"axis":"y","origin":[6.91013,10.7,16.91725]},"faces":{"north":{"uv":[3,13,4,16],"texture":"#11"},"east":{"uv":[2,13,3,16],"texture":"#11"},"south":{"uv":[1,13,2,16],"texture":"#11"},"west":{"uv":[0,13,1,16],"texture":"#11"},"up":{"uv":[2,13,1,12],"rotation":180,"texture":"#11"},"down":{"uv":[3,12,2,13],"rotation":180,"texture":"#11"}}},{"from":[5.89588,13.4,16.0291],"to":[9.09588,16.6,19.2291],"rotation":{"angle":22.5,"axis":"y","origin":[6.91013,10.7,16.91725]},"faces":{"north":{"uv":[6,2,8,4],"texture":"#11"},"east":{"uv":[4,2,6,4],"texture":"#11"},"south":{"uv":[2,2,4,4],"texture":"#11"},"west":{"uv":[0,2,2,4],"texture":"#11"},"up":{"uv":[4,2,2,0],"rotation":180,"texture":"#11"},"down":{"uv":[6,0,4,2],"rotation":180,"texture":"#11"}}},{"from":[5.79588,13.3,15.9291],"to":[9.19588,16.7,19.3291],"rotation":{"angle":22.5,"axis":"y","origin":[6.91013,10.7,16.91725]},"faces":{"north":{"uv":[14,2,16,4],"texture":"#11"},"east":{"uv":[12,2,14,4],"texture":"#11"},"south":{"uv":[10,2,12,4],"texture":"#11"},"west":{"uv":[8,2,10,4],"texture":"#11"},"up":{"uv":[12,2,10,0],"rotation":180,"texture":"#11"},"down":{"uv":[14,0,12,2],"rotation":180,"texture":"#11"}}},{"from":[6.69588,13.8,16.0291],"to":[8.29588,15.4,19.2331],"rotation":{"angle":22.5,"axis":"y","origin":[6.91013,10.7,16.91725]},"faces":{"north":{"uv":[0,0,0,0],"texture":"#11"},"east":{"uv":[0,0,0,0],"texture":"#11"},"south":{"uv":[14,0,16,2],"texture":"#11"},"west":{"uv":[0,0,0,0],"texture":"#11"},"up":{"uv":[0,0,0,0],"rotation":180,"texture":"#11"},"down":{"uv":[0,0,0,0],"rotation":180,"texture":"#11"}}}],"display":{"head":{"translation":[0,-31,0],"scale":[4,4,4]}},"groups":[0,1,{"name":"hexadecagon","origin":[8,8,8],"color":0,"nbt":"{}","children":[2,3,4,5,6,7,8,9]},{"name":"hexadecagon","origin":[8,8,8],"color":0,"nbt":"{}","children":[10,11,12,13,14,15,16,17]},{"name":"hexadecagon","origin":[8,8,8],"color":0,"nbt":"{}","children":[18,19,20,21,22,23,24,25]},{"name":"hexadecagon","origin":[8,8,8],"color":0,"nbt":"{}","children":[26,27,28,29,30,31,32,33]},{"name":"roue1","origin":[8,8,8],"color":0,"nbt":"{}","children":[{"name":"hexadecagon","origin":[8,8,8],"color":0,"nbt":"{}","children":[34,35,36,37,38,39,40,41,42,43,44,45,46,47,48,49]},{"name":"hexadecagon","origin":[8,8,8],"color":0,"nbt":"{}","children":[50,51,52,53,54,55,56,57,58,59,60,61,62,63,64,65]}]},{"name":"roue1","origin":[8,8,8],"color":0,"nbt":"{}","children":[{"name":"hexadecagon","origin":[8,8,8],"color":0,"nbt":"{}","children":[66,67,68,69,70,71,72,73,74,75,76,77,78,79,80,81]},{"name":"hexadecagon","origin":[8,8,8],"color":0,"nbt":"{}","children":[82,83,84,85,86,87,88,89,90,91,92,93,94,95,96,97]}]},{"name":"roue1","origin":[8,8,8],"color":0,"nbt":"{}","children":[{"name":"hexadecagon","origin":[8,8,8],"color":0,"nbt":"{}","children":[98,99,100,101,102,103,104,105,106,107,108,109,110,111,112,113]},{"name":"hexadecagon","origin":[8,8,8],"color":0,"nbt":"{}","children":[114,115,116,117,118,119,120,121,122,123,124,125,126,127,128,129]}]},{"name":"roue1","origin":[8,8,8],"color":0,"nbt":"{}","children":[{"name":"hexadecagon","origin":[8,8,8],"color":0,"nbt":"{}","children":[130,131,132,133,134,135,136,137,138,139,140,141,142,143,144,145]},{"name":"hexadecagon","origin":[8,8,8],"color":0,"nbt":"{}","children":[146,147,148,149,150,151,152,153,154,155,156,157,158,159,160,161]}]},162,163,164,165,166,167,168,169,170,171,172,173,174,175,176,177,178,179,180,181,182,183,184,185,186,187,188,189,190,191,192,193,194,195,196,197,198,199,{"name":"player_all","origin":[8,8,8],"color":0,"nbt":"{}","children":[200,{"name":"player_all","origin":[8,8,8],"color":0,"nbt":"{}","children":[]},201,202,203,204,205,206,207,208,209,210,211,212,213,214,215,216]},{"name":"player_all","origin":[8,8,8],"color":0,"nbt":"{}","children":[217,218,219,220,221,222,223,224,225,226,227,228,229,230,231]}]}