{"credit":"Made with Blockbench by Valvac","textures":{"23":"block/stone_bricks","particle":"block/oak_leaves"},"elements":[{"from":[7.01558,-16,3.6875],"to":[8.98438,-11.40625,5],"rotation":{"angle":0,"axis":"y","origin":[31.3812,0,2.29687]},"faces":{"north":{"uv":[12,2,16,16],"texture":"#23"},"east":{"uv":[12,2,16,16],"texture":"#23"},"south":{"uv":[12,2,16,16],"texture":"#23"},"west":{"uv":[12,2,16,16],"texture":"#23"},"up":{"uv":[0,12,6,16],"texture":"#23"},"down":{"uv":[0,12,6,16],"texture":"#23"}}},{"from":[6.6875,-16,1.0625],"to":[9.3125,-10.75,3.6875],"rotation":{"angle":0,"axis":"y","origin":[30.725,0,0]},"faces":{"north":{"uv":[4,0,12,16],"texture":"#23"},"east":{"uv":[4,0,12,16],"texture":"#23"},"south":{"uv":[4,0,12,16],"texture":"#23"},"west":{"uv":[4,0,12,16],"texture":"#23"},"up":{"uv":[4,4,12,12],"texture":"#23"},"down":{"uv":[4,4,12,12],"texture":"#23"}}},{"from":[5.375,-16,6.64063],"to":[6.6875,-11.40625,8.60938],"rotation":{"angle":0,"axis":"y","origin":[29.4125,0,5.25]},"faces":{"north":{"uv":[0,2,4,16],"texture":"#23"},"east":{"uv":[4,0,12,16],"texture":"#23"},"south":{"uv":[0,2,4,16],"texture":"#23"},"west":{"uv":[4,0,12,16],"texture":"#23"},"up":{"uv":[0,10,4,16],"texture":"#23"},"down":{"uv":[0,10,4,16],"texture":"#23"}}},{"from":[6.6875,-16,6.3125],"to":[9.3125,-10.75,8.9375],"rotation":{"angle":0,"axis":"y","origin":[30.725,0,5.25]},"faces":{"north":{"uv":[4,0,12,16],"texture":"#23"},"east":{"uv":[4,0,12,16],"texture":"#23"},"south":{"uv":[4,0,12,16],"texture":"#23"},"west":{"uv":[4,0,12,16],"texture":"#23"},"up":{"uv":[4,4,12,12],"texture":"#23"},"down":{"uv":[4,4,12,12],"texture":"#23"}}},{"from":[6.6875,-10.75,6.3125],"to":[9.3125,-5.5,8.9375],"rotation":{"angle":0,"axis":"y","origin":[30.725,5.25,5.25]},"faces":{"north":{"uv":[4,0,12,16],"texture":"#23"},"east":{"uv":[4,0,12,16],"texture":"#23"},"south":{"uv":[4,0,12,16],"texture":"#23"},"west":{"uv":[4,0,12,16],"texture":"#23"},"up":{"uv":[4,4,12,12],"texture":"#23"},"down":{"uv":[4,4,12,12],"texture":"#23"}}},{"from":[7.01558,-16,5],"to":[8.98438,-11.40625,6.3125],"rotation":{"angle":0,"axis":"y","origin":[31.3812,0,3.60937]},"faces":{"north":{"uv":[12,2,16,16],"texture":"#23"},"east":{"uv":[0,2,4,16],"texture":"#23"},"south":{"uv":[12,2,16,16],"texture":"#23"},"west":{"uv":[0,2,4,16],"texture":"#23"},"up":{"uv":[0,12,6,16],"texture":"#23"},"down":{"uv":[0,12,6,16],"texture":"#23"}}},{"from":[22.4375,-16,-4.1875],"to":[25.0625,-10.75,-1.5625],"rotation":{"angle":0,"axis":"y","origin":[46.475,0,-5.25]},"faces":{"north":{"uv":[4,0,12,16],"texture":"#23"},"east":{"uv":[4,0,12,16],"texture":"#23"},"south":{"uv":[4,0,12,16],"texture":"#23"},"west":{"uv":[4,0,12,16],"texture":"#23"},"up":{"uv":[4,4,12,12],"texture":"#23"},"down":{"uv":[4,4,12,12],"texture":"#23"}}},{"from":[11.9375,-16,16.8125],"to":[14.5625,-10.75,19.4375],"rotation":{"angle":0,"axis":"y","origin":[35.975,0,15.75]},"faces":{"north":{"uv":[4,0,12,16],"texture":"#23"},"east":{"uv":[4,0,12,16],"texture":"#23"},"south":{"uv":[4,0,12,16],"texture":"#23"},"west":{"uv":[4,0,12,16],"texture":"#23"},"up":{"uv":[4,4,12,12],"texture":"#23"},"down":{"uv":[4,4,12,12],"texture":"#23"}}}],"display":{"thirdperson_righthand":{"scale":[3,3,3]}},"groups":[{"name":"group","origin":[9.375,0,0],"color":0,"nbt":"{}","armAnimationEnabled":false,"children":[0,1,2,3,4,5,6,7]}]}