{
	"credit": "Made by Arthouuur for Minedisney",
	"textures": {
		"2": "block/crimson_nylium",
		"3": "block/jack_o_lantern",
		"8": "block/red_shulker_box",
		"particle": "block/azalea_top"
	},
	"elements": [
		{
			"from": [5.30988, -5.46165, 14.3004],
			"to": [10.55988, -4.21165, 21.8004],
			"rotation": {"angle": -22.5, "axis": "x", "origin": [7.93488, -7.08665, 19.3004]},
			"faces": {
				"north": {"uv": [0, 0, 5.25, 1.25], "texture": "#8"},
				"east": {"uv": [0, 0, 16, 1], "texture": "#8"},
				"south": {"uv": [0, 0, 16, 1], "texture": "#8"},
				"west": {"uv": [0, 0, 16, 1], "texture": "#8"},
				"up": {"uv": [0, 0, 16, 16], "texture": "#8"},
				"down": {"uv": [0, 0, 16, 16], "texture": "#8"}
			}
		},
		{
			"from": [5.30988, -1.18777, 19.04522],
			"to": [10.55988, 0.06223, 23.54522],
			"rotation": {"angle": -45, "axis": "x", "origin": [7.93488, -0.56277, 24.17022]},
			"faces": {
				"north": {"uv": [0, 0, 5.25, 1.25], "texture": "#2"},
				"east": {"uv": [0, 0, 16, 1], "texture": "#2"},
				"south": {"uv": [0, 0, 16, 1], "texture": "#2"},
				"west": {"uv": [0, 0, 16, 1], "texture": "#2"},
				"up": {"uv": [0, 0, 16, 16], "texture": "#2"},
				"down": {"uv": [0, 0, 16, 16], "texture": "#2"}
			}
		},
		{
			"from": [5.30988, -1.37875, 23.82883],
			"to": [10.55988, 3.62125, 25.07883],
			"rotation": {"angle": 22.5, "axis": "x", "origin": [7.93488, 0.87125, 24.45383]},
			"faces": {
				"north": {"uv": [0, 0, 16, 16], "rotation": 180, "texture": "#8"},
				"east": {"uv": [0, 0, 16, 1], "rotation": 90, "texture": "#8"},
				"south": {"uv": [0, 0, 16, 16], "texture": "#8"},
				"west": {"uv": [0, 0, 16, 1], "rotation": 270, "texture": "#8"},
				"up": {"uv": [0, 0, 16, 1], "texture": "#8"},
				"down": {"uv": [0, 0, 5.25, 1.25], "rotation": 180, "texture": "#8"}
			}
		},
		{
			"from": [5.30988, 3.17275, 24.83363],
			"to": [10.55988, 6.42275, 26.08363],
			"rotation": {"angle": 0, "axis": "x", "origin": [7.93488, 5.67275, 25.45863]},
			"faces": {
				"north": {"uv": [0, 0, 16, 16], "rotation": 180, "texture": "#2"},
				"east": {"uv": [0, 0, 16, 1], "rotation": 90, "texture": "#2"},
				"south": {"uv": [0, 0, 16, 16], "texture": "#2"},
				"west": {"uv": [0, 0, 16, 1], "rotation": 270, "texture": "#2"},
				"up": {"uv": [0, 0, 16, 1], "texture": "#2"},
				"down": {"uv": [0, 0, 5.25, 1.25], "rotation": 180, "texture": "#2"}
			}
		},
		{
			"from": [5.30988, 6.05987, 24.25935],
			"to": [10.55988, 10.55987, 25.50935],
			"rotation": {"angle": -22.5, "axis": "x", "origin": [7.93488, 7.68487, 24.88435]},
			"faces": {
				"north": {"uv": [0, 0, 16, 16], "rotation": 180, "texture": "#8"},
				"east": {"uv": [0, 0, 16, 1], "rotation": 90, "texture": "#8"},
				"south": {"uv": [0, 0, 16, 16], "texture": "#8"},
				"west": {"uv": [0, 0, 16, 1], "rotation": 270, "texture": "#8"},
				"up": {"uv": [0, 0, 16, 1], "texture": "#8"},
				"down": {"uv": [0, 0, 5.25, 1.25], "rotation": 180, "texture": "#8"}
			}
		},
		{
			"from": [5.30988, 9.66231, 22.14557],
			"to": [10.55988, 13.91231, 23.39557],
			"rotation": {"angle": -45, "axis": "x", "origin": [7.93488, 11.28731, 22.77057]},
			"faces": {
				"north": {"uv": [0, 0, 16, 16], "rotation": 180, "texture": "#2"},
				"east": {"uv": [0, 0, 16, 1], "rotation": 90, "texture": "#2"},
				"south": {"uv": [0, 0, 16, 16], "texture": "#2"},
				"west": {"uv": [0, 0, 16, 1], "rotation": 270, "texture": "#2"},
				"up": {"uv": [0, 0, 16, 1], "texture": "#2"},
				"down": {"uv": [0, 0, 5.25, 1.25], "rotation": 180, "texture": "#2"}
			}
		},
		{
			"from": [6.55988, 10.66231, 22.39557],
			"to": [9.05988, 12.91231, 23.64557],
			"rotation": {"angle": -45, "axis": "x", "origin": [7.93488, 11.28731, 22.77057]},
			"faces": {
				"north": {"uv": [0, 0, 16, 16], "rotation": 180, "texture": "#3"},
				"east": {"uv": [0, 0, 16, 1], "rotation": 90, "texture": "#3"},
				"south": {"uv": [0, 0, 16, 16], "texture": "#3"},
				"west": {"uv": [0, 0, 16, 1], "rotation": 270, "texture": "#3"},
				"up": {"uv": [0, 0, 16, 1], "texture": "#3"},
				"down": {"uv": [0, 0, 5.25, 1.25], "rotation": 180, "texture": "#3"}
			}
		},
		{
			"from": [6.55988, 3.69264, 24.96879],
			"to": [9.05988, 5.94264, 26.21879],
			"rotation": {"angle": 0, "axis": "x", "origin": [7.80988, 11.81764, 22.59379]},
			"faces": {
				"north": {"uv": [0, 0, 16, 16], "rotation": 180, "texture": "#3"},
				"east": {"uv": [0, 0, 16, 1], "rotation": 90, "texture": "#3"},
				"south": {"uv": [0, 0, 16, 16], "texture": "#3"},
				"west": {"uv": [0, 0, 16, 1], "rotation": 270, "texture": "#3"},
				"up": {"uv": [0, 0, 16, 1], "texture": "#3"},
				"down": {"uv": [0, 0, 5.25, 1.25], "rotation": 180, "texture": "#3"}
			}
		},
		{
			"from": [6.55988, -4.05736, 27.96879],
			"to": [9.05988, -1.80736, 29.21879],
			"rotation": {"angle": 45, "axis": "x", "origin": [7.80988, 4.81764, 25.59379]},
			"faces": {
				"north": {"uv": [0, 0, 16, 16], "rotation": 180, "texture": "#3"},
				"east": {"uv": [0, 0, 16, 1], "rotation": 90, "texture": "#3"},
				"south": {"uv": [0, 0, 16, 16], "texture": "#3"},
				"west": {"uv": [0, 0, 16, 1], "rotation": 270, "texture": "#3"},
				"up": {"uv": [0, 0, 16, 1], "texture": "#3"},
				"down": {"uv": [0, 0, 5.25, 1.25], "rotation": 180, "texture": "#3"}
			}
		},
		{
			"from": [5.30988, 13.00484, 15.49087],
			"to": [10.55988, 14.25484, 21.24087],
			"rotation": {"angle": 22.5, "axis": "x", "origin": [7.93488, 13.62984, 19.61587]},
			"faces": {
				"north": {"uv": [0, 0, 16, 1], "rotation": 180, "texture": "#8"},
				"east": {"uv": [0, 0, 16, 1], "rotation": 180, "texture": "#8"},
				"south": {"uv": [0, 0, 5.25, 1.25], "rotation": 180, "texture": "#8"},
				"west": {"uv": [0, 0, 16, 1], "rotation": 180, "texture": "#8"},
				"up": {"uv": [0, 0, 16, 16], "texture": "#8"},
				"down": {"uv": [0, 0, 16, 16], "texture": "#8"}
			}
		},
		{
			"from": [5.30988, 14.53584, 13.79405],
			"to": [10.55988, 15.78584, 16.04405],
			"rotation": {"angle": 0, "axis": "x", "origin": [7.93488, 15.16084, 13.79405]},
			"faces": {
				"north": {"uv": [0, 0, 16, 1], "rotation": 180, "texture": "#2"},
				"east": {"uv": [0, 0, 16, 1], "rotation": 180, "texture": "#2"},
				"south": {"uv": [0, 0, 5.25, 1.25], "rotation": 180, "texture": "#2"},
				"west": {"uv": [0, 0, 16, 1], "rotation": 180, "texture": "#2"},
				"up": {"uv": [0, 0, 16, 16], "texture": "#2"},
				"down": {"uv": [0, 0, 16, 16], "texture": "#2"}
			}
		},
		{
			"from": [5.30988, 14.15289, 9.11886],
			"to": [10.55988, 15.40289, 14.11886],
			"rotation": {"angle": -22.5, "axis": "x", "origin": [7.93488, 14.77789, 12.99386]},
			"faces": {
				"north": {"uv": [0, 0, 16, 1], "rotation": 180, "texture": "#2"},
				"east": {"uv": [0, 0, 16, 1], "rotation": 180, "texture": "#2"},
				"south": {"uv": [0, 0, 5.25, 1.25], "rotation": 180, "texture": "#2"},
				"west": {"uv": [0, 0, 16, 1], "rotation": 180, "texture": "#2"},
				"up": {"uv": [0, 0, 16, 16], "texture": "#2"},
				"down": {"uv": [0, 0, 16, 16], "texture": "#2"}
			}
		}
	],
	"display": {
		"head": {
			"translation": [0, -14.75, 0],
			"scale": [2, 1.6, 2]
		}
	}
}