{"credit":"Made with Blockbench by Valvac","textures":{"mesh_palette":"block/palette/lightsaber/mesh_palette2","particle":"block/light_green_e"},"elements":[{"from":[7.24128,-15,7.5],"to":[9.74128,-14.66667,8],"rotation":{"angle":0,"axis":"y","origin":[7.90798,8,8]},"faces":{"north":{"uv":[8.96,0.96,11.04,3.04],"texture":"#mesh_palette"},"east":{"uv":[8.96,0.96,11.04,3.04],"texture":"#mesh_palette"},"south":{"uv":[8.96,0.96,11.04,3.04],"texture":"#mesh_palette"},"west":{"uv":[8.96,0.96,11.04,3.04],"texture":"#mesh_palette"},"up":{"uv":[8.96,0.96,11.04,3.04],"texture":"#mesh_palette"},"down":{"uv":[8.96,0.96,11.04,3.04],"texture":"#mesh_palette"}}},{"from":[7.24128,-3.5,7.5],"to":[9.74128,-3.33333,8],"rotation":{"angle":0,"axis":"y","origin":[7.90798,8,8]},"faces":{"north":{"uv":[8.96,0.96,11.04,3.04],"texture":"#mesh_palette"},"east":{"uv":[8.96,0.96,11.04,3.04],"texture":"#mesh_palette"},"south":{"uv":[8.96,0.96,11.04,3.04],"texture":"#mesh_palette"},"west":{"uv":[8.96,0.96,11.04,3.04],"texture":"#mesh_palette"},"up":{"uv":[8.96,0.96,11.04,3.04],"texture":"#mesh_palette"},"down":{"uv":[8.96,0.96,11.04,3.04],"texture":"#mesh_palette"}}},{"from":[7.40798,-15,6.6667],"to":[7.74131,-14.66667,7.00003],"rotation":{"angle":0,"axis":"y","origin":[7.90798,8,8]},"faces":{"north":{"uv":[8.96,0.96,11.04,3.04],"texture":"#mesh_palette"},"east":{"uv":[8.96,0.96,11.04,3.04],"texture":"#mesh_palette"},"south":{"uv":[8.96,0.96,11.04,3.04],"texture":"#mesh_palette"},"west":{"uv":[8.96,0.96,11.04,3.04],"texture":"#mesh_palette"},"up":{"uv":[8.96,0.96,11.04,3.04],"texture":"#mesh_palette"},"down":{"uv":[8.96,0.96,11.04,3.04],"texture":"#mesh_palette"}}},{"from":[7.40798,-15,8.5],"to":[7.90798,-14.66667,8.66667],"rotation":{"angle":0,"axis":"y","origin":[7.90798,8,8]},"faces":{"north":{"uv":[8.96,0.96,11.04,3.04],"texture":"#mesh_palette"},"east":{"uv":[8.96,0.96,11.04,3.04],"texture":"#mesh_palette"},"south":{"uv":[8.96,0.96,11.04,3.04],"texture":"#mesh_palette"},"west":{"uv":[8.96,0.96,11.04,3.04],"texture":"#mesh_palette"},"up":{"uv":[8.96,0.96,11.04,3.04],"texture":"#mesh_palette"},"down":{"uv":[8.96,0.96,11.04,3.04],"texture":"#mesh_palette"}}},{"from":[7.40798,-15,8.6667],"to":[7.74131,-14.66667,8.83337],"rotation":{"angle":0,"axis":"y","origin":[7.90798,8,8]},"faces":{"north":{"uv":[8.96,0.96,11.04,3.04],"texture":"#mesh_palette"},"east":{"uv":[8.96,0.96,11.04,3.04],"texture":"#mesh_palette"},"south":{"uv":[8.96,0.96,11.04,3.04],"texture":"#mesh_palette"},"west":{"uv":[8.96,0.96,11.04,3.04],"texture":"#mesh_palette"},"up":{"uv":[8.96,0.96,11.04,3.04],"texture":"#mesh_palette"},"down":{"uv":[8.96,0.96,11.04,3.04],"texture":"#mesh_palette"}}},{"from":[7.40798,-3.5,7.1667],"to":[9.57465,-3.33333,8.33333],"rotation":{"angle":0,"axis":"y","origin":[7.90798,8,8]},"faces":{"north":{"uv":[8.96,0.96,11.04,3.04],"texture":"#mesh_palette"},"east":{"uv":[8.96,0.96,11.04,3.04],"texture":"#mesh_palette"},"south":{"uv":[8.96,0.96,11.04,3.04],"texture":"#mesh_palette"},"west":{"uv":[8.96,0.96,11.04,3.04],"texture":"#mesh_palette"},"up":{"uv":[8.96,0.96,11.04,3.04],"texture":"#mesh_palette"},"down":{"uv":[8.96,0.96,11.04,3.04],"texture":"#mesh_palette"}}},{"from":[7.57468,-15.3333,7.3333],"to":[9.40801,-14.33337,8.16667],"rotation":{"angle":0,"axis":"y","origin":[7.90798,8,8]},"faces":{"north":{"uv":[8.96,0.96,11.04,3.04],"texture":"#mesh_palette"},"east":{"uv":[8.96,0.96,11.04,3.04],"texture":"#mesh_palette"},"south":{"uv":[8.96,0.96,11.04,3.04],"texture":"#mesh_palette"},"west":{"uv":[8.96,0.96,11.04,3.04],"texture":"#mesh_palette"},"up":{"uv":[8.96,0.96,11.04,3.04],"texture":"#mesh_palette"},"down":{"uv":[8.96,0.96,11.04,3.04],"texture":"#mesh_palette"}}},{"from":[7.57468,-15.1667,7],"to":[9.40801,-14.5,8.49997],"rotation":{"angle":0,"axis":"y","origin":[7.90798,8,8]},"faces":{"north":{"uv":[8.96,0.96,11.04,3.04],"texture":"#mesh_palette"},"east":{"uv":[8.96,0.96,11.04,3.04],"texture":"#mesh_palette"},"south":{"uv":[8.96,0.96,11.04,3.04],"texture":"#mesh_palette"},"west":{"uv":[8.96,0.96,11.04,3.04],"texture":"#mesh_palette"},"up":{"uv":[8.96,0.96,11.04,3.04],"texture":"#mesh_palette"},"down":{"uv":[8.96,0.96,11.04,3.04],"texture":"#mesh_palette"}}},{"from":[7.57468,-14.6667,6.8333],"to":[7.90801,-14.50003,8.66667],"rotation":{"angle":0,"axis":"y","origin":[7.90798,8,8]},"faces":{"north":{"uv":[8.96,0.96,11.04,3.04],"texture":"#mesh_palette"},"east":{"uv":[8.96,0.96,11.04,3.04],"texture":"#mesh_palette"},"south":{"uv":[8.96,0.96,11.04,3.04],"texture":"#mesh_palette"},"west":{"uv":[8.96,0.96,11.04,3.04],"texture":"#mesh_palette"},"up":{"uv":[8.96,0.96,11.04,3.04],"texture":"#mesh_palette"},"down":{"uv":[8.96,0.96,11.04,3.04],"texture":"#mesh_palette"}}},{"from":[7.57468,-14.3333,7.6667],"to":[9.40801,-10.66663,7.83337],"rotation":{"angle":0,"axis":"y","origin":[7.90798,8,8]},"faces":{"north":{"uv":[8.96,0.96,11.04,3.04],"texture":"#mesh_palette"},"east":{"uv":[8.96,0.96,11.04,3.04],"texture":"#mesh_palette"},"south":{"uv":[8.96,0.96,11.04,3.04],"texture":"#mesh_palette"},"west":{"uv":[8.96,0.96,11.04,3.04],"texture":"#mesh_palette"},"up":{"uv":[8.96,0.96,11.04,3.04],"texture":"#mesh_palette"},"down":{"uv":[8.96,0.96,11.04,3.04],"texture":"#mesh_palette"}}},{"from":[7.57468,-14,7.3333],"to":[9.40801,-12.66667,8.16663],"rotation":{"angle":0,"axis":"y","origin":[7.90798,8,8]},"faces":{"north":{"uv":[8.96,0.96,11.04,3.04],"texture":"#mesh_palette"},"east":{"uv":[8.96,0.96,11.04,3.04],"texture":"#mesh_palette"},"south":{"uv":[8.96,0.96,11.04,3.04],"texture":"#mesh_palette"},"west":{"uv":[8.96,0.96,11.04,3.04],"texture":"#mesh_palette"},"up":{"uv":[8.96,0.96,11.04,3.04],"texture":"#mesh_palette"},"down":{"uv":[8.96,0.96,11.04,3.04],"texture":"#mesh_palette"}}},{"from":[7.57468,-12.5,7.3333],"to":[9.40801,-10.66667,8.16663],"rotation":{"angle":0,"axis":"y","origin":[7.90798,8,8]},"faces":{"north":{"uv":[8.96,0.96,11.04,3.04],"texture":"#mesh_palette"},"east":{"uv":[8.96,0.96,11.04,3.04],"texture":"#mesh_palette"},"south":{"uv":[8.96,0.96,11.04,3.04],"texture":"#mesh_palette"},"west":{"uv":[8.96,0.96,11.04,3.04],"texture":"#mesh_palette"},"up":{"uv":[8.96,0.96,11.04,3.04],"texture":"#mesh_palette"},"down":{"uv":[8.96,0.96,11.04,3.04],"texture":"#mesh_palette"}}},{"from":[7.57468,-10.6667,7.3333],"to":[9.40801,-10.50003,8.16663],"rotation":{"angle":0,"axis":"y","origin":[7.90798,8,8]},"faces":{"north":{"uv":[12.96,0.96,15.04,3.04],"texture":"#mesh_palette"},"east":{"uv":[12.96,0.96,15.04,3.04],"texture":"#mesh_palette"},"south":{"uv":[12.96,0.96,15.04,3.04],"texture":"#mesh_palette"},"west":{"uv":[12.96,0.96,15.04,3.04],"texture":"#mesh_palette"},"up":{"uv":[12.96,0.96,15.04,3.04],"texture":"#mesh_palette"},"down":{"uv":[12.96,0.96,15.04,3.04],"texture":"#mesh_palette"}}},{"from":[7.57468,-10.3333,7.3333],"to":[9.40798,-10.00003,8.16663],"rotation":{"angle":0,"axis":"y","origin":[7.90798,8,8]},"faces":{"north":{"uv":[8.96,0.96,11.04,3.04],"texture":"#mesh_palette"},"east":{"uv":[8.96,0.96,11.04,3.04],"texture":"#mesh_palette"},"south":{"uv":[8.96,0.96,11.04,3.04],"texture":"#mesh_palette"},"west":{"uv":[8.96,0.96,11.04,3.04],"texture":"#mesh_palette"},"up":{"uv":[8.96,0.96,11.04,3.04],"texture":"#mesh_palette"},"down":{"uv":[8.96,0.96,11.04,3.04],"texture":"#mesh_palette"}}},{"from":[7.57468,-9.8333,7.3333],"to":[9.40801,-9.49997,8.16663],"rotation":{"angle":0,"axis":"y","origin":[7.90798,8,8]},"faces":{"north":{"uv":[8.96,0.96,11.04,3.04],"texture":"#mesh_palette"},"east":{"uv":[8.96,0.96,11.04,3.04],"texture":"#mesh_palette"},"south":{"uv":[8.96,0.96,11.04,3.04],"texture":"#mesh_palette"},"west":{"uv":[8.96,0.96,11.04,3.04],"texture":"#mesh_palette"},"up":{"uv":[8.96,0.96,11.04,3.04],"texture":"#mesh_palette"},"down":{"uv":[8.96,0.96,11.04,3.04],"texture":"#mesh_palette"}}},{"from":[7.57468,-9.3333,7.3333],"to":[9.40801,-8.99997,8.16663],"rotation":{"angle":0,"axis":"y","origin":[7.90798,8,8]},"faces":{"north":{"uv":[8.96,0.96,11.04,3.04],"texture":"#mesh_palette"},"east":{"uv":[8.96,0.96,11.04,3.04],"texture":"#mesh_palette"},"south":{"uv":[8.96,0.96,11.04,3.04],"texture":"#mesh_palette"},"west":{"uv":[8.96,0.96,11.04,3.04],"texture":"#mesh_palette"},"up":{"uv":[8.96,0.96,11.04,3.04],"texture":"#mesh_palette"},"down":{"uv":[8.96,0.96,11.04,3.04],"texture":"#mesh_palette"}}},{"from":[7.57468,-8.8333,7.3333],"to":[9.40801,-8.49997,8.16663],"rotation":{"angle":0,"axis":"y","origin":[7.90798,8,8]},"faces":{"north":{"uv":[8.96,0.96,11.04,3.04],"texture":"#mesh_palette"},"east":{"uv":[8.96,0.96,11.04,3.04],"texture":"#mesh_palette"},"south":{"uv":[8.96,0.96,11.04,3.04],"texture":"#mesh_palette"},"west":{"uv":[8.96,0.96,11.04,3.04],"texture":"#mesh_palette"},"up":{"uv":[8.96,0.96,11.04,3.04],"texture":"#mesh_palette"},"down":{"uv":[8.96,0.96,11.04,3.04],"texture":"#mesh_palette"}}},{"from":[7.57468,-8.3333,7.3333],"to":[9.40801,-7.99997,8.16663],"rotation":{"angle":0,"axis":"y","origin":[7.90798,8,8]},"faces":{"north":{"uv":[8.96,0.96,11.04,3.04],"texture":"#mesh_palette"},"east":{"uv":[8.96,0.96,11.04,3.04],"texture":"#mesh_palette"},"south":{"uv":[8.96,0.96,11.04,3.04],"texture":"#mesh_palette"},"west":{"uv":[8.96,0.96,11.04,3.04],"texture":"#mesh_palette"},"up":{"uv":[8.96,0.96,11.04,3.04],"texture":"#mesh_palette"},"down":{"uv":[8.96,0.96,11.04,3.04],"texture":"#mesh_palette"}}},{"from":[7.57468,-7.8333,7.3333],"to":[9.40801,-7.49997,8.16663],"rotation":{"angle":0,"axis":"y","origin":[7.90798,8,8]},"faces":{"north":{"uv":[8.96,0.96,11.04,3.04],"texture":"#mesh_palette"},"east":{"uv":[8.96,0.96,11.04,3.04],"texture":"#mesh_palette"},"south":{"uv":[8.96,0.96,11.04,3.04],"texture":"#mesh_palette"},"west":{"uv":[8.96,0.96,11.04,3.04],"texture":"#mesh_palette"},"up":{"uv":[8.96,0.96,11.04,3.04],"texture":"#mesh_palette"},"down":{"uv":[8.96,0.96,11.04,3.04],"texture":"#mesh_palette"}}},{"from":[7.57468,-7.3333,7.3333],"to":[9.40801,-6.99997,8.16663],"rotation":{"angle":0,"axis":"y","origin":[7.90798,8,8]},"faces":{"north":{"uv":[8.96,0.96,11.04,3.04],"texture":"#mesh_palette"},"east":{"uv":[8.96,0.96,11.04,3.04],"texture":"#mesh_palette"},"south":{"uv":[8.96,0.96,11.04,3.04],"texture":"#mesh_palette"},"west":{"uv":[8.96,0.96,11.04,3.04],"texture":"#mesh_palette"},"up":{"uv":[8.96,0.96,11.04,3.04],"texture":"#mesh_palette"},"down":{"uv":[8.96,0.96,11.04,3.04],"texture":"#mesh_palette"}}},{"from":[7.57468,-6.8333,7.3333],"to":[9.40801,-6.49997,8.16663],"rotation":{"angle":0,"axis":"y","origin":[7.90798,8,8]},"faces":{"north":{"uv":[8.96,0.96,11.04,3.04],"texture":"#mesh_palette"},"east":{"uv":[8.96,0.96,11.04,3.04],"texture":"#mesh_palette"},"south":{"uv":[8.96,0.96,11.04,3.04],"texture":"#mesh_palette"},"west":{"uv":[8.96,0.96,11.04,3.04],"texture":"#mesh_palette"},"up":{"uv":[8.96,0.96,11.04,3.04],"texture":"#mesh_palette"},"down":{"uv":[8.96,0.96,11.04,3.04],"texture":"#mesh_palette"}}},{"from":[7.57468,-3.5,6.8333],"to":[9.40801,-3.33333,8.66663],"rotation":{"angle":0,"axis":"y","origin":[7.90798,8,8]},"faces":{"north":{"uv":[8.96,0.96,11.04,3.04],"texture":"#mesh_palette"},"east":{"uv":[8.96,0.96,11.04,3.04],"texture":"#mesh_palette"},"south":{"uv":[8.96,0.96,11.04,3.04],"texture":"#mesh_palette"},"west":{"uv":[8.96,0.96,11.04,3.04],"texture":"#mesh_palette"},"up":{"uv":[8.96,0.96,11.04,3.04],"texture":"#mesh_palette"},"down":{"uv":[8.96,0.96,11.04,3.04],"texture":"#mesh_palette"}}},{"from":[7.74128,-15.3333,7],"to":[9.24128,-15.16663,8.49997],"rotation":{"angle":0,"axis":"y","origin":[7.90798,8,8]},"faces":{"north":{"uv":[8.96,0.96,11.04,3.04],"texture":"#mesh_palette"},"east":{"uv":[8.96,0.96,11.04,3.04],"texture":"#mesh_palette"},"south":{"uv":[8.96,0.96,11.04,3.04],"texture":"#mesh_palette"},"west":{"uv":[8.96,0.96,11.04,3.04],"texture":"#mesh_palette"},"up":{"uv":[8.96,0.96,11.04,3.04],"texture":"#mesh_palette"},"down":{"uv":[8.96,0.96,11.04,3.04],"texture":"#mesh_palette"}}},{"from":[7.74128,-15.1667,7.1667],"to":[9.24128,-10.66663,8.33337],"rotation":{"angle":0,"axis":"y","origin":[7.90798,8,8]},"faces":{"north":{"uv":[8.96,0.96,11.04,3.04],"texture":"#mesh_palette"},"east":{"uv":[8.96,0.96,11.04,3.04],"texture":"#mesh_palette"},"south":{"uv":[8.96,0.96,11.04,3.04],"texture":"#mesh_palette"},"west":{"uv":[8.96,0.96,11.04,3.04],"texture":"#mesh_palette"},"up":{"uv":[8.96,0.96,11.04,3.04],"texture":"#mesh_palette"},"down":{"uv":[8.96,0.96,11.04,3.04],"texture":"#mesh_palette"}}},{"from":[7.74128,-15,6.8333],"to":[7.90795,-14.66667,6.99997],"rotation":{"angle":0,"axis":"y","origin":[7.90798,8,8]},"faces":{"north":{"uv":[8.96,0.96,11.04,3.04],"texture":"#mesh_palette"},"east":{"uv":[8.96,0.96,11.04,3.04],"texture":"#mesh_palette"},"south":{"uv":[8.96,0.96,11.04,3.04],"texture":"#mesh_palette"},"west":{"uv":[8.96,0.96,11.04,3.04],"texture":"#mesh_palette"},"up":{"uv":[8.96,0.96,11.04,3.04],"texture":"#mesh_palette"},"down":{"uv":[8.96,0.96,11.04,3.04],"texture":"#mesh_palette"}}},{"from":[7.74128,-14.5,7],"to":[9.24128,-14.33333,8.49997],"rotation":{"angle":0,"axis":"y","origin":[7.90798,8,8]},"faces":{"north":{"uv":[8.96,0.96,11.04,3.04],"texture":"#mesh_palette"},"east":{"uv":[8.96,0.96,11.04,3.04],"texture":"#mesh_palette"},"south":{"uv":[8.96,0.96,11.04,3.04],"texture":"#mesh_palette"},"west":{"uv":[8.96,0.96,11.04,3.04],"texture":"#mesh_palette"},"up":{"uv":[8.96,0.96,11.04,3.04],"texture":"#mesh_palette"},"down":{"uv":[8.96,0.96,11.04,3.04],"texture":"#mesh_palette"}}},{"from":[7.74128,-14.3333,7.3333],"to":[9.24128,-13.99997,8.16663],"rotation":{"angle":0,"axis":"y","origin":[7.90798,8,8]},"faces":{"north":{"uv":[8.96,0.96,11.04,3.04],"texture":"#mesh_palette"},"east":{"uv":[8.96,0.96,11.04,3.04],"texture":"#mesh_palette"},"south":{"uv":[8.96,0.96,11.04,3.04],"texture":"#mesh_palette"},"west":{"uv":[8.96,0.96,11.04,3.04],"texture":"#mesh_palette"},"up":{"uv":[8.96,0.96,11.04,3.04],"texture":"#mesh_palette"},"down":{"uv":[8.96,0.96,11.04,3.04],"texture":"#mesh_palette"}}},{"from":[7.74128,-14,7],"to":[9.24128,-12.66667,8.49997],"rotation":{"angle":0,"axis":"y","origin":[7.90798,8,8]},"faces":{"north":{"uv":[8.96,0.96,11.04,3.04],"texture":"#mesh_palette"},"east":{"uv":[8.96,0.96,11.04,3.04],"texture":"#mesh_palette"},"south":{"uv":[8.96,0.96,11.04,3.04],"texture":"#mesh_palette"},"west":{"uv":[8.96,0.96,11.04,3.04],"texture":"#mesh_palette"},"up":{"uv":[8.96,0.96,11.04,3.04],"texture":"#mesh_palette"},"down":{"uv":[8.96,0.96,11.04,3.04],"texture":"#mesh_palette"}}},{"from":[7.74128,-12.5,7],"to":[9.24128,-10.66667,8.49997],"rotation":{"angle":0,"axis":"y","origin":[7.90798,8,8]},"faces":{"north":{"uv":[8.96,0.96,11.04,3.04],"texture":"#mesh_palette"},"east":{"uv":[8.96,0.96,11.04,3.04],"texture":"#mesh_palette"},"south":{"uv":[8.96,0.96,11.04,3.04],"texture":"#mesh_palette"},"west":{"uv":[8.96,0.96,11.04,3.04],"texture":"#mesh_palette"},"up":{"uv":[8.96,0.96,11.04,3.04],"texture":"#mesh_palette"},"down":{"uv":[8.96,0.96,11.04,3.04],"texture":"#mesh_palette"}}},{"from":[7.74128,-10.3333,7],"to":[9.24128,-9.99997,8.50003],"rotation":{"angle":0,"axis":"y","origin":[7.90798,8,8]},"faces":{"north":{"uv":[8.96,0.96,11.04,3.04],"texture":"#mesh_palette"},"east":{"uv":[8.96,0.96,11.04,3.04],"texture":"#mesh_palette"},"south":{"uv":[8.96,0.96,11.04,3.04],"texture":"#mesh_palette"},"west":{"uv":[8.96,0.96,11.04,3.04],"texture":"#mesh_palette"},"up":{"uv":[8.96,0.96,11.04,3.04],"texture":"#mesh_palette"},"down":{"uv":[8.96,0.96,11.04,3.04],"texture":"#mesh_palette"}}},{"from":[7.74128,-9.8333,7],"to":[9.24128,-9.49997,8.50003],"rotation":{"angle":0,"axis":"y","origin":[7.90798,8,8]},"faces":{"north":{"uv":[8.96,0.96,11.04,3.04],"texture":"#mesh_palette"},"east":{"uv":[8.96,0.96,11.04,3.04],"texture":"#mesh_palette"},"south":{"uv":[8.96,0.96,11.04,3.04],"texture":"#mesh_palette"},"west":{"uv":[8.96,0.96,11.04,3.04],"texture":"#mesh_palette"},"up":{"uv":[8.96,0.96,11.04,3.04],"texture":"#mesh_palette"},"down":{"uv":[8.96,0.96,11.04,3.04],"texture":"#mesh_palette"}}},{"from":[7.74128,-9.3333,7],"to":[9.24128,-8.99997,8.50003],"rotation":{"angle":0,"axis":"y","origin":[7.90798,8,8]},"faces":{"north":{"uv":[8.96,0.96,11.04,3.04],"texture":"#mesh_palette"},"east":{"uv":[8.96,0.96,11.04,3.04],"texture":"#mesh_palette"},"south":{"uv":[8.96,0.96,11.04,3.04],"texture":"#mesh_palette"},"west":{"uv":[8.96,0.96,11.04,3.04],"texture":"#mesh_palette"},"up":{"uv":[8.96,0.96,11.04,3.04],"texture":"#mesh_palette"},"down":{"uv":[8.96,0.96,11.04,3.04],"texture":"#mesh_palette"}}},{"from":[7.74128,-8.8333,7],"to":[9.24128,-8.49997,8.50003],"rotation":{"angle":0,"axis":"y","origin":[7.90798,8,8]},"faces":{"north":{"uv":[8.96,0.96,11.04,3.04],"texture":"#mesh_palette"},"east":{"uv":[8.96,0.96,11.04,3.04],"texture":"#mesh_palette"},"south":{"uv":[8.96,0.96,11.04,3.04],"texture":"#mesh_palette"},"west":{"uv":[8.96,0.96,11.04,3.04],"texture":"#mesh_palette"},"up":{"uv":[8.96,0.96,11.04,3.04],"texture":"#mesh_palette"},"down":{"uv":[8.96,0.96,11.04,3.04],"texture":"#mesh_palette"}}},{"from":[7.74128,-8.3333,7],"to":[9.24128,-7.99997,8.50003],"rotation":{"angle":0,"axis":"y","origin":[7.90798,8,8]},"faces":{"north":{"uv":[8.96,0.96,11.04,3.04],"texture":"#mesh_palette"},"east":{"uv":[8.96,0.96,11.04,3.04],"texture":"#mesh_palette"},"south":{"uv":[8.96,0.96,11.04,3.04],"texture":"#mesh_palette"},"west":{"uv":[8.96,0.96,11.04,3.04],"texture":"#mesh_palette"},"up":{"uv":[8.96,0.96,11.04,3.04],"texture":"#mesh_palette"},"down":{"uv":[8.96,0.96,11.04,3.04],"texture":"#mesh_palette"}}},{"from":[7.74128,-7.8333,7],"to":[9.24128,-7.49997,8.50003],"rotation":{"angle":0,"axis":"y","origin":[7.90798,8,8]},"faces":{"north":{"uv":[8.96,0.96,11.04,3.04],"texture":"#mesh_palette"},"east":{"uv":[8.96,0.96,11.04,3.04],"texture":"#mesh_palette"},"south":{"uv":[8.96,0.96,11.04,3.04],"texture":"#mesh_palette"},"west":{"uv":[8.96,0.96,11.04,3.04],"texture":"#mesh_palette"},"up":{"uv":[8.96,0.96,11.04,3.04],"texture":"#mesh_palette"},"down":{"uv":[8.96,0.96,11.04,3.04],"texture":"#mesh_palette"}}},{"from":[7.74128,-7.3333,7],"to":[9.24128,-6.99997,8.50003],"rotation":{"angle":0,"axis":"y","origin":[7.90798,8,8]},"faces":{"north":{"uv":[8.96,0.96,11.04,3.04],"texture":"#mesh_palette"},"east":{"uv":[8.96,0.96,11.04,3.04],"texture":"#mesh_palette"},"south":{"uv":[8.96,0.96,11.04,3.04],"texture":"#mesh_palette"},"west":{"uv":[8.96,0.96,11.04,3.04],"texture":"#mesh_palette"},"up":{"uv":[8.96,0.96,11.04,3.04],"texture":"#mesh_palette"},"down":{"uv":[8.96,0.96,11.04,3.04],"texture":"#mesh_palette"}}},{"from":[7.74128,-6.8333,7],"to":[9.24128,-6.49997,8.50003],"rotation":{"angle":0,"axis":"y","origin":[7.90798,8,8]},"faces":{"north":{"uv":[8.96,0.96,11.04,3.04],"texture":"#mesh_palette"},"east":{"uv":[8.96,0.96,11.04,3.04],"texture":"#mesh_palette"},"south":{"uv":[8.96,0.96,11.04,3.04],"texture":"#mesh_palette"},"west":{"uv":[8.96,0.96,11.04,3.04],"texture":"#mesh_palette"},"up":{"uv":[8.96,0.96,11.04,3.04],"texture":"#mesh_palette"},"down":{"uv":[8.96,0.96,11.04,3.04],"texture":"#mesh_palette"}}},{"from":[7.74128,-10.5625,7.3333],"to":[9.24128,-6.33333,8.16663],"rotation":{"angle":0,"axis":"y","origin":[7.90798,8,8]},"faces":{"north":{"uv":[12.96,0.96,15.04,3.04],"texture":"#mesh_palette"},"east":{"uv":[12.96,0.96,15.04,3.04],"texture":"#mesh_palette"},"south":{"uv":[12.96,0.96,15.04,3.04],"texture":"#mesh_palette"},"west":{"uv":[12.96,0.96,15.04,3.04],"texture":"#mesh_palette"},"up":{"uv":[12.96,0.96,15.04,3.04],"texture":"#mesh_palette"},"down":{"uv":[12.96,0.96,15.04,3.04],"texture":"#mesh_palette"}}},{"from":[7.74128,-5.6667,7.3333],"to":[9.24128,-5.50003,8.16663],"rotation":{"angle":0,"axis":"y","origin":[7.90798,8,8]},"faces":{"north":{"uv":[8.96,0.96,11.04,3.04],"texture":"#mesh_palette"},"east":{"uv":[8.96,0.96,11.04,3.04],"texture":"#mesh_palette"},"south":{"uv":[8.96,0.96,11.04,3.04],"texture":"#mesh_palette"},"west":{"uv":[8.96,0.96,11.04,3.04],"texture":"#mesh_palette"},"up":{"uv":[8.96,0.96,11.04,3.04],"texture":"#mesh_palette"},"down":{"uv":[8.96,0.96,11.04,3.04],"texture":"#mesh_palette"}}},{"from":[7.74128,-4.3333,7],"to":[9.24128,-3.49997,8.50003],"rotation":{"angle":0,"axis":"y","origin":[7.90798,8,8]},"faces":{"north":{"uv":[8.96,0.96,11.04,3.04],"texture":"#mesh_palette"},"east":{"uv":[8.96,0.96,11.04,3.04],"texture":"#mesh_palette"},"south":{"uv":[8.96,0.96,11.04,3.04],"texture":"#mesh_palette"},"west":{"uv":[8.96,0.96,11.04,3.04],"texture":"#mesh_palette"},"up":{"uv":[8.96,0.96,11.04,3.04],"texture":"#mesh_palette"},"down":{"uv":[8.96,0.96,11.04,3.04],"texture":"#mesh_palette"}}},{"from":[7.90798,-14.3333,7],"to":[9.07465,-13.99997,8.49997],"rotation":{"angle":0,"axis":"y","origin":[7.90798,8,8]},"faces":{"north":{"uv":[8.96,0.96,11.04,3.04],"texture":"#mesh_palette"},"east":{"uv":[8.96,0.96,11.04,3.04],"texture":"#mesh_palette"},"south":{"uv":[8.96,0.96,11.04,3.04],"texture":"#mesh_palette"},"west":{"uv":[8.96,0.96,11.04,3.04],"texture":"#mesh_palette"},"up":{"uv":[8.96,0.96,11.04,3.04],"texture":"#mesh_palette"},"down":{"uv":[8.96,0.96,11.04,3.04],"texture":"#mesh_palette"}}},{"from":[7.90798,-12.6667,7],"to":[9.07465,-12.50003,8.49997],"rotation":{"angle":0,"axis":"y","origin":[7.90798,8,8]},"faces":{"north":{"uv":[8.96,0.96,11.04,3.04],"texture":"#mesh_palette"},"east":{"uv":[8.96,0.96,11.04,3.04],"texture":"#mesh_palette"},"south":{"uv":[8.96,0.96,11.04,3.04],"texture":"#mesh_palette"},"west":{"uv":[8.96,0.96,11.04,3.04],"texture":"#mesh_palette"},"up":{"uv":[8.96,0.96,11.04,3.04],"texture":"#mesh_palette"},"down":{"uv":[8.96,0.96,11.04,3.04],"texture":"#mesh_palette"}}},{"from":[7.90798,-10.5625,7.1667],"to":[9.07465,-6.33333,8.33337],"rotation":{"angle":0,"axis":"y","origin":[7.90798,8,8]},"faces":{"north":{"uv":[12.96,0.96,15.04,3.04],"texture":"#mesh_palette"},"east":{"uv":[12.96,0.96,15.04,3.04],"texture":"#mesh_palette"},"south":{"uv":[12.96,0.96,15.04,3.04],"texture":"#mesh_palette"},"west":{"uv":[12.96,0.96,15.04,3.04],"texture":"#mesh_palette"},"up":{"uv":[12.96,0.96,15.04,3.04],"texture":"#mesh_palette"},"down":{"uv":[12.96,0.96,15.04,3.04],"texture":"#mesh_palette"}}},{"from":[7.90798,-5.6667,7.1667],"to":[9.07465,-5.50003,8.33337],"rotation":{"angle":0,"axis":"y","origin":[7.90798,8,8]},"faces":{"north":{"uv":[8.96,0.96,11.04,3.04],"texture":"#mesh_palette"},"east":{"uv":[8.96,0.96,11.04,3.04],"texture":"#mesh_palette"},"south":{"uv":[8.96,0.96,11.04,3.04],"texture":"#mesh_palette"},"west":{"uv":[8.96,0.96,11.04,3.04],"texture":"#mesh_palette"},"up":{"uv":[8.96,0.96,11.04,3.04],"texture":"#mesh_palette"},"down":{"uv":[8.96,0.96,11.04,3.04],"texture":"#mesh_palette"}}},{"from":[7.90798,-4.5,7.3333],"to":[9.07465,-4.33333,8.16663],"rotation":{"angle":0,"axis":"y","origin":[7.90798,8,8]},"faces":{"north":{"uv":[8.96,0.96,11.04,3.04],"texture":"#mesh_palette"},"east":{"uv":[8.96,0.96,11.04,3.04],"texture":"#mesh_palette"},"south":{"uv":[8.96,0.96,11.04,3.04],"texture":"#mesh_palette"},"west":{"uv":[8.96,0.96,11.04,3.04],"texture":"#mesh_palette"},"up":{"uv":[8.96,0.96,11.04,3.04],"texture":"#mesh_palette"},"down":{"uv":[8.96,0.96,11.04,3.04],"texture":"#mesh_palette"}}},{"from":[7.90798,-3.5,6.6667],"to":[9.07465,-3.33333,8.83337],"rotation":{"angle":0,"axis":"y","origin":[7.90798,8,8]},"faces":{"north":{"uv":[8.96,0.96,11.04,3.04],"texture":"#mesh_palette"},"east":{"uv":[8.96,0.96,11.04,3.04],"texture":"#mesh_palette"},"south":{"uv":[8.96,0.96,11.04,3.04],"texture":"#mesh_palette"},"west":{"uv":[8.96,0.96,11.04,3.04],"texture":"#mesh_palette"},"up":{"uv":[8.96,0.96,11.04,3.04],"texture":"#mesh_palette"},"down":{"uv":[8.96,0.96,11.04,3.04],"texture":"#mesh_palette"}}},{"from":[8.07468,-15.3333,6.8333],"to":[8.90801,-14.3333,8.66667],"rotation":{"angle":0,"axis":"y","origin":[7.90798,8,8]},"faces":{"north":{"uv":[8.96,0.96,11.04,3.04],"texture":"#mesh_palette"},"east":{"uv":[8.96,0.96,11.04,3.04],"texture":"#mesh_palette"},"south":{"uv":[8.96,0.96,11.04,3.04],"texture":"#mesh_palette"},"west":{"uv":[8.96,0.96,11.04,3.04],"texture":"#mesh_palette"},"up":{"uv":[8.96,0.96,11.04,3.04],"texture":"#mesh_palette"},"down":{"uv":[8.96,0.96,11.04,3.04],"texture":"#mesh_palette"}}},{"from":[8.07468,-14,6.8333],"to":[8.90801,-12.66667,8.66667],"rotation":{"angle":0,"axis":"y","origin":[7.90798,8,8]},"faces":{"north":{"uv":[8.96,0.96,11.04,3.04],"texture":"#mesh_palette"},"east":{"uv":[8.96,0.96,11.04,3.04],"texture":"#mesh_palette"},"south":{"uv":[8.96,0.96,11.04,3.04],"texture":"#mesh_palette"},"west":{"uv":[8.96,0.96,11.04,3.04],"texture":"#mesh_palette"},"up":{"uv":[8.96,0.96,11.04,3.04],"texture":"#mesh_palette"},"down":{"uv":[8.96,0.96,11.04,3.04],"texture":"#mesh_palette"}}},{"from":[8.07468,-12.5,6.1667],"to":[8.24135,-10.66667,6.33337],"rotation":{"angle":0,"axis":"y","origin":[7.90798,8,8]},"faces":{"north":{"uv":[0.96,4.96,3.04,7.04],"texture":"#mesh_palette"},"east":{"uv":[0.96,4.96,3.04,7.04],"texture":"#mesh_palette"},"south":{"uv":[0.96,4.96,3.04,7.04],"texture":"#mesh_palette"},"west":{"uv":[0.96,4.96,3.04,7.04],"texture":"#mesh_palette"},"up":{"uv":[0.96,4.96,3.04,7.04],"texture":"#mesh_palette"},"down":{"uv":[0.96,4.96,3.04,7.04],"texture":"#mesh_palette"}}},{"from":[8.07468,-12.5,6.3333],"to":[8.90801,-12.33333,6.99997],"rotation":{"angle":0,"axis":"y","origin":[7.90798,8,8]},"faces":{"north":{"uv":[8.96,0.96,11.04,3.04],"texture":"#mesh_palette"},"east":{"uv":[8.96,0.96,11.04,3.04],"texture":"#mesh_palette"},"south":{"uv":[8.96,0.96,11.04,3.04],"texture":"#mesh_palette"},"west":{"uv":[8.96,0.96,11.04,3.04],"texture":"#mesh_palette"},"up":{"uv":[8.96,0.96,11.04,3.04],"texture":"#mesh_palette"},"down":{"uv":[8.96,0.96,11.04,3.04],"texture":"#mesh_palette"}}},{"from":[8.07468,-12.5,8.5],"to":[8.90801,-10.66667,8.66667],"rotation":{"angle":0,"axis":"y","origin":[7.90798,8,8]},"faces":{"north":{"uv":[8.96,0.96,11.04,3.04],"texture":"#mesh_palette"},"east":{"uv":[8.96,0.96,11.04,3.04],"texture":"#mesh_palette"},"south":{"uv":[8.96,0.96,11.04,3.04],"texture":"#mesh_palette"},"west":{"uv":[8.96,0.96,11.04,3.04],"texture":"#mesh_palette"},"up":{"uv":[8.96,0.96,11.04,3.04],"texture":"#mesh_palette"},"down":{"uv":[8.96,0.96,11.04,3.04],"texture":"#mesh_palette"}}},{"from":[8.07468,-12.3333,6.3333],"to":[8.24135,-10.66663,6.99997],"rotation":{"angle":0,"axis":"y","origin":[7.90798,8,8]},"faces":{"north":{"uv":[8.96,0.96,11.04,3.04],"texture":"#mesh_palette"},"east":{"uv":[8.96,0.96,11.04,3.04],"texture":"#mesh_palette"},"south":{"uv":[8.96,0.96,11.04,3.04],"texture":"#mesh_palette"},"west":{"uv":[8.96,0.96,11.04,3.04],"texture":"#mesh_palette"},"up":{"uv":[8.96,0.96,11.04,3.04],"texture":"#mesh_palette"},"down":{"uv":[8.96,0.96,11.04,3.04],"texture":"#mesh_palette"}}},{"from":[8.07468,-10.6667,6.8333],"to":[8.90801,-10.50003,8.66667],"rotation":{"angle":0,"axis":"y","origin":[7.90798,8,8]},"faces":{"north":{"uv":[12.96,0.96,15.04,3.04],"texture":"#mesh_palette"},"east":{"uv":[12.96,0.96,15.04,3.04],"texture":"#mesh_palette"},"south":{"uv":[12.96,0.96,15.04,3.04],"texture":"#mesh_palette"},"west":{"uv":[12.96,0.96,15.04,3.04],"texture":"#mesh_palette"},"up":{"uv":[12.96,0.96,15.04,3.04],"texture":"#mesh_palette"},"down":{"uv":[12.96,0.96,15.04,3.04],"texture":"#mesh_palette"}}},{"from":[7.74128,-10.66667,7],"to":[9.24128,-10.50003,8.49997],"rotation":{"angle":0,"axis":"y","origin":[7.90798,8,8]},"faces":{"north":{"uv":[12.96,0.96,15.04,3.04],"texture":"#mesh_palette"},"east":{"uv":[12.96,0.96,15.04,3.04],"texture":"#mesh_palette"},"south":{"uv":[12.96,0.96,15.04,3.04],"texture":"#mesh_palette"},"west":{"uv":[12.96,0.96,15.04,3.04],"texture":"#mesh_palette"},"up":{"uv":[12.96,0.96,15.04,3.04],"texture":"#mesh_palette"},"down":{"uv":[12.96,0.96,15.04,3.04],"texture":"#mesh_palette"}}},{"from":[8.07468,-10.3333,6.8333],"to":[8.90801,-9.99997,8.66667],"rotation":{"angle":0,"axis":"y","origin":[7.90798,8,8]},"faces":{"north":{"uv":[8.96,0.96,11.04,3.04],"texture":"#mesh_palette"},"east":{"uv":[8.96,0.96,11.04,3.04],"texture":"#mesh_palette"},"south":{"uv":[8.96,0.96,11.04,3.04],"texture":"#mesh_palette"},"west":{"uv":[8.96,0.96,11.04,3.04],"texture":"#mesh_palette"},"up":{"uv":[8.96,0.96,11.04,3.04],"texture":"#mesh_palette"},"down":{"uv":[8.96,0.96,11.04,3.04],"texture":"#mesh_palette"}}},{"from":[8.07468,-9.8333,6.8333],"to":[8.90801,-9.49997,8.66667],"rotation":{"angle":0,"axis":"y","origin":[7.90798,8,8]},"faces":{"north":{"uv":[8.96,0.96,11.04,3.04],"texture":"#mesh_palette"},"east":{"uv":[8.96,0.96,11.04,3.04],"texture":"#mesh_palette"},"south":{"uv":[8.96,0.96,11.04,3.04],"texture":"#mesh_palette"},"west":{"uv":[8.96,0.96,11.04,3.04],"texture":"#mesh_palette"},"up":{"uv":[8.96,0.96,11.04,3.04],"texture":"#mesh_palette"},"down":{"uv":[8.96,0.96,11.04,3.04],"texture":"#mesh_palette"}}},{"from":[8.07468,-9.3333,6.8333],"to":[8.90801,-8.99997,8.66667],"rotation":{"angle":0,"axis":"y","origin":[7.90798,8,8]},"faces":{"north":{"uv":[8.96,0.96,11.04,3.04],"texture":"#mesh_palette"},"east":{"uv":[8.96,0.96,11.04,3.04],"texture":"#mesh_palette"},"south":{"uv":[8.96,0.96,11.04,3.04],"texture":"#mesh_palette"},"west":{"uv":[8.96,0.96,11.04,3.04],"texture":"#mesh_palette"},"up":{"uv":[8.96,0.96,11.04,3.04],"texture":"#mesh_palette"},"down":{"uv":[8.96,0.96,11.04,3.04],"texture":"#mesh_palette"}}},{"from":[8.07468,-8.8333,6.8333],"to":[8.90801,-8.49997,8.66667],"rotation":{"angle":0,"axis":"y","origin":[7.90798,8,8]},"faces":{"north":{"uv":[8.96,0.96,11.04,3.04],"texture":"#mesh_palette"},"east":{"uv":[8.96,0.96,11.04,3.04],"texture":"#mesh_palette"},"south":{"uv":[8.96,0.96,11.04,3.04],"texture":"#mesh_palette"},"west":{"uv":[8.96,0.96,11.04,3.04],"texture":"#mesh_palette"},"up":{"uv":[8.96,0.96,11.04,3.04],"texture":"#mesh_palette"},"down":{"uv":[8.96,0.96,11.04,3.04],"texture":"#mesh_palette"}}},{"from":[8.07468,-8.3333,6.8333],"to":[8.90801,-7.99997,8.66667],"rotation":{"angle":0,"axis":"y","origin":[7.90798,8,8]},"faces":{"north":{"uv":[8.96,0.96,11.04,3.04],"texture":"#mesh_palette"},"east":{"uv":[8.96,0.96,11.04,3.04],"texture":"#mesh_palette"},"south":{"uv":[8.96,0.96,11.04,3.04],"texture":"#mesh_palette"},"west":{"uv":[8.96,0.96,11.04,3.04],"texture":"#mesh_palette"},"up":{"uv":[8.96,0.96,11.04,3.04],"texture":"#mesh_palette"},"down":{"uv":[8.96,0.96,11.04,3.04],"texture":"#mesh_palette"}}},{"from":[8.07468,-7.8333,6.8333],"to":[8.90801,-7.49997,8.66667],"rotation":{"angle":0,"axis":"y","origin":[7.90798,8,8]},"faces":{"north":{"uv":[8.96,0.96,11.04,3.04],"texture":"#mesh_palette"},"east":{"uv":[8.96,0.96,11.04,3.04],"texture":"#mesh_palette"},"south":{"uv":[8.96,0.96,11.04,3.04],"texture":"#mesh_palette"},"west":{"uv":[8.96,0.96,11.04,3.04],"texture":"#mesh_palette"},"up":{"uv":[8.96,0.96,11.04,3.04],"texture":"#mesh_palette"},"down":{"uv":[8.96,0.96,11.04,3.04],"texture":"#mesh_palette"}}},{"from":[8.07468,-7.3333,6.8333],"to":[8.90801,-6.99997,8.66667],"rotation":{"angle":0,"axis":"y","origin":[7.90798,8,8]},"faces":{"north":{"uv":[8.96,0.96,11.04,3.04],"texture":"#mesh_palette"},"east":{"uv":[8.96,0.96,11.04,3.04],"texture":"#mesh_palette"},"south":{"uv":[8.96,0.96,11.04,3.04],"texture":"#mesh_palette"},"west":{"uv":[8.96,0.96,11.04,3.04],"texture":"#mesh_palette"},"up":{"uv":[8.96,0.96,11.04,3.04],"texture":"#mesh_palette"},"down":{"uv":[8.96,0.96,11.04,3.04],"texture":"#mesh_palette"}}},{"from":[8.07468,-6.8333,6.8333],"to":[8.90801,-6.49997,8.66667],"rotation":{"angle":0,"axis":"y","origin":[7.90798,8,8]},"faces":{"north":{"uv":[8.96,0.96,11.04,3.04],"texture":"#mesh_palette"},"east":{"uv":[8.96,0.96,11.04,3.04],"texture":"#mesh_palette"},"south":{"uv":[8.96,0.96,11.04,3.04],"texture":"#mesh_palette"},"west":{"uv":[8.96,0.96,11.04,3.04],"texture":"#mesh_palette"},"up":{"uv":[8.96,0.96,11.04,3.04],"texture":"#mesh_palette"},"down":{"uv":[8.96,0.96,11.04,3.04],"texture":"#mesh_palette"}}},{"from":[8.07468,-10.5625,7],"to":[8.90801,-6.33333,8.49997],"rotation":{"angle":0,"axis":"y","origin":[7.90798,8,8]},"faces":{"north":{"uv":[12.96,0.96,15.04,3.04],"texture":"#mesh_palette"},"east":{"uv":[12.96,0.96,15.04,3.04],"texture":"#mesh_palette"},"south":{"uv":[12.96,0.96,15.04,3.04],"texture":"#mesh_palette"},"west":{"uv":[12.96,0.96,15.04,3.04],"texture":"#mesh_palette"},"up":{"uv":[12.96,0.96,15.04,3.04],"texture":"#mesh_palette"},"down":{"uv":[12.96,0.96,15.04,3.04],"texture":"#mesh_palette"}}},{"from":[8.07468,-6.3333,7.5],"to":[8.90801,-5.66663,8],"rotation":{"angle":0,"axis":"y","origin":[7.90798,8,8]},"faces":{"north":{"uv":[12.96,0.96,15.04,3.04],"texture":"#mesh_palette"},"east":{"uv":[12.96,0.96,15.04,3.04],"texture":"#mesh_palette"},"south":{"uv":[12.96,0.96,15.04,3.04],"texture":"#mesh_palette"},"west":{"uv":[12.96,0.96,15.04,3.04],"texture":"#mesh_palette"},"up":{"uv":[12.96,0.96,15.04,3.04],"texture":"#mesh_palette"},"down":{"uv":[12.96,0.96,15.04,3.04],"texture":"#mesh_palette"}}},{"from":[8.07468,-5.6667,7],"to":[8.90801,-5.50003,7.16667],"rotation":{"angle":0,"axis":"y","origin":[7.90798,8,8]},"faces":{"north":{"uv":[8.96,0.96,11.04,3.04],"texture":"#mesh_palette"},"east":{"uv":[8.96,0.96,11.04,3.04],"texture":"#mesh_palette"},"south":{"uv":[8.96,0.96,11.04,3.04],"texture":"#mesh_palette"},"west":{"uv":[8.96,0.96,11.04,3.04],"texture":"#mesh_palette"},"up":{"uv":[8.96,0.96,11.04,3.04],"texture":"#mesh_palette"},"down":{"uv":[8.96,0.96,11.04,3.04],"texture":"#mesh_palette"}}},{"from":[8.07468,-5.6667,8.3333],"to":[8.90801,-5.50003,8.49997],"rotation":{"angle":0,"axis":"y","origin":[7.90798,8,8]},"faces":{"north":{"uv":[8.96,0.96,11.04,3.04],"texture":"#mesh_palette"},"east":{"uv":[8.96,0.96,11.04,3.04],"texture":"#mesh_palette"},"south":{"uv":[8.96,0.96,11.04,3.04],"texture":"#mesh_palette"},"west":{"uv":[8.96,0.96,11.04,3.04],"texture":"#mesh_palette"},"up":{"uv":[8.96,0.96,11.04,3.04],"texture":"#mesh_palette"},"down":{"uv":[8.96,0.96,11.04,3.04],"texture":"#mesh_palette"}}},{"from":[8.07468,-5.5,7.1667],"to":[8.90801,-5.16667,8.33337],"rotation":{"angle":0,"axis":"y","origin":[7.90798,8,8]},"faces":{"north":{"uv":[0.96,4.96,3.04,7.04],"texture":"#mesh_palette"},"east":{"uv":[0.96,4.96,3.04,7.04],"texture":"#mesh_palette"},"south":{"uv":[0.96,4.96,3.04,7.04],"texture":"#mesh_palette"},"west":{"uv":[0.96,4.96,3.04,7.04],"texture":"#mesh_palette"},"up":{"uv":[0.96,4.96,3.04,7.04],"texture":"#mesh_palette"},"down":{"uv":[0.96,4.96,3.04,7.04],"texture":"#mesh_palette"}}},{"from":[8.07468,-5.1667,7.5],"to":[8.90801,-4.50003,8],"rotation":{"angle":0,"axis":"y","origin":[7.90798,8,8]},"faces":{"north":{"uv":[0.96,4.96,3.04,7.04],"texture":"#mesh_palette"},"east":{"uv":[0.96,4.96,3.04,7.04],"texture":"#mesh_palette"},"south":{"uv":[0.96,4.96,3.04,7.04],"texture":"#mesh_palette"},"west":{"uv":[0.96,4.96,3.04,7.04],"texture":"#mesh_palette"},"up":{"uv":[0.96,4.96,3.04,7.04],"texture":"#mesh_palette"},"down":{"uv":[0.96,4.96,3.04,7.04],"texture":"#mesh_palette"}}},{"from":[8.07468,-4.5,7.1667],"to":[8.90801,-4.33333,8.33337],"rotation":{"angle":0,"axis":"y","origin":[7.90798,8,8]},"faces":{"north":{"uv":[8.96,0.96,11.04,3.04],"texture":"#mesh_palette"},"east":{"uv":[8.96,0.96,11.04,3.04],"texture":"#mesh_palette"},"south":{"uv":[8.96,0.96,11.04,3.04],"texture":"#mesh_palette"},"west":{"uv":[8.96,0.96,11.04,3.04],"texture":"#mesh_palette"},"up":{"uv":[8.96,0.96,11.04,3.04],"texture":"#mesh_palette"},"down":{"uv":[8.96,0.96,11.04,3.04],"texture":"#mesh_palette"}}},{"from":[8.07468,-4.3333,6.8333],"to":[8.90801,-3.49997,8.66667],"rotation":{"angle":0,"axis":"y","origin":[7.90798,8,8]},"faces":{"north":{"uv":[8.96,0.96,11.04,3.04],"texture":"#mesh_palette"},"east":{"uv":[8.96,0.96,11.04,3.04],"texture":"#mesh_palette"},"south":{"uv":[8.96,0.96,11.04,3.04],"texture":"#mesh_palette"},"west":{"uv":[8.96,0.96,11.04,3.04],"texture":"#mesh_palette"},"up":{"uv":[8.96,0.96,11.04,3.04],"texture":"#mesh_palette"},"down":{"uv":[8.96,0.96,11.04,3.04],"texture":"#mesh_palette"}}},{"from":[8.07468,-4.1667,7.3333],"to":[9.40801,-3.50003,8.16663],"rotation":{"angle":0,"axis":"y","origin":[7.90798,8,8]},"faces":{"north":{"uv":[8.96,0.96,11.04,3.04],"texture":"#mesh_palette"},"east":{"uv":[8.96,0.96,11.04,3.04],"texture":"#mesh_palette"},"south":{"uv":[8.96,0.96,11.04,3.04],"texture":"#mesh_palette"},"west":{"uv":[8.96,0.96,11.04,3.04],"texture":"#mesh_palette"},"up":{"uv":[8.96,0.96,11.04,3.04],"texture":"#mesh_palette"},"down":{"uv":[8.96,0.96,11.04,3.04],"texture":"#mesh_palette"}}},{"from":[8.24128,-15.1667,6.6667],"to":[8.74128,-14.50003,8.83337],"rotation":{"angle":0,"axis":"y","origin":[7.90798,8,8]},"faces":{"north":{"uv":[8.96,0.96,11.04,3.04],"texture":"#mesh_palette"},"east":{"uv":[8.96,0.96,11.04,3.04],"texture":"#mesh_palette"},"south":{"uv":[8.96,0.96,11.04,3.04],"texture":"#mesh_palette"},"west":{"uv":[8.96,0.96,11.04,3.04],"texture":"#mesh_palette"},"up":{"uv":[8.96,0.96,11.04,3.04],"texture":"#mesh_palette"},"down":{"uv":[8.96,0.96,11.04,3.04],"texture":"#mesh_palette"}}},{"from":[8.24128,-15,6.5],"to":[8.74128,-14.66667,8.99997],"rotation":{"angle":0,"axis":"y","origin":[7.90798,8,8]},"faces":{"north":{"uv":[8.96,0.96,11.04,3.04],"texture":"#mesh_palette"},"east":{"uv":[8.96,0.96,11.04,3.04],"texture":"#mesh_palette"},"south":{"uv":[8.96,0.96,11.04,3.04],"texture":"#mesh_palette"},"west":{"uv":[8.96,0.96,11.04,3.04],"texture":"#mesh_palette"},"up":{"uv":[8.96,0.96,11.04,3.04],"texture":"#mesh_palette"},"down":{"uv":[8.96,0.96,11.04,3.04],"texture":"#mesh_palette"}}},{"from":[8.24128,-12.3333,6.3333],"to":[8.74128,-12.16663,6.66663],"rotation":{"angle":0,"axis":"y","origin":[7.90798,8,8]},"faces":{"north":{"uv":[0.96,4.96,3.04,7.04],"texture":"#mesh_palette"},"east":{"uv":[0.96,4.96,3.04,7.04],"texture":"#mesh_palette"},"south":{"uv":[0.96,4.96,3.04,7.04],"texture":"#mesh_palette"},"west":{"uv":[0.96,4.96,3.04,7.04],"texture":"#mesh_palette"},"up":{"uv":[0.96,4.96,3.04,7.04],"texture":"#mesh_palette"},"down":{"uv":[0.96,4.96,3.04,7.04],"texture":"#mesh_palette"}}},{"from":[8.24128,-12.3333,6.8333],"to":[8.90795,-10.66663,6.99997],"rotation":{"angle":0,"axis":"y","origin":[7.90798,8,8]},"faces":{"north":{"uv":[8.96,0.96,11.04,3.04],"texture":"#mesh_palette"},"east":{"uv":[8.96,0.96,11.04,3.04],"texture":"#mesh_palette"},"south":{"uv":[8.96,0.96,11.04,3.04],"texture":"#mesh_palette"},"west":{"uv":[8.96,0.96,11.04,3.04],"texture":"#mesh_palette"},"up":{"uv":[8.96,0.96,11.04,3.04],"texture":"#mesh_palette"},"down":{"uv":[8.96,0.96,11.04,3.04],"texture":"#mesh_palette"}}},{"from":[8.24128,-12.1667,6.3333],"to":[8.74128,-12.00003,6.49997],"rotation":{"angle":0,"axis":"y","origin":[7.90798,8,8]},"faces":{"north":{"uv":[12.96,0.96,15.04,3.04],"texture":"#mesh_palette"},"east":{"uv":[12.96,0.96,15.04,3.04],"texture":"#mesh_palette"},"south":{"uv":[12.96,0.96,15.04,3.04],"texture":"#mesh_palette"},"west":{"uv":[12.96,0.96,15.04,3.04],"texture":"#mesh_palette"},"up":{"uv":[12.96,0.96,15.04,3.04],"texture":"#mesh_palette"},"down":{"uv":[12.96,0.96,15.04,3.04],"texture":"#mesh_palette"}}},{"from":[8.24128,-12,6.3333],"to":[8.74128,-11.83333,6.8333],"rotation":{"angle":0,"axis":"y","origin":[7.90798,8,8]},"faces":{"north":{"uv":[8.96,0.96,11.04,3.04],"texture":"#mesh_palette"},"east":{"uv":[8.96,0.96,11.04,3.04],"texture":"#mesh_palette"},"south":{"uv":[8.96,0.96,11.04,3.04],"texture":"#mesh_palette"},"west":{"uv":[8.96,0.96,11.04,3.04],"texture":"#mesh_palette"},"up":{"uv":[8.96,0.96,11.04,3.04],"texture":"#mesh_palette"},"down":{"uv":[8.96,0.96,11.04,3.04],"texture":"#mesh_palette"}}},{"from":[8.24128,-11.8333,6.3333],"to":[8.74128,-11.66663,6.49997],"rotation":{"angle":0,"axis":"y","origin":[7.90798,8,8]},"faces":{"north":{"uv":[12.96,0.96,15.04,3.04],"texture":"#mesh_palette"},"east":{"uv":[12.96,0.96,15.04,3.04],"texture":"#mesh_palette"},"south":{"uv":[12.96,0.96,15.04,3.04],"texture":"#mesh_palette"},"west":{"uv":[12.96,0.96,15.04,3.04],"texture":"#mesh_palette"},"up":{"uv":[12.96,0.96,15.04,3.04],"texture":"#mesh_palette"},"down":{"uv":[12.96,0.96,15.04,3.04],"texture":"#mesh_palette"}}},{"from":[8.24128,-11.6667,6.3333],"to":[8.74128,-11.50003,6.8333],"rotation":{"angle":0,"axis":"y","origin":[7.90798,8,8]},"faces":{"north":{"uv":[8.96,0.96,11.04,3.04],"texture":"#mesh_palette"},"east":{"uv":[8.96,0.96,11.04,3.04],"texture":"#mesh_palette"},"south":{"uv":[8.96,0.96,11.04,3.04],"texture":"#mesh_palette"},"west":{"uv":[8.96,0.96,11.04,3.04],"texture":"#mesh_palette"},"up":{"uv":[8.96,0.96,11.04,3.04],"texture":"#mesh_palette"},"down":{"uv":[8.96,0.96,11.04,3.04],"texture":"#mesh_palette"}}},{"from":[8.24128,-11.5,6.3333],"to":[8.74128,-11.33333,6.49997],"rotation":{"angle":0,"axis":"y","origin":[7.90798,8,8]},"faces":{"north":{"uv":[12.96,0.96,15.04,3.04],"texture":"#mesh_palette"},"east":{"uv":[12.96,0.96,15.04,3.04],"texture":"#mesh_palette"},"south":{"uv":[12.96,0.96,15.04,3.04],"texture":"#mesh_palette"},"west":{"uv":[12.96,0.96,15.04,3.04],"texture":"#mesh_palette"},"up":{"uv":[12.96,0.96,15.04,3.04],"texture":"#mesh_palette"},"down":{"uv":[12.96,0.96,15.04,3.04],"texture":"#mesh_palette"}}},{"from":[8.24128,-11.3333,6.3333],"to":[8.74128,-11.16663,6.8333],"rotation":{"angle":0,"axis":"y","origin":[7.90798,8,8]},"faces":{"north":{"uv":[8.96,0.96,11.04,3.04],"texture":"#mesh_palette"},"east":{"uv":[8.96,0.96,11.04,3.04],"texture":"#mesh_palette"},"south":{"uv":[8.96,0.96,11.04,3.04],"texture":"#mesh_palette"},"west":{"uv":[8.96,0.96,11.04,3.04],"texture":"#mesh_palette"},"up":{"uv":[8.96,0.96,11.04,3.04],"texture":"#mesh_palette"},"down":{"uv":[8.96,0.96,11.04,3.04],"texture":"#mesh_palette"}}},{"from":[8.24128,-11.1667,6.3333],"to":[8.74128,-11.00003,6.49997],"rotation":{"angle":0,"axis":"y","origin":[7.90798,8,8]},"faces":{"north":{"uv":[12.96,0.96,15.04,3.04],"texture":"#mesh_palette"},"east":{"uv":[12.96,0.96,15.04,3.04],"texture":"#mesh_palette"},"south":{"uv":[12.96,0.96,15.04,3.04],"texture":"#mesh_palette"},"west":{"uv":[12.96,0.96,15.04,3.04],"texture":"#mesh_palette"},"up":{"uv":[12.96,0.96,15.04,3.04],"texture":"#mesh_palette"},"down":{"uv":[12.96,0.96,15.04,3.04],"texture":"#mesh_palette"}}},{"from":[8.24128,-11,6.3333],"to":[8.74128,-10.83333,6.66663],"rotation":{"angle":0,"axis":"y","origin":[7.90798,8,8]},"faces":{"north":{"uv":[0.96,4.96,3.04,7.04],"texture":"#mesh_palette"},"east":{"uv":[0.96,4.96,3.04,7.04],"texture":"#mesh_palette"},"south":{"uv":[0.96,4.96,3.04,7.04],"texture":"#mesh_palette"},"west":{"uv":[0.96,4.96,3.04,7.04],"texture":"#mesh_palette"},"up":{"uv":[0.96,4.96,3.04,7.04],"texture":"#mesh_palette"},"down":{"uv":[0.96,4.96,3.04,7.04],"texture":"#mesh_palette"}}},{"from":[8.24128,-10.8333,6.3333],"to":[8.90795,-10.66663,6.8333],"rotation":{"angle":0,"axis":"y","origin":[7.90798,8,8]},"faces":{"north":{"uv":[8.96,0.96,11.04,3.04],"texture":"#mesh_palette"},"east":{"uv":[8.96,0.96,11.04,3.04],"texture":"#mesh_palette"},"south":{"uv":[8.96,0.96,11.04,3.04],"texture":"#mesh_palette"},"west":{"uv":[8.96,0.96,11.04,3.04],"texture":"#mesh_palette"},"up":{"uv":[8.96,0.96,11.04,3.04],"texture":"#mesh_palette"},"down":{"uv":[8.96,0.96,11.04,3.04],"texture":"#mesh_palette"}}},{"from":[8.24128,-6.3333,7.3333],"to":[8.74128,-5.66663,8.16667],"rotation":{"angle":0,"axis":"y","origin":[7.90798,8,8]},"faces":{"north":{"uv":[12.96,0.96,15.04,3.04],"texture":"#mesh_palette"},"east":{"uv":[12.96,0.96,15.04,3.04],"texture":"#mesh_palette"},"south":{"uv":[12.96,0.96,15.04,3.04],"texture":"#mesh_palette"},"west":{"uv":[12.96,0.96,15.04,3.04],"texture":"#mesh_palette"},"up":{"uv":[12.96,0.96,15.04,3.04],"texture":"#mesh_palette"},"down":{"uv":[12.96,0.96,15.04,3.04],"texture":"#mesh_palette"}}},{"from":[8.24128,-5.1667,7.33333],"to":[8.74128,-4.50003,8.16667],"rotation":{"angle":0,"axis":"y","origin":[7.90798,8,8]},"faces":{"north":{"uv":[3.04,4.96,0.96,7.04],"texture":"#mesh_palette"},"east":{"uv":[3.04,4.96,0.96,7.04],"texture":"#mesh_palette"},"south":{"uv":[3.04,4.96,0.96,7.04],"texture":"#mesh_palette"},"west":{"uv":[3.04,4.96,0.96,7.04],"texture":"#mesh_palette"},"up":{"uv":[0.96,7.04,3.04,4.96],"texture":"#mesh_palette"},"down":{"uv":[0.96,7.04,3.04,4.96],"texture":"#mesh_palette"}}},{"from":[8.24128,-3.5,6.5],"to":[8.74128,-3.33333,8.99997],"rotation":{"angle":0,"axis":"y","origin":[7.90798,8,8]},"faces":{"north":{"uv":[8.96,0.96,11.04,3.04],"texture":"#mesh_palette"},"east":{"uv":[8.96,0.96,11.04,3.04],"texture":"#mesh_palette"},"south":{"uv":[8.96,0.96,11.04,3.04],"texture":"#mesh_palette"},"west":{"uv":[8.96,0.96,11.04,3.04],"texture":"#mesh_palette"},"up":{"uv":[8.96,0.96,11.04,3.04],"texture":"#mesh_palette"},"down":{"uv":[8.96,0.96,11.04,3.04],"texture":"#mesh_palette"}}},{"from":[7.74128,-3.3333,7],"to":[9.24128,-2.99997,8.5],"rotation":{"angle":0,"axis":"y","origin":[7.90798,8,8]},"faces":{"north":{"uv":[8.96,0.96,11.04,3.04],"texture":"#mesh_palette"},"east":{"uv":[8.96,0.96,11.04,3.04],"texture":"#mesh_palette"},"south":{"uv":[8.96,0.96,11.04,3.04],"texture":"#mesh_palette"},"west":{"uv":[8.96,0.96,11.04,3.04],"texture":"#mesh_palette"},"up":{"uv":[8.96,0.96,11.04,3.04],"texture":"#mesh_palette"},"down":{"uv":[8.96,0.96,11.04,3.04],"texture":"#mesh_palette"}}},{"from":[8.40798,-14.3333,6.8333],"to":[8.57465,-13.99997,8.66667],"rotation":{"angle":0,"axis":"y","origin":[7.90798,8,8]},"faces":{"north":{"uv":[8.96,0.96,11.04,3.04],"texture":"#mesh_palette"},"east":{"uv":[8.96,0.96,11.04,3.04],"texture":"#mesh_palette"},"south":{"uv":[8.96,0.96,11.04,3.04],"texture":"#mesh_palette"},"west":{"uv":[8.96,0.96,11.04,3.04],"texture":"#mesh_palette"},"up":{"uv":[8.96,0.96,11.04,3.04],"texture":"#mesh_palette"},"down":{"uv":[8.96,0.96,11.04,3.04],"texture":"#mesh_palette"}}},{"from":[8.40798,-12.6667,6.8333],"to":[8.57465,-12.50003,8.66667],"rotation":{"angle":0,"axis":"y","origin":[7.90798,8,8]},"faces":{"north":{"uv":[8.96,0.96,11.04,3.04],"texture":"#mesh_palette"},"east":{"uv":[8.96,0.96,11.04,3.04],"texture":"#mesh_palette"},"south":{"uv":[8.96,0.96,11.04,3.04],"texture":"#mesh_palette"},"west":{"uv":[8.96,0.96,11.04,3.04],"texture":"#mesh_palette"},"up":{"uv":[8.96,0.96,11.04,3.04],"texture":"#mesh_palette"},"down":{"uv":[8.96,0.96,11.04,3.04],"texture":"#mesh_palette"}}},{"from":[8.74128,-12.5,6.1667],"to":[8.90795,-10.66667,6.33337],"rotation":{"angle":0,"axis":"y","origin":[7.90798,8,8]},"faces":{"north":{"uv":[0.96,4.96,3.04,7.04],"texture":"#mesh_palette"},"east":{"uv":[0.96,4.96,3.04,7.04],"texture":"#mesh_palette"},"south":{"uv":[0.96,4.96,3.04,7.04],"texture":"#mesh_palette"},"west":{"uv":[0.96,4.96,3.04,7.04],"texture":"#mesh_palette"},"up":{"uv":[0.96,4.96,3.04,7.04],"texture":"#mesh_palette"},"down":{"uv":[0.96,4.96,3.04,7.04],"texture":"#mesh_palette"}}},{"from":[8.74128,-12.3333,6.3333],"to":[8.90795,-10.8333,6.8333],"rotation":{"angle":0,"axis":"y","origin":[7.90798,8,8]},"faces":{"north":{"uv":[8.96,0.96,11.04,3.04],"texture":"#mesh_palette"},"east":{"uv":[8.96,0.96,11.04,3.04],"texture":"#mesh_palette"},"south":{"uv":[8.96,0.96,11.04,3.04],"texture":"#mesh_palette"},"west":{"uv":[8.96,0.96,11.04,3.04],"texture":"#mesh_palette"},"up":{"uv":[8.96,0.96,11.04,3.04],"texture":"#mesh_palette"},"down":{"uv":[8.96,0.96,11.04,3.04],"texture":"#mesh_palette"}}},{"from":[7.90798,-5.5,7.3333],"to":[9.07465,-5.16667,8.16667],"rotation":{"angle":0,"axis":"y","origin":[7.90798,8,8]},"faces":{"north":{"uv":[0.96,4.96,3.04,7.04],"texture":"#mesh_palette"},"east":{"uv":[0.96,4.96,3.04,7.04],"texture":"#mesh_palette"},"south":{"uv":[0.96,4.96,3.04,7.04],"texture":"#mesh_palette"},"west":{"uv":[0.96,4.96,3.04,7.04],"texture":"#mesh_palette"},"up":{"uv":[0.96,4.96,3.04,7.04],"texture":"#mesh_palette"},"down":{"uv":[0.96,4.96,3.04,7.04],"texture":"#mesh_palette"}}},{"from":[9.07468,-15.1667,6.8333],"to":[9.40801,-14.50003,8.66667],"rotation":{"angle":0,"axis":"y","origin":[7.90798,8,8]},"faces":{"north":{"uv":[8.96,0.96,11.04,3.04],"texture":"#mesh_palette"},"east":{"uv":[8.96,0.96,11.04,3.04],"texture":"#mesh_palette"},"south":{"uv":[8.96,0.96,11.04,3.04],"texture":"#mesh_palette"},"west":{"uv":[8.96,0.96,11.04,3.04],"texture":"#mesh_palette"},"up":{"uv":[8.96,0.96,11.04,3.04],"texture":"#mesh_palette"},"down":{"uv":[8.96,0.96,11.04,3.04],"texture":"#mesh_palette"}}},{"from":[9.24128,-15,6.6667],"to":[9.57461,-14.66667,6.83337],"rotation":{"angle":0,"axis":"y","origin":[7.90798,8,8]},"faces":{"north":{"uv":[8.96,0.96,11.04,3.04],"texture":"#mesh_palette"},"east":{"uv":[8.96,0.96,11.04,3.04],"texture":"#mesh_palette"},"south":{"uv":[8.96,0.96,11.04,3.04],"texture":"#mesh_palette"},"west":{"uv":[8.96,0.96,11.04,3.04],"texture":"#mesh_palette"},"up":{"uv":[8.96,0.96,11.04,3.04],"texture":"#mesh_palette"},"down":{"uv":[8.96,0.96,11.04,3.04],"texture":"#mesh_palette"}}},{"from":[9.24128,-15,8.6667],"to":[9.57461,-14.66667,8.83337],"rotation":{"angle":0,"axis":"y","origin":[7.90798,8,8]},"faces":{"north":{"uv":[8.96,0.96,11.04,3.04],"texture":"#mesh_palette"},"east":{"uv":[8.96,0.96,11.04,3.04],"texture":"#mesh_palette"},"south":{"uv":[8.96,0.96,11.04,3.04],"texture":"#mesh_palette"},"west":{"uv":[8.96,0.96,11.04,3.04],"texture":"#mesh_palette"},"up":{"uv":[8.96,0.96,11.04,3.04],"texture":"#mesh_palette"},"down":{"uv":[8.96,0.96,11.04,3.04],"texture":"#mesh_palette"}}},{"from":[9.40798,-15,6.8333],"to":[9.57465,-14.66667,6.99997],"rotation":{"angle":0,"axis":"y","origin":[7.90798,8,8]},"faces":{"north":{"uv":[8.96,0.96,11.04,3.04],"texture":"#mesh_palette"},"east":{"uv":[8.96,0.96,11.04,3.04],"texture":"#mesh_palette"},"south":{"uv":[8.96,0.96,11.04,3.04],"texture":"#mesh_palette"},"west":{"uv":[8.96,0.96,11.04,3.04],"texture":"#mesh_palette"},"up":{"uv":[8.96,0.96,11.04,3.04],"texture":"#mesh_palette"},"down":{"uv":[8.96,0.96,11.04,3.04],"texture":"#mesh_palette"}}},{"from":[9.40798,-15,8.5],"to":[9.57465,-14.66667,8.66667],"rotation":{"angle":0,"axis":"y","origin":[7.90798,8,8]},"faces":{"north":{"uv":[8.96,0.96,11.04,3.04],"texture":"#mesh_palette"},"east":{"uv":[8.96,0.96,11.04,3.04],"texture":"#mesh_palette"},"south":{"uv":[8.96,0.96,11.04,3.04],"texture":"#mesh_palette"},"west":{"uv":[8.96,0.96,11.04,3.04],"texture":"#mesh_palette"},"up":{"uv":[8.96,0.96,11.04,3.04],"texture":"#mesh_palette"},"down":{"uv":[8.96,0.96,11.04,3.04],"texture":"#mesh_palette"}}},{"from":[7.90798,-12.5,6.5],"to":[8.07465,-11.83333,6.83333],"rotation":{"angle":0,"axis":"y","origin":[7.90798,8,8]},"faces":{"north":{"uv":[12.96,0.96,15.04,3.04],"texture":"#mesh_palette"},"east":{"uv":[12.96,0.96,15.04,3.04],"texture":"#mesh_palette"},"south":{"uv":[12.96,0.96,15.04,3.04],"texture":"#mesh_palette"},"west":{"uv":[12.96,0.96,15.04,3.04],"texture":"#mesh_palette"},"up":{"uv":[12.96,0.96,15.04,3.04],"texture":"#mesh_palette"},"down":{"uv":[12.96,0.96,15.04,3.04],"texture":"#mesh_palette"}}},{"from":[7.90798,-11.6667,6.5],"to":[8.07465,-11.33337,6.83333],"rotation":{"angle":0,"axis":"y","origin":[7.90798,8,8]},"faces":{"north":{"uv":[4.96,0.96,7.04,3.04],"texture":"#mesh_palette"},"east":{"uv":[4.96,0.96,7.04,3.04],"texture":"#mesh_palette"},"south":{"uv":[4.96,0.96,7.04,3.04],"texture":"#mesh_palette"},"west":{"uv":[4.96,0.96,7.04,3.04],"texture":"#mesh_palette"},"up":{"uv":[4.96,0.96,7.04,3.04],"texture":"#mesh_palette"},"down":{"uv":[4.96,0.96,7.04,3.04],"texture":"#mesh_palette"}}},{"from":[7.90798,-11.1667,6.5],"to":[8.07465,-10.83337,6.83333],"rotation":{"angle":0,"axis":"y","origin":[7.90798,8,8]},"faces":{"north":{"uv":[8.96,0.96,11.04,3.04],"texture":"#mesh_palette"},"east":{"uv":[8.96,0.96,11.04,3.04],"texture":"#mesh_palette"},"south":{"uv":[8.96,0.96,11.04,3.04],"texture":"#mesh_palette"},"west":{"uv":[8.96,0.96,11.04,3.04],"texture":"#mesh_palette"},"up":{"uv":[8.96,0.96,11.04,3.04],"texture":"#mesh_palette"},"down":{"uv":[8.96,0.96,11.04,3.04],"texture":"#mesh_palette"}}}],"display":{"thirdperson_righthand":{"rotation":[0,61,0],"translation":[0,11.25,0.5],"scale":[0.72,0.72,0.72]},"thirdperson_lefthand":{"rotation":[0,61,0],"translation":[0,11.25,0],"scale":[0.72,0.72,0.72]},"firstperson_righthand":{"rotation":[0,61,0],"translation":[0,11.25,0.5],"scale":[0.72,0.72,0.72]},"firstperson_lefthand":{"rotation":[0,61,0],"translation":[0,11.25,0.5],"scale":[0.72,0.72,0.72]},"ground":{"rotation":[78,0,0],"translation":[0,2.0869,0],"scale":[0.6,0.6,0.6]},"gui":{"rotation":[-15,0,-45],"translation":[1.5,1.8,0],"scale":[0.52,0.52,0.52]},"fixed":{"rotation":[0,0,45],"translation":[-2.55,2.25,-2],"scale":[0.8,0.8,0.8]}}}