{"credit":"Made with Blockbench by Valvac","textures":{"1":"block/light_purple","2":"block/gold_block","particle":"block/light_purple","mesh_palette":"block/palette/lightsaber/darklight"},"elements":[{"from":[7.6071,11,7.6071],"to":[8.3357,32,8.3357],"rotation":{"angle":0,"axis":"y","origin":[5.25,6,8]},"faces":{"north":{"uv":[12.96,7.04,15.04,4.96],"texture":"#1"},"east":{"uv":[12.96,7.04,15.04,4.96],"texture":"#1"},"south":{"uv":[12.96,7.04,15.04,4.96],"texture":"#1"},"west":{"uv":[12.96,7.04,15.04,4.96],"texture":"#1"},"up":{"uv":[12.96,7.04,15.04,4.96],"texture":"#1"},"down":{"uv":[12.96,7.04,15.04,4.96],"texture":"#1"}}},{"from":[7.73,11.25,7.48],"to":[8.2086,31.75,8.4586],"rotation":{"angle":0,"axis":"y","origin":[5.25,6,8]},"faces":{"north":{"uv":[12.96,7.04,15.04,4.96],"texture":"#1"},"east":{"uv":[12.96,7.04,15.04,4.96],"texture":"#1"},"south":{"uv":[12.96,7.04,15.04,4.96],"texture":"#1"},"west":{"uv":[12.96,7.04,15.04,4.96],"texture":"#1"},"up":{"uv":[12.96,7.04,15.04,4.96],"texture":"#1"},"down":{"uv":[12.96,7.04,15.04,4.96],"texture":"#1"}}},{"from":[7.47,11.25,7.73],"to":[8.4486,31.75,8.2086],"rotation":{"angle":0,"axis":"y","origin":[5.25,6,8]},"faces":{"north":{"uv":[12.96,7.04,15.04,4.96],"texture":"#1"},"east":{"uv":[12.96,7.04,15.04,4.96],"texture":"#1"},"south":{"uv":[12.96,7.04,15.04,4.96],"texture":"#1"},"west":{"uv":[12.96,7.04,15.04,4.96],"texture":"#1"},"up":{"uv":[12.96,7.04,15.04,4.96],"rotation":90,"texture":"#1"},"down":{"uv":[12.96,7.04,15.04,4.96],"rotation":270,"texture":"#1"}}},{"from":[7.58579,4.75,7],"to":[8.41421,5.5,9],"rotation":{"angle":45,"axis":"y","origin":[8,10.75,8]},"faces":{"north":{"uv":[13,2,14,3],"texture":"#mesh_palette"},"south":{"uv":[13,2,14,3],"texture":"#mesh_palette"},"up":{"uv":[13,2,14,3],"texture":"#mesh_palette"},"down":{"uv":[13,2,14,3],"texture":"#mesh_palette"}}},{"from":[7.76256,3.75,7.17678],"to":[8.23744,4.75,8.82322],"rotation":{"angle":45,"axis":"y","origin":[8,9.75,8]},"faces":{"north":{"uv":[9,1,10,2],"texture":"#mesh_palette"},"east":{"uv":[9,1,10,2],"texture":"#mesh_palette"},"south":{"uv":[9,1,10,2],"texture":"#mesh_palette"},"west":{"uv":[9,1,10,2],"texture":"#mesh_palette"},"up":{"uv":[9,1,10,2],"texture":"#mesh_palette"},"down":{"uv":[9,1,10,2],"texture":"#mesh_palette"}}},{"from":[7.76256,11.75,7.17678],"to":[8.23744,12,8.82322],"rotation":{"angle":45,"axis":"y","origin":[8,6,8]},"faces":{"north":{"uv":[8,1,9,0],"texture":"#2"},"east":{"uv":[8,1,9,0],"texture":"#2"},"south":{"uv":[8,1,9,0],"texture":"#2"},"west":{"uv":[8,1,9,0],"texture":"#2"},"up":{"uv":[8,1,9,0],"texture":"#2"},"down":{"uv":[8,1,9,0],"texture":"#2"}}},{"from":[7.58579,4.75,7],"to":[8.41421,5.5,9],"rotation":{"angle":0,"axis":"y","origin":[0,2.75,0]},"faces":{"north":{"uv":[13,2,14,3],"texture":"#mesh_palette"},"south":{"uv":[13,2,14,3],"texture":"#mesh_palette"},"up":{"uv":[13,2,14,3],"texture":"#mesh_palette"},"down":{"uv":[13,2,14,3],"texture":"#mesh_palette"}}},{"from":[7.58579,3.75,7.25],"to":[8.41421,4.75,8.75],"rotation":{"angle":0,"axis":"y","origin":[8,9.75,8]},"faces":{"north":{"uv":[9,1,10,2],"texture":"#mesh_palette"},"east":{"uv":[9,1,10,2],"texture":"#mesh_palette"},"south":{"uv":[9,1,10,2],"texture":"#mesh_palette"},"west":{"uv":[9,1,10,2],"texture":"#mesh_palette"},"up":{"uv":[9,1,10,2],"texture":"#mesh_palette"},"down":{"uv":[9,1,10,2],"texture":"#mesh_palette"}}},{"from":[7.58579,11.75,7.25],"to":[8.41421,12,8.75],"rotation":{"angle":0,"axis":"y","origin":[8,6,8]},"faces":{"north":{"uv":[8,1,9,0],"texture":"#2"},"east":{"uv":[8,1,9,0],"texture":"#2"},"south":{"uv":[8,1,9,0],"texture":"#2"},"west":{"uv":[8,1,9,0],"texture":"#2"},"up":{"uv":[8,1,9,0],"texture":"#2"},"down":{"uv":[8,1,9,0],"texture":"#2"}}},{"from":[7,4.75,7.58579],"to":[9,5.5,8.41421],"rotation":{"angle":45,"axis":"y","origin":[8,10.75,8]},"faces":{"east":{"uv":[13,2,14,3],"texture":"#mesh_palette"},"west":{"uv":[13,2,14,3],"texture":"#mesh_palette"},"up":{"uv":[13,2,14,3],"texture":"#mesh_palette"},"down":{"uv":[13,2,14,3],"texture":"#mesh_palette"}}},{"from":[7.17678,3.75,7.76256],"to":[8.82322,4.75,8.23744],"rotation":{"angle":45,"axis":"y","origin":[8,9.75,8]},"faces":{"north":{"uv":[9,1,10,2],"texture":"#mesh_palette"},"east":{"uv":[9,1,10,2],"texture":"#mesh_palette"},"south":{"uv":[9,1,10,2],"texture":"#mesh_palette"},"west":{"uv":[9,1,10,2],"texture":"#mesh_palette"},"up":{"uv":[9,1,10,2],"texture":"#mesh_palette"},"down":{"uv":[9,1,10,2],"texture":"#mesh_palette"}}},{"from":[7.17678,11.75,7.76256],"to":[8.82322,12,8.23744],"rotation":{"angle":45,"axis":"y","origin":[8,6,8]},"faces":{"north":{"uv":[8,1,9,0],"texture":"#2"},"east":{"uv":[8,1,9,0],"texture":"#2"},"south":{"uv":[8,1,9,0],"texture":"#2"},"west":{"uv":[8,1,9,0],"texture":"#2"},"up":{"uv":[8,1,9,0],"texture":"#2"},"down":{"uv":[8,1,9,0],"texture":"#2"}}},{"from":[7,4.75,7.58579],"to":[9,5.5,8.41421],"rotation":{"angle":0,"axis":"y","origin":[0,2.75,0]},"faces":{"east":{"uv":[13,2,14,3],"texture":"#mesh_palette"},"west":{"uv":[13,2,14,3],"texture":"#mesh_palette"},"up":{"uv":[13,2,14,3],"texture":"#mesh_palette"},"down":{"uv":[13,2,14,3],"texture":"#mesh_palette"}}},{"from":[7.25,3.75,7.58579],"to":[8.75,4.75,8.41421],"rotation":{"angle":0,"axis":"y","origin":[8,9.75,8]},"faces":{"north":{"uv":[9,1,10,2],"texture":"#mesh_palette"},"east":{"uv":[9,1,10,2],"texture":"#mesh_palette"},"south":{"uv":[9,1,10,2],"texture":"#mesh_palette"},"west":{"uv":[9,1,10,2],"texture":"#mesh_palette"},"up":{"uv":[9,1,10,2],"texture":"#mesh_palette"},"down":{"uv":[9,1,10,2],"texture":"#mesh_palette"}}},{"from":[7.25,11.75,7.58579],"to":[8.75,12,8.41421],"rotation":{"angle":0,"axis":"y","origin":[8,6,8]},"faces":{"north":{"uv":[8,1,9,0],"texture":"#2"},"east":{"uv":[8,1,9,0],"texture":"#2"},"south":{"uv":[8,1,9,0],"texture":"#2"},"west":{"uv":[8,1,9,0],"texture":"#2"},"up":{"uv":[8,1,9,0],"texture":"#2"},"down":{"uv":[8,1,9,0],"texture":"#2"}}},{"from":[7.09446,3.6,7.73882],"to":[8.90554,4.1875,8.26118],"rotation":{"angle":45,"axis":"y","origin":[8,-2.725,8]},"faces":{"north":{"uv":[9,1,10,2],"texture":"#mesh_palette"},"east":{"uv":[9,1,10,2],"texture":"#mesh_palette"},"south":{"uv":[9,1,10,2],"texture":"#mesh_palette"},"west":{"uv":[9,1,10,2],"texture":"#mesh_palette"},"up":{"uv":[9,1,10,2],"texture":"#mesh_palette"},"down":{"uv":[9,1,10,2],"texture":"#mesh_palette"}}},{"from":[7.54437,3.6,7.175],"to":[8.45563,4.1875,8.825],"rotation":{"angle":0,"axis":"y","origin":[8,-2.725,8]},"faces":{"north":{"uv":[9,1,10,2],"texture":"#mesh_palette"},"east":{"uv":[9,1,10,2],"texture":"#mesh_palette"},"south":{"uv":[9,1,10,2],"texture":"#mesh_palette"},"west":{"uv":[9,1,10,2],"texture":"#mesh_palette"},"up":{"uv":[9,1,10,2],"texture":"#mesh_palette"},"down":{"uv":[9,1,10,2],"texture":"#mesh_palette"}}},{"from":[7.175,3.6,7.54437],"to":[8.825,4.1875,8.45563],"rotation":{"angle":0,"axis":"y","origin":[8,-2.725,8]},"faces":{"north":{"uv":[9,1,10,2],"texture":"#mesh_palette"},"east":{"uv":[9,1,10,2],"texture":"#mesh_palette"},"south":{"uv":[9,1,10,2],"texture":"#mesh_palette"},"west":{"uv":[9,1,10,2],"texture":"#mesh_palette"},"up":{"uv":[9,1,10,2],"texture":"#mesh_palette"},"down":{"uv":[9,1,10,2],"texture":"#mesh_palette"}}},{"from":[7.73882,3.6,7.09446],"to":[8.26118,4.1875,8.90554],"rotation":{"angle":45,"axis":"y","origin":[8,-2.725,8]},"faces":{"north":{"uv":[9,1,10,2],"texture":"#mesh_palette"},"east":{"uv":[9,1,10,2],"texture":"#mesh_palette"},"south":{"uv":[9,1,10,2],"texture":"#mesh_palette"},"west":{"uv":[9,1,10,2],"texture":"#mesh_palette"},"up":{"uv":[9,1,10,2],"texture":"#mesh_palette"},"down":{"uv":[9,1,10,2],"texture":"#mesh_palette"}}},{"from":[7.58579,9.5,7],"to":[8.41421,11.75,9],"rotation":{"angle":45,"axis":"y","origin":[8,5.75,8]},"faces":{"north":{"uv":[13,2,14,3],"texture":"#mesh_palette"},"east":{"uv":[13,2,14,3],"texture":"#mesh_palette"},"south":{"uv":[13,2,14,3],"texture":"#mesh_palette"},"west":{"uv":[13,2,14,3],"texture":"#mesh_palette"},"up":{"uv":[13,2,14,3],"texture":"#mesh_palette"},"down":{"uv":[13,2,14,3],"texture":"#mesh_palette"}}},{"from":[7.58579,11.25,7],"to":[8.41421,11.75,9],"rotation":{"angle":0,"axis":"y","origin":[0,-2.25,0]},"faces":{"north":{"uv":[13,2,14,3],"texture":"#mesh_palette"},"south":{"uv":[13,2,14,3],"texture":"#mesh_palette"},"up":{"uv":[13,2,14,3],"texture":"#mesh_palette"},"down":{"uv":[13,2,14,3],"texture":"#mesh_palette"}}},{"from":[7.58579,9.5,7.0625],"to":[8.41421,11.25,8.9375],"rotation":{"angle":0,"axis":"y","origin":[0,-2.25,0]},"faces":{"north":{"uv":[13,2,14,3],"texture":"#2"},"east":{"uv":[13,2,14,3],"texture":"#2"},"south":{"uv":[13,2,14,3],"texture":"#2"},"west":{"uv":[13,2,14,3],"texture":"#2"},"up":{"uv":[13,2,14,3],"texture":"#2"},"down":{"uv":[13,2,14,3],"texture":"#2"}}},{"from":[7,9.5,7.58579],"to":[9,11.75,8.41421],"rotation":{"angle":45,"axis":"y","origin":[8,5.75,8]},"faces":{"north":{"uv":[13,2,14,3],"texture":"#mesh_palette"},"east":{"uv":[13,2,14,3],"texture":"#mesh_palette"},"south":{"uv":[13,2,14,3],"texture":"#mesh_palette"},"west":{"uv":[13,2,14,3],"texture":"#mesh_palette"},"up":{"uv":[13,2,14,3],"texture":"#mesh_palette"},"down":{"uv":[13,2,14,3],"texture":"#mesh_palette"}}},{"from":[7,10.25,7.58579],"to":[9,11.75,8.41421],"rotation":{"angle":0,"axis":"y","origin":[0,-2.25,0]},"faces":{"east":{"uv":[13,2,14,3],"texture":"#mesh_palette"},"west":{"uv":[13,2,14,3],"texture":"#mesh_palette"},"up":{"uv":[13,2,14,3],"texture":"#mesh_palette"},"down":{"uv":[13,2,14,3],"texture":"#mesh_palette"}}},{"from":[7.63756,5.75,7.125],"to":[8.36244,9.25,8.875],"rotation":{"angle":45,"axis":"y","origin":[8,6,8]},"faces":{"north":{"uv":[13,2,14,3],"texture":"#mesh_palette"},"east":{"uv":[13,2,14,3],"texture":"#mesh_palette"},"south":{"uv":[13,2,14,3],"texture":"#mesh_palette"},"west":{"uv":[13,2,14,3],"texture":"#mesh_palette"},"up":{"uv":[13,2,14,3],"texture":"#mesh_palette"},"down":{"uv":[13,2,14,3],"texture":"#mesh_palette"}}},{"from":[7.63756,5.75,7.125],"to":[8.36244,9.25,8.875],"rotation":{"angle":0,"axis":"y","origin":[0,-2,0]},"faces":{"north":{"uv":[13,2,14,3],"texture":"#mesh_palette"},"east":{"uv":[13,2,14,3],"texture":"#mesh_palette"},"south":{"uv":[13,2,14,3],"texture":"#mesh_palette"},"west":{"uv":[13,2,14,3],"texture":"#mesh_palette"},"up":{"uv":[13,2,14,3],"texture":"#mesh_palette"},"down":{"uv":[13,2,14,3],"texture":"#mesh_palette"}}},{"from":[7.125,8.45,7.88756],"to":[8.25,8.75,8.18756],"rotation":{"angle":0,"axis":"y","origin":[8,6.5,8]},"faces":{"north":{"uv":[5,6,6,5],"texture":"#mesh_palette"},"south":{"uv":[5,6,6,5],"texture":"#mesh_palette"},"west":{"uv":[5,6,6,5],"texture":"#mesh_palette"},"up":{"uv":[5,6,6,5],"rotation":90,"texture":"#mesh_palette"},"down":{"uv":[5,6,6,5],"rotation":270,"texture":"#mesh_palette"}}},{"from":[7.125,5.95,7.88756],"to":[8.25,6.25,8.18756],"rotation":{"angle":0,"axis":"y","origin":[8,5,8]},"faces":{"north":{"uv":[5,6,6,5],"texture":"#mesh_palette"},"south":{"uv":[5,6,6,5],"texture":"#mesh_palette"},"west":{"uv":[5,6,6,5],"texture":"#mesh_palette"},"up":{"uv":[5,6,6,5],"rotation":90,"texture":"#mesh_palette"},"down":{"uv":[5,6,6,5],"rotation":270,"texture":"#mesh_palette"}}},{"from":[7,6.7,7.82506],"to":[8.25,8,8.25006],"rotation":{"angle":0,"axis":"y","origin":[8,5,8]},"faces":{"north":{"uv":[9,2,10,1],"texture":"#2"},"east":{"uv":[9,2,10,1],"texture":"#2"},"south":{"uv":[9,2,10,1],"texture":"#2"},"west":{"uv":[9,2,10,1],"texture":"#2"},"up":{"uv":[9,2,10,1],"rotation":90,"texture":"#2"},"down":{"uv":[9,2,10,1],"rotation":270,"texture":"#2"}}},{"from":[7.125,5.75,7.63756],"to":[8.875,9.25,8.36244],"rotation":{"angle":45,"axis":"y","origin":[8,6,8]},"faces":{"north":{"uv":[13,2,14,3],"texture":"#mesh_palette"},"east":{"uv":[13,2,14,3],"texture":"#mesh_palette"},"south":{"uv":[13,2,14,3],"texture":"#mesh_palette"},"west":{"uv":[13,2,14,3],"texture":"#mesh_palette"},"up":{"uv":[13,2,14,3],"texture":"#mesh_palette"},"down":{"uv":[13,2,14,3],"texture":"#mesh_palette"}}},{"from":[7,5.9375,8.13756],"to":[9,8.75,8.23744],"rotation":{"angle":45,"axis":"y","origin":[8,6,8]},"faces":{"north":{"uv":[5,2,6,3],"texture":"#mesh_palette"},"east":{"uv":[5,2,6,3],"texture":"#mesh_palette"},"south":{"uv":[5,2,6,3],"texture":"#mesh_palette"},"west":{"uv":[5,2,6,3],"texture":"#mesh_palette"},"up":{"uv":[5,2,6,3],"texture":"#mesh_palette"},"down":{"uv":[5,2,6,3],"texture":"#mesh_palette"}}},{"from":[7,5.9375,7.76256],"to":[9,8.75,7.86244],"rotation":{"angle":45,"axis":"y","origin":[8,6,8]},"faces":{"north":{"uv":[5,2,6,3],"texture":"#mesh_palette"},"east":{"uv":[5,2,6,3],"texture":"#mesh_palette"},"south":{"uv":[5,2,6,3],"texture":"#mesh_palette"},"west":{"uv":[5,2,6,3],"texture":"#mesh_palette"},"up":{"uv":[5,2,6,3],"texture":"#mesh_palette"},"down":{"uv":[5,2,6,3],"texture":"#mesh_palette"}}},{"from":[8.13756,5.9375,7],"to":[8.23744,8.75,9],"rotation":{"angle":0,"axis":"y","origin":[8,6,8]},"faces":{"north":{"uv":[5,2,6,3],"texture":"#mesh_palette"},"east":{"uv":[5,2,6,3],"texture":"#mesh_palette"},"south":{"uv":[5,2,6,3],"texture":"#mesh_palette"},"west":{"uv":[5,2,6,3],"texture":"#mesh_palette"},"up":{"uv":[5,2,6,3],"rotation":270,"texture":"#mesh_palette"},"down":{"uv":[5,2,6,3],"rotation":90,"texture":"#mesh_palette"}}},{"from":[7.76256,5.9375,7],"to":[7.86244,8.75,9],"rotation":{"angle":0,"axis":"y","origin":[8,6,8]},"faces":{"north":{"uv":[5,2,6,3],"texture":"#mesh_palette"},"east":{"uv":[5,2,6,3],"texture":"#mesh_palette"},"south":{"uv":[5,2,6,3],"texture":"#mesh_palette"},"west":{"uv":[5,2,6,3],"texture":"#mesh_palette"},"up":{"uv":[5,2,6,3],"rotation":270,"texture":"#mesh_palette"},"down":{"uv":[5,2,6,3],"rotation":90,"texture":"#mesh_palette"}}},{"from":[7.76256,5.9375,7],"to":[7.86244,8.75,9],"rotation":{"angle":45,"axis":"y","origin":[8,6,8]},"faces":{"north":{"uv":[5,2,6,3],"texture":"#mesh_palette"},"east":{"uv":[5,2,6,3],"texture":"#mesh_palette"},"south":{"uv":[5,2,6,3],"texture":"#mesh_palette"},"west":{"uv":[5,2,6,3],"texture":"#mesh_palette"},"up":{"uv":[5,2,6,3],"texture":"#mesh_palette"},"down":{"uv":[5,2,6,3],"texture":"#mesh_palette"}}},{"from":[8.13756,5.9375,7],"to":[8.23744,8.75,9],"rotation":{"angle":45,"axis":"y","origin":[8,6,8]},"faces":{"north":{"uv":[5,2,6,3],"texture":"#mesh_palette"},"east":{"uv":[5,2,6,3],"texture":"#mesh_palette"},"south":{"uv":[5,2,6,3],"texture":"#mesh_palette"},"west":{"uv":[5,2,6,3],"texture":"#mesh_palette"},"up":{"uv":[5,2,6,3],"texture":"#mesh_palette"},"down":{"uv":[5,2,6,3],"texture":"#mesh_palette"}}},{"from":[7.68934,5.75,7.25],"to":[8.31066,10.25,8.75],"rotation":{"angle":45,"axis":"y","origin":[8,6.25,8]},"faces":{"north":{"uv":[13,2,14,3],"texture":"#mesh_palette"},"south":{"uv":[13,2,14,3],"texture":"#mesh_palette"},"up":{"uv":[13,2,14,3],"texture":"#mesh_palette"},"down":{"uv":[13,2,14,3],"texture":"#mesh_palette"}}},{"from":[7.68934,5.75,7.25],"to":[8.31066,10.25,8.75],"rotation":{"angle":0,"axis":"y","origin":[8,6.25,8]},"faces":{"north":{"uv":[13,2,14,3],"texture":"#mesh_palette"},"south":{"uv":[13,2,14,3],"texture":"#mesh_palette"},"up":{"uv":[13,2,14,3],"texture":"#mesh_palette"},"down":{"uv":[13,2,14,3],"texture":"#mesh_palette"}}},{"from":[7.25,5.75,7.68934],"to":[8.75,10.25,8.31066],"rotation":{"angle":45,"axis":"y","origin":[8,6.25,8]},"faces":{"east":{"uv":[13,2,14,3],"texture":"#mesh_palette"},"west":{"uv":[13,2,14,3],"texture":"#mesh_palette"},"up":{"uv":[13,2,14,3],"texture":"#mesh_palette"},"down":{"uv":[13,2,14,3],"texture":"#mesh_palette"}}},{"from":[7.25,5.75,7.68934],"to":[8.75,10.25,8.31066],"rotation":{"angle":0,"axis":"y","origin":[8,6.25,8]},"faces":{"east":{"uv":[13,2,14,3],"texture":"#mesh_palette"},"west":{"uv":[13,2,14,3],"texture":"#mesh_palette"},"up":{"uv":[13,2,14,3],"texture":"#mesh_palette"},"down":{"uv":[13,2,14,3],"texture":"#mesh_palette"}}},{"from":[7.57543,5.5,6.975],"to":[8.42457,5.75,9.025],"rotation":{"angle":45,"axis":"y","origin":[8,5.25,8]},"faces":{"north":{"uv":[9,2,10,1],"texture":"#mesh_palette"},"south":{"uv":[9,2,10,1],"texture":"#mesh_palette"},"up":{"uv":[9,2,10,1],"texture":"#mesh_palette"},"down":{"uv":[9,2,10,1],"texture":"#mesh_palette"}}},{"from":[7.57543,9,6.975],"to":[8.42457,9.5,9.025],"rotation":{"angle":45,"axis":"y","origin":[8,9,8]},"faces":{"north":{"uv":[9,2,10,1],"texture":"#mesh_palette"},"east":{"uv":[9,2,10,1],"texture":"#mesh_palette"},"south":{"uv":[9,2,10,1],"texture":"#mesh_palette"},"west":{"uv":[9,2,10,1],"texture":"#mesh_palette"},"up":{"uv":[9,2,10,1],"texture":"#mesh_palette"},"down":{"uv":[9,2,10,1],"texture":"#mesh_palette"}}},{"from":[7.57543,5.5,6.975],"to":[8.42457,5.75,9.025],"rotation":{"angle":0,"axis":"y","origin":[8,5.25,8]},"faces":{"north":{"uv":[9,2,10,1],"texture":"#mesh_palette"},"south":{"uv":[9,2,10,1],"texture":"#mesh_palette"},"up":{"uv":[9,2,10,1],"texture":"#mesh_palette"},"down":{"uv":[9,2,10,1],"texture":"#mesh_palette"}}},{"from":[7.57543,9,6.975],"to":[8.42457,9.5,9.025],"rotation":{"angle":0,"axis":"y","origin":[8,9,8]},"faces":{"north":{"uv":[9,2,10,1],"texture":"#mesh_palette"},"east":{"uv":[9,2,10,1],"texture":"#mesh_palette"},"south":{"uv":[9,2,10,1],"texture":"#mesh_palette"},"west":{"uv":[9,2,10,1],"texture":"#mesh_palette"},"up":{"uv":[9,2,10,1],"texture":"#mesh_palette"},"down":{"uv":[9,2,10,1],"texture":"#mesh_palette"}}},{"from":[6.975,5.5,7.57543],"to":[9.025,5.75,8.42457],"rotation":{"angle":45,"axis":"y","origin":[8,5.25,8]},"faces":{"east":{"uv":[9,2,10,1],"texture":"#mesh_palette"},"west":{"uv":[9,2,10,1],"texture":"#mesh_palette"},"up":{"uv":[9,2,10,1],"texture":"#mesh_palette"},"down":{"uv":[9,2,10,1],"texture":"#mesh_palette"}}},{"from":[6.975,9,7.57543],"to":[9.025,9.5,8.42457],"rotation":{"angle":45,"axis":"y","origin":[8,9,8]},"faces":{"north":{"uv":[9,2,10,1],"texture":"#mesh_palette"},"east":{"uv":[9,2,10,1],"texture":"#mesh_palette"},"south":{"uv":[9,2,10,1],"texture":"#mesh_palette"},"west":{"uv":[9,2,10,1],"texture":"#mesh_palette"},"up":{"uv":[9,2,10,1],"texture":"#mesh_palette"},"down":{"uv":[9,2,10,1],"texture":"#mesh_palette"}}},{"from":[6.975,5.5,7.57543],"to":[9.025,5.75,8.42457],"rotation":{"angle":0,"axis":"y","origin":[8,5.25,8]},"faces":{"east":{"uv":[9,2,10,1],"texture":"#mesh_palette"},"west":{"uv":[9,2,10,1],"texture":"#mesh_palette"},"up":{"uv":[9,2,10,1],"texture":"#mesh_palette"},"down":{"uv":[9,2,10,1],"texture":"#mesh_palette"}}}],"display":{"thirdperson_righthand":{"rotation":[0,61,0],"translation":[0.164,-1.6957,0.2]},"thirdperson_lefthand":{"rotation":[0,61,0],"translation":[0.164,-1.6957,0.2]},"firstperson_righthand":{"rotation":[-28,-62,-7],"translation":[2.25,1,-1.25]},"firstperson_lefthand":{"rotation":[-28,-62,-7],"translation":[2.25,1,-1.25]},"ground":{"rotation":[78,0,0],"translation":[0,0.5869,0],"scale":[0.6,0.6,0.6]},"gui":{"rotation":[-15,0,-45],"translation":[-4.25,-3.95,0],"scale":[0.64,0.64,0.64]},"head":{"rotation":[0,0,35],"translation":[0,-16.5,4.75],"scale":[1.35,1.35,1.35]},"fixed":{"rotation":[0,172,-45],"translation":[6.2,-6.25,0.5]}},"groups":[{"name":"group","origin":[8,8,8],"color":0,"nbt":"{}","children":[0,1,2]},{"name":"octagon","origin":[8,8,8],"color":0,"nbt":"{}","children":[]},{"name":"octagon","origin":[8,8,8],"color":0,"nbt":"{}","children":[3,4,5,6,7,8,9,10,11,12,13,14,15,16,17,18]},{"name":"octagon","origin":[8,8,8],"color":0,"nbt":"{}","children":[19,20,21,22,23]},{"name":"octagon","origin":[8,8,8],"color":0,"nbt":"{}","children":[24,25,26,27,28,29,30,31,32,33,34,35]},{"name":"octagon","origin":[8,8,8],"color":0,"nbt":"{}","children":[36,37,38,39]},{"name":"octagon","origin":[8,8,8],"color":0,"nbt":"{}","children":[]},{"name":"octagon","origin":[8,8,8],"color":0,"nbt":"{}","children":[40,41,42,43,44,45,46]}]}