{
  "display": {
    "head": {
      "rotation": [
        0,
        90,
        0
      ],
      "translation": [
        -9.04,
        -15.92,
        0
      ],
      "scale": [
        1.5,
        1.5,
        1.5
      ]
    },
    "thirdperson_righthand": {
      "rotation": [
        90,
        90,
        0
      ],
      "translation": [
        -0.374,
        -2.0,
        5.05
      ],
      "scale": [
        0.9375,
        0.9375,
        0.9375
      ]
    },
    "thirdperson_lefthand": {
      "rotation": [
        90,
        -90,
        0
      ],
      "translation": [
        -0.374,
        -2.0,
        5.05
      ],
      "scale": [
        0.9375,
        0.9375,
        0.9375
      ]
    }
  },
  "textures": {
    "0": "#skin"
  },
  "elements": [
    {
      "name": "Cube_Arm_Top_Inner",
      "from": [
        6.0,
        8.0,
        6.05
      ],
      "to": [
        10.0,
        14.0,
        9.95
      ],
      "faces": {
        "north": {
          "texture": "#0",
          "uv": [
            10.0,
            13.0,
            11.0,
            14.5
          ]
        },
        "east": {
          "texture": "#0",
          "uv": [
            9.0,
            13.0,
            10.0,
            14.5
          ]
        },
        "south": {
          "texture": "#0",
          "uv": [
            8.0,
            13.0,
            9.0,
            14.5
          ]
        },
        "west": {
          "texture": "#0",
          "uv": [
            11.0,
            13.0,
            12.0,
            14.5
          ]
        },
        "up": {
          "texture": "#0",
          "uv": [
            10.0,
            13.0,
            9.0,
            12.0
          ],
          "rotation": 90
        }
      }
    },
    {
      "name": "Cube_Arm_Top_Outer",
      "from": [
        5.75,
        7.9,
        5.775
      ],
      "to": [
        10.25,
        14.25,
        10.225
      ],
      "faces": {
        "north": {
          "texture": "#0",
          "uv": [
            14.0,
            13.0,
            15.0,
            14.5
          ]
        },
        "east": {
          "texture": "#0",
          "uv": [
            13.0,
            13.0,
            14.0,
            14.5
          ]
        },
        "south": {
          "texture": "#0",
          "uv": [
            12.0,
            13.0,
            13.0,
            14.5
          ]
        },
        "west": {
          "texture": "#0",
          "uv": [
            15.0,
            13.0,
            16.0,
            14.5
          ]
        },
        "up": {
          "texture": "#0",
          "uv": [
            14.0,
            13.0,
            13.0,
            12.0
          ],
          "rotation": 90
        }
      }
    },
    {
      "name": "Cube_Arm_Bottom_Inner",
      "from": [
        7.97,
        6.5,
        6.0
      ],
      "to": [
        13.97,
        10.5,
        10.0
      ],
      "rotation": {
        "origin": [
          8.0,
          8.0,
          8.0
        ],
        "axis": "z",
        "angle": -22.5
      },
      "faces": {
        "north": {
          "texture": "#0",
          "uv": [
            10.0,
            14.5,
            11.0,
            16.0
          ],
          "rotation": 90
        },
        "east": {
          "texture": "#0",
          "uv": [
            10.0,
            13.0,
            11.0,
            12.0
          ]
        },
        "south": {
          "texture": "#0",
          "uv": [
            9.0,
            16.0,
            8.0,
            14.5
          ],
          "rotation": 90
        },
        "up": {
          "texture": "#0",
          "uv": [
            9.0,
            14.5,
            10.0,
            16.0
          ],
          "rotation": 270
        },
        "down": {
          "texture": "#0",
          "uv": [
            11.0,
            14.5,
            12.0,
            16.0
          ],
          "rotation": 270
        }
      }
    },
    {
      "name": "Cube_Arm_Bottom_Outer",
      "from": [
        7.7,
        6.35,
        5.75
      ],
      "to": [
        14.2,
        10.6,
        10.25
      ],
      "rotation": {
        "origin": [
          8.0,
          8.0,
          8.0
        ],
        "axis": "z",
        "angle": -22.5
      },
      "faces": {
        "north": {
          "texture": "#0",
          "uv": [
            14.0,
            14.5,
            15.0,
            16.0
          ],
          "rotation": 90
        },
        "east": {
          "texture": "#0",
          "uv": [
            14.0,
            13.0,
            15.0,
            12.0
          ]
        },
        "south": {
          "texture": "#0",
          "uv": [
            13.0,
            16.0,
            12.0,
            14.5
          ],
          "rotation": 90
        },
        "up": {
          "texture": "#0",
          "uv": [
            13.0,
            14.5,
            14.0,
            16.0
          ],
          "rotation": 270
        },
        "down": {
          "texture": "#0",
          "uv": [
            15.0,
            14.5,
            16.0,
            16.0
          ],
          "rotation": 270
        }
      }
    },
    {
      "name": "Cube_Arm_Bend_Outer",
      "from": [
        6.35,
        7.63,
        5.765
      ],
      "to": [
        10.85,
        9.53,
        10.235
      ],
      "rotation": {
        "origin": [
          8.0,
          8.0,
          8.0
        ],
        "axis": "z",
        "angle": 45.0
      },
      "faces": {
        "north": {
          "texture": "#0",
          "uv": [
            14.0,
            14.3,
            15.0,
            14.7
          ]
        },
        "east": {
          "texture": "#0",
          "uv": [
            13.0,
            14.3,
            14.0,
            14.7
          ]
        },
        "south": {
          "texture": "#0",
          "uv": [
            12.0,
            14.3,
            13.0,
            14.7
          ]
        },
        "west": {
          "texture": "#0",
          "uv": [
            15.0,
            14.3,
            16.0,
            14.7
          ]
        }
      }
    },
    {
      "name": "Cube_Arm_Bend_Inner",
      "from": [
        6.61,
        7.45,
        6.025
      ],
      "to": [
        10.61,
        9.4,
        9.975
      ],
      "rotation": {
        "origin": [
          8.0,
          8.0,
          8.0
        ],
        "axis": "z",
        "angle": 45.0
      },
      "faces": {
        "north": {
          "texture": "#0",
          "uv": [
            10.0,
            14.3,
            11.0,
            14.7
          ]
        },
        "east": {
          "texture": "#0",
          "uv": [
            9.0,
            14.3,
            10.0,
            14.7
          ]
        },
        "south": {
          "texture": "#0",
          "uv": [
            8.0,
            14.3,
            9.0,
            14.7
          ]
        },
        "west": {
          "texture": "#0",
          "uv": [
            11.0,
            14.3,
            12.0,
            14.7
          ]
        }
      }
    }
  ]
}
