{
  "display": {
    "head": {
      "rotation": [
        0,
        270,
        0
      ],
      "translation": [
        -4.29,
        -16.803,
        -8
      ],
      "scale": [
        2.142,
        2.142,
        2.142
      ]
    },
    "thirdperson_righthand": {
      "rotation": [
        90,
        180,
        0
      ],
      "translation": [
        -6.0,
        -2.0,
        -5.603
      ],
      "scale": [
        1.003,
        1.003,
        1.003
      ]
    },
    "thirdperson_lefthand": {
      "rotation": [
        0,
        180,
        0
      ],
      "translation": [
        -6.0,
        -2.0,
        -5.603
      ],
      "scale": [
        1.003,
        1.003,
        1.003
      ]
    }
  },
  "textures": {
    "0": "#skin"
  },
  "elements": [
    {
      "name": "Cube_Leg_Top_Inner",
      "from": [
        6.0,
        8.0,
        6.05
      ],
      "to": [
        10.0,
        14.0,
        9.95
      ],
      "rotation": {
        "origin": [
          8.0,
          8.0,
          8.0
        ],
        "axis": "z",
        "angle": -45.0
      },
      "faces": {
        "north": {
          "texture": "#0",
          "uv": [
            4.0,
            13.0,
            5.0,
            14.5
          ]
        },
        "east": {
          "texture": "#0",
          "uv": [
            7.0,
            13.0,
            8.0,
            14.5
          ]
        },
        "south": {
          "texture": "#0",
          "uv": [
            6.0,
            13.0,
            7.0,
            14.5
          ]
        },
        "west": {
          "texture": "#0",
          "uv": [
            5.0,
            13.0,
            6.0,
            14.5
          ]
        },
        "up": {
          "texture": "#0",
          "uv": [
            5.0,
            12.0,
            6.0,
            13.0
          ],
          "rotation": 90
        }
      }
    },
    {
      "name": "Cube_Leg_Top_Outer",
      "from": [
        5.75,
        7.9,
        5.775
      ],
      "to": [
        10.25,
        14.15,
        10.225
      ],
      "shade": false,
      "rotation": {
        "origin": [
          8.0,
          8.0,
          8.0
        ],
        "axis": "z",
        "angle": -45.0
      },
      "faces": {
        "north": {
          "texture": "#0",
          "uv": [
            0.0,
            13.0,
            1.0,
            14.5
          ]
        },
        "east": {
          "texture": "#0",
          "uv": [
            3.0,
            13.0,
            4.0,
            14.5
          ]
        },
        "south": {
          "texture": "#0",
          "uv": [
            2.0,
            13.0,
            3.0,
            14.5
          ]
        },
        "west": {
          "texture": "#0",
          "uv": [
            1.0,
            13.0,
            2.0,
            14.5
          ]
        },
        "up": {
          "texture": "#0",
          "uv": [
            1.0,
            12.0,
            2.0,
            13.0
          ],
          "rotation": 90
        }
      }
    },
    {
      "name": "Cube_Leg_Bottom_Inner",
      "from": [
        6.0,
        2.0,
        6.0
      ],
      "to": [
        10.0,
        8.0,
        10.0
      ],
      "faces": {
        "north": {
          "texture": "#0",
          "uv": [
            4.0,
            14.5,
            5.0,
            16.0
          ]
        },
        "east": {
          "texture": "#0",
          "uv": [
            7.0,
            14.5,
            8.0,
            16.0
          ]
        },
        "south": {
          "texture": "#0",
          "uv": [
            6.0,
            14.5,
            7.0,
            16.0
          ]
        },
        "west": {
          "texture": "#0",
          "uv": [
            5.0,
            14.5,
            6.0,
            16.0
          ]
        },
        "down": {
          "texture": "#0",
          "uv": [
            6.0,
            13.0,
            7.0,
            12.0
          ],
          "rotation": 270
        }
      }
    },
    {
      "name": "Cube_Leg_Bottom_Outer",
      "from": [
        5.75,
        1.8,
        5.75
      ],
      "to": [
        10.25,
        8.05,
        10.25
      ],
      "faces": {
        "north": {
          "texture": "#0",
          "uv": [
            0.0,
            14.5,
            1.0,
            16.0
          ]
        },
        "east": {
          "texture": "#0",
          "uv": [
            3.0,
            14.5,
            4.0,
            16.0
          ]
        },
        "south": {
          "texture": "#0",
          "uv": [
            2.0,
            14.5,
            3.0,
            16.0
          ]
        },
        "west": {
          "texture": "#0",
          "uv": [
            1.0,
            14.5,
            2.0,
            16.0
          ]
        },
        "down": {
          "texture": "#0",
          "uv": [
            2.0,
            13.0,
            3.0,
            12.0
          ],
          "rotation": 270
        }
      }
    },
    {
      "name": "Cube_Leg_Bend_Outer",
      "from": [
        5.9,
        7.2,
        5.74
      ],
      "to": [
        10.4,
        8.8,
        10.24
      ],
      "rotation": {
        "origin": [
          8.0,
          8.0,
          8.0
        ],
        "axis": "z",
        "angle": -22.5
      },
      "faces": {
        "north": {
          "texture": "#0",
          "uv": [
            0.0,
            14.25,
            1.0,
            14.75
          ]
        },
        "east": {
          "texture": "#0",
          "uv": [
            3.0,
            14.25,
            4.0,
            14.75
          ]
        },
        "south": {
          "texture": "#0",
          "uv": [
            2.0,
            14.25,
            3.0,
            14.75
          ]
        },
        "west": {
          "texture": "#0",
          "uv": [
            1.0,
            14.25,
            2.0,
            14.75
          ]
        }
      }
    },
    {
      "name": "Cube_Leg_Bend_Inner",
      "from": [
        6.15,
        7.25,
        6.025
      ],
      "to": [
        10.15,
        8.75,
        9.975
      ],
      "rotation": {
        "origin": [
          8.0,
          8.0,
          8.0
        ],
        "axis": "z",
        "angle": -22.5
      },
      "faces": {
        "north": {
          "texture": "#0",
          "uv": [
            4.0,
            14.25,
            5.0,
            14.75
          ]
        },
        "east": {
          "texture": "#0",
          "uv": [
            7.0,
            14.25,
            8.0,
            14.75
          ]
        },
        "south": {
          "texture": "#0",
          "uv": [
            6.0,
            14.25,
            7.0,
            14.75
          ]
        },
        "west": {
          "texture": "#0",
          "uv": [
            5.0,
            14.25,
            6.0,
            14.75
          ]
        }
      }
    }
  ]
}
