{
  "display": {
    "head": {
      "rotation": [
        0,
        180,
        0
      ],
      "translation": [
        4.29,
        -19.653,
        0
      ],
      "scale": [
        2.142,
        2.142,
        2.142
      ]
    },
    "thirdperson_righthand": {
      "rotation": [
        90,
        180,
        0
      ],
      "translation": [
        -6.0,
        -2.0,
        -5.603
      ],
      "scale": [
        1.003,
        1.003,
        1.003
      ]
    },
    "thirdperson_lefthand": {
      "rotation": [
        0,
        180,
        0
      ],
      "translation": [
        -6.0,
        -2.0,
        -5.603
      ],
      "scale": [
        1.003,
        1.003,
        1.003
      ]
    }
  },
  "textures": {
    "0": "#skin"
  },
  "elements": [
    {
      "name": "Cube",
      "from": [
        6.0,
        2.0,
        6.0
      ],
      "to": [
        10.0,
        14.0,
        10.0
      ],
      "faces": {
        "north": {
          "texture": "#0",
          "uv": [
            3.0,
            5.0,
            4.0,
            8.0
          ]
        },
        "east": {
          "texture": "#0",
          "uv": [
            2.0,
            5.0,
            3.0,
            8.0
          ]
        },
        "south": {
          "texture": "#0",
          "uv": [
            1.0,
            5.0,
            2.0,
            8.0
          ]
        },
        "west": {
          "texture": "#0",
          "uv": [
            0.0,
            5.0,
            1.0,
            8.0
          ]
        },
        "up": {
          "texture": "#0",
          "uv": [
            1.0,
            4.0,
            2.0,
            5.0
          ]
        },
        "down": {
          "texture": "#0",
          "uv": [
            2.0,
            5.0,
            3.0,
            4.0
          ]
        }
      }
    },
    {
      "name": "Cube",
      "from": [
        5.75,
        1.75,
        5.75
      ],
      "to": [
        10.25,
        14.25,
        10.25
      ],
      "faces": {
        "north": {
          "texture": "#0",
          "uv": [
            3.0,
            9.0,
            4.0,
            12.0
          ]
        },
        "east": {
          "texture": "#0",
          "uv": [
            2.0,
            9.0,
            3.0,
            12.0
          ]
        },
        "south": {
          "texture": "#0",
          "uv": [
            1.0,
            9.0,
            2.0,
            12.0
          ]
        },
        "west": {
          "texture": "#0",
          "uv": [
            0.0,
            9.0,
            1.0,
            12.0
          ]
        },
        "up": {
          "texture": "#0",
          "uv": [
            1.0,
            8.0,
            2.0,
            9.0
          ]
        },
        "down": {
          "texture": "#0",
          "uv": [
            2.0,
            9.0,
            3.0,
            8.0
          ]
        }
      }
    }
  ]
}
