{"credit":"Made with Blockbench by Valvac","textures":{"1":"block/lime_concrete","particle":"block/lime_concrete"},"elements":[{"from":[-2.6875,-7.65625,-8.34375],"to":[19.0625,1.78125,21.125],"faces":{"north":{"uv":[0,4,16,4.5],"texture":"#1"},"east":{"uv":[13,4,16,4.5],"texture":"#1"},"south":{"uv":[0,4,16,4.5],"texture":"#1"},"west":{"uv":[0,4,3,4.5],"texture":"#1"},"up":{"uv":[0,0,16,16],"texture":"#1"},"down":{"uv":[0,13,16,16],"texture":"#1"}}},{"from":[-2.15625,1.625,7.78125],"to":[18.65625,13.65625,16.59375],"faces":{"north":{"uv":[0,4,16,4.5],"texture":"#1"},"east":{"uv":[13,4,16,4.5],"texture":"#1"},"south":{"uv":[0,4,16,4.5],"texture":"#1"},"west":{"uv":[0,4,3,4.5],"texture":"#1"},"up":{"uv":[0,0,16,16],"texture":"#1"},"down":{"uv":[0,13,16,16],"texture":"#1"}}}],"display":{"head":{"translation":[0,18,0],"scale":[2.42773,2.32227,2.49023]}}}