{"credit":"Made with Blockbench by Valvac","textures":{"1":"block/lime_concrete","particle":"block/lime_concrete"},"elements":[{"from":[-0.9375,-7.65625,-1.09375],"to":[16.8125,7.625,16.59375],"faces":{"north":{"uv":[0,4,16,4.5],"texture":"#1"},"east":{"uv":[13,4,16,4.5],"texture":"#1"},"south":{"uv":[0,4,16,4.5],"texture":"#1"},"west":{"uv":[0,4,3,4.5],"texture":"#1"},"up":{"uv":[0,0,16,16],"texture":"#1"},"down":{"uv":[0,13,16,16],"texture":"#1"}}}],"display":{"head":{"translation":[0,18,0],"scale":[2.42773,2.32227,2.49023]}}}