{"credit":"Made with Blockbench by Valvac","textures":{"1":"block/baloons","2":"block/birch_planks","particle":"block/baloons"},"elements":[{"from":[6.125,3.0625,6.5625],"to":[9.84375,3.0625,9.875],"rotation":{"angle":0,"axis":"y","origin":[9,11.625,9]},"faces":{"north":{"uv":[3.25,11.375,4.25,10.375],"rotation":180,"texture":"#1"},"east":{"uv":[3.25,11.375,4.25,10.375],"rotation":180,"texture":"#1"},"south":{"uv":[3.25,11.375,4.25,10.375],"rotation":180,"texture":"#1"},"west":{"uv":[3.25,11.375,4.25,10.375],"rotation":180,"texture":"#1"},"down":{"uv":[2.25,10.125,3.25,9.375],"rotation":180,"texture":"#1"}}},{"from":[6.125,7.6875,6.125],"to":[9.84375,7.6875,9.875],"rotation":{"angle":0,"axis":"y","origin":[9,4.375,9]},"faces":{"north":{"uv":[1.25,9.375,2.25,10.375],"rotation":180,"texture":"#1"},"east":{"uv":[1.25,9.375,2.25,10.375],"rotation":180,"texture":"#1"},"south":{"uv":[1.25,9.375,2.25,10.375],"rotation":180,"texture":"#1"},"west":{"uv":[1.25,9.375,2.25,10.375],"rotation":180,"texture":"#1"},"up":{"uv":[5.25,9.375,6.25,10.375],"rotation":180,"texture":"#1"}}},{"from":[6.125,3.4375,10.25],"to":[9.84375,7.1875,10.25],"rotation":{"angle":0,"axis":"y","origin":[9,4.3125,7.0625]},"faces":{"east":{"uv":[3.25,10.375,4.25,11.375],"texture":"#1"},"south":{"uv":[3.25,10.375,4.25,11.375],"texture":"#1"},"west":{"uv":[3.25,10.375,4.25,11.375],"texture":"#1"},"up":{"uv":[3.25,10.375,4.25,11.375],"texture":"#1"},"down":{"uv":[3.25,10.375,4.25,11.375],"texture":"#1"}}},{"from":[6.125,3.4375,5.9375],"to":[9.84375,7.1875,5.9375],"rotation":{"angle":0,"axis":"y","origin":[9,4.3125,8.9375]},"faces":{"north":{"uv":[5.25,10.375,6.25,11.375],"texture":"#1"},"east":{"uv":[1.25,10.375,2.25,11.375],"texture":"#1"},"west":{"uv":[1.25,10.375,2.25,11.375],"texture":"#1"},"up":{"uv":[1.25,10.375,2.25,11.375],"texture":"#1"},"down":{"uv":[1.25,10.375,2.25,11.375],"texture":"#1"}}},{"from":[10.25,3.40625,6.09375],"to":[10.25,7.21875,9.90625],"rotation":{"angle":0,"axis":"y","origin":[7.0625,4.3125,9]},"faces":{"north":{"uv":[0.25,10.375,1.25,11.375],"texture":"#1"},"east":{"uv":[4.25,10.375,5.25,11.375],"texture":"#1"},"south":{"uv":[0.25,10.375,1.25,11.375],"texture":"#1"},"up":{"uv":[0.25,10.375,1.25,11.375],"texture":"#1"},"down":{"uv":[0.25,10.375,1.25,11.375],"texture":"#1"}}},{"from":[5.75,3.40625,6.09375],"to":[5.75,7.21875,9.90625],"rotation":{"angle":0,"axis":"y","origin":[8.9375,4.3125,9]},"faces":{"north":{"uv":[2.25,10.375,3.25,11.375],"texture":"#1"},"south":{"uv":[2.25,10.375,3.25,11.375],"texture":"#1"},"west":{"uv":[6.25,10.375,7.25,11.375],"texture":"#1"},"up":{"uv":[2.25,10.375,3.25,11.375],"texture":"#1"},"down":{"uv":[2.25,10.375,3.25,11.375],"texture":"#1"}}},{"from":[5.875,3.1875,6.5],"to":[10.125,4.3125,10.125],"rotation":{"angle":0,"axis":"y","origin":[9,4.3125,9]},"faces":{"north":{"uv":[1,10.75,1.125,11.125],"texture":"#1"},"east":{"uv":[0.25,11.125,1.125,11.375],"texture":"#1"},"south":{"uv":[3.25,11.125,4.25,11.375],"texture":"#1"},"west":{"uv":[2.375,11.125,3.25,11.375],"texture":"#1"},"up":{"uv":[1.25,9.375,2.25,10.375],"rotation":180,"texture":"#1"},"down":{"uv":[3.25,10.375,4.25,11.25],"rotation":180,"texture":"#1"}}},{"from":[5.875,4.3125,6.5],"to":[10.125,5.8125,10.125],"rotation":{"angle":0,"axis":"y","origin":[9,4.3125,9]},"faces":{"north":{"uv":[1,10.75,1.125,11.125],"texture":"#1"},"east":{"uv":[0.25,10.75,1.125,11.125],"texture":"#1"},"south":{"uv":[3.25,10.75,4.25,11.125],"texture":"#1"},"west":{"uv":[2.375,10.75,3.25,11.125],"texture":"#1"},"up":{"uv":[1.25,9.375,2.25,10.375],"rotation":180,"texture":"#1"},"down":{"uv":[1.25,10.375,2.25,10.5],"rotation":180,"texture":"#1"}}},{"from":[5.875,5.8125,7],"to":[10.125,6.8125,10.125],"rotation":{"angle":0,"axis":"y","origin":[9,4.3125,9]},"faces":{"north":{"uv":[0.875,10.5,1,10.75],"texture":"#1"},"east":{"uv":[0.25,10.5,1,10.75],"texture":"#1"},"south":{"uv":[3.25,10.5,4.25,10.75],"texture":"#1"},"west":{"uv":[2.5,10.5,3.25,10.75],"texture":"#1"},"up":{"uv":[1.25,9.375,2.25,10.375],"rotation":180,"texture":"#1"},"down":{"uv":[1.25,10.375,2.25,10.5],"rotation":180,"texture":"#1"}}},{"from":[6.375,7.375,6.375],"to":[9.625,7.625,9.625],"rotation":{"angle":0,"axis":"y","origin":[9,4.3125,9]},"faces":{"north":{"uv":[1.375,10.125,2.125,10.25],"texture":"#1"},"east":{"uv":[1.375,10.125,2.125,10.25],"texture":"#1"},"south":{"uv":[1.375,10.125,2.125,10.25],"texture":"#1"},"west":{"uv":[1.375,10.125,2.125,10.25],"texture":"#1"},"up":{"uv":[1.375,9.5,2.125,10.25],"rotation":180,"texture":"#1"},"down":{"uv":[1.375,10.125,2.125,10.25],"rotation":180,"texture":"#1"}}},{"from":[5.875,6.8125,5.875],"to":[10.125,7.375,10.125],"rotation":{"angle":0,"axis":"y","origin":[9,4.3125,9]},"faces":{"north":{"uv":[1.25,10.375,2.25,10.5],"texture":"#1"},"east":{"uv":[0.25,10.375,1.25,10.5],"texture":"#1"},"south":{"uv":[3.25,10.375,4.25,10.5],"texture":"#1"},"west":{"uv":[2.25,10.375,3.25,10.5],"texture":"#1"},"up":{"uv":[1.25,9.375,2.25,10.375],"rotation":180,"texture":"#1"},"down":{"uv":[1.25,10.375,2.25,10.5],"rotation":180,"texture":"#1"}}},{"from":[8.5,5.8125,5.9375],"to":[10,6.3125,6],"rotation":{"angle":0,"axis":"y","origin":[7,4.3125,9]},"faces":{"north":{"uv":[1.625,10.625,1.25,10.75],"texture":"#1"},"east":{"uv":[2.25,10.625,2.125,10.75],"texture":"#1"},"south":{"uv":[2.25,10.625,2.125,10.75],"texture":"#1"},"west":{"uv":[2.25,10.625,2.125,10.75],"texture":"#1"},"up":{"uv":[2.25,10.625,2.125,10.75],"texture":"#1"},"down":{"uv":[2.25,10.625,2.125,10.75],"texture":"#1"}}},{"from":[6,5.8125,5.9375],"to":[7.5,6.3125,6],"rotation":{"angle":0,"axis":"y","origin":[9,4.3125,9]},"faces":{"north":{"uv":[1.875,10.625,2.25,10.75],"texture":"#1"},"east":{"uv":[2.125,10.625,2.25,10.75],"texture":"#1"},"south":{"uv":[2.125,10.625,2.25,10.75],"texture":"#1"},"west":{"uv":[2.125,10.625,2.25,10.75],"texture":"#1"},"up":{"uv":[2.125,10.625,2.25,10.75],"texture":"#1"},"down":{"uv":[2.125,10.625,2.25,10.75],"texture":"#1"}}},{"from":[6,4.3125,6],"to":[10,7.3125,10],"rotation":{"angle":0,"axis":"y","origin":[9,4.3125,9]},"faces":{"north":{"uv":[1.25,10.375,2.25,11.125],"texture":"#1"},"east":{"uv":[0.25,10.375,1.25,11.125],"texture":"#1"},"south":{"uv":[3.25,10.375,4.25,11.125],"texture":"#1"},"west":{"uv":[2.25,10.375,3.25,11.125],"texture":"#1"},"up":{"uv":[1.25,9.375,2.25,10.375],"rotation":180,"texture":"#1"},"down":{"uv":[2.25,9.375,3.25,10.375],"texture":"#1"}}},{"from":[6,3.3125,6],"to":[10,4.3125,10],"rotation":{"angle":0,"axis":"y","origin":[9,4.3125,9]},"faces":{"north":{"uv":[1.25,11.125,2.25,11.375],"texture":"#1"},"east":{"uv":[0.375,11.125,1.375,11.375],"texture":"#1"},"south":{"uv":[3.25,10.375,4.25,11.375],"texture":"#1"},"west":{"uv":[2.125,11.125,3.125,11.375],"texture":"#1"},"up":{"uv":[1.25,9.375,2.25,10.375],"rotation":180,"texture":"#1"},"down":{"uv":[1.25,11.25,2.25,11.375],"texture":"#1"}}},{"from":[7.84375,-8,8],"to":[8.03125,5.375,8],"rotation":{"angle":0,"axis":"y","origin":[16,8,15.875]},"faces":{"north":{"uv":[6,0,8,16],"texture":"#2"},"south":{"uv":[6,0,8,16],"texture":"#2"}}}],"display":{"thirdperson_righthand":{"rotation":[70,0,0],"translation":[0,11.5,33],"scale":[2.2,2.2,2.2]},"thirdperson_lefthand":{"rotation":[70,0,0],"translation":[0,11.5,33],"scale":[2.2,2.2,2.2]},"firstperson_righthand":{"translation":[-1,15,1.5],"scale":[1.2,1.2,1.2]},"firstperson_lefthand":{"translation":[-1,15,1.5],"scale":[1.2,1.2,1.2]},"ground":{"translation":[0,12,0]},"gui":{"rotation":[11,-11,0],"translation":[-0.25,5.5,0],"scale":[0.8,0.8,0.8]},"head":{"translation":[0,27,0],"scale":[3.7,3.7,3.7]},"fixed":{"rotation":[-90,0,0],"translation":[0,0,-52],"scale":[4,4,4]}}}