{"credit":"Made with Blockbench by Valvac","textures":{"2":"block/birch_planks","3":"block/baloons"},"elements":[{"from":[6.25,6.375,8.75],"to":[6.5,8.875,9],"rotation":{"angle":0,"axis":"y","origin":[-1.5,7.625,8]},"faces":{"up":{"uv":[15.75,0,7.75,1.375],"texture":"#3"},"down":{"uv":[14.29333,0.58667,15.36,1.38667],"texture":"#3"}}},{"from":[6.25,6.375,7],"to":[6.5,8.875,7.25],"rotation":{"angle":0,"axis":"y","origin":[-1.5,7.625,8]},"faces":{"up":{"uv":[15.75,0,7.75,1.375],"texture":"#3"},"down":{"uv":[14.24,9.17333,15.30667,9.97333],"texture":"#3"}}},{"from":[4.5,6.375,7],"to":[4.75,8.875,7.25],"rotation":{"angle":0,"axis":"y","origin":[-1.5,7.625,8]},"faces":{"up":{"uv":[15.75,0,7.75,1.375],"texture":"#3"},"down":{"uv":[15.75,2.625,7.75,3.875],"texture":"#3"}}},{"from":[4.5,6.375,8.75],"to":[4.75,8.875,9],"rotation":{"angle":0,"axis":"y","origin":[-1.5,7.625,8]},"faces":{"up":{"uv":[15.75,0,7.75,1.375],"texture":"#3"},"down":{"uv":[15.75,2.625,7.75,3.875],"texture":"#3"}}},{"from":[4.75,6.375,8.75],"to":[6.25,8.875,9.25],"rotation":{"angle":0,"axis":"y","origin":[-1.5,7.625,8]},"faces":{"up":{"uv":[15.75,0,7.75,1.375],"texture":"#3"},"down":{"uv":[15.75,2.625,7.75,3.875],"texture":"#3"}}},{"from":[4.75,6.375,6.75],"to":[6.25,8.875,7.25],"rotation":{"angle":0,"axis":"y","origin":[-1.5,7.625,8]},"faces":{"up":{"uv":[15.75,0,7.75,1.375],"texture":"#3"},"down":{"uv":[15.75,2.625,7.75,3.875],"texture":"#3"}}},{"from":[4.5,8.375,6.75],"to":[4.75,8.625,9.25],"rotation":{"angle":0,"axis":"y","origin":[-1.5,7.625,8]},"faces":{"north":{"uv":[15.75,0,7.75,1.375],"texture":"#3"},"south":{"uv":[15.75,0,7.75,1.375],"texture":"#3"}}},{"from":[4.25,6.875,6.75],"to":[6.75,8.375,9.25],"rotation":{"angle":0,"axis":"y","origin":[-1.5,7.625,8]},"faces":{"north":{"uv":[15.75,1.125,7.75,2.875],"texture":"#3"},"east":{"uv":[15.75,1.125,7.75,2.875],"texture":"#3"},"south":{"uv":[15.75,1.125,7.75,2.875],"texture":"#3"},"west":{"uv":[15.75,1.125,7.75,2.875],"texture":"#3"}}},{"from":[4.75,8.375,6.75],"to":[6.25,8.875,9.25],"rotation":{"angle":0,"axis":"y","origin":[-1.5,7.625,8]},"faces":{"north":{"uv":[15.75,0,7.75,1.375],"texture":"#3"},"south":{"uv":[15.75,0,7.75,1.375],"texture":"#3"}}},{"from":[4.5,6.625,6.75],"to":[4.75,6.875,9.25],"rotation":{"angle":0,"axis":"y","origin":[-1.5,7.625,8]},"faces":{"north":{"uv":[15.75,2.625,7.75,3.875],"texture":"#3"},"south":{"uv":[15.75,2.625,7.75,3.875],"texture":"#3"}}},{"from":[4.75,6.375,6.75],"to":[6.25,6.875,9.25],"rotation":{"angle":0,"axis":"y","origin":[-1.5,7.625,8]},"faces":{"north":{"uv":[15.75,2.625,7.75,3.875],"texture":"#3"},"south":{"uv":[15.75,2.625,7.75,3.875],"texture":"#3"}}},{"from":[6.25,6.625,6.75],"to":[6.5,6.875,9.25],"rotation":{"angle":0,"axis":"y","origin":[-1.5,7.625,8]},"faces":{"north":{"uv":[6.08,8.74667,7.14667,9.54667],"texture":"#3"},"south":{"uv":[14.24,9.17333,15.30667,9.97333],"texture":"#3"}}},{"from":[6.25,8.375,6.75],"to":[6.5,8.625,9.25],"rotation":{"angle":0,"axis":"y","origin":[-1.5,7.625,8]},"faces":{"north":{"uv":[15.75,0,7.75,1.375],"texture":"#3"},"south":{"uv":[15.75,0,7.75,1.375],"texture":"#3"}}},{"from":[4.25,6.625,8.75],"to":[6.75,6.875,9],"rotation":{"angle":0,"axis":"y","origin":[-1.5,7.625,8]},"faces":{"east":{"uv":[14.29333,0.58667,15.36,1.38667],"rotation":180,"texture":"#3"},"west":{"uv":[15.75,2.625,7.75,3.875],"texture":"#3"}}},{"from":[4.25,8.375,8.75],"to":[6.75,8.625,9],"rotation":{"angle":0,"axis":"y","origin":[-1.5,7.625,8]},"faces":{"east":{"uv":[14.24,9.17333,15.30667,9.97333],"rotation":180,"texture":"#3"},"west":{"uv":[15.75,0,7.75,1.375],"texture":"#3"}}},{"from":[4.25,8.375,7.25],"to":[6.75,8.875,8.75],"rotation":{"angle":0,"axis":"y","origin":[-1.5,7.625,8]},"faces":{"east":{"uv":[15.75,0,7.75,1.375],"texture":"#3"},"west":{"uv":[15.75,0,7.75,1.375],"texture":"#3"},"up":{"uv":[15.75,0,7.75,1.375],"texture":"#3"}}},{"from":[4.25,8.375,7],"to":[6.75,8.625,7.25],"rotation":{"angle":0,"axis":"y","origin":[-1.5,7.625,8]},"faces":{"east":{"uv":[15.75,0,7.75,1.375],"texture":"#3"},"west":{"uv":[15.75,0,7.75,1.375],"texture":"#3"}}},{"from":[4.25,6.375,7.25],"to":[6.75,6.875,8.75],"rotation":{"angle":0,"axis":"y","origin":[-1.5,7.625,8]},"faces":{"east":{"uv":[7.78667,0.05333,14.18667,1.81333],"rotation":180,"texture":"#3"},"west":{"uv":[15.75,2.625,7.75,3.875],"texture":"#3"},"down":{"uv":[15.75,2.625,7.75,3.875],"texture":"#3"}}},{"from":[4.25,6.625,7],"to":[6.75,6.875,7.25],"rotation":{"angle":0,"axis":"y","origin":[-1.5,7.625,8]},"faces":{"east":{"uv":[6.02667,0.69333,7.09333,1.49333],"rotation":180,"texture":"#3"},"west":{"uv":[15.75,2.625,7.75,3.875],"texture":"#3"}}},{"from":[4.375,6.5,6.875],"to":[6.625,8.75,9.125],"rotation":{"angle":0,"axis":"y","origin":[-1.5,7.625,8]},"faces":{"north":{"uv":[7.83333,0,15.75,3.875],"texture":"#3"},"east":{"uv":[7.83333,0,15.75,3.875],"texture":"#3"},"south":{"uv":[7.83333,0,15.75,3.875],"texture":"#3"},"west":{"uv":[7.83333,0,15.75,3.875],"texture":"#3"},"up":{"uv":[7.83333,0,15.75,0.75],"texture":"#3"},"down":{"uv":[7.83333,3,15.75,3.875],"texture":"#3"}}},{"from":[11.25,6.375,8.75],"to":[11.5,8.875,9],"rotation":{"angle":0,"axis":"y","origin":[-1.5,7.625,8]},"faces":{"up":{"uv":[15.75,0,7.75,1.375],"texture":"#3"},"down":{"uv":[15.75,2.625,7.75,3.875],"texture":"#3"}}},{"from":[11.25,6.375,7],"to":[11.5,8.875,7.25],"rotation":{"angle":0,"axis":"y","origin":[-1.5,7.625,8]},"faces":{"up":{"uv":[15.75,0,7.75,1.375],"texture":"#3"},"down":{"uv":[15.75,2.625,7.75,3.875],"texture":"#3"}}},{"from":[9.5,6.375,7],"to":[9.75,8.875,7.25],"rotation":{"angle":0,"axis":"y","origin":[-1.5,7.625,8]},"faces":{"up":{"uv":[15.75,0,7.75,1.375],"texture":"#3"},"down":{"uv":[6.08,8.74667,7.14667,9.54667],"texture":"#3"}}},{"from":[9.5,6.375,8.75],"to":[9.75,8.875,9],"rotation":{"angle":0,"axis":"y","origin":[-1.5,7.625,8]},"faces":{"up":{"uv":[15.75,0,7.75,1.375],"texture":"#3"},"down":{"uv":[6.02667,0.69333,7.09333,1.49333],"texture":"#3"}}},{"from":[9.75,6.375,8.75],"to":[11.25,8.875,9.25],"rotation":{"angle":0,"axis":"y","origin":[-1.5,7.625,8]},"faces":{"up":{"uv":[15.75,0,7.75,1.375],"texture":"#3"},"down":{"uv":[15.75,2.625,7.75,3.875],"texture":"#3"}}},{"from":[9.75,6.375,6.75],"to":[11.25,8.875,7.25],"rotation":{"angle":0,"axis":"y","origin":[-1.5,7.625,8]},"faces":{"up":{"uv":[15.75,0,7.75,1.375],"texture":"#3"},"down":{"uv":[15.75,2.625,7.75,3.875],"texture":"#3"}}},{"from":[9.5,8.375,6.75],"to":[9.75,8.625,9.25],"rotation":{"angle":0,"axis":"y","origin":[-1.5,7.625,8]},"faces":{"north":{"uv":[15.75,0,7.75,1.375],"texture":"#3"},"south":{"uv":[15.75,0,7.75,1.375],"texture":"#3"}}},{"from":[9.25,6.875,6.75],"to":[11.75,8.375,9.25],"rotation":{"angle":0,"axis":"y","origin":[-1.5,7.625,8]},"faces":{"north":{"uv":[15.75,1.125,7.75,2.875],"texture":"#3"},"east":{"uv":[15.75,1.125,7.75,2.875],"texture":"#3"},"south":{"uv":[15.75,1.125,7.75,2.875],"texture":"#3"},"west":{"uv":[15.75,1.125,7.75,2.875],"texture":"#3"}}},{"from":[9.75,8.375,6.75],"to":[11.25,8.875,9.25],"rotation":{"angle":0,"axis":"y","origin":[-1.5,7.625,8]},"faces":{"north":{"uv":[15.75,0,7.75,1.375],"texture":"#3"},"south":{"uv":[15.75,0,7.75,1.375],"texture":"#3"}}},{"from":[9.5,6.625,6.75],"to":[9.75,6.875,9.25],"rotation":{"angle":0,"axis":"y","origin":[-1.5,7.625,8]},"faces":{"north":{"uv":[14.24,9.17333,15.30667,9.97333],"texture":"#3"},"south":{"uv":[6.08,8.74667,7.14667,9.54667],"texture":"#3"}}},{"from":[9.75,6.375,6.75],"to":[11.25,6.875,9.25],"rotation":{"angle":0,"axis":"y","origin":[-1.5,7.625,8]},"faces":{"north":{"uv":[15.75,2.625,7.75,3.875],"texture":"#3"},"south":{"uv":[7.14667,8.8,13.54667,10.56],"texture":"#3"}}},{"from":[11.25,6.625,6.75],"to":[11.5,6.875,9.25],"rotation":{"angle":0,"axis":"y","origin":[-1.5,7.625,8]},"faces":{"north":{"uv":[15.75,2.625,7.75,3.875],"texture":"#3"},"south":{"uv":[14.24,9.17333,15.30667,9.97333],"texture":"#3"}}},{"from":[11.25,8.375,6.75],"to":[11.5,8.625,9.25],"rotation":{"angle":0,"axis":"y","origin":[-1.5,7.625,8]},"faces":{"north":{"uv":[15.75,0,7.75,1.375],"texture":"#3"},"south":{"uv":[15.75,0,7.75,1.375],"texture":"#3"}}},{"from":[9.25,6.625,8.75],"to":[11.75,6.875,9],"rotation":{"angle":0,"axis":"y","origin":[-1.5,7.625,8]},"faces":{"east":{"uv":[15.75,2.625,7.75,3.875],"texture":"#3"},"west":{"uv":[6.02667,0.69333,7.09333,1.49333],"rotation":180,"texture":"#3"}}},{"from":[9.25,8.375,8.75],"to":[11.75,8.625,9],"rotation":{"angle":0,"axis":"y","origin":[-1.5,7.625,8]},"faces":{"east":{"uv":[15.75,0,7.75,1.375],"texture":"#3"},"west":{"uv":[15.75,0,7.75,1.375],"texture":"#3"}}},{"from":[9.25,8.375,7.25],"to":[11.75,8.875,8.75],"rotation":{"angle":0,"axis":"y","origin":[-1.5,7.625,8]},"faces":{"east":{"uv":[15.75,0,7.75,1.375],"texture":"#3"},"west":{"uv":[15.75,0,7.75,1.375],"texture":"#3"},"up":{"uv":[15.75,0,7.75,1.375],"texture":"#3"}}},{"from":[9.25,8.375,7],"to":[11.75,8.625,7.25],"rotation":{"angle":0,"axis":"y","origin":[-1.5,7.625,8]},"faces":{"east":{"uv":[15.75,0,7.75,1.375],"texture":"#3"},"west":{"uv":[15.75,0,7.75,1.375],"texture":"#3"}}},{"from":[9.25,6.375,7.25],"to":[11.75,6.875,8.75],"rotation":{"angle":0,"axis":"y","origin":[-1.5,7.625,8]},"faces":{"east":{"uv":[15.75,2.625,7.75,3.875],"texture":"#3"},"west":{"uv":[7.78667,0.05333,14.18667,1.81333],"rotation":180,"texture":"#3"},"down":{"uv":[15.75,2.625,7.75,3.875],"texture":"#3"}}},{"from":[9.25,6.625,7],"to":[11.75,6.875,7.25],"rotation":{"angle":0,"axis":"y","origin":[-1.5,7.625,8]},"faces":{"east":{"uv":[15.75,2.625,7.75,3.875],"texture":"#3"},"west":{"uv":[14.29333,0.58667,15.36,1.38667],"rotation":180,"texture":"#3"}}},{"from":[9.375,6.5,6.875],"to":[11.625,8.75,9.125],"rotation":{"angle":0,"axis":"y","origin":[-1.5,7.625,8]},"faces":{"north":{"uv":[7.83333,0,15.75,3.25],"texture":"#3"},"east":{"uv":[7.83333,0,15.75,3.25],"texture":"#3"},"south":{"uv":[7.83333,0,15.75,3.25],"texture":"#3"},"west":{"uv":[7.83333,0,15.75,3.25],"texture":"#3"},"up":{"uv":[7.83333,0,15.75,0.875],"texture":"#3"},"down":{"uv":[7.83333,3.125,15.75,3.25],"texture":"#3"}}},{"from":[5.875,3.3,9.275],"to":[10.125,3.725,9.7],"rotation":{"angle":0,"axis":"y","origin":[-1.5,7.625,8]},"faces":{"east":{"uv":[15.75,6.625,7.75,8],"texture":"#3"},"west":{"uv":[15.75,6.625,7.75,8],"texture":"#3"}}},{"from":[5.875,6.275,9.275],"to":[10.125,6.7,9.7],"rotation":{"angle":0,"axis":"y","origin":[-1.5,7.625,8]},"faces":{"east":{"uv":[14.24,9.17333,15.30667,9.97333],"rotation":180,"texture":"#3"},"west":{"uv":[7.83333,3,15.75,3.54167],"texture":"#3"}}},{"from":[5.875,6.275,6.725],"to":[10.125,7.125,9.275],"rotation":{"angle":0,"axis":"y","origin":[-1.5,7.625,8]},"faces":{"east":{"uv":[7.83333,3,15.75,3.54167],"texture":"#3"},"west":{"uv":[7.83333,3,15.75,3.54167],"texture":"#3"}}},{"from":[5.875,6.275,6.3],"to":[10.125,6.7,6.725],"rotation":{"angle":0,"axis":"y","origin":[-1.5,7.625,8]},"faces":{"east":{"uv":[7.83333,3,15.75,3.54167],"texture":"#3"},"west":{"uv":[7.83333,3,15.75,3.54167],"texture":"#3"}}},{"from":[5.875,2.875,6.725],"to":[10.125,3.725,9.275],"rotation":{"angle":0,"axis":"y","origin":[-1.5,7.625,8]},"faces":{"east":{"uv":[15.75,6.625,7.75,8],"texture":"#3"},"west":{"uv":[15.75,6.625,7.75,8],"texture":"#3"}}},{"from":[5.875,3.3,6.3],"to":[10.125,3.725,6.725],"rotation":{"angle":0,"axis":"y","origin":[-1.5,7.625,8]},"faces":{"east":{"uv":[15.75,6.625,7.75,8],"texture":"#3"},"west":{"uv":[15.75,6.625,7.75,8],"texture":"#3"}}},{"from":[6.3,6.275,5.875],"to":[6.725,6.7,10.125],"rotation":{"angle":0,"axis":"y","origin":[-1.5,7.625,8]},"faces":{"north":{"uv":[15.75,2.625,7.75,3.875],"texture":"#3"},"south":{"uv":[15.75,2.625,7.75,3.875],"texture":"#3"}}},{"from":[5.875,3.725,5.875],"to":[10.125,6.275,10.125],"rotation":{"angle":0,"axis":"y","origin":[-1.5,7.625,8]},"faces":{"north":{"uv":[7.75,3.5,15.75,7],"texture":"#3"},"east":{"uv":[7.75,3.5,15.75,7],"texture":"#3"},"south":{"uv":[7.75,3.5,15.75,7],"texture":"#3"},"west":{"uv":[7.75,3.5,15.75,7],"texture":"#3"}}},{"from":[6.725,6.275,5.875],"to":[9.275,7.125,10.125],"rotation":{"angle":0,"axis":"y","origin":[-1.5,7.625,8]},"faces":{"north":{"uv":[15.75,2.625,7.75,3.875],"texture":"#3"},"south":{"uv":[15.75,2.625,7.75,3.875],"texture":"#3"}}},{"from":[6.3,3.3,5.875],"to":[6.725,3.725,10.125],"rotation":{"angle":0,"axis":"y","origin":[-1.5,7.625,8]},"faces":{"north":{"uv":[15.75,6.625,7.75,8],"texture":"#3"},"south":{"uv":[15.75,6.625,7.75,8],"texture":"#3"}}},{"from":[6.725,2.875,5.875],"to":[9.275,3.725,10.125],"rotation":{"angle":0,"axis":"y","origin":[-1.5,7.625,8]},"faces":{"north":{"uv":[15.75,6.625,7.75,8],"texture":"#3"},"south":{"uv":[15.75,6.625,7.75,8],"texture":"#3"}}},{"from":[9.275,3.3,5.875],"to":[9.7,3.725,10.125],"rotation":{"angle":0,"axis":"y","origin":[-1.5,7.625,8]},"faces":{"north":{"uv":[15.75,6.625,7.75,8],"texture":"#3"},"south":{"uv":[15.75,6.625,7.75,8],"texture":"#3"}}},{"from":[9.275,6.275,5.875],"to":[9.7,6.7,10.125],"rotation":{"angle":0,"axis":"y","origin":[-1.5,7.625,8]},"faces":{"north":{"uv":[15.75,2.625,7.75,3.875],"texture":"#3"},"south":{"uv":[15.75,2.625,7.75,3.875],"texture":"#3"}}},{"from":[9.275,2.875,9.275],"to":[9.7,7.125,9.7],"rotation":{"angle":0,"axis":"y","origin":[-1.5,7.625,8]},"faces":{"up":{"uv":[7.83333,3,15.75,3.54167],"texture":"#3"},"down":{"uv":[8.28,6.95,15.07167,7.78667],"texture":"#3"}}},{"from":[9.275,2.875,6.3],"to":[9.7,7.125,6.725],"rotation":{"angle":0,"axis":"y","origin":[-1.5,7.625,8]},"faces":{"up":{"uv":[7.83333,3,15.75,3.54167],"texture":"#3"},"down":{"uv":[8.28,6.95,15.07167,7.78667],"texture":"#3"}}},{"from":[6.725,2.875,5.875],"to":[9.275,7.125,6.725],"rotation":{"angle":0,"axis":"y","origin":[-1.5,7.625,8]},"faces":{"up":{"uv":[7.14667,8.8,13.54667,10.56],"rotation":180,"texture":"#3"},"down":{"uv":[8.28,6.95,15.07167,7.78667],"texture":"#3"}}},{"from":[6.3,2.875,6.3],"to":[6.725,7.125,6.725],"rotation":{"angle":0,"axis":"y","origin":[-1.5,7.625,8]},"faces":{"up":{"uv":[7.83333,3,15.75,3.54167],"texture":"#3"},"down":{"uv":[8.28,6.95,15.07167,7.78667],"texture":"#3"}}},{"from":[6.725,2.875,9.275],"to":[9.275,7.125,10.125],"rotation":{"angle":0,"axis":"y","origin":[-1.5,7.625,8]},"faces":{"up":{"uv":[7.83333,3,15.75,3.54167],"texture":"#3"},"down":{"uv":[8.28,6.95,15.07167,7.78667],"texture":"#3"}}},{"from":[5.875,2.875,6.725],"to":[10.125,7.125,9.275],"rotation":{"angle":0,"axis":"y","origin":[-1.5,7.625,8]},"faces":{"up":{"uv":[7.83333,3,15.75,3.54167],"texture":"#3"},"down":{"uv":[8.28,6.95,15.07167,7.78667],"texture":"#3"}}},{"from":[6.0875,3.0875,6.0875],"to":[9.9125,6.9125,9.9125],"rotation":{"angle":0,"axis":"y","origin":[-1.5,7.625,8]},"faces":{"north":{"uv":[7.83333,3,15.75,7.91667],"texture":"#3"},"east":{"uv":[7.83333,3,15.75,7.91667],"texture":"#3"},"south":{"uv":[7.83333,3,15.75,7.91667],"texture":"#3"},"west":{"uv":[7.83333,3,15.75,7.91667],"texture":"#3"},"up":{"uv":[7.83333,3,15.75,3.54167],"texture":"#3"},"down":{"uv":[7.83333,7.125,15.75,7.91667],"texture":"#3"}}},{"from":[6.3,2.875,9.275],"to":[6.725,7.125,9.7],"rotation":{"angle":0,"axis":"y","origin":[-1.5,7.625,8]},"faces":{"up":{"uv":[7.83333,3,15.75,3.54167],"texture":"#3"},"down":{"uv":[8.28,6.95,15.07167,7.78667],"texture":"#3"}}},{"from":[7.84375,-8,8],"to":[8.03125,5.375,8],"rotation":{"angle":0,"axis":"y","origin":[16,8,15.875]},"faces":{"north":{"uv":[6,0,8,16],"texture":"#2"},"south":{"uv":[6,0,8,16],"texture":"#2"}}},{"from":[6.25,4.5,5.84375],"to":[9.75,5.5,5.84375],"rotation":{"angle":0,"axis":"y","origin":[9,4,9]},"faces":{"north":{"uv":[0,12.8,10.66667,16],"texture":"#3"}}},{"from":[6.25,4.5,10.15625],"to":[9.75,5.5,10.15625],"rotation":{"angle":0,"axis":"y","origin":[8,5,10.15625]},"faces":{"south":{"uv":[0,12.8,10.66667,16],"texture":"#3"}}},{"from":[5.1875,7.3125,6.71875],"to":[5.8125,7.9375,6.71875],"rotation":{"angle":0,"axis":"y","origin":[9,4,9]},"faces":{"north":{"uv":[12.16,12.16,14.72,14.72],"texture":"#3"}}},{"from":[10.1875,7.3125,9.28125],"to":[10.8125,7.9375,9.28125],"rotation":{"angle":0,"axis":"y","origin":[7,4,7]},"faces":{"south":{"uv":[12.16,12.16,14.72,14.72],"texture":"#3"}}}],"display":{"thirdperson_righthand":{"rotation":[70,0,0],"translation":[0,11.5,33],"scale":[2.2,2.2,2.2]},"thirdperson_lefthand":{"rotation":[70,0,0],"translation":[0,11.5,33],"scale":[2.2,2.2,2.2]},"firstperson_righthand":{"translation":[-1,15,1.5],"scale":[1.2,1.2,1.2]},"firstperson_lefthand":{"translation":[-1,15,1.5],"scale":[1.2,1.2,1.2]},"ground":{"translation":[0,12,0]},"gui":{"rotation":[11,-11,0],"translation":[-0.25,5.5,0],"scale":[0.8,0.8,0.8]},"head":{"translation":[0,27,0],"scale":[3.7,3.7,3.7]},"fixed":{"rotation":[-90,0,0],"translation":[0,0,-52],"scale":[4,4,4]}},"groups":[{"name":"Oreille Droite","origin":[8,8,8],"color":0,"nbt":"{}","armAnimationEnabled":false,"children":[0,1,2,3,4,5,6,7,8,9,10,11,12,13,14,15,16,17,18,19]},{"name":"Oreille Gauche","origin":[8,8,8],"color":0,"nbt":"{}","armAnimationEnabled":false,"children":[20,21,22,23,24,25,26,27,28,29,30,31,32,33,34,35,36,37,38,39]},{"name":"group","origin":[-1.5,7.625,8],"color":0,"nbt":"{}","armAnimationEnabled":false,"children":[40,41,42,43,44,45,46,47,48,49,50,51,52,53,54,55,56,57,58,59,60]},61,62,63,64,65]}