{"credit":"Made with Blockbench by Valvac","textures":{"1":"block/baloons","2":"block/birch_planks","particle":"block/baloons"},"elements":[{"from":[6,5,6],"to":[10,7.3125,10],"rotation":{"angle":0,"axis":"y","origin":[9,4.3125,9]},"faces":{"north":{"uv":[1.25,1.75,2.25,2.5],"texture":"#1"},"east":{"uv":[2.5,1.875,3.625,2.5],"texture":"#1"},"south":{"uv":[1.25,1.75,2.25,2.5],"texture":"#1"},"west":{"uv":[2.5,1.875,3.625,2.5],"texture":"#1"},"up":{"uv":[1.25,1.75,2.25,1.875],"rotation":180,"texture":"#1"}}},{"from":[5.9375,5.09375,6.09375],"to":[5.9375,7.21875,9.90625],"rotation":{"angle":0,"axis":"y","origin":[8.9375,4.3125,9]},"faces":{"east":{"uv":[2.5,1.875,3.625,2.5],"texture":"#1"},"west":{"uv":[2.5,1.875,3.625,2.5],"texture":"#1"}}},{"from":[10.0625,5.09375,6.09375],"to":[10.0625,7.21875,9.90625],"rotation":{"angle":0,"axis":"y","origin":[7.0625,4.3125,9]},"faces":{"east":{"uv":[2.5,1.875,3.625,2.5],"texture":"#1"},"west":{"uv":[2.5,1.875,3.625,2.5],"texture":"#1"}}},{"from":[6.125,5.125,5.9375],"to":[9.84375,7.1875,5.9375],"rotation":{"angle":0,"axis":"y","origin":[9,4.3125,8.9375]},"faces":{"north":{"uv":[1.25,1.75,2.25,2.5],"texture":"#1"},"south":{"uv":[1.25,1.75,2.25,2.5],"texture":"#1"}}},{"from":[6.125,5.125,10.0625],"to":[9.84375,7.1875,10.0625],"rotation":{"angle":0,"axis":"y","origin":[9,4.3125,7.0625]},"faces":{"north":{"uv":[1.25,1.75,2.25,2.5],"texture":"#1"},"south":{"uv":[1.25,1.75,2.25,2.5],"texture":"#1"}}},{"from":[6.125,7.375,6.125],"to":[9.84375,7.375,9.875],"rotation":{"angle":0,"axis":"y","origin":[9,4.375,9]},"faces":{"up":{"uv":[1.25,1.75,2.25,1.875],"rotation":180,"texture":"#1"},"down":{"uv":[1.25,1.75,2.25,1.875],"rotation":180,"texture":"#1"}}},{"from":[5.84375,2.84375,5.78125],"to":[10.15625,5,10.21875],"rotation":{"angle":0,"axis":"y","origin":[9,3.84375,9]},"faces":{"north":{"uv":[5.25,2.375,6.25,2.875],"texture":"#1"},"east":{"uv":[2.875,2.5,4.125,2.875],"texture":"#1"},"south":{"uv":[5.25,2.375,6.25,2.875],"texture":"#1"},"west":{"uv":[2.875,2.5,4.125,2.875],"texture":"#1"},"up":{"uv":[5.25,2.375,6.25,2.875],"texture":"#1"},"down":{"uv":[2.25,0.875,3.25,1.875],"texture":"#1"}}},{"from":[5.9375,2.78125,5.875],"to":[10.0625,2.78125,10.125],"rotation":{"angle":0,"axis":"y","origin":[9,3.78125,9]},"faces":{"up":{"uv":[2.25,0.875,3.25,1.875],"texture":"#1"},"down":{"uv":[2.25,0.875,3.25,1.875],"texture":"#1"}}},{"from":[5.78125,2.9375,5.875],"to":[5.78125,4.90625,10.125],"rotation":{"angle":0,"axis":"y","origin":[8.9375,3.84375,9]},"faces":{"east":{"uv":[2.875,2.5,4.125,2.875],"texture":"#1"},"west":{"uv":[2.875,2.5,4.125,2.875],"texture":"#1"}}},{"from":[10.21875,2.9375,5.875],"to":[10.21875,4.90625,10.125],"rotation":{"angle":0,"axis":"y","origin":[7.0625,3.84375,9]},"faces":{"east":{"uv":[2.875,2.5,4.125,2.875],"texture":"#1"},"west":{"uv":[2.875,2.5,4.125,2.875],"texture":"#1"}}},{"from":[5.9375,2.9375,5.71875],"to":[10.0625,4.90625,5.71875],"rotation":{"angle":0,"axis":"y","origin":[9,3.84375,8.9375]},"faces":{"north":{"uv":[5.25,2.375,6.25,2.875],"texture":"#1"},"south":{"uv":[5.25,2.375,6.25,2.875],"texture":"#1"}}},{"from":[5.9375,2.9375,10.28125],"to":[10.0625,4.90625,10.28125],"rotation":{"angle":0,"axis":"y","origin":[9,3.84375,7.0625]},"faces":{"north":{"uv":[5.25,2.375,6.25,2.875],"texture":"#1"},"south":{"uv":[5.25,2.375,6.25,2.875],"texture":"#1"}}},{"from":[5.78125,6.9375,6.75],"to":[6.6875,8.125,9.25],"rotation":{"angle":-45,"axis":"z","origin":[5.9375,7.9375,8]},"faces":{"north":{"uv":[6.625,1.875,6.875,2.125],"rotation":180,"texture":"#1"},"east":{"uv":[2.875,2.125,3.875,2.375],"rotation":180,"texture":"#1"},"south":{"uv":[4.625,1.875,4.875,2.125],"rotation":180,"texture":"#1"},"west":{"uv":[2.75,2.375,3.75,2.875],"rotation":180,"texture":"#1"},"up":{"uv":[2.75,2.375,3.75,2.875],"rotation":90,"texture":"#1"},"down":{"uv":[2.875,2.125,3.875,2.375],"rotation":90,"texture":"#1"}}},{"from":[5.8125,6.90625,6.8125],"to":[6.59375,6.90625,9.1875],"rotation":{"angle":-45,"axis":"z","origin":[5.90625,7.90625,8]},"faces":{"up":{"uv":[2.875,2.125,3.875,2.625],"rotation":90,"texture":"#1"},"down":{"uv":[2.875,2.125,3.875,2.375],"rotation":90,"texture":"#1"}}},{"from":[5.875,8.15625,6.8125],"to":[6.65625,8.15625,9.1875],"rotation":{"angle":-45,"axis":"z","origin":[5.96875,7.96875,8]},"faces":{"up":{"uv":[2.75,2.375,3.75,2.875],"rotation":90,"texture":"#1"},"down":{"uv":[2.75,2.375,3.75,2.875],"rotation":90,"texture":"#1"}}},{"from":[5.75,7.03125,6.8125],"to":[5.75,8.09375,9.1875],"rotation":{"angle":-45,"axis":"z","origin":[5.90625,7.96875,8]},"faces":{"east":{"uv":[2.75,2.375,3.75,2.875],"rotation":180,"texture":"#1"},"west":{"uv":[2.75,2.375,3.75,2.875],"rotation":180,"texture":"#1"}}},{"from":[5.84375,7,6.71875],"to":[6.625,8.0625,6.71875],"rotation":{"angle":-45,"axis":"z","origin":[5.9375,7.9375,7.96875]},"faces":{"north":{"uv":[6.625,1.875,6.875,2.125],"rotation":180,"texture":"#1"},"south":{"uv":[6.625,1.875,6.875,2.125],"rotation":180,"texture":"#1"}}},{"from":[5.6875,6.59375,9.28125],"to":[6.46875,7.65625,9.28125],"rotation":{"angle":-45,"axis":"z","origin":[6.375,7.53125,8.03125]},"faces":{"north":{"uv":[4.625,1.875,4.875,2.125],"rotation":180,"texture":"#1"},"south":{"uv":[4.625,1.875,4.875,2.125],"rotation":180,"texture":"#1"}}},{"from":[9.46875,6.53125,6.75],"to":[10.375,7.71875,9.25],"rotation":{"angle":45,"axis":"z","origin":[9.625,7.53125,8]},"faces":{"north":{"uv":[4.625,1.875,4.875,2.125],"rotation":180,"texture":"#1"},"east":{"uv":[2.75,2.375,3.75,2.875],"rotation":180,"texture":"#1"},"south":{"uv":[6.625,1.875,6.875,2.125],"rotation":180,"texture":"#1"},"west":{"uv":[2.875,2.125,3.875,2.375],"rotation":180,"texture":"#1"},"up":{"uv":[2.75,2.375,3.75,2.875],"rotation":270,"texture":"#1"},"down":{"uv":[2.875,2.125,3.875,2.375],"rotation":270,"texture":"#1"}}},{"from":[9.40625,6.90625,6.8125],"to":[10.1875,6.90625,9.1875],"rotation":{"angle":45,"axis":"z","origin":[10.09375,7.90625,8]},"faces":{"up":{"uv":[2.875,2.125,3.875,2.375],"rotation":270,"texture":"#1"},"down":{"uv":[2.875,2.125,3.875,2.375],"rotation":270,"texture":"#1"}}},{"from":[9.34375,8.15625,6.8125],"to":[10.125,8.15625,9.1875],"rotation":{"angle":45,"axis":"z","origin":[10.03125,7.96875,8]},"faces":{"up":{"uv":[2.75,2.375,3.75,2.875],"rotation":270,"texture":"#1"},"down":{"uv":[2.75,2.375,3.75,2.875],"rotation":270,"texture":"#1"}}},{"from":[10.25,7.03125,6.8125],"to":[10.25,8.09375,9.1875],"rotation":{"angle":45,"axis":"z","origin":[10.09375,7.96875,8]},"faces":{"east":{"uv":[2.75,2.375,3.75,2.875],"rotation":180,"texture":"#1"},"west":{"uv":[2.75,2.375,3.75,2.875],"rotation":180,"texture":"#1"}}},{"from":[9.375,7,9.28125],"to":[10.15625,8.0625,9.28125],"rotation":{"angle":45,"axis":"z","origin":[10.0625,7.9375,8.03125]},"faces":{"north":{"uv":[6.625,1.875,6.875,2.125],"rotation":180,"texture":"#1"},"south":{"uv":[6.625,1.875,6.875,2.125],"rotation":180,"texture":"#1"}}},{"from":[9.53125,6.59375,6.71875],"to":[10.3125,7.65625,6.71875],"rotation":{"angle":45,"axis":"z","origin":[9.625,7.53125,7.96875]},"faces":{"north":{"uv":[4.625,1.875,4.875,2.125],"rotation":180,"texture":"#1"},"south":{"uv":[4.625,1.875,4.875,2.125],"rotation":180,"texture":"#1"}}},{"from":[7.84375,-8,8],"to":[8.03125,5.375,8],"rotation":{"angle":0,"axis":"y","origin":[16,8,15.875]},"faces":{"north":{"uv":[6,0,8,16],"texture":"#2"},"south":{"uv":[6,0,8,16],"texture":"#2"}}},{"from":[5.84375,7.28125,6.6875],"to":[6.4375,7.9375,6.6875],"rotation":{"angle":-45,"axis":"z","origin":[5.84375,7.90625,7.9375]},"faces":{"north":{"uv":[5.25,5,6.25,6],"rotation":90,"texture":"#1"},"south":{"uv":[5.25,5,6.25,6],"rotation":90,"texture":"#1"}}},{"from":[9.5625,7.28125,9.3125],"to":[10.15625,7.9375,9.3125],"rotation":{"angle":45,"axis":"z","origin":[10.15625,7.90625,8.0625]},"faces":{"north":{"uv":[5.25,5,6.25,6],"rotation":90,"texture":"#1"},"south":{"uv":[5.25,5,6.25,6],"rotation":90,"texture":"#1"}}}],"display":{"thirdperson_righthand":{"rotation":[70,0,0],"translation":[0,11.5,33],"scale":[2.2,2.2,2.2]},"thirdperson_lefthand":{"rotation":[70,0,0],"translation":[0,11.5,33],"scale":[2.2,2.2,2.2]},"firstperson_righthand":{"translation":[-1,15,1.5],"scale":[1.2,1.2,1.2]},"firstperson_lefthand":{"translation":[-1,15,1.5],"scale":[1.2,1.2,1.2]},"ground":{"translation":[0,12,0]},"gui":{"rotation":[11,-11,0],"translation":[-0.25,5.5,0],"scale":[0.8,0.8,0.8]},"head":{"translation":[0,27,0],"scale":[3.7,3.7,3.7]},"fixed":{"rotation":[-90,0,0],"translation":[0,0,-52],"scale":[4,4,4]}},"groups":[{"name":"Visage","origin":[9.3125,4,8],"color":0,"children":[0,1,2,3,4,5,6,7,8,9,10,11]},{"name":"Oreilles","origin":[13,14,16],"color":0,"children":[12,13,14,15,16,17,18,19,20,21,22,23]},24,25,26]}