{"credit":"Made with Blockbench by Valvac","textures":{"0":"block/iroe_map/iroe_map_black","1":"block/gray_shulker_box","particle":"block/iroe_map/iroe_map_black"},"elements":[{"from":[5,-1.98912,-2.5],"to":[11,1.98912,-1.5],"rotation":{"angle":-45,"axis":"x","origin":[8,0,7.5]},"faces":{"north":{"uv":[13,5.6875,14,6.8125],"texture":"#0"}}},{"from":[5,-1.98912,-2.5],"to":[11,1.98912,-1.5],"rotation":{"angle":-22.5,"axis":"x","origin":[8,0,7.5]},"faces":{"north":{"uv":[13,4.5625,13.96875,5.6875],"texture":"#0"}}},{"from":[5,-1.98912,-2.5],"to":[11,1.98912,-1.5],"rotation":{"angle":0,"axis":"x","origin":[8,0,7.5]},"faces":{"north":{"uv":[13,3.4375,14,4.5625],"texture":"#0"}}},{"from":[5,-1.98912,-2.5],"to":[11,1.98912,-1.5],"rotation":{"angle":22.5,"axis":"x","origin":[8,0,7.5]},"faces":{"north":{"uv":[13,2.28125,14,3.40625],"texture":"#0"}}},{"from":[5,-1.98912,-2.5],"to":[11,1.98912,-1.5],"rotation":{"angle":45,"axis":"x","origin":[8,0,7.5]},"faces":{"north":{"uv":[13,1.125,13.96875,2.25],"texture":"#0"}}},{"from":[5,-10,5.51088],"to":[11,-9,9.48912],"rotation":{"angle":22.5,"axis":"x","origin":[8,0,7.5]},"faces":{"down":{"uv":[13,6.84375,14,7.96875],"rotation":180,"texture":"#0"}}},{"from":[5,9,5.51088],"to":[11,10,9.48912],"rotation":{"angle":-22.5,"axis":"x","origin":[8,0,7.5]},"faces":{"up":{"uv":[13,0,14,1.125],"rotation":180,"texture":"#0"}}},{"from":[17.5,-1.98912,5],"to":[18.5,1.98912,11],"rotation":{"angle":-45,"axis":"z","origin":[8.5,0,8]},"faces":{"east":{"uv":[9.03125,5.71875,10.03125,6.84375],"texture":"#0"}}},{"from":[17.5,-1.98912,5],"to":[18.5,1.98912,11],"rotation":{"angle":-22.5,"axis":"z","origin":[8.5,0,8]},"faces":{"east":{"uv":[9.03125,4.5625,10.03125,5.6875],"texture":"#0"}}},{"from":[17.5,-1.98912,5],"to":[18.5,1.98912,11],"rotation":{"angle":0,"axis":"x","origin":[8.5,0,8]},"faces":{"east":{"uv":[9.03125,3.4375,10.03125,4.5625],"texture":"#0"}}},{"from":[17.5,-1.98912,5],"to":[18.5,1.98912,11],"rotation":{"angle":22.5,"axis":"z","origin":[8.5,0,8]},"faces":{"east":{"uv":[9.03125,2.28125,10.03125,3.40625],"texture":"#0"}}},{"from":[17.5,-1.98912,5],"to":[18.5,1.98912,11],"rotation":{"angle":45,"axis":"z","origin":[8.5,0,8]},"faces":{"east":{"uv":[9.03125,1.15625,10.03125,2.28125],"texture":"#0"}}},{"from":[6.51088,-10,5],"to":[10.48912,-9,11],"rotation":{"angle":22.5,"axis":"z","origin":[8.5,0,8]},"faces":{"down":{"uv":[9.03125,6.84375,10.03125,7.96875],"rotation":270,"texture":"#0"}}},{"from":[6.51088,9,5],"to":[10.48912,10,11],"rotation":{"angle":-22.5,"axis":"z","origin":[8.5,0,8]},"faces":{"up":{"uv":[9.03125,0,10.03125,1.125],"rotation":270,"texture":"#0"}}},{"from":[5,-1.98912,17.5],"to":[11,1.98912,18.5],"rotation":{"angle":45,"axis":"x","origin":[8,0,8.5]},"faces":{"south":{"uv":[5,5.71875,6,6.84375],"texture":"#0"}}},{"from":[5,-1.98912,17.5],"to":[11,1.98912,18.5],"rotation":{"angle":22.5,"axis":"x","origin":[8,0,8.5]},"faces":{"south":{"uv":[5.03125,4.5625,6.03125,5.6875],"texture":"#0"}}},{"from":[5,-1.98912,17.5],"to":[11,1.98912,18.5],"rotation":{"angle":0,"axis":"x","origin":[8,0,8.5]},"faces":{"south":{"uv":[5,3.4375,6,4.5625],"texture":"#0"}}},{"from":[5,-1.98912,17.5],"to":[11,1.98912,18.5],"rotation":{"angle":-22.5,"axis":"x","origin":[8,0,8.5]},"faces":{"south":{"uv":[5.03125,2.25,6.03125,3.375],"texture":"#0"}}},{"from":[5,-1.98912,17.5],"to":[11,1.98912,18.5],"rotation":{"angle":-45,"axis":"x","origin":[8,0,8.5]},"faces":{"south":{"uv":[5.03125,1.15625,6.03125,2.28125],"texture":"#0"}}},{"from":[5,-10,6.51088],"to":[11,-9,10.48912],"rotation":{"angle":-22.5,"axis":"x","origin":[8,0,8.5]},"faces":{"down":{"uv":[5,6.84375,6,7.96875],"rotation":180,"texture":"#0"}}},{"from":[5,9,6.51088],"to":[11,10,10.48912],"rotation":{"angle":22.5,"axis":"x","origin":[8,0,8.5]},"faces":{"up":{"uv":[5.03125,0,6.03125,1.125],"texture":"#0"}}},{"from":[-2.5,-1.98912,5.75],"to":[-1.5,1.98912,10.5],"rotation":{"angle":-45,"axis":"z","origin":[7.5,0,8]},"faces":{"west":{"uv":[1.03125,1.15625,2.03125,2.28125],"texture":"#0"}}},{"from":[-2.5,-1.98912,5],"to":[-1.5,1.98912,11],"rotation":{"angle":45,"axis":"z","origin":[7.5,0,8]},"faces":{"west":{"uv":[1,5.71875,2,6.84375],"texture":"#0"}}},{"from":[-2.5,-1.98912,5],"to":[-1.5,1.98912,11],"rotation":{"angle":22.5,"axis":"z","origin":[7.5,0,8]},"faces":{"west":{"uv":[1.03125,4.5625,2.03125,5.6875],"texture":"#0"}}},{"from":[-2.5,-1.98912,5],"to":[-1.5,1.98912,11],"rotation":{"angle":0,"axis":"x","origin":[7.5,0,8]},"faces":{"west":{"uv":[1.03125,3.4375,2.03125,4.5625],"texture":"#0"}}},{"from":[-2.5,-1.98912,5],"to":[-1.5,1.98912,11],"rotation":{"angle":-22.5,"axis":"z","origin":[7.5,0,8]},"faces":{"west":{"uv":[1,2.28125,2,3.40625],"texture":"#0"}}},{"from":[5.51088,-10,5],"to":[9.48912,-9,11],"rotation":{"angle":-22.5,"axis":"z","origin":[7.5,0,8]},"faces":{"down":{"uv":[1.03125,6.84375,2.03125,7.96875],"rotation":90,"texture":"#0"}}},{"from":[5.51088,9,5.75],"to":[9.48912,10,10.5],"rotation":{"angle":22.5,"axis":"z","origin":[7.5,0,8]},"faces":{"up":{"uv":[1,0,2,1.125],"rotation":90,"texture":"#0"}}},{"from":[7.5,-1.60644,-1.07612],"to":[8.5,1.60644,0],"rotation":{"angle":-45,"axis":"x","origin":[8,0,8]},"faces":{"north":{"uv":[16,0,15,1],"texture":"#1"},"east":{"uv":[16,0,15,1],"texture":"#1"},"south":{"uv":[16,0,15,1],"texture":"#1"},"west":{"uv":[16,0,15,1],"texture":"#1"},"up":{"uv":[16,0,15,1],"texture":"#1"},"down":{"uv":[16,0,15,1],"texture":"#1"}}},{"from":[16,-1.60644,7.5],"to":[17.07612,1.60644,8.5],"rotation":{"angle":-45,"axis":"z","origin":[8,0,8]},"faces":{"north":{"uv":[16,0,15,1],"texture":"#1"},"east":{"uv":[16,0,15,1],"texture":"#1"},"south":{"uv":[16,0,15,1],"texture":"#1"},"west":{"uv":[16,0,15,1],"texture":"#1"},"up":{"uv":[16,0,15,1],"texture":"#1"},"down":{"uv":[16,0,15,1],"texture":"#1"}}},{"from":[7.5,-1.98912,-1],"to":[8.5,1.98912,0],"rotation":{"angle":-22.5,"axis":"x","origin":[8,0,8]},"faces":{"north":{"uv":[16,0,15,1],"texture":"#1"},"east":{"uv":[16,0,15,1],"texture":"#1"},"south":{"uv":[16,0,15,1],"texture":"#1"},"west":{"uv":[16,0,15,1],"texture":"#1"},"up":{"uv":[16,0,15,1],"texture":"#1"},"down":{"uv":[16,0,15,1],"texture":"#1"}}},{"from":[16,-1.98912,7.5],"to":[17,1.98912,8.5],"rotation":{"angle":-22.5,"axis":"z","origin":[8,0,8]},"faces":{"north":{"uv":[16,0,15,1],"texture":"#1"},"east":{"uv":[16,0,15,1],"texture":"#1"},"south":{"uv":[16,0,15,1],"texture":"#1"},"west":{"uv":[16,0,15,1],"texture":"#1"},"up":{"uv":[16,0,15,1],"texture":"#1"},"down":{"uv":[16,0,15,1],"texture":"#1"}}},{"from":[7.5,-1.60644,-1.07612],"to":[8.5,1.60644,0],"rotation":{"angle":0,"axis":"x","origin":[8,0,8]},"faces":{"north":{"uv":[16,0,15,1],"texture":"#1"},"east":{"uv":[16,0,15,1],"texture":"#1"},"south":{"uv":[16,0,15,1],"texture":"#1"},"west":{"uv":[16,0,15,1],"texture":"#1"},"up":{"uv":[16,0,15,1],"texture":"#1"},"down":{"uv":[16,0,15,1],"texture":"#1"}}},{"from":[16,-1.60644,7.5],"to":[17.07612,1.60644,8.5],"rotation":{"angle":0,"axis":"x","origin":[8,0,8]},"faces":{"north":{"uv":[16,0,15,1],"texture":"#1"},"east":{"uv":[16,0,15,1],"texture":"#1"},"south":{"uv":[16,0,15,1],"texture":"#1"},"west":{"uv":[16,0,15,1],"texture":"#1"},"up":{"uv":[16,0,15,1],"texture":"#1"},"down":{"uv":[16,0,15,1],"texture":"#1"}}},{"from":[7.5,-1.98912,-1],"to":[8.5,1.98912,0],"rotation":{"angle":22.5,"axis":"x","origin":[8,0,8]},"faces":{"north":{"uv":[16,0,15,1],"texture":"#1"},"east":{"uv":[16,0,15,1],"texture":"#1"},"south":{"uv":[16,0,15,1],"texture":"#1"},"west":{"uv":[16,0,15,1],"texture":"#1"},"up":{"uv":[16,0,15,1],"texture":"#1"},"down":{"uv":[16,0,15,1],"texture":"#1"}}},{"from":[16,-1.98912,7.5],"to":[17,1.98912,8.5],"rotation":{"angle":22.5,"axis":"z","origin":[8,0,8]},"faces":{"north":{"uv":[16,0,15,1],"texture":"#1"},"east":{"uv":[16,0,15,1],"texture":"#1"},"south":{"uv":[16,0,15,1],"texture":"#1"},"west":{"uv":[16,0,15,1],"texture":"#1"},"up":{"uv":[16,0,15,1],"texture":"#1"},"down":{"uv":[16,0,15,1],"texture":"#1"}}},{"from":[7.5,-1.60644,-1.07612],"to":[8.5,1.60644,0],"rotation":{"angle":45,"axis":"x","origin":[8,0,8]},"faces":{"north":{"uv":[16,0,15,1],"texture":"#1"},"east":{"uv":[16,0,15,1],"texture":"#1"},"south":{"uv":[16,0,15,1],"texture":"#1"},"west":{"uv":[16,0,15,1],"texture":"#1"},"up":{"uv":[16,0,15,1],"texture":"#1"},"down":{"uv":[16,0,15,1],"texture":"#1"}}},{"from":[16,-1.60644,7.5],"to":[17.07612,1.60644,8.5],"rotation":{"angle":45,"axis":"z","origin":[8,0,8]},"faces":{"north":{"uv":[16,0,15,1],"texture":"#1"},"east":{"uv":[16,0,15,1],"texture":"#1"},"south":{"uv":[16,0,15,1],"texture":"#1"},"west":{"uv":[16,0,15,1],"texture":"#1"},"up":{"uv":[16,0,15,1],"texture":"#1"},"down":{"uv":[16,0,15,1],"texture":"#1"}}},{"from":[7.5,-9,6.01088],"to":[8.5,-8,9.98912],"rotation":{"angle":22.5,"axis":"x","origin":[8,0,8]},"faces":{"north":{"uv":[16,0,15,1],"texture":"#1"},"east":{"uv":[16,0,15,1],"texture":"#1"},"south":{"uv":[16,0,15,1],"texture":"#1"},"west":{"uv":[16,0,15,1],"texture":"#1"},"up":{"uv":[16,0,15,1],"texture":"#1"},"down":{"uv":[16,0,15,1],"texture":"#1"}}},{"from":[6.01088,-9,7.5],"to":[9.98912,-8,8.5],"rotation":{"angle":22.5,"axis":"z","origin":[8,0,8]},"faces":{"north":{"uv":[16,0,15,1],"texture":"#1"},"east":{"uv":[16,0,15,1],"texture":"#1"},"south":{"uv":[16,0,15,1],"texture":"#1"},"west":{"uv":[16,0,15,1],"texture":"#1"},"up":{"uv":[16,0,15,1],"texture":"#1"},"down":{"uv":[16,0,15,1],"texture":"#1"}}},{"from":[7.5,8,6.01088],"to":[8.5,9,9.98912],"rotation":{"angle":-22.5,"axis":"x","origin":[8,0,8]},"faces":{"north":{"uv":[16,0,15,1],"texture":"#1"},"east":{"uv":[16,0,15,1],"texture":"#1"},"south":{"uv":[16,0,15,1],"texture":"#1"},"west":{"uv":[16,0,15,1],"texture":"#1"},"up":{"uv":[16,0,15,1],"texture":"#1"},"down":{"uv":[16,0,15,1],"texture":"#1"}}},{"from":[6.01088,8,7.5],"to":[9.98912,9,8.5],"rotation":{"angle":-22.5,"axis":"z","origin":[8,0,8]},"faces":{"north":{"uv":[16,0,15,1],"texture":"#1"},"east":{"uv":[16,0,15,1],"texture":"#1"},"south":{"uv":[16,0,15,1],"texture":"#1"},"west":{"uv":[16,0,15,1],"texture":"#1"},"up":{"uv":[16,0,15,1],"texture":"#1"},"down":{"uv":[16,0,15,1],"texture":"#1"}}},{"from":[6.625,-0.60644,-0.57612],"to":[9.375,0.39356,0.5],"rotation":{"angle":-45,"axis":"x","origin":[6,0,8.5]},"faces":{"north":{"uv":[16,0,15,1],"texture":"#1"},"east":{"uv":[16,0,15,1],"texture":"#1"},"south":{"uv":[16,0,15,1],"texture":"#1"},"west":{"uv":[16,0,15,1],"texture":"#1"},"up":{"uv":[16,0,15,1],"texture":"#1"},"down":{"uv":[16,0,15,1],"texture":"#1"}}},{"from":[15.5,-0.60644,6.625],"to":[16.57612,0.39356,9.375],"rotation":{"angle":-45,"axis":"z","origin":[7.5,0,6]},"faces":{"north":{"uv":[16,0,15,1],"texture":"#1"},"east":{"uv":[16,0,15,1],"texture":"#1"},"south":{"uv":[16,0,15,1],"texture":"#1"},"west":{"uv":[16,0,15,1],"texture":"#1"},"up":{"uv":[16,0,15,1],"texture":"#1"},"down":{"uv":[16,0,15,1],"texture":"#1"}}},{"from":[6.25,-0.48912,-0.5],"to":[9.75,0.51088,0.5],"rotation":{"angle":-22.5,"axis":"x","origin":[6,0,8.5]},"faces":{"north":{"uv":[16,0,15,1],"texture":"#1"},"east":{"uv":[16,0,15,1],"texture":"#1"},"south":{"uv":[16,0,15,1],"texture":"#1"},"west":{"uv":[16,0,15,1],"texture":"#1"},"up":{"uv":[16,0,15,1],"texture":"#1"},"down":{"uv":[16,0,15,1],"texture":"#1"}}},{"from":[15.5,-0.48912,6.25],"to":[16.5,0.51088,9.75],"rotation":{"angle":-22.5,"axis":"z","origin":[7.5,0,6]},"faces":{"north":{"uv":[16,0,15,1],"texture":"#1"},"east":{"uv":[16,0,15,1],"texture":"#1"},"south":{"uv":[16,0,15,1],"texture":"#1"},"west":{"uv":[16,0,15,1],"texture":"#1"},"up":{"uv":[16,0,15,1],"texture":"#1"},"down":{"uv":[16,0,15,1],"texture":"#1"}}},{"from":[6.125,-0.60644,-0.57612],"to":[9.875,0.39356,0.5],"rotation":{"angle":0,"axis":"x","origin":[6,0,8.5]},"faces":{"north":{"uv":[16,0,15,1],"texture":"#1"},"east":{"uv":[16,0,15,1],"texture":"#1"},"south":{"uv":[16,0,15,1],"texture":"#1"},"west":{"uv":[16,0,15,1],"texture":"#1"},"up":{"uv":[16,0,15,1],"texture":"#1"},"down":{"uv":[16,0,15,1],"texture":"#1"}}},{"from":[15.5,-0.60644,6.125],"to":[16.57612,0.39356,9.875],"rotation":{"angle":0,"axis":"x","origin":[7.5,0,6]},"faces":{"north":{"uv":[16,0,15,1],"texture":"#1"},"east":{"uv":[16,0,15,1],"texture":"#1"},"south":{"uv":[16,0,15,1],"texture":"#1"},"west":{"uv":[16,0,15,1],"texture":"#1"},"up":{"uv":[16,0,15,1],"texture":"#1"},"down":{"uv":[16,0,15,1],"texture":"#1"}}},{"from":[6.25,-0.48912,-0.5],"to":[9.75,0.51088,0.5],"rotation":{"angle":22.5,"axis":"x","origin":[6,0,8.5]},"faces":{"north":{"uv":[16,0,15,1],"texture":"#1"},"east":{"uv":[16,0,15,1],"texture":"#1"},"south":{"uv":[16,0,15,1],"texture":"#1"},"west":{"uv":[16,0,15,1],"texture":"#1"},"up":{"uv":[16,0,15,1],"texture":"#1"},"down":{"uv":[16,0,15,1],"texture":"#1"}}},{"from":[15.5,-0.48912,6.25],"to":[16.5,0.51088,9.75],"rotation":{"angle":22.5,"axis":"z","origin":[7.5,0,6]},"faces":{"north":{"uv":[16,0,15,1],"texture":"#1"},"east":{"uv":[16,0,15,1],"texture":"#1"},"south":{"uv":[16,0,15,1],"texture":"#1"},"west":{"uv":[16,0,15,1],"texture":"#1"},"up":{"uv":[16,0,15,1],"texture":"#1"},"down":{"uv":[16,0,15,1],"texture":"#1"}}},{"from":[6.625,-0.60644,-0.57612],"to":[9.375,0.39356,0.5],"rotation":{"angle":45,"axis":"x","origin":[6,0,8.5]},"faces":{"north":{"uv":[16,0,15,1],"texture":"#1"},"east":{"uv":[16,0,15,1],"texture":"#1"},"south":{"uv":[16,0,15,1],"texture":"#1"},"west":{"uv":[16,0,15,1],"texture":"#1"},"up":{"uv":[16,0,15,1],"texture":"#1"},"down":{"uv":[16,0,15,1],"texture":"#1"}}},{"from":[15.5,-0.60644,6.625],"to":[16.57612,0.39356,9.375],"rotation":{"angle":45,"axis":"z","origin":[7.5,0,6]},"faces":{"north":{"uv":[16,0,15,1],"texture":"#1"},"east":{"uv":[16,0,15,1],"texture":"#1"},"south":{"uv":[16,0,15,1],"texture":"#1"},"west":{"uv":[16,0,15,1],"texture":"#1"},"up":{"uv":[16,0,15,1],"texture":"#1"},"down":{"uv":[16,0,15,1],"texture":"#1"}}},{"from":[7.125,-8.5,7.51088],"to":[8.875,-7.5,8.51088],"rotation":{"angle":22.5,"axis":"x","origin":[6,0,8]},"faces":{"north":{"uv":[16,0,15,1],"texture":"#1"},"east":{"uv":[16,0,15,1],"texture":"#1"},"south":{"uv":[16,0,15,1],"texture":"#1"},"west":{"uv":[16,0,15,1],"texture":"#1"},"up":{"uv":[16,0,15,1],"texture":"#1"},"down":{"uv":[16,0,15,1],"texture":"#1"}}},{"from":[7.48912,-8.5,7.125],"to":[8.48912,-7.5,8.875],"rotation":{"angle":22.5,"axis":"z","origin":[8,0,6]},"faces":{"north":{"uv":[16,0,15,1],"texture":"#1"},"east":{"uv":[16,0,15,1],"texture":"#1"},"south":{"uv":[16,0,15,1],"texture":"#1"},"west":{"uv":[16,0,15,1],"texture":"#1"},"up":{"uv":[16,0,15,1],"texture":"#1"},"down":{"uv":[16,0,15,1],"texture":"#1"}}},{"from":[7.125,7.5,7.51088],"to":[8.875,8.5,8.51088],"rotation":{"angle":-22.5,"axis":"x","origin":[6,0,8]},"faces":{"north":{"uv":[16,0,15,1],"texture":"#1"},"east":{"uv":[16,0,15,1],"texture":"#1"},"south":{"uv":[16,0,15,1],"texture":"#1"},"west":{"uv":[16,0,15,1],"texture":"#1"},"up":{"uv":[16,0,15,1],"texture":"#1"},"down":{"uv":[16,0,15,1],"texture":"#1"}}},{"from":[7.48912,7.5,7.125],"to":[8.48912,8.5,8.875],"rotation":{"angle":-22.5,"axis":"z","origin":[8,0,6]},"faces":{"north":{"uv":[16,0,15,1],"texture":"#1"},"east":{"uv":[16,0,15,1],"texture":"#1"},"south":{"uv":[16,0,15,1],"texture":"#1"},"west":{"uv":[16,0,15,1],"texture":"#1"},"up":{"uv":[16,0,15,1],"texture":"#1"},"down":{"uv":[16,0,15,1],"texture":"#1"}}},{"from":[7.5,-1.60644,16],"to":[8.5,1.60644,17.07612],"rotation":{"angle":45,"axis":"x","origin":[8,0,8]},"faces":{"north":{"uv":[16,0,15,1],"texture":"#1"},"east":{"uv":[16,0,15,1],"texture":"#1"},"south":{"uv":[16,0,15,1],"texture":"#1"},"west":{"uv":[16,0,15,1],"texture":"#1"},"up":{"uv":[16,0,15,1],"texture":"#1"},"down":{"uv":[16,0,15,1],"texture":"#1"}}},{"from":[-1.07612,-1.60644,7.5],"to":[0,1.60644,8.5],"rotation":{"angle":45,"axis":"z","origin":[8,0,8]},"faces":{"north":{"uv":[16,0,15,1],"texture":"#1"},"east":{"uv":[16,0,15,1],"texture":"#1"},"south":{"uv":[16,0,15,1],"texture":"#1"},"west":{"uv":[16,0,15,1],"texture":"#1"},"up":{"uv":[16,0,15,1],"texture":"#1"},"down":{"uv":[16,0,15,1],"texture":"#1"}}},{"from":[7.5,-1.98912,16],"to":[8.5,1.98912,17],"rotation":{"angle":22.5,"axis":"x","origin":[8,0,8]},"faces":{"north":{"uv":[16,0,15,1],"texture":"#1"},"east":{"uv":[16,0,15,1],"texture":"#1"},"south":{"uv":[16,0,15,1],"texture":"#1"},"west":{"uv":[16,0,15,1],"texture":"#1"},"up":{"uv":[16,0,15,1],"texture":"#1"},"down":{"uv":[16,0,15,1],"texture":"#1"}}},{"from":[-1,-1.98912,7.5],"to":[0,1.98912,8.5],"rotation":{"angle":22.5,"axis":"z","origin":[8,0,8]},"faces":{"north":{"uv":[16,0,15,1],"texture":"#1"},"east":{"uv":[16,0,15,1],"texture":"#1"},"south":{"uv":[16,0,15,1],"texture":"#1"},"west":{"uv":[16,0,15,1],"texture":"#1"},"up":{"uv":[16,0,15,1],"texture":"#1"},"down":{"uv":[16,0,15,1],"texture":"#1"}}},{"from":[7.5,-1.60644,16],"to":[8.5,1.60644,17.07612],"rotation":{"angle":0,"axis":"x","origin":[8,0,8]},"faces":{"north":{"uv":[16,0,15,1],"texture":"#1"},"east":{"uv":[16,0,15,1],"texture":"#1"},"south":{"uv":[16,0,15,1],"texture":"#1"},"west":{"uv":[16,0,15,1],"texture":"#1"},"up":{"uv":[16,0,15,1],"texture":"#1"},"down":{"uv":[16,0,15,1],"texture":"#1"}}},{"from":[-1.07612,-1.60644,7.5],"to":[0,1.60644,8.5],"rotation":{"angle":0,"axis":"x","origin":[8,0,8]},"faces":{"north":{"uv":[16,0,15,1],"texture":"#1"},"east":{"uv":[16,0,15,1],"texture":"#1"},"south":{"uv":[16,0,15,1],"texture":"#1"},"west":{"uv":[16,0,15,1],"texture":"#1"},"up":{"uv":[16,0,15,1],"texture":"#1"},"down":{"uv":[16,0,15,1],"texture":"#1"}}},{"from":[7.5,-1.98912,16],"to":[8.5,1.98912,17],"rotation":{"angle":-22.5,"axis":"x","origin":[8,0,8]},"faces":{"north":{"uv":[16,0,15,1],"texture":"#1"},"east":{"uv":[16,0,15,1],"texture":"#1"},"south":{"uv":[16,0,15,1],"texture":"#1"},"west":{"uv":[16,0,15,1],"texture":"#1"},"up":{"uv":[16,0,15,1],"texture":"#1"},"down":{"uv":[16,0,15,1],"texture":"#1"}}},{"from":[-1,-1.98912,7.5],"to":[0,1.98912,8.5],"rotation":{"angle":-22.5,"axis":"z","origin":[8,0,8]},"faces":{"north":{"uv":[16,0,15,1],"texture":"#1"},"east":{"uv":[16,0,15,1],"texture":"#1"},"south":{"uv":[16,0,15,1],"texture":"#1"},"west":{"uv":[16,0,15,1],"texture":"#1"},"up":{"uv":[16,0,15,1],"texture":"#1"},"down":{"uv":[16,0,15,1],"texture":"#1"}}},{"from":[7.5,-1.60644,16],"to":[8.5,1.60644,17.07612],"rotation":{"angle":-45,"axis":"x","origin":[8,0,8]},"faces":{"north":{"uv":[16,0,15,1],"texture":"#1"},"east":{"uv":[16,0,15,1],"texture":"#1"},"south":{"uv":[16,0,15,1],"texture":"#1"},"west":{"uv":[16,0,15,1],"texture":"#1"},"up":{"uv":[16,0,15,1],"texture":"#1"},"down":{"uv":[16,0,15,1],"texture":"#1"}}},{"from":[-1.07612,-1.60644,7.5],"to":[0,1.60644,8.5],"rotation":{"angle":-45,"axis":"z","origin":[8,0,8]},"faces":{"north":{"uv":[16,0,15,1],"texture":"#1"},"east":{"uv":[16,0,15,1],"texture":"#1"},"south":{"uv":[16,0,15,1],"texture":"#1"},"west":{"uv":[16,0,15,1],"texture":"#1"},"up":{"uv":[16,0,15,1],"texture":"#1"},"down":{"uv":[16,0,15,1],"texture":"#1"}}},{"from":[7.5,-9,6.01088],"to":[8.5,-8,9.98912],"rotation":{"angle":-22.5,"axis":"x","origin":[8,0,8]},"faces":{"north":{"uv":[16,0,15,1],"texture":"#1"},"east":{"uv":[16,0,15,1],"texture":"#1"},"south":{"uv":[16,0,15,1],"texture":"#1"},"west":{"uv":[16,0,15,1],"texture":"#1"},"up":{"uv":[16,0,15,1],"texture":"#1"},"down":{"uv":[16,0,15,1],"texture":"#1"}}},{"from":[6.01088,-9,7.5],"to":[9.98912,-8,8.5],"rotation":{"angle":-22.5,"axis":"z","origin":[8,0,8]},"faces":{"north":{"uv":[16,0,15,1],"texture":"#1"},"east":{"uv":[16,0,15,1],"texture":"#1"},"south":{"uv":[16,0,15,1],"texture":"#1"},"west":{"uv":[16,0,15,1],"texture":"#1"},"up":{"uv":[16,0,15,1],"texture":"#1"},"down":{"uv":[16,0,15,1],"texture":"#1"}}},{"from":[7.5,8,6.01088],"to":[8.5,9,9.98912],"rotation":{"angle":22.5,"axis":"x","origin":[8,0,8]},"faces":{"north":{"uv":[16,0,15,1],"texture":"#1"},"east":{"uv":[16,0,15,1],"texture":"#1"},"south":{"uv":[16,0,15,1],"texture":"#1"},"west":{"uv":[16,0,15,1],"texture":"#1"},"up":{"uv":[16,0,15,1],"texture":"#1"},"down":{"uv":[16,0,15,1],"texture":"#1"}}},{"from":[6.01088,8,7.5],"to":[9.98912,9,8.5],"rotation":{"angle":22.5,"axis":"z","origin":[8,0,8]},"faces":{"north":{"uv":[16,0,15,1],"texture":"#1"},"east":{"uv":[16,0,15,1],"texture":"#1"},"south":{"uv":[16,0,15,1],"texture":"#1"},"west":{"uv":[16,0,15,1],"texture":"#1"},"up":{"uv":[16,0,15,1],"texture":"#1"},"down":{"uv":[16,0,15,1],"texture":"#1"}}},{"from":[6.625,-0.60644,15.5],"to":[9.375,0.39356,16.57612],"rotation":{"angle":45,"axis":"x","origin":[6,0,7.5]},"faces":{"north":{"uv":[16,0,15,1],"texture":"#1"},"east":{"uv":[16,0,15,1],"texture":"#1"},"south":{"uv":[16,0,15,1],"texture":"#1"},"west":{"uv":[16,0,15,1],"texture":"#1"},"up":{"uv":[16,0,15,1],"texture":"#1"},"down":{"uv":[16,0,15,1],"texture":"#1"}}},{"from":[-0.57612,-0.60644,6.625],"to":[0.5,0.39356,9.375],"rotation":{"angle":45,"axis":"z","origin":[8.5,0,6]},"faces":{"north":{"uv":[16,0,15,1],"texture":"#1"},"east":{"uv":[16,0,15,1],"texture":"#1"},"south":{"uv":[16,0,15,1],"texture":"#1"},"west":{"uv":[16,0,15,1],"texture":"#1"},"up":{"uv":[16,0,15,1],"texture":"#1"},"down":{"uv":[16,0,15,1],"texture":"#1"}}},{"from":[6.25,-0.48912,15.5],"to":[9.75,0.51088,16.5],"rotation":{"angle":22.5,"axis":"x","origin":[6,0,7.5]},"faces":{"north":{"uv":[16,0,15,1],"texture":"#1"},"east":{"uv":[16,0,15,1],"texture":"#1"},"south":{"uv":[16,0,15,1],"texture":"#1"},"west":{"uv":[16,0,15,1],"texture":"#1"},"up":{"uv":[16,0,15,1],"texture":"#1"},"down":{"uv":[16,0,15,1],"texture":"#1"}}},{"from":[-0.5,-0.48912,6.25],"to":[0.5,0.51088,9.75],"rotation":{"angle":22.5,"axis":"z","origin":[8.5,0,6]},"faces":{"north":{"uv":[16,0,15,1],"texture":"#1"},"east":{"uv":[16,0,15,1],"texture":"#1"},"south":{"uv":[16,0,15,1],"texture":"#1"},"west":{"uv":[16,0,15,1],"texture":"#1"},"up":{"uv":[16,0,15,1],"texture":"#1"},"down":{"uv":[16,0,15,1],"texture":"#1"}}},{"from":[6.125,-0.60644,15.5],"to":[9.875,0.39356,16.57612],"rotation":{"angle":0,"axis":"x","origin":[6,0,7.5]},"faces":{"north":{"uv":[16,0,15,1],"texture":"#1"},"east":{"uv":[16,0,15,1],"texture":"#1"},"south":{"uv":[16,0,15,1],"texture":"#1"},"west":{"uv":[16,0,15,1],"texture":"#1"},"up":{"uv":[16,0,15,1],"texture":"#1"},"down":{"uv":[16,0,15,1],"texture":"#1"}}},{"from":[-0.57612,-0.60644,6.125],"to":[0.5,0.39356,9.875],"rotation":{"angle":0,"axis":"x","origin":[8.5,0,6]},"faces":{"north":{"uv":[16,0,15,1],"texture":"#1"},"east":{"uv":[16,0,15,1],"texture":"#1"},"south":{"uv":[16,0,15,1],"texture":"#1"},"west":{"uv":[16,0,15,1],"texture":"#1"},"up":{"uv":[16,0,15,1],"texture":"#1"},"down":{"uv":[16,0,15,1],"texture":"#1"}}},{"from":[6.25,-0.48912,15.5],"to":[9.75,0.51088,16.5],"rotation":{"angle":-22.5,"axis":"x","origin":[6,0,7.5]},"faces":{"north":{"uv":[16,0,15,1],"texture":"#1"},"east":{"uv":[16,0,15,1],"texture":"#1"},"south":{"uv":[16,0,15,1],"texture":"#1"},"west":{"uv":[16,0,15,1],"texture":"#1"},"up":{"uv":[16,0,15,1],"texture":"#1"},"down":{"uv":[16,0,15,1],"texture":"#1"}}},{"from":[-0.5,-0.48912,6.25],"to":[0.5,0.51088,9.75],"rotation":{"angle":-22.5,"axis":"z","origin":[8.5,0,6]},"faces":{"north":{"uv":[16,0,15,1],"texture":"#1"},"east":{"uv":[16,0,15,1],"texture":"#1"},"south":{"uv":[16,0,15,1],"texture":"#1"},"west":{"uv":[16,0,15,1],"texture":"#1"},"up":{"uv":[16,0,15,1],"texture":"#1"},"down":{"uv":[16,0,15,1],"texture":"#1"}}},{"from":[6.625,-0.60644,15.5],"to":[9.375,0.39356,16.57612],"rotation":{"angle":-45,"axis":"x","origin":[6,0,7.5]},"faces":{"north":{"uv":[16,0,15,1],"texture":"#1"},"east":{"uv":[16,0,15,1],"texture":"#1"},"south":{"uv":[16,0,15,1],"texture":"#1"},"west":{"uv":[16,0,15,1],"texture":"#1"},"up":{"uv":[16,0,15,1],"texture":"#1"},"down":{"uv":[16,0,15,1],"texture":"#1"}}},{"from":[-0.57612,-0.60644,6.625],"to":[0.5,0.39356,9.375],"rotation":{"angle":-45,"axis":"z","origin":[8.5,0,6]},"faces":{"north":{"uv":[16,0,15,1],"texture":"#1"},"east":{"uv":[16,0,15,1],"texture":"#1"},"south":{"uv":[16,0,15,1],"texture":"#1"},"west":{"uv":[16,0,15,1],"texture":"#1"},"up":{"uv":[16,0,15,1],"texture":"#1"},"down":{"uv":[16,0,15,1],"texture":"#1"}}},{"from":[7.125,-8.5,7.48912],"to":[8.875,-7.5,8.48912],"rotation":{"angle":-22.5,"axis":"x","origin":[6,0,8]},"faces":{"north":{"uv":[16,0,15,1],"texture":"#1"},"east":{"uv":[16,0,15,1],"texture":"#1"},"south":{"uv":[16,0,15,1],"texture":"#1"},"west":{"uv":[16,0,15,1],"texture":"#1"},"up":{"uv":[16,0,15,1],"texture":"#1"},"down":{"uv":[16,0,15,1],"texture":"#1"}}},{"from":[7.51088,-8.5,7.125],"to":[8.51088,-7.5,8.875],"rotation":{"angle":-22.5,"axis":"z","origin":[8,0,6]},"faces":{"north":{"uv":[16,0,15,1],"texture":"#1"},"east":{"uv":[16,0,15,1],"texture":"#1"},"south":{"uv":[16,0,15,1],"texture":"#1"},"west":{"uv":[16,0,15,1],"texture":"#1"},"up":{"uv":[16,0,15,1],"texture":"#1"},"down":{"uv":[16,0,15,1],"texture":"#1"}}},{"from":[7.125,7.5,7.48912],"to":[8.875,8.5,8.48912],"rotation":{"angle":22.5,"axis":"x","origin":[6,0,8]},"faces":{"north":{"uv":[16,0,15,1],"texture":"#1"},"east":{"uv":[16,0,15,1],"texture":"#1"},"south":{"uv":[16,0,15,1],"texture":"#1"},"west":{"uv":[16,0,15,1],"texture":"#1"},"up":{"uv":[16,0,15,1],"texture":"#1"},"down":{"uv":[16,0,15,1],"texture":"#1"}}},{"from":[7.51088,7.5,7.125],"to":[8.51088,8.5,8.875],"rotation":{"angle":22.5,"axis":"z","origin":[8,0,6]},"faces":{"north":{"uv":[16,0,15,1],"texture":"#1"},"east":{"uv":[16,0,15,1],"texture":"#1"},"south":{"uv":[16,0,15,1],"texture":"#1"},"west":{"uv":[16,0,15,1],"texture":"#1"},"up":{"uv":[16,0,15,1],"texture":"#1"},"down":{"uv":[16,0,15,1],"texture":"#1"}}}],"display":{"head":{"scale":[4,4,4]}},"groups":[{"name":"iroe_map_mapping_3","origin":[8,8,8],"children":[{"name":"hexadecagon","origin":[8,8,8],"children":[0,1,2,3,4,5,6]}]},{"name":"iroe_map_mapping_7","origin":[8,8,8],"children":[{"name":"hexadecagon","origin":[8,8,8],"children":[7,8,9,10,11,12,13]}]},{"name":"iroe_map_mapping_11","origin":[8,8,8],"children":[{"name":"hexadecagon","origin":[8,8,8],"children":[14,15,16,17,18,19,20]}]},{"name":"iroe_map_mapping_15","origin":[8,8,8],"children":[{"name":"hexadecagon","origin":[8,8,8],"children":[21,22,23,24,25,26,27]}]},{"name":"iroe_map_mapping_4.8.12.16","origin":[8,8,8],"children":[{"name":"iroe_map_structure","origin":[8,8,8],"children":[{"name":"hexadecagon","origin":[8,8,8],"children":[28,29,30,31,32,33,34,35,36,37,38,39,40,41]},{"name":"hexadecagon","origin":[8,8,8],"children":[42,43,44,45,46,47,48,49,50,51,52,53,54,55]}]},{"name":"iroe_map_structure","origin":[8,8,8],"children":[{"name":"hexadecagon","origin":[8,8,8],"children":[56,57,58,59,60,61,62,63,64,65,66,67,68,69]},{"name":"hexadecagon","origin":[8,8,8],"children":[70,71,72,73,74,75,76,77,78,79,80,81,82,83]}]}]}]}