{"credit":"Made with Blockbench by Valvac","textures":{"0":"block/palette/lightsaber/dl-44","particle":"block/palette/lightsaber/dl-44"},"elements":[{"from":[7,0,-16],"to":[9,1,-5.25],"rotation":{"angle":0,"axis":"y","origin":[8.5,0.5,-15.5]},"faces":{"north":{"uv":[12.512,0.512,13,3.488],"texture":"#0"},"east":{"uv":[12.512,0.512,13,3.488],"texture":"#0"},"west":{"uv":[12.512,0.512,13,3.488],"texture":"#0"},"up":{"uv":[12.512,0.512,13,3.488],"texture":"#0"},"down":{"uv":[12.512,0.512,13,3.488],"texture":"#0"}}},{"from":[7,-1.20711,-7.25],"to":[9,0.04289,-5.25],"rotation":{"angle":0,"axis":"y","origin":[8.5,0.54289,-16.75]},"faces":{"north":{"uv":[12.512,0.512,13,3.488],"texture":"#0"},"east":{"uv":[12.512,0.512,13,3.488],"texture":"#0"},"west":{"uv":[12.512,0.512,13,3.488],"texture":"#0"},"down":{"uv":[12.512,0.512,13,3.488],"texture":"#0"}}},{"from":[7,5,-16],"to":[9,6,-10],"rotation":{"angle":0,"axis":"y","origin":[8.5,5.5,-15.5]},"faces":{"north":{"uv":[12.512,0.512,13,3.488],"texture":"#0"},"east":{"uv":[12.512,0.512,13,3.488],"texture":"#0"},"west":{"uv":[12.512,0.512,13,3.488],"texture":"#0"},"up":{"uv":[12.512,0.512,13,3.488],"texture":"#0"},"down":{"uv":[12.512,0.512,13,3.488],"texture":"#0"}}},{"from":[7,6,-10],"to":[9,7,4],"rotation":{"angle":0,"axis":"y","origin":[8.5,6.5,-9.5]},"faces":{"north":{"uv":[12.512,0.512,13,3.488],"texture":"#0"},"east":{"uv":[12.512,0.512,13,3.488],"texture":"#0"},"west":{"uv":[12.512,0.512,13,3.488],"texture":"#0"},"up":{"uv":[12.512,0.512,13,3.488],"texture":"#0"},"down":{"uv":[12.512,0.512,13,3.488],"texture":"#0"}}},{"from":[-2,3.75,21],"to":[18,6.25,22],"rotation":{"angle":0,"axis":"y","origin":[8.5,5,10.5]},"faces":{"north":{"uv":[0.512,4.512,1,7.488],"texture":"#0"},"south":{"uv":[0.512,4.512,1,7.488],"texture":"#0"},"up":{"uv":[0.512,4.512,1,7.488],"texture":"#0"},"down":{"uv":[0.512,4.512,1,7.488],"texture":"#0"}}},{"from":[17.65642,3.75,20.27269],"to":[21.15642,6.25,21.27269],"rotation":{"angle":22.5,"axis":"y","origin":[19.65642,5,20.77269]},"faces":{"north":{"uv":[0.512,4.512,1,7.488],"texture":"#0"},"south":{"uv":[0.512,4.512,1,7.488],"texture":"#0"},"up":{"uv":[0.512,4.512,1,7.488],"texture":"#0"},"down":{"uv":[0.512,4.512,1,7.488],"texture":"#0"}}},{"from":[-5.15642,3.75,20.27269],"to":[-1.65642,6.25,21.27269],"rotation":{"angle":-22.5,"axis":"y","origin":[-3.65642,5,20.77269]},"faces":{"north":{"uv":[0.512,4.512,1,7.488],"texture":"#0"},"south":{"uv":[0.512,4.512,1,7.488],"texture":"#0"},"up":{"uv":[0.512,4.512,1,7.488],"texture":"#0"},"down":{"uv":[0.512,4.512,1,7.488],"texture":"#0"}}},{"from":[20.85089,3.75,19.73673],"to":[24.35089,6.25,20.73673],"rotation":{"angle":0,"axis":"y","origin":[22.85089,5,20.23673]},"faces":{"north":{"uv":[0.512,4.512,1,7.488],"texture":"#0"},"east":{"uv":[0.512,4.512,1,7.488],"texture":"#0"},"south":{"uv":[0.512,4.512,1,7.488],"texture":"#0"},"up":{"uv":[0.512,4.512,1,7.488],"texture":"#0"},"down":{"uv":[0.512,4.512,1,7.488],"texture":"#0"}}},{"from":[-8.35089,3.75,19.73673],"to":[-4.85089,6.25,20.73673],"rotation":{"angle":0,"axis":"y","origin":[-6.85089,5,20.23673]},"faces":{"north":{"uv":[0.512,4.512,1,7.488],"texture":"#0"},"south":{"uv":[0.512,4.512,1,7.488],"texture":"#0"},"west":{"uv":[0.512,4.512,1,7.488],"texture":"#0"},"up":{"uv":[0.512,4.512,1,7.488],"texture":"#0"},"down":{"uv":[0.512,4.512,1,7.488],"texture":"#0"}}},{"from":[23.41156,3.75,21.0045],"to":[26.91156,6.25,22.0045],"rotation":{"angle":-45,"axis":"y","origin":[25.41156,5,21.5045]},"faces":{"north":{"uv":[0.512,4.512,1,7.488],"texture":"#0"},"south":{"uv":[0.512,4.512,1,7.488],"texture":"#0"},"west":{"uv":[0.512,4.512,1,7.488],"texture":"#0"},"up":{"uv":[0.512,4.512,1,7.488],"texture":"#0"},"down":{"uv":[0.512,4.512,1,7.488],"texture":"#0"}}},{"from":[-10.91156,3.75,21.0045],"to":[-7.41156,6.25,22.0045],"rotation":{"angle":45,"axis":"y","origin":[-9.41156,5,21.5045]},"faces":{"north":{"uv":[0.512,4.512,1,7.488],"texture":"#0"},"east":{"uv":[0.512,4.512,1,7.488],"texture":"#0"},"south":{"uv":[0.512,4.512,1,7.488],"texture":"#0"},"up":{"uv":[0.512,4.512,1,7.488],"texture":"#0"},"down":{"uv":[0.512,4.512,1,7.488],"texture":"#0"}}},{"from":[25.5,3.25,20],"to":[29,6.75,23.5],"rotation":{"angle":0,"axis":"y","origin":[32,5,11]},"faces":{"north":{"uv":[0.512,4.512,1,7.488],"texture":"#0"},"east":{"uv":[0.512,4.512,1,7.488],"texture":"#0"},"south":{"uv":[0.512,4.512,1,7.488],"texture":"#0"},"west":{"uv":[0.512,4.512,1,7.488],"texture":"#0"},"up":{"uv":[0.512,4.512,1,7.488],"texture":"#0"},"down":{"uv":[0.512,4.512,1,7.488],"texture":"#0"}}},{"from":[-13,3.25,20],"to":[-9.5,6.75,23.5],"rotation":{"angle":0,"axis":"y","origin":[-16,5,11]},"faces":{"north":{"uv":[0.512,4.512,1,7.488],"texture":"#0"},"east":{"uv":[0.512,4.512,1,7.488],"texture":"#0"},"south":{"uv":[0.512,4.512,1,7.488],"texture":"#0"},"west":{"uv":[0.512,4.512,1,7.488],"texture":"#0"},"up":{"uv":[0.512,4.512,1,7.488],"texture":"#0"},"down":{"uv":[0.512,4.512,1,7.488],"texture":"#0"}}},{"from":[6.75,6,10],"to":[9.25,7.03073,22.44552],"rotation":{"angle":0,"axis":"y","origin":[8.5,6.5,10.5]},"faces":{"north":{"uv":[12.512,0.512,13,3.488],"texture":"#0"},"east":{"uv":[12.512,0.512,13,3.488],"texture":"#0"},"south":{"uv":[12.512,0.512,13,3.488],"texture":"#0"},"west":{"uv":[12.512,0.512,13,3.488],"texture":"#0"},"up":{"uv":[12.512,0.512,13,3.488],"texture":"#0"},"down":{"uv":[12.512,0.512,13,3.488],"texture":"#0"}}},{"from":[7.5,7.5,10],"to":[8.5,8.53073,23.94552],"rotation":{"angle":0,"axis":"y","origin":[8.5,7.75,10.5]},"faces":{"east":{"uv":[12.512,0.512,13,3.488],"texture":"#0"},"south":{"uv":[12.512,0.512,13,3.488],"texture":"#0"},"west":{"uv":[12.512,0.512,13,3.488],"texture":"#0"},"up":{"uv":[12.512,0.512,13,3.488],"texture":"#0"},"down":{"uv":[12.512,0.512,13,3.488],"texture":"#0"}}},{"from":[5.75,9.25,0.25],"to":[6.75,10.28073,14.19552],"rotation":{"angle":0,"axis":"y","origin":[6.75,9.5,0.75]},"faces":{"north":{"uv":[12.512,4.512,12.512,7.488],"texture":"#0"},"east":{"uv":[12.512,0.512,13,3.488],"texture":"#0"},"south":{"uv":[4,4,5,8],"texture":"#0"},"west":{"uv":[12.512,0.512,13,3.488],"texture":"#0"},"up":{"uv":[12.512,0.512,13,3.488],"texture":"#0"},"down":{"uv":[12.512,0.512,13,3.488],"texture":"#0"}}},{"from":[9.25,9.25,0.25],"to":[10.25,10.28073,14.19552],"rotation":{"angle":0,"axis":"y","origin":[10.25,9.5,0.75]},"faces":{"north":{"uv":[12.512,4.512,12.512,7.488],"texture":"#0"},"east":{"uv":[12.512,0.512,13,3.488],"texture":"#0"},"south":{"uv":[0,8,1,12],"texture":"#0"},"west":{"uv":[12.512,0.512,13,3.488],"texture":"#0"},"up":{"uv":[12.512,0.512,13,3.488],"texture":"#0"},"down":{"uv":[12.512,0.512,13,3.488],"texture":"#0"}}},{"from":[7.25,8.5,2.25],"to":[8.75,10.03073,11.44552],"rotation":{"angle":0,"axis":"y","origin":[8.5,9,0.75]},"faces":{"north":{"uv":[8.512,0.512,9,3.488],"texture":"#0"},"east":{"uv":[8.512,0.512,9,3.488],"texture":"#0"},"south":{"uv":[8.512,0.512,9,3.488],"texture":"#0"},"west":{"uv":[8.512,0.512,9,3.488],"texture":"#0"},"up":{"uv":[8.512,0.512,9,3.488],"texture":"#0"},"down":{"uv":[8.512,0.512,9,3.488],"texture":"#0"}}},{"from":[8,8,5.5],"to":[8.75,10.53073,6.94552],"rotation":{"angle":-45,"axis":"z","origin":[8,8.51537,6.22276]},"faces":{"north":{"uv":[12.512,0.512,13,3.488],"texture":"#0"},"east":{"uv":[12.512,0.512,13,3.488],"texture":"#0"},"south":{"uv":[12.512,0.512,13,3.488],"texture":"#0"},"west":{"uv":[12.512,0.512,13,3.488],"texture":"#0"}}},{"from":[7.25,8,5.5],"to":[8,10.53073,6.94552],"rotation":{"angle":45,"axis":"z","origin":[8,8.51537,6.22276]},"faces":{"north":{"uv":[12.512,0.512,13,3.488],"texture":"#0"},"east":{"uv":[12.512,0.512,13,3.488],"texture":"#0"},"south":{"uv":[12.512,0.512,13,3.488],"texture":"#0"},"west":{"uv":[12.512,0.512,13,3.488],"texture":"#0"}}},{"from":[7,3.28073,11.44552],"to":[9,4.28073,22.44552],"rotation":{"angle":0,"axis":"y","origin":[8.5,3.78073,14.19552]},"faces":{"east":{"uv":[8.512,0.512,9,3.488],"texture":"#0"},"west":{"uv":[8.512,0.512,9,3.488],"texture":"#0"},"up":{"uv":[8.512,0.512,9,3.488],"texture":"#0"},"down":{"uv":[8.512,0.512,9,3.488],"texture":"#0"}}},{"from":[7,3.28073,22.44552],"to":[9,7.03073,22.94552],"rotation":{"angle":0,"axis":"y","origin":[8.5,3.78073,14.19552]},"faces":{"north":{"uv":[12.512,0.512,13,3.488],"texture":"#0"},"east":{"uv":[12.512,0.512,13,3.488],"texture":"#0"},"south":{"uv":[12.512,0.512,13,3.488],"texture":"#0"},"west":{"uv":[12.512,0.512,13,3.488],"texture":"#0"},"up":{"uv":[12.512,0.512,13,3.488],"texture":"#0"},"down":{"uv":[12.512,0.512,13,3.488],"texture":"#0"}}},{"from":[7,7.28073,23.19552],"to":[9,8.78073,23.69552],"rotation":{"angle":0,"axis":"y","origin":[8.5,5.53073,14.94552]},"faces":{"north":{"uv":[12.512,0.512,13,3.488],"texture":"#0"},"east":{"uv":[12.512,0.512,13,3.488],"texture":"#0"},"south":{"uv":[12.512,0.512,13,3.488],"texture":"#0"},"west":{"uv":[12.512,0.512,13,3.488],"texture":"#0"},"up":{"uv":[12.512,0.512,13,3.488],"texture":"#0"},"down":{"uv":[12.512,0.512,13,3.488],"texture":"#0"}}},{"from":[7,8.78073,23.19552],"to":[7.5,10.53073,23.69552],"rotation":{"angle":0,"axis":"y","origin":[8.5,3.78073,14.94552]},"faces":{"north":{"uv":[12.512,0.512,13,3.488],"texture":"#0"},"east":{"uv":[12.512,0.512,13,3.488],"texture":"#0"},"south":{"uv":[12.512,0.512,13,3.488],"texture":"#0"},"west":{"uv":[12.512,0.512,13,3.488],"texture":"#0"},"up":{"uv":[12.512,0.512,13,3.488],"texture":"#0"}}},{"from":[8.5,8.78073,23.19552],"to":[9,10.53073,23.69552],"rotation":{"angle":0,"axis":"y","origin":[10,3.78073,14.94552]},"faces":{"north":{"uv":[12.512,0.512,13,3.488],"texture":"#0"},"east":{"uv":[12.512,0.512,13,3.488],"texture":"#0"},"south":{"uv":[12.512,0.512,13,3.488],"texture":"#0"},"west":{"uv":[12.512,0.512,13,3.488],"texture":"#0"},"up":{"uv":[12.512,0.512,13,3.488],"texture":"#0"}}},{"from":[7,2,1.65433],"to":[9,2.48097,4],"rotation":{"angle":0,"axis":"y","origin":[8.5,2.5,3.5]},"faces":{"north":{"uv":[8.512,0.512,9,3.488],"texture":"#0"},"east":{"uv":[8.512,0.512,9,3.488],"texture":"#0"},"west":{"uv":[8.512,0.512,9,3.488],"texture":"#0"},"down":{"uv":[8.512,0.512,9,3.488],"texture":"#0"}}},{"from":[7,2.25,3],"to":[9,3,4],"rotation":{"angle":0,"axis":"y","origin":[8.5,2.75,3.5]},"faces":{"east":{"uv":[8.512,0.512,9,3.488],"texture":"#0"},"west":{"uv":[8.512,0.512,9,3.488],"texture":"#0"}}},{"from":[7,2.25,2.25],"to":[9,2.65,3],"rotation":{"angle":0,"axis":"y","origin":[8.5,2.75,2.5]},"faces":{"east":{"uv":[8.512,0.512,9,3.488],"texture":"#0"},"west":{"uv":[8.512,0.512,9,3.488],"texture":"#0"}}},{"from":[7,2.65067,1.52112],"to":[9,3.15067,4.27112],"rotation":{"angle":-22.5,"axis":"x","origin":[8.5,3.15067,3.27112]},"faces":{"east":{"uv":[8.512,0.512,9,3.488],"texture":"#0"},"west":{"uv":[8.512,0.512,9,3.488],"texture":"#0"},"up":{"uv":[8.512,0.512,9,3.488],"texture":"#0"}}},{"from":[7.5,3.86104,2.13948],"to":[8.5,4.86104,2.63948],"rotation":{"angle":22.5,"axis":"x","origin":[7.5,3.16813,2.4265]},"faces":{"north":{"uv":[12.512,0.512,13,3.488],"texture":"#0"},"east":{"uv":[12.512,0.512,13,3.488],"texture":"#0"},"south":{"uv":[12.512,0.512,13,3.488],"texture":"#0"},"west":{"uv":[12.512,0.512,13,3.488],"texture":"#0"},"down":{"uv":[12.512,0.512,13,3.488],"texture":"#0"}}},{"from":[7.5,4.65067,2.77112],"to":[8.5,6.40067,3.27112],"rotation":{"angle":0,"axis":"x","origin":[8.5,5.40067,2.77112]},"faces":{"north":{"uv":[12.512,0.512,13,3.488],"texture":"#0"},"east":{"uv":[12.512,0.512,13,3.488],"texture":"#0"},"south":{"uv":[12.512,0.512,13,3.488],"texture":"#0"},"west":{"uv":[12.512,0.512,13,3.488],"texture":"#0"}}},{"from":[7,2,4],"to":[9,7,10],"rotation":{"angle":0,"axis":"y","origin":[8.5,2.5,4.5]},"faces":{"north":{"uv":[8.512,0.512,9,3.488],"texture":"#0"},"east":{"uv":[8.512,0.512,9,3.488],"texture":"#0"},"west":{"uv":[8.512,0.512,9,3.488],"texture":"#0"},"down":{"uv":[8.512,0.512,9,3.488],"texture":"#0"}}},{"from":[6.5,6.75,4],"to":[9.5,9,10],"rotation":{"angle":0,"axis":"y","origin":[8.5,7.5,4.5]},"faces":{"north":{"uv":[12.512,0.512,13,3.488],"texture":"#0"},"east":{"uv":[12.512,0.512,13,3.488],"texture":"#0"},"south":{"uv":[12.512,0.512,13,3.488],"texture":"#0"},"west":{"uv":[12.512,0.512,13,3.488],"texture":"#0"},"up":{"uv":[12.512,0.512,13,3.488],"texture":"#0"},"down":{"uv":[12.512,0.512,13,3.488],"texture":"#0"}}},{"from":[7,2.15328,9.7706],"to":[9,5.90328,12.2706],"rotation":{"angle":-22.5,"axis":"x","origin":[8.5,2.65328,10.2706]},"faces":{"east":{"uv":[8.512,0.512,9,3.488],"texture":"#0"},"south":{"uv":[8.512,0.512,9,3.488],"texture":"#0"},"west":{"uv":[8.512,0.512,9,3.488],"texture":"#0"},"down":{"uv":[8.512,0.512,9,3.488],"texture":"#0"}}},{"from":[7,2.15328,12.2706],"to":[9,3.15328,13.2706],"rotation":{"angle":-22.5,"axis":"x","origin":[8.5,2.65328,10.2706]},"faces":{"east":{"uv":[8.512,0.512,9,3.488],"texture":"#0"},"west":{"uv":[8.512,0.512,9,3.488],"texture":"#0"},"down":{"uv":[8.512,0.512,9,3.488],"texture":"#0"}}},{"from":[6.5,4.75,4.5],"to":[7,6.5,6],"rotation":{"angle":0,"axis":"y","origin":[6.5,1,5]},"faces":{"north":{"uv":[8.512,4.512,9,7.488],"texture":"#0"},"south":{"uv":[8.512,4.512,9,7.488],"texture":"#0"},"west":{"uv":[8.512,4.512,9,7.488],"texture":"#0"},"up":{"uv":[8.512,4.512,9,7.488],"texture":"#0"},"down":{"uv":[8.512,4.512,9,7.488],"texture":"#0"}}},{"from":[9,2.75,6],"to":[9.5,4.5,7.5],"rotation":{"angle":0,"axis":"y","origin":[9,-1,6.5]},"faces":{"north":{"uv":[12.512,0.512,13,3.488],"texture":"#0"},"east":{"uv":[12.512,0.512,13,3.488],"texture":"#0"},"south":{"uv":[12.512,0.512,13,3.488],"texture":"#0"},"up":{"uv":[12.512,0.512,13,3.488],"texture":"#0"},"down":{"uv":[12.512,0.512,13,3.488],"texture":"#0"}}},{"from":[6.5,3.75,6.75],"to":[7,5.25,7.5],"rotation":{"angle":0,"axis":"y","origin":[6.5,0,7.25]},"faces":{"north":{"uv":[8.512,4.512,9,7.488],"texture":"#0"},"south":{"uv":[8.512,4.512,9,7.488],"texture":"#0"},"west":{"uv":[8.512,4.512,9,7.488],"texture":"#0"},"up":{"uv":[8.512,4.512,9,7.488],"texture":"#0"},"down":{"uv":[8.512,4.512,9,7.488],"texture":"#0"}}},{"from":[9,4.25,4.75],"to":[9.5,5.75,5.5],"rotation":{"angle":0,"axis":"y","origin":[9,0.5,5.25]},"faces":{"north":{"uv":[4.512,8.512,5,11.488],"texture":"#0"},"east":{"uv":[4.512,8.512,5,11.488],"texture":"#0"},"south":{"uv":[4.512,8.512,5,11.488],"texture":"#0"},"up":{"uv":[4.512,8.512,5,11.488],"texture":"#0"},"down":{"uv":[4.512,8.512,5,11.488],"texture":"#0"}}},{"from":[6.5,6,8.25],"to":[7,6.75,9],"rotation":{"angle":0,"axis":"y","origin":[6.5,1.5,8.75]},"faces":{"north":{"uv":[8.512,4.512,9,7.488],"texture":"#0"},"south":{"uv":[8.512,4.512,9,7.488],"texture":"#0"},"west":{"uv":[8.512,4.512,9,7.488],"texture":"#0"},"down":{"uv":[8.512,4.512,9,7.488],"texture":"#0"}}},{"from":[9,5,8.25],"to":[9.5,5.75,9],"rotation":{"angle":0,"axis":"y","origin":[9,0.5,8.75]},"faces":{"north":{"uv":[4.512,8.512,5,11.488],"texture":"#0"},"east":{"uv":[4.512,8.512,5,11.488],"texture":"#0"},"south":{"uv":[4.512,8.512,5,11.488],"texture":"#0"},"up":{"uv":[4.512,8.512,5,11.488],"texture":"#0"},"down":{"uv":[4.512,8.512,5,11.488],"texture":"#0"}}},{"from":[9,4,9.5],"to":[9.5,4.75,10.25],"rotation":{"angle":0,"axis":"y","origin":[9,-0.5,10]},"faces":{"north":{"uv":[12.512,0.512,13,3.488],"texture":"#0"},"east":{"uv":[12.512,0.512,13,3.488],"texture":"#0"},"south":{"uv":[12.512,0.512,13,3.488],"texture":"#0"},"west":{"uv":[12.512,0.512,13,3.488],"texture":"#0"},"up":{"uv":[12.512,0.512,13,3.488],"texture":"#0"},"down":{"uv":[12.512,0.512,13,3.488],"texture":"#0"}}},{"from":[7,-1,-5.75],"to":[9,1,3.5],"rotation":{"angle":-45,"axis":"x","origin":[8.5,-0.5,-5.25]},"faces":{"east":{"uv":[12.512,0.512,13,3.488],"texture":"#0"},"west":{"uv":[12.512,0.512,13,3.488],"texture":"#0"},"up":{"uv":[12.512,0.512,13,3.488],"texture":"#0"},"down":{"uv":[12.512,0.512,13,3.488],"texture":"#0"}}},{"from":[7,-1,3.5],"to":[9,0,4.75],"rotation":{"angle":-45,"axis":"x","origin":[8.5,-0.5,-5.25]},"faces":{"east":{"uv":[12.512,0.512,13,3.488],"texture":"#0"},"west":{"uv":[12.512,0.512,13,3.488],"texture":"#0"},"down":{"uv":[12.512,0.512,13,3.488],"texture":"#0"}}},{"from":[7,6.07716,-12.34672],"to":[9,7.00104,-9.46404],"rotation":{"angle":-22.5,"axis":"x","origin":[8.5,5.65328,-9.7294]},"faces":{"east":{"uv":[12.512,0.512,13,3.488],"texture":"#0"},"south":{"uv":[12.512,0.512,13,3.488],"texture":"#0"},"west":{"uv":[12.512,0.512,13,3.488],"texture":"#0"},"up":{"uv":[12.512,0.512,13,3.488],"texture":"#0"}}},{"from":[7,6.03387,-10.03702],"to":[9,6.95775,-7.15434],"rotation":{"angle":-22.5,"axis":"x","origin":[8.5,5.60999,-7.4197]},"faces":{"east":{"uv":[12.512,0.512,13,3.488],"texture":"#0"},"west":{"uv":[12.512,0.512,13,3.488],"texture":"#0"},"down":{"uv":[12.512,0.512,13,3.488],"texture":"#0"}}},{"from":[7,1,-16],"to":[9,5,-15],"rotation":{"angle":0,"axis":"y","origin":[8.5,1.5,-15.5]},"faces":{"north":{"uv":[12.512,0.512,13,3.488],"texture":"#0"},"east":{"uv":[12.512,0.512,13,3.488],"texture":"#0"},"south":{"uv":[12.512,0.512,13,3.488],"texture":"#0"},"west":{"uv":[12.512,0.512,13,3.488],"texture":"#0"}}}],"display":{"thirdperson_righthand":{"rotation":[0,-180,0],"translation":[-0.25,1.25,-3],"scale":[0.5,0.5,0.5]},"thirdperson_lefthand":{"rotation":[98.75,-180,-339.75],"translation":[-0.25,-1.75,0.25],"scale":[0.5,0.5,0.5]},"firstperson_righthand":{"rotation":[0,-180,0],"translation":[-0.25,2,-0.5],"scale":[0.49,0.49,0.49]},"firstperson_lefthand":{"rotation":[73,-180,-339.75],"translation":[2,0.75,0.25],"scale":[0.5,0.5,0.5]},"ground":{"translation":[0,4.1739,0],"scale":[0.32,0.32,0.32]},"gui":{"rotation":[31,-35,-4],"translation":[2.5,1.5,-4.5],"scale":[0.38,0.38,0.38]},"head":{"rotation":[0,-180,0]},"fixed":{"rotation":[-90,0,0],"translation":[0,1.5,-4.5],"scale":[0.55,0.55,0.55]}}}