{"credit":"Made with Blockbench by Valvac","textures":{"0":"block/stripped_spruce_log","1":"block/light_gray_concrete","2":"block/stripped_oak_log","3":"block/hay_block_side","4":"block/hay_block_top","particle":"block/stripped_spruce_log"},"elements":[{"from":[-1.79565,1.25,4],"to":[-0.20435,8,5],"rotation":{"angle":-45,"axis":"y","origin":[-1,8,8]},"faces":{"north":{"uv":[10,0,12,12],"texture":"#0"},"south":{"uv":[0,0,2,12],"texture":"#0"},"up":{"uv":[0,0,2,12],"texture":"#0"},"down":{"uv":[0,0,2,12],"texture":"#0"}}},{"from":[-1.79565,1.25,4],"to":[-0.20435,8,5],"rotation":{"angle":-22.5,"axis":"y","origin":[-1,8,8]},"faces":{"north":{"uv":[12,0,14,12],"texture":"#0"},"south":{"uv":[0,0,2,12],"texture":"#0"},"up":{"uv":[0,0,2,12],"texture":"#0"},"down":{"uv":[0,0,2,12],"texture":"#0"}}},{"from":[-1.79565,1.25,4],"to":[-0.20435,8,5],"rotation":{"angle":0,"axis":"y","origin":[-1,8,8]},"faces":{"north":{"uv":[14,0,16,12],"texture":"#0"},"south":{"uv":[0,0,2,12],"texture":"#0"},"up":{"uv":[0,0,2,12],"texture":"#0"},"down":{"uv":[0,0,2,12],"texture":"#0"}}},{"from":[-1.79565,1.25,4],"to":[-0.20435,8,5],"rotation":{"angle":22.5,"axis":"y","origin":[-1,8,8]},"faces":{"north":{"uv":[2,0,4,12],"texture":"#0"},"south":{"uv":[0,0,2,12],"texture":"#0"},"up":{"uv":[0,0,2,12],"texture":"#0"},"down":{"uv":[0,0,2,12],"texture":"#0"}}},{"from":[-1.79565,1.25,4],"to":[-0.20435,8,5],"rotation":{"angle":45,"axis":"y","origin":[-1,8,8]},"faces":{"north":{"uv":[4,0,6,12],"texture":"#0"},"south":{"uv":[0,0,2,12],"texture":"#0"},"up":{"uv":[0,0,2,12],"texture":"#0"},"down":{"uv":[0,0,2,12],"texture":"#0"}}},{"from":[-1.79565,1.25,11],"to":[-0.20435,8,12],"rotation":{"angle":-45,"axis":"y","origin":[-1,8,8]},"faces":{"north":{"uv":[0,0,2,12],"texture":"#0"},"south":{"uv":[14,0,16,12],"texture":"#0"},"up":{"uv":[0,0,2,12],"texture":"#0"},"down":{"uv":[0,0,2,12],"texture":"#0"}}},{"from":[-1.79565,1.25,11],"to":[-0.20435,8,12],"rotation":{"angle":-22.5,"axis":"y","origin":[-1,8,8]},"faces":{"north":{"uv":[0,0,2,12],"texture":"#0"},"south":{"uv":[5,0,7,12],"texture":"#0"},"up":{"uv":[0,0,2,12],"texture":"#0"},"down":{"uv":[0,0,2,12],"texture":"#0"}}},{"from":[-1.79565,1.25,11],"to":[-0.20435,8,12],"rotation":{"angle":0,"axis":"y","origin":[-1,8,8]},"faces":{"north":{"uv":[0,0,2,12],"texture":"#0"},"south":{"uv":[8,0,10,12],"texture":"#0"},"up":{"uv":[0,0,2,12],"texture":"#0"},"down":{"uv":[0,0,2,12],"texture":"#0"}}},{"from":[-1.79565,1.25,11],"to":[-0.20435,8,12],"rotation":{"angle":22.5,"axis":"y","origin":[-1,8,8]},"faces":{"north":{"uv":[0,0,2,12],"texture":"#0"},"south":{"uv":[0,0,2,12],"texture":"#0"},"up":{"uv":[0,0,2,12],"texture":"#0"},"down":{"uv":[0,0,2,12],"texture":"#0"}}},{"from":[-1.79565,1.25,11],"to":[-0.20435,8,12],"rotation":{"angle":45,"axis":"y","origin":[-1,8,8]},"faces":{"north":{"uv":[0,0,2,12],"texture":"#0"},"south":{"uv":[2,0,4,12],"texture":"#0"},"up":{"uv":[0,0,2,12],"texture":"#0"},"down":{"uv":[0,0,2,12],"texture":"#0"}}},{"from":[-5,1.25,7.20435],"to":[-4,8,8.79565],"rotation":{"angle":-22.5,"axis":"y","origin":[-1,8,8]},"faces":{"east":{"uv":[0,0,2,12],"texture":"#0"},"west":{"uv":[6,0,8,12],"texture":"#0"},"up":{"uv":[0,0,2,12],"texture":"#0"},"down":{"uv":[0,0,2,12],"texture":"#0"}}},{"from":[-5,1.25,7.20435],"to":[-4,8,8.79565],"rotation":{"angle":0,"axis":"y","origin":[-1,8,8]},"faces":{"east":{"uv":[0,0,2,12],"texture":"#0"},"west":{"uv":[8,0,10,12],"texture":"#0"},"up":{"uv":[0,0,2,12],"texture":"#0"},"down":{"uv":[0,0,2,12],"texture":"#0"}}},{"from":[-5,1.25,7.20435],"to":[-4,8,8.79565],"rotation":{"angle":22.5,"axis":"y","origin":[-1,8,8]},"faces":{"east":{"uv":[0,0,2,12],"texture":"#0"},"west":{"uv":[10,0,12,12],"texture":"#0"},"up":{"uv":[0,0,2,12],"texture":"#0"},"down":{"uv":[0,0,2,12],"texture":"#0"}}},{"from":[2,1.25,7.20435],"to":[3,8,8.79565],"rotation":{"angle":-22.5,"axis":"y","origin":[-1,8,8]},"faces":{"east":{"uv":[4,0,6,12],"texture":"#0"},"west":{"uv":[0,0,2,12],"texture":"#0"},"up":{"uv":[0,0,2,12],"texture":"#0"},"down":{"uv":[0,0,2,12],"texture":"#0"}}},{"from":[2,1.25,7.20435],"to":[3,8,8.79565],"rotation":{"angle":0,"axis":"y","origin":[-1,8,8]},"faces":{"east":{"uv":[6,0,8,12],"texture":"#0"},"west":{"uv":[0,0,2,12],"texture":"#0"},"up":{"uv":[0,0,2,12],"texture":"#0"},"down":{"uv":[0,0,2,12],"texture":"#0"}}},{"from":[2,1.25,7.20435],"to":[3,8,8.79565],"rotation":{"angle":22.5,"axis":"y","origin":[-1,8,8]},"faces":{"east":{"uv":[8,0,10,12],"texture":"#0"},"west":{"uv":[0,0,2,12],"texture":"#0"},"up":{"uv":[0,0,2,12],"texture":"#0"},"down":{"uv":[0,0,2,12],"texture":"#0"}}},{"from":[-1.82051,5.5,3.875],"to":[-0.17949,6.5,4.875],"rotation":{"angle":-45,"axis":"y","origin":[-1,6,8]},"faces":{"north":{"uv":[0,0,1,1],"texture":"#1"},"east":{"uv":[0,0,1,1],"texture":"#1"},"west":{"uv":[0,0,1,1],"texture":"#1"},"up":{"uv":[0,0,1,1],"texture":"#1"},"down":{"uv":[0,0,1,1],"texture":"#1"}}},{"from":[-1.82051,5.5,3.875],"to":[-0.17949,6.5,4.875],"rotation":{"angle":-22.5,"axis":"y","origin":[-1,6,8]},"faces":{"north":{"uv":[0,0,1,1],"texture":"#1"},"east":{"uv":[0,0,1,1],"texture":"#1"},"west":{"uv":[0,0,1,1],"texture":"#1"},"up":{"uv":[0,0,1,1],"texture":"#1"},"down":{"uv":[0,0,1,1],"texture":"#1"}}},{"from":[-1.82051,5.5,3.875],"to":[-0.17949,6.5,4.875],"rotation":{"angle":0,"axis":"y","origin":[-1,6,8]},"faces":{"north":{"uv":[0,0,1,1],"texture":"#1"},"east":{"uv":[0,0,1,1],"texture":"#1"},"west":{"uv":[0,0,1,1],"texture":"#1"},"up":{"uv":[0,0,1,1],"texture":"#1"},"down":{"uv":[0,0,1,1],"texture":"#1"}}},{"from":[-1.82051,5.5,3.875],"to":[-0.17949,6.5,4.875],"rotation":{"angle":22.5,"axis":"y","origin":[-1,6,8]},"faces":{"north":{"uv":[0,0,1,1],"texture":"#1"},"east":{"uv":[0,0,1,1],"texture":"#1"},"west":{"uv":[0,0,1,1],"texture":"#1"},"up":{"uv":[0,0,1,1],"texture":"#1"},"down":{"uv":[0,0,1,1],"texture":"#1"}}},{"from":[-1.82051,5.5,3.875],"to":[-0.17949,6.5,4.875],"rotation":{"angle":45,"axis":"y","origin":[-1,6,8]},"faces":{"north":{"uv":[0,0,1,1],"texture":"#1"},"east":{"uv":[0,0,1,1],"texture":"#1"},"west":{"uv":[0,0,1,1],"texture":"#1"},"up":{"uv":[0,0,1,1],"texture":"#1"},"down":{"uv":[0,0,1,1],"texture":"#1"}}},{"from":[-1.82051,5.5,11.125],"to":[-0.17949,6.5,12.125],"rotation":{"angle":-45,"axis":"y","origin":[-1,6,8]},"faces":{"east":{"uv":[0,0,1,1],"texture":"#1"},"south":{"uv":[0,0,1,1],"texture":"#1"},"west":{"uv":[0,0,1,1],"texture":"#1"},"up":{"uv":[0,0,1,1],"texture":"#1"},"down":{"uv":[0,0,1,1],"texture":"#1"}}},{"from":[-1.82051,5.5,11.125],"to":[-0.17949,6.5,12.125],"rotation":{"angle":-22.5,"axis":"y","origin":[-1,6,8]},"faces":{"east":{"uv":[0,0,1,1],"texture":"#1"},"south":{"uv":[0,0,1,1],"texture":"#1"},"west":{"uv":[0,0,1,1],"texture":"#1"},"up":{"uv":[0,0,1,1],"texture":"#1"},"down":{"uv":[0,0,1,1],"texture":"#1"}}},{"from":[-1.82051,5.5,11.125],"to":[-0.17949,6.5,12.125],"rotation":{"angle":0,"axis":"y","origin":[-1,6,8]},"faces":{"east":{"uv":[0,0,1,1],"texture":"#1"},"south":{"uv":[0,0,1,1],"texture":"#1"},"west":{"uv":[0,0,1,1],"texture":"#1"},"up":{"uv":[0,0,1,1],"texture":"#1"},"down":{"uv":[0,0,1,1],"texture":"#1"}}},{"from":[-1.82051,5.5,11.125],"to":[-0.17949,6.5,12.125],"rotation":{"angle":22.5,"axis":"y","origin":[-1,6,8]},"faces":{"east":{"uv":[0,0,1,1],"texture":"#1"},"south":{"uv":[0,0,1,1],"texture":"#1"},"west":{"uv":[0,0,1,1],"texture":"#1"},"up":{"uv":[0,0,1,1],"texture":"#1"},"down":{"uv":[0,0,1,1],"texture":"#1"}}},{"from":[-1.82051,5.5,11.125],"to":[-0.17949,6.5,12.125],"rotation":{"angle":45,"axis":"y","origin":[-1,6,8]},"faces":{"east":{"uv":[0,0,1,1],"texture":"#1"},"south":{"uv":[0,0,1,1],"texture":"#1"},"west":{"uv":[0,0,1,1],"texture":"#1"},"up":{"uv":[0,0,1,1],"texture":"#1"},"down":{"uv":[0,0,1,1],"texture":"#1"}}},{"from":[-5.125,5.5,7.17949],"to":[-4.125,6.5,8.82051],"rotation":{"angle":-22.5,"axis":"y","origin":[-1,6,8]},"faces":{"north":{"uv":[0,0,1,1],"texture":"#1"},"south":{"uv":[0,0,1,1],"texture":"#1"},"west":{"uv":[0,0,1,1],"texture":"#1"},"up":{"uv":[0,0,1,1],"texture":"#1"},"down":{"uv":[0,0,1,1],"texture":"#1"}}},{"from":[-5.125,5.5,7.17949],"to":[-4.125,6.5,8.82051],"rotation":{"angle":0,"axis":"y","origin":[-1,6,8]},"faces":{"north":{"uv":[0,0,1,1],"texture":"#1"},"south":{"uv":[0,0,1,1],"texture":"#1"},"west":{"uv":[0,0,1,1],"texture":"#1"},"up":{"uv":[0,0,1,1],"texture":"#1"},"down":{"uv":[0,0,1,1],"texture":"#1"}}},{"from":[-5.125,5.5,7.17949],"to":[-4.125,6.5,8.82051],"rotation":{"angle":22.5,"axis":"y","origin":[-1,6,8]},"faces":{"north":{"uv":[0,0,1,1],"texture":"#1"},"south":{"uv":[0,0,1,1],"texture":"#1"},"west":{"uv":[0,0,1,1],"texture":"#1"},"up":{"uv":[0,0,1,1],"texture":"#1"},"down":{"uv":[0,0,1,1],"texture":"#1"}}},{"from":[2.125,5.5,7.17949],"to":[3.125,6.5,8.82051],"rotation":{"angle":-22.5,"axis":"y","origin":[-1,6,8]},"faces":{"north":{"uv":[0,0,1,1],"texture":"#1"},"east":{"uv":[0,0,1,1],"texture":"#1"},"south":{"uv":[0,0,1,1],"texture":"#1"},"up":{"uv":[0,0,1,1],"texture":"#1"},"down":{"uv":[0,0,1,1],"texture":"#1"}}},{"from":[2.125,5.5,7.17949],"to":[3.125,6.5,8.82051],"rotation":{"angle":0,"axis":"y","origin":[-1,6,8]},"faces":{"north":{"uv":[0,0,1,1],"texture":"#1"},"east":{"uv":[0,0,1,1],"texture":"#1"},"south":{"uv":[0,0,1,1],"texture":"#1"},"up":{"uv":[0,0,1,1],"texture":"#1"},"down":{"uv":[0,0,1,1],"texture":"#1"}}},{"from":[2.125,5.5,7.17949],"to":[3.125,6.5,8.82051],"rotation":{"angle":22.5,"axis":"y","origin":[-1,6,8]},"faces":{"north":{"uv":[0,0,1,1],"texture":"#1"},"east":{"uv":[0,0,1,1],"texture":"#1"},"south":{"uv":[0,0,1,1],"texture":"#1"},"up":{"uv":[0,0,1,1],"texture":"#1"},"down":{"uv":[0,0,1,1],"texture":"#1"}}},{"from":[-1.82051,2.5,3.875],"to":[-0.17949,3.5,4.875],"rotation":{"angle":-45,"axis":"y","origin":[-1,3,8]},"faces":{"north":{"uv":[0,0,1,1],"texture":"#1"},"east":{"uv":[0,0,1,1],"texture":"#1"},"west":{"uv":[0,0,1,1],"texture":"#1"},"up":{"uv":[0,0,1,1],"texture":"#1"},"down":{"uv":[0,0,1,1],"texture":"#1"}}},{"from":[-1.82051,2.5,3.875],"to":[-0.17949,3.5,4.875],"rotation":{"angle":-22.5,"axis":"y","origin":[-1,3,8]},"faces":{"north":{"uv":[0,0,1,1],"texture":"#1"},"east":{"uv":[0,0,1,1],"texture":"#1"},"west":{"uv":[0,0,1,1],"texture":"#1"},"up":{"uv":[0,0,1,1],"texture":"#1"},"down":{"uv":[0,0,1,1],"texture":"#1"}}},{"from":[-1.82051,2.5,3.875],"to":[-0.17949,3.5,4.875],"rotation":{"angle":0,"axis":"y","origin":[-1,3,8]},"faces":{"north":{"uv":[0,0,1,1],"texture":"#1"},"east":{"uv":[0,0,1,1],"texture":"#1"},"west":{"uv":[0,0,1,1],"texture":"#1"},"up":{"uv":[0,0,1,1],"texture":"#1"},"down":{"uv":[0,0,1,1],"texture":"#1"}}},{"from":[-1.82051,2.5,3.875],"to":[-0.17949,3.5,4.875],"rotation":{"angle":22.5,"axis":"y","origin":[-1,3,8]},"faces":{"north":{"uv":[0,0,1,1],"texture":"#1"},"east":{"uv":[0,0,1,1],"texture":"#1"},"west":{"uv":[0,0,1,1],"texture":"#1"},"up":{"uv":[0,0,1,1],"texture":"#1"},"down":{"uv":[0,0,1,1],"texture":"#1"}}},{"from":[-1.82051,2.5,3.875],"to":[-0.17949,3.5,4.875],"rotation":{"angle":45,"axis":"y","origin":[-1,3,8]},"faces":{"north":{"uv":[0,0,1,1],"texture":"#1"},"east":{"uv":[0,0,1,1],"texture":"#1"},"west":{"uv":[0,0,1,1],"texture":"#1"},"up":{"uv":[0,0,1,1],"texture":"#1"},"down":{"uv":[0,0,1,1],"texture":"#1"}}},{"from":[-1.82051,2.5,11.125],"to":[-0.17949,3.5,12.125],"rotation":{"angle":-45,"axis":"y","origin":[-1,3,8]},"faces":{"east":{"uv":[0,0,1,1],"texture":"#1"},"south":{"uv":[0,0,1,1],"texture":"#1"},"west":{"uv":[0,0,1,1],"texture":"#1"},"up":{"uv":[0,0,1,1],"texture":"#1"},"down":{"uv":[0,0,1,1],"texture":"#1"}}},{"from":[-1.82051,2.5,11.125],"to":[-0.17949,3.5,12.125],"rotation":{"angle":-22.5,"axis":"y","origin":[-1,3,8]},"faces":{"east":{"uv":[0,0,1,1],"texture":"#1"},"south":{"uv":[0,0,1,1],"texture":"#1"},"west":{"uv":[0,0,1,1],"texture":"#1"},"up":{"uv":[0,0,1,1],"texture":"#1"},"down":{"uv":[0,0,1,1],"texture":"#1"}}},{"from":[-1.82051,2.5,11.125],"to":[-0.17949,3.5,12.125],"rotation":{"angle":0,"axis":"y","origin":[-1,3,8]},"faces":{"east":{"uv":[0,0,1,1],"texture":"#1"},"south":{"uv":[0,0,1,1],"texture":"#1"},"west":{"uv":[0,0,1,1],"texture":"#1"},"up":{"uv":[0,0,1,1],"texture":"#1"},"down":{"uv":[0,0,1,1],"texture":"#1"}}},{"from":[-1.82051,2.5,11.125],"to":[-0.17949,3.5,12.125],"rotation":{"angle":22.5,"axis":"y","origin":[-1,3,8]},"faces":{"east":{"uv":[0,0,1,1],"texture":"#1"},"south":{"uv":[0,0,1,1],"texture":"#1"},"west":{"uv":[0,0,1,1],"texture":"#1"},"up":{"uv":[0,0,1,1],"texture":"#1"},"down":{"uv":[0,0,1,1],"texture":"#1"}}},{"from":[-1.82051,2.5,11.125],"to":[-0.17949,3.5,12.125],"rotation":{"angle":45,"axis":"y","origin":[-1,3,8]},"faces":{"east":{"uv":[0,0,1,1],"texture":"#1"},"south":{"uv":[0,0,1,1],"texture":"#1"},"west":{"uv":[0,0,1,1],"texture":"#1"},"up":{"uv":[0,0,1,1],"texture":"#1"},"down":{"uv":[0,0,1,1],"texture":"#1"}}},{"from":[-5.125,2.5,7.17949],"to":[-4.125,3.5,8.82051],"rotation":{"angle":-22.5,"axis":"y","origin":[-1,3,8]},"faces":{"north":{"uv":[0,0,1,1],"texture":"#1"},"south":{"uv":[0,0,1,1],"texture":"#1"},"west":{"uv":[0,0,1,1],"texture":"#1"},"up":{"uv":[0,0,1,1],"texture":"#1"},"down":{"uv":[0,0,1,1],"texture":"#1"}}},{"from":[-5.125,2.5,7.17949],"to":[-4.125,3.5,8.82051],"rotation":{"angle":0,"axis":"y","origin":[-1,3,8]},"faces":{"north":{"uv":[0,0,1,1],"texture":"#1"},"south":{"uv":[0,0,1,1],"texture":"#1"},"west":{"uv":[0,0,1,1],"texture":"#1"},"up":{"uv":[0,0,1,1],"texture":"#1"},"down":{"uv":[0,0,1,1],"texture":"#1"}}},{"from":[-5.125,2.5,7.17949],"to":[-4.125,3.5,8.82051],"rotation":{"angle":22.5,"axis":"y","origin":[-1,3,8]},"faces":{"north":{"uv":[0,0,1,1],"texture":"#1"},"south":{"uv":[0,0,1,1],"texture":"#1"},"west":{"uv":[0,0,1,1],"texture":"#1"},"up":{"uv":[0,0,1,1],"texture":"#1"},"down":{"uv":[0,0,1,1],"texture":"#1"}}},{"from":[2.125,2.5,7.17949],"to":[3.125,3.5,8.82051],"rotation":{"angle":-22.5,"axis":"y","origin":[-1,3,8]},"faces":{"north":{"uv":[0,0,1,1],"texture":"#1"},"east":{"uv":[0,0,1,1],"texture":"#1"},"south":{"uv":[0,0,1,1],"texture":"#1"},"up":{"uv":[0,0,1,1],"texture":"#1"},"down":{"uv":[0,0,1,1],"texture":"#1"}}},{"from":[2.125,2.5,7.17949],"to":[3.125,3.5,8.82051],"rotation":{"angle":0,"axis":"y","origin":[-1,3,8]},"faces":{"north":{"uv":[0,0,1,1],"texture":"#1"},"east":{"uv":[0,0,1,1],"texture":"#1"},"south":{"uv":[0,0,1,1],"texture":"#1"},"up":{"uv":[0,0,1,1],"texture":"#1"},"down":{"uv":[0,0,1,1],"texture":"#1"}}},{"from":[2.125,2.5,7.17949],"to":[3.125,3.5,8.82051],"rotation":{"angle":22.5,"axis":"y","origin":[-1,3,8]},"faces":{"north":{"uv":[0,0,1,1],"texture":"#1"},"east":{"uv":[0,0,1,1],"texture":"#1"},"south":{"uv":[0,0,1,1],"texture":"#1"},"up":{"uv":[0,0,1,1],"texture":"#1"},"down":{"uv":[0,0,1,1],"texture":"#1"}}},{"from":[-1.5,7.25408,4.25],"to":[-0.5,8.74592,5.25],"rotation":{"angle":0,"axis":"x","origin":[-1,8,8]},"faces":{"north":{"uv":[0,0,1,1],"texture":"#1"},"east":{"uv":[0,0,1,1],"texture":"#1"},"south":{"uv":[0,0,1,1],"texture":"#1"},"west":{"uv":[0,0,1,1],"texture":"#1"},"down":{"uv":[0,0,1,1],"texture":"#1"}}},{"from":[-1.5,7.25408,4.25],"to":[-0.5,8.74592,5.25],"rotation":{"angle":22.5,"axis":"x","origin":[-1,8,8]},"faces":{"north":{"uv":[0,0,1,1],"texture":"#1"},"east":{"uv":[0,0,1,1],"texture":"#1"},"south":{"uv":[0,0,1,1],"texture":"#1"},"west":{"uv":[0,0,1,1],"texture":"#1"}}},{"from":[-1.5,7.25408,4.25],"to":[-0.5,8.74592,5.25],"rotation":{"angle":45,"axis":"x","origin":[-1,8,8]},"faces":{"north":{"uv":[0,0,1,1],"texture":"#1"},"east":{"uv":[0,0,1,1],"texture":"#1"},"south":{"uv":[0,0,1,1],"texture":"#1"},"west":{"uv":[0,0,1,1],"texture":"#1"}}},{"from":[-1.5,7.25408,10.75],"to":[-0.5,8.74592,11.75],"rotation":{"angle":-45,"axis":"x","origin":[-1,8,8]},"faces":{"north":{"uv":[0,0,1,1],"texture":"#1"},"east":{"uv":[0,0,1,1],"texture":"#1"},"south":{"uv":[0,0,1,1],"texture":"#1"},"west":{"uv":[0,0,1,1],"texture":"#1"}}},{"from":[-1.5,7.25408,10.75],"to":[-0.5,8.74592,11.75],"rotation":{"angle":-22.5,"axis":"x","origin":[-1,8,8]},"faces":{"north":{"uv":[0,0,1,1],"texture":"#1"},"east":{"uv":[0,0,1,1],"texture":"#1"},"south":{"uv":[0,0,1,1],"texture":"#1"},"west":{"uv":[0,0,1,1],"texture":"#1"}}},{"from":[-1.5,7.25408,10.75],"to":[-0.5,8.74592,11.75],"rotation":{"angle":0,"axis":"x","origin":[-1,8,8]},"faces":{"north":{"uv":[0,0,1,1],"texture":"#1"},"east":{"uv":[0,0,1,1],"texture":"#1"},"south":{"uv":[0,0,1,1],"texture":"#1"},"west":{"uv":[0,0,1,1],"texture":"#1"},"down":{"uv":[0,0,1,1],"texture":"#1"}}},{"from":[-2.25,6.75408,10.75],"to":[0.25,7.24592,11.75],"rotation":{"angle":0,"axis":"x","origin":[-1,7.5,8]},"faces":{"north":{"uv":[0,0,1,1],"texture":"#1"},"up":{"uv":[0,0,1,1],"texture":"#1"},"down":{"uv":[0,0,1,1],"texture":"#1"}}},{"from":[-2.25,6.75408,4.25],"to":[0.25,7.24592,5.25],"rotation":{"angle":0,"axis":"x","origin":[-1,7.5,8]},"faces":{"south":{"uv":[1,0,0,1],"texture":"#1"},"up":{"uv":[0,1,1,0],"texture":"#1"},"down":{"uv":[0,1,1,0],"texture":"#1"}}},{"from":[-1.5,10.75,7.25408],"to":[-0.5,11.75,8.74592],"rotation":{"angle":-22.5,"axis":"x","origin":[-1,8,8]},"faces":{"east":{"uv":[0,0,1,1],"texture":"#1"},"west":{"uv":[0,0,1,1],"texture":"#1"},"up":{"uv":[0,0,1,1],"texture":"#1"},"down":{"uv":[0,0,1,1],"texture":"#1"}}},{"from":[-1.5,10.75,7.25408],"to":[-0.5,11.75,8.74592],"rotation":{"angle":22.5,"axis":"x","origin":[-1,8,8]},"faces":{"east":{"uv":[0,0,1,1],"texture":"#1"},"west":{"uv":[0,0,1,1],"texture":"#1"},"up":{"uv":[0,0,1,1],"texture":"#1"},"down":{"uv":[0,0,1,1],"texture":"#1"}}},{"from":[-1.69619,1,4.5],"to":[-0.30381,2,11.5],"rotation":{"angle":-45,"axis":"y","origin":[-1,1.5,8]},"faces":{"north":{"uv":[0,0,1,1],"texture":"#0"},"east":{"uv":[0,0,1,1],"texture":"#0"},"south":{"uv":[0,0,1,1],"texture":"#0"},"west":{"uv":[0,0,1,1],"texture":"#0"},"up":{"uv":[0,0,1,1],"texture":"#0"},"down":{"uv":[0,0,1,1],"texture":"#0"}}},{"from":[-1.69619,1,4.5],"to":[-0.30381,2,11.5],"rotation":{"angle":-22.5,"axis":"y","origin":[-1,1.5,8]},"faces":{"north":{"uv":[0,0,1,1],"texture":"#0"},"east":{"uv":[0,0,1,1],"texture":"#0"},"south":{"uv":[0,0,1,1],"texture":"#0"},"west":{"uv":[0,0,1,1],"texture":"#0"},"up":{"uv":[0,0,1,1],"texture":"#0"},"down":{"uv":[0,0,1,1],"texture":"#0"}}},{"from":[-1.69619,1,4.5],"to":[-0.30381,2,11.5],"rotation":{"angle":0,"axis":"y","origin":[-1,1.5,8]},"faces":{"north":{"uv":[0,0,1,1],"texture":"#0"},"east":{"uv":[0,0,1,1],"texture":"#0"},"south":{"uv":[0,0,1,1],"texture":"#0"},"west":{"uv":[0,0,1,1],"texture":"#0"},"up":{"uv":[0,0,1,1],"texture":"#0"},"down":{"uv":[0,0,1,1],"texture":"#0"}}},{"from":[-1.69619,1,4.5],"to":[-0.30381,2,11.5],"rotation":{"angle":22.5,"axis":"y","origin":[-1,1.5,8]},"faces":{"north":{"uv":[0,0,1,1],"texture":"#0"},"east":{"uv":[0,0,1,1],"texture":"#0"},"south":{"uv":[0,0,1,1],"texture":"#0"},"west":{"uv":[0,0,1,1],"texture":"#0"},"up":{"uv":[0,0,1,1],"texture":"#0"},"down":{"uv":[0,0,1,1],"texture":"#0"}}},{"from":[-1.69619,1,4.5],"to":[-0.30381,2,11.5],"rotation":{"angle":45,"axis":"y","origin":[-1,1.5,8]},"faces":{"north":{"uv":[0,0,1,1],"texture":"#0"},"east":{"uv":[0,0,1,1],"texture":"#0"},"south":{"uv":[0,0,1,1],"texture":"#0"},"west":{"uv":[0,0,1,1],"texture":"#0"},"up":{"uv":[0,0,1,1],"texture":"#0"},"down":{"uv":[0,0,1,1],"texture":"#0"}}},{"from":[-4.5,1,7.30381],"to":[2.5,2,8.69619],"rotation":{"angle":-22.5,"axis":"y","origin":[-1,1.5,8]},"faces":{"north":{"uv":[0,0,1,1],"texture":"#0"},"east":{"uv":[0,0,1,1],"texture":"#0"},"south":{"uv":[0,0,1,1],"texture":"#0"},"west":{"uv":[0,0,1,1],"texture":"#0"},"up":{"uv":[0,0,1,1],"texture":"#0"},"down":{"uv":[0,0,1,1],"texture":"#0"}}},{"from":[-4.5,1,7.30381],"to":[2.5,2,8.69619],"rotation":{"angle":0,"axis":"y","origin":[-1,1.5,8]},"faces":{"north":{"uv":[0,0,1,1],"texture":"#0"},"east":{"uv":[0,0,1,1],"texture":"#0"},"south":{"uv":[0,0,1,1],"texture":"#0"},"west":{"uv":[0,0,1,1],"texture":"#0"},"up":{"uv":[0,0,1,1],"texture":"#0"},"down":{"uv":[0,0,1,1],"texture":"#0"}}},{"from":[-4.5,1,7.30381],"to":[2.5,2,8.69619],"rotation":{"angle":22.5,"axis":"y","origin":[-1,1.5,8]},"faces":{"north":{"uv":[0,0,1,1],"texture":"#0"},"east":{"uv":[0,0,1,1],"texture":"#0"},"south":{"uv":[0,0,1,1],"texture":"#0"},"west":{"uv":[0,0,1,1],"texture":"#0"},"up":{"uv":[0,0,1,1],"texture":"#0"},"down":{"uv":[0,0,1,1],"texture":"#0"}}},{"from":[13,1.25,7.20435],"to":[14,8,8.79565],"rotation":{"angle":45,"axis":"y","origin":[17,8,8]},"faces":{"east":{"uv":[2,0,0,12],"texture":"#0"},"west":{"uv":[12,0,10,12],"texture":"#0"},"up":{"uv":[0,12,2,0],"rotation":90,"texture":"#0"},"down":{"uv":[0,12,2,0],"rotation":270,"texture":"#0"}}},{"from":[13,1.25,7.20435],"to":[14,8,8.79565],"rotation":{"angle":22.5,"axis":"y","origin":[17,8,8]},"faces":{"east":{"uv":[2,0,0,12],"texture":"#0"},"west":{"uv":[14,0,12,12],"texture":"#0"},"up":{"uv":[0,12,2,0],"rotation":90,"texture":"#0"},"down":{"uv":[0,12,2,0],"rotation":270,"texture":"#0"}}},{"from":[13,1.25,7.20435],"to":[14,8,8.79565],"rotation":{"angle":0,"axis":"y","origin":[17,8,8]},"faces":{"east":{"uv":[2,0,0,12],"texture":"#0"},"west":{"uv":[16,0,14,12],"texture":"#0"},"up":{"uv":[0,12,2,0],"rotation":90,"texture":"#0"},"down":{"uv":[0,12,2,0],"rotation":270,"texture":"#0"}}},{"from":[13,1.25,7.20435],"to":[14,8,8.79565],"rotation":{"angle":-22.5,"axis":"y","origin":[17,8,8]},"faces":{"east":{"uv":[2,0,0,12],"texture":"#0"},"west":{"uv":[4,0,2,12],"texture":"#0"},"up":{"uv":[0,12,2,0],"rotation":90,"texture":"#0"},"down":{"uv":[0,12,2,0],"rotation":270,"texture":"#0"}}},{"from":[13,1.25,7.20435],"to":[14,8,8.79565],"rotation":{"angle":-45,"axis":"y","origin":[17,8,8]},"faces":{"east":{"uv":[2,0,0,12],"texture":"#0"},"west":{"uv":[6,0,4,12],"texture":"#0"},"up":{"uv":[0,12,2,0],"rotation":90,"texture":"#0"},"down":{"uv":[0,12,2,0],"rotation":270,"texture":"#0"}}},{"from":[20,1.25,7.20435],"to":[21,8,8.79565],"rotation":{"angle":45,"axis":"y","origin":[17,8,8]},"faces":{"east":{"uv":[16,0,14,12],"texture":"#0"},"west":{"uv":[2,0,0,12],"texture":"#0"},"up":{"uv":[0,12,2,0],"rotation":90,"texture":"#0"},"down":{"uv":[0,12,2,0],"rotation":270,"texture":"#0"}}},{"from":[20,1.25,7.20435],"to":[21,8,8.79565],"rotation":{"angle":22.5,"axis":"y","origin":[17,8,8]},"faces":{"east":{"uv":[7,0,5,12],"texture":"#0"},"west":{"uv":[2,0,0,12],"texture":"#0"},"up":{"uv":[0,12,2,0],"rotation":90,"texture":"#0"},"down":{"uv":[0,12,2,0],"rotation":270,"texture":"#0"}}},{"from":[20,1.25,7.20435],"to":[21,8,8.79565],"rotation":{"angle":0,"axis":"y","origin":[17,8,8]},"faces":{"east":{"uv":[10,0,8,12],"texture":"#0"},"west":{"uv":[2,0,0,12],"texture":"#0"},"up":{"uv":[0,12,2,0],"rotation":90,"texture":"#0"},"down":{"uv":[0,12,2,0],"rotation":270,"texture":"#0"}}},{"from":[20,1.25,7.20435],"to":[21,8,8.79565],"rotation":{"angle":-22.5,"axis":"y","origin":[17,8,8]},"faces":{"east":{"uv":[2,0,0,12],"texture":"#0"},"west":{"uv":[2,0,0,12],"texture":"#0"},"up":{"uv":[0,12,2,0],"rotation":90,"texture":"#0"},"down":{"uv":[0,12,2,0],"rotation":270,"texture":"#0"}}},{"from":[20,1.25,7.20435],"to":[21,8,8.79565],"rotation":{"angle":-45,"axis":"y","origin":[17,8,8]},"faces":{"east":{"uv":[4,0,2,12],"texture":"#0"},"west":{"uv":[2,0,0,12],"texture":"#0"},"up":{"uv":[0,12,2,0],"rotation":90,"texture":"#0"},"down":{"uv":[0,12,2,0],"rotation":270,"texture":"#0"}}},{"from":[16.20435,1.25,4],"to":[17.79565,8,5],"rotation":{"angle":22.5,"axis":"y","origin":[17,8,8]},"faces":{"north":{"uv":[8,0,6,12],"texture":"#0"},"south":{"uv":[2,0,0,12],"texture":"#0"},"up":{"uv":[0,12,2,0],"rotation":90,"texture":"#0"},"down":{"uv":[0,12,2,0],"rotation":270,"texture":"#0"}}},{"from":[16.20435,1.25,4],"to":[17.79565,8,5],"rotation":{"angle":0,"axis":"y","origin":[17,8,8]},"faces":{"north":{"uv":[10,0,8,12],"texture":"#0"},"south":{"uv":[2,0,0,12],"texture":"#0"},"up":{"uv":[0,12,2,0],"rotation":90,"texture":"#0"},"down":{"uv":[0,12,2,0],"rotation":270,"texture":"#0"}}},{"from":[16.20435,1.25,4],"to":[17.79565,8,5],"rotation":{"angle":-22.5,"axis":"y","origin":[17,8,8]},"faces":{"north":{"uv":[12,0,10,12],"texture":"#0"},"south":{"uv":[2,0,0,12],"texture":"#0"},"up":{"uv":[0,12,2,0],"rotation":90,"texture":"#0"},"down":{"uv":[0,12,2,0],"rotation":270,"texture":"#0"}}},{"from":[16.20435,1.25,11],"to":[17.79565,8,12],"rotation":{"angle":22.5,"axis":"y","origin":[17,8,8]},"faces":{"north":{"uv":[2,0,0,12],"texture":"#0"},"south":{"uv":[6,0,4,12],"texture":"#0"},"up":{"uv":[0,12,2,0],"rotation":90,"texture":"#0"},"down":{"uv":[0,12,2,0],"rotation":270,"texture":"#0"}}},{"from":[16.20435,1.25,11],"to":[17.79565,8,12],"rotation":{"angle":0,"axis":"y","origin":[17,8,8]},"faces":{"north":{"uv":[2,0,0,12],"texture":"#0"},"south":{"uv":[8,0,6,12],"texture":"#0"},"up":{"uv":[0,12,2,0],"rotation":90,"texture":"#0"},"down":{"uv":[0,12,2,0],"rotation":270,"texture":"#0"}}},{"from":[16.20435,1.25,11],"to":[17.79565,8,12],"rotation":{"angle":-22.5,"axis":"y","origin":[17,8,8]},"faces":{"north":{"uv":[2,0,0,12],"texture":"#0"},"south":{"uv":[10,0,8,12],"texture":"#0"},"up":{"uv":[0,12,2,0],"rotation":90,"texture":"#0"},"down":{"uv":[0,12,2,0],"rotation":270,"texture":"#0"}}},{"from":[12.875,5.5,7.17949],"to":[13.875,6.5,8.82051],"rotation":{"angle":45,"axis":"y","origin":[17,6,8]},"faces":{"north":{"uv":[1,0,0,1],"texture":"#1"},"south":{"uv":[1,0,0,1],"texture":"#1"},"west":{"uv":[1,0,0,1],"texture":"#1"},"up":{"uv":[0,1,1,0],"rotation":90,"texture":"#1"},"down":{"uv":[0,1,1,0],"rotation":270,"texture":"#1"}}},{"from":[12.875,5.5,7.17949],"to":[13.875,6.5,8.82051],"rotation":{"angle":22.5,"axis":"y","origin":[17,6,8]},"faces":{"north":{"uv":[1,0,0,1],"texture":"#1"},"south":{"uv":[1,0,0,1],"texture":"#1"},"west":{"uv":[1,0,0,1],"texture":"#1"},"up":{"uv":[0,1,1,0],"rotation":90,"texture":"#1"},"down":{"uv":[0,1,1,0],"rotation":270,"texture":"#1"}}},{"from":[12.875,5.5,7.17949],"to":[13.875,6.5,8.82051],"rotation":{"angle":0,"axis":"y","origin":[17,6,8]},"faces":{"north":{"uv":[1,0,0,1],"texture":"#1"},"south":{"uv":[1,0,0,1],"texture":"#1"},"west":{"uv":[1,0,0,1],"texture":"#1"},"up":{"uv":[0,1,1,0],"rotation":90,"texture":"#1"},"down":{"uv":[0,1,1,0],"rotation":270,"texture":"#1"}}},{"from":[12.875,5.5,7.17949],"to":[13.875,6.5,8.82051],"rotation":{"angle":-22.5,"axis":"y","origin":[17,6,8]},"faces":{"north":{"uv":[1,0,0,1],"texture":"#1"},"south":{"uv":[1,0,0,1],"texture":"#1"},"west":{"uv":[1,0,0,1],"texture":"#1"},"up":{"uv":[0,1,1,0],"rotation":90,"texture":"#1"},"down":{"uv":[0,1,1,0],"rotation":270,"texture":"#1"}}},{"from":[12.875,5.5,7.17949],"to":[13.875,6.5,8.82051],"rotation":{"angle":-45,"axis":"y","origin":[17,6,8]},"faces":{"north":{"uv":[1,0,0,1],"texture":"#1"},"south":{"uv":[1,0,0,1],"texture":"#1"},"west":{"uv":[1,0,0,1],"texture":"#1"},"up":{"uv":[0,1,1,0],"rotation":90,"texture":"#1"},"down":{"uv":[0,1,1,0],"rotation":270,"texture":"#1"}}},{"from":[20.125,5.5,7.17949],"to":[21.125,6.5,8.82051],"rotation":{"angle":45,"axis":"y","origin":[17,6,8]},"faces":{"north":{"uv":[1,0,0,1],"texture":"#1"},"east":{"uv":[1,0,0,1],"texture":"#1"},"south":{"uv":[1,0,0,1],"texture":"#1"},"up":{"uv":[0,1,1,0],"rotation":90,"texture":"#1"},"down":{"uv":[0,1,1,0],"rotation":270,"texture":"#1"}}},{"from":[20.125,5.5,7.17949],"to":[21.125,6.5,8.82051],"rotation":{"angle":22.5,"axis":"y","origin":[17,6,8]},"faces":{"north":{"uv":[1,0,0,1],"texture":"#1"},"east":{"uv":[1,0,0,1],"texture":"#1"},"south":{"uv":[1,0,0,1],"texture":"#1"},"up":{"uv":[0,1,1,0],"rotation":90,"texture":"#1"},"down":{"uv":[0,1,1,0],"rotation":270,"texture":"#1"}}},{"from":[20.125,5.5,7.17949],"to":[21.125,6.5,8.82051],"rotation":{"angle":0,"axis":"y","origin":[17,6,8]},"faces":{"north":{"uv":[1,0,0,1],"texture":"#1"},"east":{"uv":[1,0,0,1],"texture":"#1"},"south":{"uv":[1,0,0,1],"texture":"#1"},"up":{"uv":[0,1,1,0],"rotation":90,"texture":"#1"},"down":{"uv":[0,1,1,0],"rotation":270,"texture":"#1"}}},{"from":[20.125,5.5,7.17949],"to":[21.125,6.5,8.82051],"rotation":{"angle":-22.5,"axis":"y","origin":[17,6,8]},"faces":{"north":{"uv":[1,0,0,1],"texture":"#1"},"east":{"uv":[1,0,0,1],"texture":"#1"},"south":{"uv":[1,0,0,1],"texture":"#1"},"up":{"uv":[0,1,1,0],"rotation":90,"texture":"#1"},"down":{"uv":[0,1,1,0],"rotation":270,"texture":"#1"}}},{"from":[20.125,5.5,7.17949],"to":[21.125,6.5,8.82051],"rotation":{"angle":-45,"axis":"y","origin":[17,6,8]},"faces":{"north":{"uv":[1,0,0,1],"texture":"#1"},"east":{"uv":[1,0,0,1],"texture":"#1"},"south":{"uv":[1,0,0,1],"texture":"#1"},"up":{"uv":[0,1,1,0],"rotation":90,"texture":"#1"},"down":{"uv":[0,1,1,0],"rotation":270,"texture":"#1"}}},{"from":[16.17949,5.5,3.875],"to":[17.82051,6.5,4.875],"rotation":{"angle":22.5,"axis":"y","origin":[17,6,8]},"faces":{"north":{"uv":[1,0,0,1],"texture":"#1"},"east":{"uv":[1,0,0,1],"texture":"#1"},"west":{"uv":[1,0,0,1],"texture":"#1"},"up":{"uv":[0,1,1,0],"rotation":90,"texture":"#1"},"down":{"uv":[0,1,1,0],"rotation":270,"texture":"#1"}}},{"from":[16.17949,5.5,3.875],"to":[17.82051,6.5,4.875],"rotation":{"angle":0,"axis":"y","origin":[17,6,8]},"faces":{"north":{"uv":[1,0,0,1],"texture":"#1"},"east":{"uv":[1,0,0,1],"texture":"#1"},"west":{"uv":[1,0,0,1],"texture":"#1"},"up":{"uv":[0,1,1,0],"rotation":90,"texture":"#1"},"down":{"uv":[0,1,1,0],"rotation":270,"texture":"#1"}}},{"from":[16.17949,5.5,3.875],"to":[17.82051,6.5,4.875],"rotation":{"angle":-22.5,"axis":"y","origin":[17,6,8]},"faces":{"north":{"uv":[1,0,0,1],"texture":"#1"},"east":{"uv":[1,0,0,1],"texture":"#1"},"west":{"uv":[1,0,0,1],"texture":"#1"},"up":{"uv":[0,1,1,0],"rotation":90,"texture":"#1"},"down":{"uv":[0,1,1,0],"rotation":270,"texture":"#1"}}},{"from":[16.17949,5.5,11.125],"to":[17.82051,6.5,12.125],"rotation":{"angle":22.5,"axis":"y","origin":[17,6,8]},"faces":{"east":{"uv":[1,0,0,1],"texture":"#1"},"south":{"uv":[1,0,0,1],"texture":"#1"},"west":{"uv":[1,0,0,1],"texture":"#1"},"up":{"uv":[0,1,1,0],"rotation":90,"texture":"#1"},"down":{"uv":[0,1,1,0],"rotation":270,"texture":"#1"}}},{"from":[16.17949,5.5,11.125],"to":[17.82051,6.5,12.125],"rotation":{"angle":0,"axis":"y","origin":[17,6,8]},"faces":{"east":{"uv":[1,0,0,1],"texture":"#1"},"south":{"uv":[1,0,0,1],"texture":"#1"},"west":{"uv":[1,0,0,1],"texture":"#1"},"up":{"uv":[0,1,1,0],"rotation":90,"texture":"#1"},"down":{"uv":[0,1,1,0],"rotation":270,"texture":"#1"}}},{"from":[16.17949,5.5,11.125],"to":[17.82051,6.5,12.125],"rotation":{"angle":-22.5,"axis":"y","origin":[17,6,8]},"faces":{"east":{"uv":[1,0,0,1],"texture":"#1"},"south":{"uv":[1,0,0,1],"texture":"#1"},"west":{"uv":[1,0,0,1],"texture":"#1"},"up":{"uv":[0,1,1,0],"rotation":90,"texture":"#1"},"down":{"uv":[0,1,1,0],"rotation":270,"texture":"#1"}}},{"from":[12.875,2.5,7.17949],"to":[13.875,3.5,8.82051],"rotation":{"angle":45,"axis":"y","origin":[17,3,8]},"faces":{"north":{"uv":[1,0,0,1],"texture":"#1"},"south":{"uv":[1,0,0,1],"texture":"#1"},"west":{"uv":[1,0,0,1],"texture":"#1"},"up":{"uv":[0,1,1,0],"rotation":90,"texture":"#1"},"down":{"uv":[0,1,1,0],"rotation":270,"texture":"#1"}}},{"from":[12.875,2.5,7.17949],"to":[13.875,3.5,8.82051],"rotation":{"angle":22.5,"axis":"y","origin":[17,3,8]},"faces":{"north":{"uv":[1,0,0,1],"texture":"#1"},"south":{"uv":[1,0,0,1],"texture":"#1"},"west":{"uv":[1,0,0,1],"texture":"#1"},"up":{"uv":[0,1,1,0],"rotation":90,"texture":"#1"},"down":{"uv":[0,1,1,0],"rotation":270,"texture":"#1"}}},{"from":[12.875,2.5,7.17949],"to":[13.875,3.5,8.82051],"rotation":{"angle":0,"axis":"y","origin":[17,3,8]},"faces":{"north":{"uv":[1,0,0,1],"texture":"#1"},"south":{"uv":[1,0,0,1],"texture":"#1"},"west":{"uv":[1,0,0,1],"texture":"#1"},"up":{"uv":[0,1,1,0],"rotation":90,"texture":"#1"},"down":{"uv":[0,1,1,0],"rotation":270,"texture":"#1"}}},{"from":[12.875,2.5,7.17949],"to":[13.875,3.5,8.82051],"rotation":{"angle":-22.5,"axis":"y","origin":[17,3,8]},"faces":{"north":{"uv":[1,0,0,1],"texture":"#1"},"south":{"uv":[1,0,0,1],"texture":"#1"},"west":{"uv":[1,0,0,1],"texture":"#1"},"up":{"uv":[0,1,1,0],"rotation":90,"texture":"#1"},"down":{"uv":[0,1,1,0],"rotation":270,"texture":"#1"}}},{"from":[12.875,2.5,7.17949],"to":[13.875,3.5,8.82051],"rotation":{"angle":-45,"axis":"y","origin":[17,3,8]},"faces":{"north":{"uv":[1,0,0,1],"texture":"#1"},"south":{"uv":[1,0,0,1],"texture":"#1"},"west":{"uv":[1,0,0,1],"texture":"#1"},"up":{"uv":[0,1,1,0],"rotation":90,"texture":"#1"},"down":{"uv":[0,1,1,0],"rotation":270,"texture":"#1"}}},{"from":[20.125,2.5,7.17949],"to":[21.125,3.5,8.82051],"rotation":{"angle":45,"axis":"y","origin":[17,3,8]},"faces":{"north":{"uv":[1,0,0,1],"texture":"#1"},"east":{"uv":[1,0,0,1],"texture":"#1"},"south":{"uv":[1,0,0,1],"texture":"#1"},"up":{"uv":[0,1,1,0],"rotation":90,"texture":"#1"},"down":{"uv":[0,1,1,0],"rotation":270,"texture":"#1"}}},{"from":[20.125,2.5,7.17949],"to":[21.125,3.5,8.82051],"rotation":{"angle":22.5,"axis":"y","origin":[17,3,8]},"faces":{"north":{"uv":[1,0,0,1],"texture":"#1"},"east":{"uv":[1,0,0,1],"texture":"#1"},"south":{"uv":[1,0,0,1],"texture":"#1"},"up":{"uv":[0,1,1,0],"rotation":90,"texture":"#1"},"down":{"uv":[0,1,1,0],"rotation":270,"texture":"#1"}}},{"from":[20.125,2.5,7.17949],"to":[21.125,3.5,8.82051],"rotation":{"angle":0,"axis":"y","origin":[17,3,8]},"faces":{"north":{"uv":[1,0,0,1],"texture":"#1"},"east":{"uv":[1,0,0,1],"texture":"#1"},"south":{"uv":[1,0,0,1],"texture":"#1"},"up":{"uv":[0,1,1,0],"rotation":90,"texture":"#1"},"down":{"uv":[0,1,1,0],"rotation":270,"texture":"#1"}}},{"from":[20.125,2.5,7.17949],"to":[21.125,3.5,8.82051],"rotation":{"angle":-22.5,"axis":"y","origin":[17,3,8]},"faces":{"north":{"uv":[1,0,0,1],"texture":"#1"},"east":{"uv":[1,0,0,1],"texture":"#1"},"south":{"uv":[1,0,0,1],"texture":"#1"},"up":{"uv":[0,1,1,0],"rotation":90,"texture":"#1"},"down":{"uv":[0,1,1,0],"rotation":270,"texture":"#1"}}},{"from":[20.125,2.5,7.17949],"to":[21.125,3.5,8.82051],"rotation":{"angle":-45,"axis":"y","origin":[17,3,8]},"faces":{"north":{"uv":[1,0,0,1],"texture":"#1"},"east":{"uv":[1,0,0,1],"texture":"#1"},"south":{"uv":[1,0,0,1],"texture":"#1"},"up":{"uv":[0,1,1,0],"rotation":90,"texture":"#1"},"down":{"uv":[0,1,1,0],"rotation":270,"texture":"#1"}}},{"from":[16.17949,2.5,3.875],"to":[17.82051,3.5,4.875],"rotation":{"angle":22.5,"axis":"y","origin":[17,3,8]},"faces":{"north":{"uv":[1,0,0,1],"texture":"#1"},"east":{"uv":[1,0,0,1],"texture":"#1"},"west":{"uv":[1,0,0,1],"texture":"#1"},"up":{"uv":[0,1,1,0],"rotation":90,"texture":"#1"},"down":{"uv":[0,1,1,0],"rotation":270,"texture":"#1"}}},{"from":[16.17949,2.5,3.875],"to":[17.82051,3.5,4.875],"rotation":{"angle":0,"axis":"y","origin":[17,3,8]},"faces":{"north":{"uv":[1,0,0,1],"texture":"#1"},"east":{"uv":[1,0,0,1],"texture":"#1"},"west":{"uv":[1,0,0,1],"texture":"#1"},"up":{"uv":[0,1,1,0],"rotation":90,"texture":"#1"},"down":{"uv":[0,1,1,0],"rotation":270,"texture":"#1"}}},{"from":[16.17949,2.5,3.875],"to":[17.82051,3.5,4.875],"rotation":{"angle":-22.5,"axis":"y","origin":[17,3,8]},"faces":{"north":{"uv":[1,0,0,1],"texture":"#1"},"east":{"uv":[1,0,0,1],"texture":"#1"},"west":{"uv":[1,0,0,1],"texture":"#1"},"up":{"uv":[0,1,1,0],"rotation":90,"texture":"#1"},"down":{"uv":[0,1,1,0],"rotation":270,"texture":"#1"}}},{"from":[16.17949,2.5,11.125],"to":[17.82051,3.5,12.125],"rotation":{"angle":22.5,"axis":"y","origin":[17,3,8]},"faces":{"east":{"uv":[1,0,0,1],"texture":"#1"},"south":{"uv":[1,0,0,1],"texture":"#1"},"west":{"uv":[1,0,0,1],"texture":"#1"},"up":{"uv":[0,1,1,0],"rotation":90,"texture":"#1"},"down":{"uv":[0,1,1,0],"rotation":270,"texture":"#1"}}},{"from":[16.17949,2.5,11.125],"to":[17.82051,3.5,12.125],"rotation":{"angle":0,"axis":"y","origin":[17,3,8]},"faces":{"east":{"uv":[1,0,0,1],"texture":"#1"},"south":{"uv":[1,0,0,1],"texture":"#1"},"west":{"uv":[1,0,0,1],"texture":"#1"},"up":{"uv":[0,1,1,0],"rotation":90,"texture":"#1"},"down":{"uv":[0,1,1,0],"rotation":270,"texture":"#1"}}},{"from":[16.17949,2.5,11.125],"to":[17.82051,3.5,12.125],"rotation":{"angle":-22.5,"axis":"y","origin":[17,3,8]},"faces":{"east":{"uv":[1,0,0,1],"texture":"#1"},"south":{"uv":[1,0,0,1],"texture":"#1"},"west":{"uv":[1,0,0,1],"texture":"#1"},"up":{"uv":[0,1,1,0],"rotation":90,"texture":"#1"},"down":{"uv":[0,1,1,0],"rotation":270,"texture":"#1"}}},{"from":[13.25,7.25408,7.5],"to":[14.25,8.74592,8.5],"rotation":{"angle":-22.5,"axis":"z","origin":[17,8,8]},"faces":{"north":{"uv":[1,0,0,1],"texture":"#1"},"east":{"uv":[1,0,0,1],"texture":"#1"},"south":{"uv":[1,0,0,1],"texture":"#1"},"west":{"uv":[1,0,0,1],"texture":"#1"}}},{"from":[13.25,7.25408,7.5],"to":[14.25,8.74592,8.5],"rotation":{"angle":-45,"axis":"z","origin":[17,8,8]},"faces":{"north":{"uv":[1,0,0,1],"texture":"#1"},"east":{"uv":[1,0,0,1],"texture":"#1"},"south":{"uv":[1,0,0,1],"texture":"#1"},"west":{"uv":[1,0,0,1],"texture":"#1"}}},{"from":[19.75,7.25408,7.5],"to":[20.75,8.74592,8.5],"rotation":{"angle":45,"axis":"z","origin":[17,8,8]},"faces":{"north":{"uv":[1,0,0,1],"texture":"#1"},"east":{"uv":[1,0,0,1],"texture":"#1"},"south":{"uv":[1,0,0,1],"texture":"#1"},"west":{"uv":[1,0,0,1],"texture":"#1"}}},{"from":[19.75,7.25408,7.5],"to":[20.75,8.74592,8.5],"rotation":{"angle":22.5,"axis":"z","origin":[17,8,8]},"faces":{"north":{"uv":[1,0,0,1],"texture":"#1"},"east":{"uv":[1,0,0,1],"texture":"#1"},"south":{"uv":[1,0,0,1],"texture":"#1"},"west":{"uv":[1,0,0,1],"texture":"#1"}}},{"from":[19.75,7.25408,7.5],"to":[20.75,8.74592,8.5],"rotation":{"angle":0,"axis":"x","origin":[17,8,8]},"faces":{"north":{"uv":[1,0,0,1],"texture":"#1"},"east":{"uv":[1,0,0,1],"texture":"#1"},"south":{"uv":[1,0,0,1],"texture":"#1"},"west":{"uv":[1,0,0,1],"texture":"#1"},"down":{"uv":[0,1,1,0],"rotation":270,"texture":"#1"}}},{"from":[16.25408,10.75,7.5],"to":[17.74592,11.75,8.5],"rotation":{"angle":22.5,"axis":"z","origin":[17,8,8]},"faces":{"north":{"uv":[1,0,0,1],"texture":"#1"},"south":{"uv":[1,0,0,1],"texture":"#1"},"up":{"uv":[0,1,1,0],"rotation":90,"texture":"#1"},"down":{"uv":[0,1,1,0],"rotation":270,"texture":"#1"}}},{"from":[16.25408,10.75,7.5],"to":[17.74592,11.75,8.5],"rotation":{"angle":-22.5,"axis":"z","origin":[17,8,8]},"faces":{"north":{"uv":[1,0,0,1],"texture":"#1"},"south":{"uv":[1,0,0,1],"texture":"#1"},"up":{"uv":[0,1,1,0],"rotation":90,"texture":"#1"},"down":{"uv":[0,1,1,0],"rotation":270,"texture":"#1"}}},{"from":[13.25,7.25408,7.5],"to":[14.25,8.74592,8.5],"rotation":{"angle":0,"axis":"x","origin":[17,8,8]},"faces":{"north":{"uv":[1,0,0,1],"texture":"#1"},"east":{"uv":[1,0,0,1],"texture":"#1"},"south":{"uv":[1,0,0,1],"texture":"#1"},"west":{"uv":[1,0,0,1],"texture":"#1"},"down":{"uv":[0,1,1,0],"rotation":270,"texture":"#1"}}},{"from":[19.75,6.75408,6.75],"to":[20.75,7.24592,9.25],"rotation":{"angle":0,"axis":"x","origin":[17,7.5,8]},"faces":{"west":{"uv":[1,0,0,1],"texture":"#1"},"up":{"uv":[0,1,1,0],"rotation":90,"texture":"#1"},"down":{"uv":[0,1,1,0],"rotation":270,"texture":"#1"}}},{"from":[13.25,6.75408,6.75],"to":[14.25,7.24592,9.25],"rotation":{"angle":0,"axis":"x","origin":[17,7.5,8]},"faces":{"east":{"uv":[0,0,1,1],"texture":"#1"},"up":{"uv":[0,0,1,1],"rotation":90,"texture":"#1"},"down":{"uv":[0,0,1,1],"rotation":270,"texture":"#1"}}},{"from":[13.5,1,7.30381],"to":[20.5,2,8.69619],"rotation":{"angle":45,"axis":"y","origin":[17,1.5,8]},"faces":{"north":{"uv":[1,0,0,1],"texture":"#0"},"east":{"uv":[1,0,0,1],"texture":"#0"},"south":{"uv":[1,0,0,1],"texture":"#0"},"west":{"uv":[1,0,0,1],"texture":"#0"},"up":{"uv":[0,1,1,0],"rotation":90,"texture":"#0"},"down":{"uv":[0,1,1,0],"rotation":270,"texture":"#0"}}},{"from":[13.5,1,7.30381],"to":[20.5,2,8.69619],"rotation":{"angle":22.5,"axis":"y","origin":[17,1.5,8]},"faces":{"north":{"uv":[1,0,0,1],"texture":"#0"},"east":{"uv":[1,0,0,1],"texture":"#0"},"south":{"uv":[1,0,0,1],"texture":"#0"},"west":{"uv":[1,0,0,1],"texture":"#0"},"up":{"uv":[0,1,1,0],"rotation":90,"texture":"#0"},"down":{"uv":[0,1,1,0],"rotation":270,"texture":"#0"}}},{"from":[13.5,1,7.30381],"to":[20.5,2,8.69619],"rotation":{"angle":0,"axis":"y","origin":[17,1.5,8]},"faces":{"north":{"uv":[1,0,0,1],"texture":"#0"},"east":{"uv":[1,0,0,1],"texture":"#0"},"south":{"uv":[1,0,0,1],"texture":"#0"},"west":{"uv":[1,0,0,1],"texture":"#0"},"up":{"uv":[0,1,1,0],"rotation":90,"texture":"#0"},"down":{"uv":[0,1,1,0],"rotation":270,"texture":"#0"}}},{"from":[13.5,1,7.30381],"to":[20.5,2,8.69619],"rotation":{"angle":-22.5,"axis":"y","origin":[17,1.5,8]},"faces":{"north":{"uv":[1,0,0,1],"texture":"#0"},"east":{"uv":[1,0,0,1],"texture":"#0"},"south":{"uv":[1,0,0,1],"texture":"#0"},"west":{"uv":[1,0,0,1],"texture":"#0"},"up":{"uv":[0,1,1,0],"rotation":90,"texture":"#0"},"down":{"uv":[0,1,1,0],"rotation":270,"texture":"#0"}}},{"from":[13.5,1,7.30381],"to":[20.5,2,8.69619],"rotation":{"angle":-45,"axis":"y","origin":[17,1.5,8]},"faces":{"north":{"uv":[1,0,0,1],"texture":"#0"},"east":{"uv":[1,0,0,1],"texture":"#0"},"south":{"uv":[1,0,0,1],"texture":"#0"},"west":{"uv":[1,0,0,1],"texture":"#0"},"up":{"uv":[0,1,1,0],"rotation":90,"texture":"#0"},"down":{"uv":[0,1,1,0],"rotation":270,"texture":"#0"}}},{"from":[16.30381,1,4.5],"to":[17.69619,2,11.5],"rotation":{"angle":22.5,"axis":"y","origin":[17,1.5,8]},"faces":{"north":{"uv":[1,0,0,1],"texture":"#0"},"east":{"uv":[1,0,0,1],"texture":"#0"},"south":{"uv":[1,0,0,1],"texture":"#0"},"west":{"uv":[1,0,0,1],"texture":"#0"},"up":{"uv":[0,1,1,0],"rotation":90,"texture":"#0"},"down":{"uv":[0,1,1,0],"rotation":270,"texture":"#0"}}},{"from":[16.30381,1,4.5],"to":[17.69619,2,11.5],"rotation":{"angle":0,"axis":"y","origin":[17,1.5,8]},"faces":{"north":{"uv":[1,0,0,1],"texture":"#0"},"east":{"uv":[1,0,0,1],"texture":"#0"},"south":{"uv":[1,0,0,1],"texture":"#0"},"west":{"uv":[1,0,0,1],"texture":"#0"},"up":{"uv":[0,1,1,0],"rotation":90,"texture":"#0"},"down":{"uv":[0,1,1,0],"rotation":270,"texture":"#0"}}},{"from":[16.30381,1,4.5],"to":[17.69619,2,11.5],"rotation":{"angle":-22.5,"axis":"y","origin":[17,1.5,8]},"faces":{"north":{"uv":[1,0,0,1],"texture":"#0"},"east":{"uv":[1,0,0,1],"texture":"#0"},"south":{"uv":[1,0,0,1],"texture":"#0"},"west":{"uv":[1,0,0,1],"texture":"#0"},"up":{"uv":[0,1,1,0],"rotation":90,"texture":"#0"},"down":{"uv":[0,1,1,0],"rotation":270,"texture":"#0"}}},{"from":[6.5,7,6.5],"to":[9.5,26,9.5],"rotation":{"angle":0,"axis":"y","origin":[8,13.5,8]},"faces":{"north":{"uv":[0,0,2,5],"texture":"#2"},"east":{"uv":[0,0,2,5],"texture":"#2"},"south":{"uv":[0,0,2,5],"texture":"#2"},"west":{"uv":[0,0,2,5],"texture":"#2"},"up":{"uv":[0,0,2,5],"texture":"#2"}}},{"from":[0.5,14.25,7],"to":[6.5,16.25,9],"rotation":{"angle":0,"axis":"y","origin":[8,10.5,8]},"faces":{"north":{"uv":[0,0,2,5],"texture":"#2"},"south":{"uv":[0,0,2,5],"texture":"#2"},"up":{"uv":[0,0,2,5],"texture":"#2"},"down":{"uv":[0,0,2,5],"texture":"#2"}}},{"from":[9.39027,14.22487,6.90986],"to":[15.39027,16.22487,8.90986],"rotation":{"angle":0,"axis":"y","origin":[16.3679,12.20119,8.02236]},"faces":{"north":{"uv":[0,0,2,5],"texture":"#2"},"south":{"uv":[0,0,2,5],"texture":"#2"},"up":{"uv":[0,0,2,5],"texture":"#2"},"down":{"uv":[0,0,2,5],"texture":"#2"}}},{"from":[-2,12,7],"to":[0,13.75,9],"rotation":{"angle":0,"axis":"z","origin":[-1,13.25,8]},"faces":{"north":{"uv":[0,0,2,5],"rotation":90,"texture":"#2"},"east":{"uv":[0,0,2,5],"rotation":90,"texture":"#2"},"south":{"uv":[0,0,2,5],"rotation":90,"texture":"#2"},"west":{"uv":[0,0,2,5],"rotation":90,"texture":"#2"},"up":{"uv":[0,0,2,5],"rotation":90,"texture":"#2"},"down":{"uv":[0,0,2,5],"rotation":90,"texture":"#2"}}},{"from":[15.86514,12,6.90986],"to":[17.86514,13.75,8.90986],"rotation":{"angle":0,"axis":"z","origin":[16.97764,12.22632,7.3875]},"faces":{"north":{"uv":[0,0,2,5],"rotation":270,"texture":"#2"},"east":{"uv":[0,0,2,5],"rotation":270,"texture":"#2"},"south":{"uv":[0,0,2,5],"rotation":270,"texture":"#2"},"west":{"uv":[0,0,2,5],"rotation":270,"texture":"#2"},"down":{"uv":[0,0,2,5],"rotation":270,"texture":"#2"}}},{"from":[-2.75,10.25,7],"to":[-1.75,12,9],"rotation":{"angle":0,"axis":"z","origin":[-1.75,11.5,8]},"faces":{"north":{"uv":[0,0,2,5],"rotation":90,"texture":"#2"},"east":{"uv":[0,0,2,5],"rotation":90,"texture":"#2"},"south":{"uv":[0,0,2,5],"rotation":90,"texture":"#2"},"west":{"uv":[0,0,2,5],"rotation":90,"texture":"#2"},"up":{"uv":[0,0,2,5],"rotation":90,"texture":"#2"},"down":{"uv":[0,0,2,5],"rotation":90,"texture":"#2"}}},{"from":[15.86514,10.25,8.65986],"to":[17.86514,12,9.65986],"rotation":{"angle":0,"axis":"z","origin":[16.97764,12.22632,7.3875]},"faces":{"north":{"uv":[0,0,2,5],"rotation":270,"texture":"#2"},"east":{"uv":[0,0,2,5],"rotation":270,"texture":"#2"},"south":{"uv":[0,0,2,5],"rotation":270,"texture":"#2"},"west":{"uv":[0,0,2,5],"rotation":270,"texture":"#2"},"down":{"uv":[0,0,2,5],"rotation":270,"texture":"#2"}}},{"from":[-1.5,10.25,6.75],"to":[-0.5,12.5,9],"rotation":{"angle":0,"axis":"z","origin":[-0.5,11.5,8]},"faces":{"north":{"uv":[0,0,2,5],"rotation":90,"texture":"#2"},"east":{"uv":[0,0,2,5],"rotation":90,"texture":"#2"},"south":{"uv":[0,0,2,5],"rotation":90,"texture":"#2"},"west":{"uv":[0,0,2,5],"rotation":90,"texture":"#2"},"up":{"uv":[0,0,2,5],"rotation":90,"texture":"#2"},"down":{"uv":[0,0,2,5],"rotation":90,"texture":"#2"}}},{"from":[15.86514,10.25,7.40986],"to":[18.11514,12.5,8.40986],"rotation":{"angle":0,"axis":"z","origin":[16.97764,12.22632,7.3875]},"faces":{"north":{"uv":[0,0,2,5],"rotation":270,"texture":"#2"},"east":{"uv":[0,0,2,5],"rotation":270,"texture":"#2"},"south":{"uv":[0,0,2,5],"rotation":270,"texture":"#2"},"west":{"uv":[0,0,2,5],"rotation":270,"texture":"#2"},"up":{"uv":[0,0,2,5],"rotation":270,"texture":"#2"},"down":{"uv":[0,0,2,5],"rotation":270,"texture":"#2"}}},{"from":[-0.25,10.25,6.75],"to":[0.75,12,8.75],"rotation":{"angle":0,"axis":"z","origin":[0.75,11.5,8]},"faces":{"north":{"uv":[0,0,2,5],"rotation":90,"texture":"#2"},"east":{"uv":[0,0,2,5],"rotation":90,"texture":"#2"},"south":{"uv":[0,0,2,5],"rotation":90,"texture":"#2"},"west":{"uv":[0,0,2,5],"rotation":90,"texture":"#2"},"up":{"uv":[0,0,2,5],"rotation":90,"texture":"#2"},"down":{"uv":[0,0,2,5],"rotation":90,"texture":"#2"}}},{"from":[16.11514,10.25,6.15986],"to":[18.11514,12,7.15986],"rotation":{"angle":0,"axis":"z","origin":[16.97764,12.22632,7.3875]},"faces":{"north":{"uv":[0,0,2,5],"rotation":270,"texture":"#2"},"east":{"uv":[0,0,2,5],"rotation":270,"texture":"#2"},"south":{"uv":[0,0,2,5],"rotation":270,"texture":"#2"},"west":{"uv":[0,0,2,5],"rotation":270,"texture":"#2"},"up":{"uv":[0,0,2,5],"rotation":270,"texture":"#2"},"down":{"uv":[0,0,2,5],"rotation":270,"texture":"#2"}}},{"from":[-0.5,10.25,6.75],"to":[-0.25,12,8.5],"rotation":{"angle":0,"axis":"z","origin":[0.5,11.5,8]},"faces":{"north":{"uv":[0,0,2,5],"rotation":90,"texture":"#2"},"south":{"uv":[0,0,2,5],"rotation":90,"texture":"#2"},"down":{"uv":[0,0,2,5],"rotation":90,"texture":"#2"}}},{"from":[16.36514,10.25,7.15986],"to":[18.11514,12,7.40986],"rotation":{"angle":0,"axis":"z","origin":[16.97764,12.22632,7.3875]},"faces":{"east":{"uv":[0,0,2,5],"rotation":270,"texture":"#2"},"west":{"uv":[0,0,2,5],"rotation":270,"texture":"#2"},"down":{"uv":[0,0,2,5],"rotation":270,"texture":"#2"}}},{"from":[-1.75,10.25,7],"to":[-1.5,12,8.75],"rotation":{"angle":0,"axis":"z","origin":[-0.75,11.5,8.25]},"faces":{"north":{"uv":[0,0,2,5],"rotation":90,"texture":"#2"},"south":{"uv":[0,0,2,5],"rotation":90,"texture":"#2"},"down":{"uv":[0,0,2,5],"rotation":90,"texture":"#2"}}},{"from":[16.11514,10.25,8.40986],"to":[17.86514,12,8.65986],"rotation":{"angle":0,"axis":"z","origin":[16.97764,12.22632,7.3875]},"faces":{"east":{"uv":[0,0,2,5],"rotation":270,"texture":"#2"},"west":{"uv":[0,0,2,5],"rotation":270,"texture":"#2"},"down":{"uv":[0,0,2,5],"rotation":270,"texture":"#2"}}},{"from":[-0.50104,11.84567,6.75],"to":[0.84515,12.46194,8.75],"rotation":{"angle":-22.5,"axis":"z","origin":[-0.40485,12.47835,7.75]},"faces":{"north":{"uv":[0,0,2,5],"rotation":180,"texture":"#2"},"south":{"uv":[0,0,2,5],"rotation":180,"texture":"#2"},"up":{"uv":[0,0,2,5],"rotation":180,"texture":"#2"},"down":{"uv":[0,0,2,5],"rotation":180,"texture":"#2"}}},{"from":[16.11514,11.85434,6.1667],"to":[18.11514,12.47061,7.51289],"rotation":{"angle":-22.5,"axis":"x","origin":[16.97764,12.22632,7.3875]},"faces":{"east":{"uv":[0,0,2,5],"rotation":180,"texture":"#2"},"west":{"uv":[0,0,2,5],"rotation":180,"texture":"#2"},"up":{"uv":[0,0,2,5],"rotation":180,"texture":"#2"},"down":{"uv":[0,0,2,5],"rotation":180,"texture":"#2"}}},{"from":[-2.84515,12.09567,7],"to":[-1.92127,12.47835,9],"rotation":{"angle":22.5,"axis":"z","origin":[-1.59515,12.47835,8]},"faces":{"north":{"uv":[0,0,2,5],"rotation":180,"texture":"#2"},"south":{"uv":[0,0,2,5],"rotation":180,"texture":"#2"},"up":{"uv":[0,0,2,5],"rotation":180,"texture":"#2"}}},{"from":[15.86514,12.50414,8.64962],"to":[17.86514,12.88682,9.5735],"rotation":{"angle":22.5,"axis":"x","origin":[16.97764,12.22632,7.3875]},"faces":{"east":{"uv":[0,0,2,5],"rotation":180,"texture":"#2"},"west":{"uv":[0,0,2,5],"rotation":180,"texture":"#2"},"up":{"uv":[0,0,2,5],"rotation":180,"texture":"#2"}}},{"from":[-0.14645,12.18934,7],"to":[1.85355,15.68934,9],"rotation":{"angle":-45,"axis":"z","origin":[0.85355,15.18934,8]},"faces":{"north":{"uv":[0,0,2,5],"rotation":90,"texture":"#2"},"east":{"uv":[0,0,2,5],"rotation":90,"texture":"#2"},"south":{"uv":[0,0,2,5],"rotation":90,"texture":"#2"},"west":{"uv":[0,0,2,5],"rotation":90,"texture":"#2"},"down":{"uv":[0,0,2,5],"rotation":90,"texture":"#2"}}},{"from":[16.52178,12.23766,6.90986],"to":[18.52178,15.73766,8.90986],"rotation":{"angle":45,"axis":"z","origin":[16.3679,12.20119,8.02236]},"faces":{"north":{"uv":[0,0,2,5],"rotation":90,"texture":"#2"},"east":{"uv":[0,0,2,5],"rotation":90,"texture":"#2"},"south":{"uv":[0,0,2,5],"rotation":90,"texture":"#2"},"west":{"uv":[0,0,2,5],"rotation":90,"texture":"#2"}}},{"from":[5.75,5,5.75],"to":[10.25,5.5,10.25],"rotation":{"angle":0,"axis":"y","origin":[7.5,2.75,8]},"faces":{"north":{"uv":[0,14,9,16],"texture":"#4"},"east":{"uv":[0,14,9,16],"texture":"#4"},"south":{"uv":[0,14,9,16],"texture":"#4"},"west":{"uv":[0,14,9,16],"texture":"#4"},"up":{"uv":[0,14,9,16],"texture":"#4"},"down":{"uv":[0,14,9,16],"texture":"#4"}}},{"from":[5,-1,5.75],"to":[11,3.5,10.25],"rotation":{"angle":0,"axis":"y","origin":[7.5,0.75,8]},"faces":{"north":{"uv":[0,14,9,16],"texture":"#4"},"south":{"uv":[0,14,9,16],"texture":"#4"},"down":{"uv":[0,14,9,16],"texture":"#4"}}},{"from":[5.75,-1,5],"to":[10.25,3.5,11],"rotation":{"angle":0,"axis":"y","origin":[8,1.25,8]},"faces":{"east":{"uv":[0,14,9,16],"texture":"#4"},"west":{"uv":[0,14,9,16],"texture":"#4"},"up":{"uv":[0,14,9,16],"rotation":90,"texture":"#4"},"down":{"uv":[0,14,9,16],"rotation":270,"texture":"#4"}}},{"from":[6.25,4.34829,5.72365],"to":[9.75,5.11889,7.62693],"rotation":{"angle":-22.5,"axis":"x","origin":[7.5,2.09829,4.72365]},"faces":{"east":{"uv":[0,14,9,16],"texture":"#4"},"west":{"uv":[0,14,9,16],"texture":"#4"},"up":{"uv":[0,14,9,16],"texture":"#4"}}},{"from":[8.10361,5.59811,6.25],"to":[10.00689,6.36871,9.75],"rotation":{"angle":-22.5,"axis":"z","origin":[8,2.04588,8]},"faces":{"north":{"uv":[0,14,9,16],"texture":"#4"},"south":{"uv":[0,14,9,16],"texture":"#4"},"up":{"uv":[0,14,9,16],"rotation":90,"texture":"#4"}}},{"from":[6.25,4.34829,8.37307],"to":[9.75,5.11889,10.27635],"rotation":{"angle":22.5,"axis":"x","origin":[7.5,2.09829,11.27635]},"faces":{"east":{"uv":[9,14,0,16],"texture":"#4"},"west":{"uv":[9,14,0,16],"texture":"#4"},"up":{"uv":[0,16,9,14],"texture":"#4"}}},{"from":[5.99311,5.59811,6.25],"to":[7.89639,6.36871,9.75],"rotation":{"angle":22.5,"axis":"z","origin":[8,2.04588,8]},"faces":{"north":{"uv":[9,14,0,16],"texture":"#4"},"south":{"uv":[9,14,0,16],"texture":"#4"},"up":{"uv":[0,16,9,14],"rotation":90,"texture":"#4"}}},{"from":[5.75,3.84829,6.22365],"to":[10.25,4.61889,8.12693],"rotation":{"angle":-22.5,"axis":"x","origin":[8,1.59829,5.22365]},"faces":{"east":{"uv":[0,14,9,16],"texture":"#4"},"south":{"uv":[0,14,9,16],"texture":"#4"},"west":{"uv":[0,14,9,16],"texture":"#4"},"up":{"uv":[0,14,9,16],"texture":"#4"},"down":{"uv":[0,14,9,16],"texture":"#4"}}},{"from":[7.83301,4.94483,5.75],"to":[9.7363,5.71542,10.25],"rotation":{"angle":-22.5,"axis":"z","origin":[8,2.04588,8]},"faces":{"north":{"uv":[0,14,9,16],"texture":"#4"},"south":{"uv":[0,14,9,16],"texture":"#4"},"west":{"uv":[0,14,9,16],"texture":"#4"},"up":{"uv":[0,14,9,16],"rotation":90,"texture":"#4"},"down":{"uv":[0,14,9,16],"rotation":270,"texture":"#4"}}},{"from":[5.75,3.84829,7.87307],"to":[10.25,4.61889,9.77635],"rotation":{"angle":22.5,"axis":"x","origin":[8,1.59829,10.77635]},"faces":{"north":{"uv":[9,14,0,16],"texture":"#4"},"east":{"uv":[9,14,0,16],"texture":"#4"},"west":{"uv":[9,14,0,16],"texture":"#4"},"up":{"uv":[0,16,9,14],"texture":"#4"},"down":{"uv":[0,16,9,14],"texture":"#4"}}},{"from":[6.2637,4.94483,5.75],"to":[8.16699,5.71542,10.25],"rotation":{"angle":22.5,"axis":"z","origin":[8,2.04588,8]},"faces":{"north":{"uv":[9,14,0,16],"texture":"#4"},"east":{"uv":[9,14,0,16],"texture":"#4"},"south":{"uv":[9,14,0,16],"texture":"#4"},"up":{"uv":[0,16,9,14],"rotation":90,"texture":"#4"},"down":{"uv":[0,16,9,14],"rotation":270,"texture":"#4"}}},{"from":[6.25,1.18343,3.15063],"to":[9.75,4.33671,3.92123],"rotation":{"angle":22.5,"axis":"x","origin":[7.5,1.43343,6.17123]},"faces":{"north":{"uv":[0,14,9,16],"rotation":180,"texture":"#4"},"east":{"uv":[0,14,9,16],"rotation":90,"texture":"#4"},"west":{"uv":[0,14,9,16],"rotation":270,"texture":"#4"}}},{"from":[11.70519,0.53021,6.25],"to":[12.47579,3.68349,9.75],"rotation":{"angle":22.5,"axis":"z","origin":[8,2.04588,8]},"faces":{"north":{"uv":[0,14,9,16],"rotation":270,"texture":"#4"},"east":{"uv":[0,14,9,16],"rotation":180,"texture":"#4"},"south":{"uv":[0,14,9,16],"rotation":90,"texture":"#4"},"down":{"uv":[0,14,9,16],"rotation":90,"texture":"#4"}}},{"from":[6.25,1.18343,12.07877],"to":[9.75,4.33671,12.84937],"rotation":{"angle":-22.5,"axis":"x","origin":[7.5,1.43343,9.82877]},"faces":{"east":{"uv":[0,16,9,14],"rotation":90,"texture":"#4"},"south":{"uv":[9,14,0,16],"rotation":180,"texture":"#4"},"west":{"uv":[0,16,9,14],"rotation":270,"texture":"#4"}}},{"from":[3.52421,0.53021,6.25],"to":[4.29481,3.68349,9.75],"rotation":{"angle":-22.5,"axis":"z","origin":[8,2.04588,8]},"faces":{"north":{"uv":[0,16,9,14],"rotation":270,"texture":"#4"},"south":{"uv":[0,16,9,14],"rotation":90,"texture":"#4"},"west":{"uv":[9,14,0,16],"rotation":180,"texture":"#4"},"down":{"uv":[0,16,9,14],"rotation":90,"texture":"#4"}}},{"from":[5.75,0.68343,3.65063],"to":[10.25,3.83671,4.92123],"rotation":{"angle":22.5,"axis":"x","origin":[8,0.93343,6.67123]},"faces":{"north":{"uv":[0,14,9,16],"rotation":180,"texture":"#4"},"east":{"uv":[0,14,9,16],"rotation":90,"texture":"#4"},"south":{"uv":[0,14,9,16],"texture":"#4"},"west":{"uv":[0,14,9,16],"rotation":270,"texture":"#4"},"up":{"uv":[0,14,9,16],"texture":"#4"}}},{"from":[10.55191,0.25961,5.75],"to":[11.82251,3.41289,10.25],"rotation":{"angle":22.5,"axis":"z","origin":[8,2.04588,8]},"faces":{"north":{"uv":[0,14,9,16],"rotation":270,"texture":"#4"},"east":{"uv":[0,14,9,16],"rotation":180,"texture":"#4"},"south":{"uv":[0,14,9,16],"rotation":90,"texture":"#4"},"west":{"uv":[0,14,9,16],"texture":"#4"},"up":{"uv":[0,14,9,16],"rotation":90,"texture":"#4"}}},{"from":[5.75,0.68343,11.07877],"to":[10.25,3.83671,12.34937],"rotation":{"angle":-22.5,"axis":"x","origin":[8,0.93343,9.32877]},"faces":{"north":{"uv":[9,14,0,16],"texture":"#4"},"east":{"uv":[0,16,9,14],"rotation":90,"texture":"#4"},"south":{"uv":[9,14,0,16],"rotation":180,"texture":"#4"},"west":{"uv":[0,16,9,14],"rotation":270,"texture":"#4"},"up":{"uv":[0,16,9,14],"texture":"#4"}}},{"from":[4.17749,0.25961,5.75],"to":[5.44809,3.41289,10.25],"rotation":{"angle":-22.5,"axis":"z","origin":[8,2.04588,8]},"faces":{"north":{"uv":[0,16,9,14],"rotation":270,"texture":"#4"},"east":{"uv":[9,14,0,16],"texture":"#4"},"south":{"uv":[0,16,9,14],"rotation":90,"texture":"#4"},"west":{"uv":[9,14,0,16],"rotation":180,"texture":"#4"},"up":{"uv":[0,16,9,14],"rotation":90,"texture":"#4"}}},{"from":[6.25,-0.29489,3.28489],"to":[9.75,2.35839,4.05549],"rotation":{"angle":0,"axis":"x","origin":[7.5,-0.54489,6.30549]},"faces":{"north":{"uv":[0,14,9,16],"rotation":180,"texture":"#4"},"east":{"uv":[0,14,9,16],"rotation":90,"texture":"#4"},"west":{"uv":[0,14,9,16],"rotation":270,"texture":"#4"}}},{"from":[11.94451,-0.29489,6.25],"to":[12.71511,2.35839,9.75],"rotation":{"angle":0,"axis":"x","origin":[8,2.04588,8]},"faces":{"north":{"uv":[0,14,9,16],"rotation":270,"texture":"#4"},"east":{"uv":[0,14,9,16],"rotation":180,"texture":"#4"},"south":{"uv":[0,14,9,16],"rotation":90,"texture":"#4"}}},{"from":[6.25,-0.29489,11.94451],"to":[9.75,2.35839,12.71511],"rotation":{"angle":0,"axis":"x","origin":[7.5,-0.54489,9.69451]},"faces":{"east":{"uv":[0,16,9,14],"rotation":90,"texture":"#4"},"south":{"uv":[9,14,0,16],"rotation":180,"texture":"#4"},"west":{"uv":[0,16,9,14],"rotation":270,"texture":"#4"}}},{"from":[3.28489,-0.29489,6.25],"to":[4.05549,2.35839,9.75],"rotation":{"angle":0,"axis":"x","origin":[8,2.04588,8]},"faces":{"north":{"uv":[0,16,9,14],"rotation":270,"texture":"#4"},"south":{"uv":[0,16,9,14],"rotation":90,"texture":"#4"},"west":{"uv":[9,14,0,16],"rotation":180,"texture":"#4"}}},{"from":[5.75,-0.98623,3.78489],"to":[10.25,1.85839,5.01743],"rotation":{"angle":0,"axis":"x","origin":[8,-1.04489,6.80549]},"faces":{"north":{"uv":[0,14,9,16],"rotation":180,"texture":"#4"},"east":{"uv":[0,14,9,16],"rotation":90,"texture":"#4"},"west":{"uv":[0,14,9,16],"rotation":270,"texture":"#4"}}},{"from":[10.98257,-0.98623,5.75],"to":[12.21511,1.85839,10.25],"rotation":{"angle":0,"axis":"x","origin":[8,2.04588,8]},"faces":{"north":{"uv":[0,14,9,16],"rotation":270,"texture":"#4"},"east":{"uv":[0,14,9,16],"rotation":180,"texture":"#4"},"south":{"uv":[0,14,9,16],"rotation":90,"texture":"#4"}}},{"from":[5.75,-0.98623,10.98257],"to":[10.25,1.85839,12.21511],"rotation":{"angle":0,"axis":"x","origin":[8,-1.04489,9.19451]},"faces":{"east":{"uv":[0,16,9,14],"rotation":90,"texture":"#4"},"south":{"uv":[9,14,0,16],"rotation":180,"texture":"#4"},"west":{"uv":[0,16,9,14],"rotation":270,"texture":"#4"}}},{"from":[3.78489,-0.98623,5.75],"to":[5.01743,1.85839,10.25],"rotation":{"angle":0,"axis":"x","origin":[8,2.04588,8]},"faces":{"north":{"uv":[0,16,9,14],"rotation":270,"texture":"#4"},"south":{"uv":[0,16,9,14],"rotation":90,"texture":"#4"},"west":{"uv":[9,14,0,16],"rotation":180,"texture":"#4"}}},{"from":[6.25,-2.58821,2.00258],"to":[9.75,-0.93493,2.77318],"rotation":{"angle":22.5,"axis":"x","origin":[7.5,-3.83821,5.02318]},"faces":{"north":{"uv":[0,14,9,16],"rotation":180,"texture":"#4"},"east":{"uv":[0,14,9,16],"rotation":90,"texture":"#4"},"south":{"uv":[0,14,9,16],"texture":"#4"},"west":{"uv":[0,14,9,16],"rotation":270,"texture":"#4"},"down":{"uv":[0,14,9,16],"rotation":180,"texture":"#4"}}},{"from":[10.74848,-3.27949,6.25],"to":[11.51908,-1.62621,9.75],"rotation":{"angle":22.5,"axis":"z","origin":[8,2.04588,8]},"faces":{"north":{"uv":[0,14,9,16],"rotation":270,"texture":"#4"},"east":{"uv":[0,14,9,16],"rotation":180,"texture":"#4"},"south":{"uv":[0,14,9,16],"rotation":90,"texture":"#4"},"west":{"uv":[0,14,9,16],"texture":"#4"},"down":{"uv":[0,14,9,16],"rotation":90,"texture":"#4"}}},{"from":[6.25,-2.58821,13.22682],"to":[9.75,-0.93493,13.99742],"rotation":{"angle":-22.5,"axis":"x","origin":[7.5,-3.83821,10.97682]},"faces":{"north":{"uv":[9,14,0,16],"texture":"#4"},"east":{"uv":[0,16,9,14],"rotation":90,"texture":"#4"},"south":{"uv":[9,14,0,16],"rotation":180,"texture":"#4"},"west":{"uv":[0,16,9,14],"rotation":270,"texture":"#4"},"down":{"uv":[0,16,9,14],"rotation":180,"texture":"#4"}}},{"from":[4.48092,-3.27949,6.25],"to":[5.25152,-1.62621,9.75],"rotation":{"angle":-22.5,"axis":"z","origin":[8,2.04588,8]},"faces":{"north":{"uv":[0,16,9,14],"rotation":270,"texture":"#4"},"east":{"uv":[9,14,0,16],"texture":"#4"},"south":{"uv":[0,16,9,14],"rotation":90,"texture":"#4"},"west":{"uv":[9,14,0,16],"rotation":180,"texture":"#4"},"down":{"uv":[0,16,9,14],"rotation":90,"texture":"#4"}}},{"from":[5.75,-2.58821,2.50258],"to":[10.25,-1.43493,3.77318],"rotation":{"angle":22.5,"axis":"x","origin":[8,-4.33821,5.52318]},"faces":{"north":{"uv":[0,14,9,16],"rotation":180,"texture":"#4"},"east":{"uv":[0,14,9,16],"rotation":90,"texture":"#4"},"south":{"uv":[0,14,9,16],"texture":"#4"},"west":{"uv":[0,14,9,16],"rotation":270,"texture":"#4"},"down":{"uv":[0,14,9,16],"rotation":180,"texture":"#4"}}},{"from":[9.5952,-3.05009,5.75],"to":[10.8658,-1.89681,10.25],"rotation":{"angle":22.5,"axis":"z","origin":[8,2.04588,8]},"faces":{"north":{"uv":[0,14,9,16],"rotation":270,"texture":"#4"},"east":{"uv":[0,14,9,16],"rotation":180,"texture":"#4"},"south":{"uv":[0,14,9,16],"rotation":90,"texture":"#4"},"west":{"uv":[0,14,9,16],"texture":"#4"},"down":{"uv":[0,14,9,16],"rotation":90,"texture":"#4"}}},{"from":[5.75,-2.58821,12.22682],"to":[10.25,-1.43493,13.49742],"rotation":{"angle":-22.5,"axis":"x","origin":[8,-4.33821,10.47682]},"faces":{"north":{"uv":[9,14,0,16],"texture":"#4"},"east":{"uv":[0,16,9,14],"rotation":90,"texture":"#4"},"south":{"uv":[9,14,0,16],"rotation":180,"texture":"#4"},"west":{"uv":[0,16,9,14],"rotation":270,"texture":"#4"},"down":{"uv":[0,16,9,14],"rotation":180,"texture":"#4"}}},{"from":[5.1342,-3.05009,5.75],"to":[6.4048,-1.89681,10.25],"rotation":{"angle":-22.5,"axis":"z","origin":[8,2.04588,8]},"faces":{"north":{"uv":[0,16,9,14],"rotation":270,"texture":"#4"},"east":{"uv":[9,14,0,16],"texture":"#4"},"south":{"uv":[0,16,9,14],"rotation":90,"texture":"#4"},"west":{"uv":[9,14,0,16],"rotation":180,"texture":"#4"},"down":{"uv":[0,16,9,14],"rotation":90,"texture":"#4"}}},{"from":[6.25,6,6.25],"to":[9.75,6.5,9.75],"rotation":{"angle":0,"axis":"y","origin":[7.5,2,8]},"faces":{"north":{"uv":[0,11,16,12],"texture":"#3"},"east":{"uv":[0,11,16,12],"texture":"#3"},"south":{"uv":[0,11,16,12],"texture":"#3"},"west":{"uv":[0,11,16,12],"texture":"#3"}}},{"from":[6,6.5,6],"to":[10,7.5,10],"rotation":{"angle":0,"axis":"y","origin":[7.5,3,8]},"faces":{"north":{"uv":[0,14,9,16],"texture":"#4"},"east":{"uv":[0,14,9,16],"texture":"#4"},"south":{"uv":[0,14,9,16],"texture":"#4"},"west":{"uv":[0,14,9,16],"texture":"#4"},"up":{"uv":[0,14,9,16],"texture":"#4"},"down":{"uv":[0,14,9,16],"texture":"#4"}}}],"display":{"thirdperson_righthand":{"scale":[0.5,0.5,0.5]},"thirdperson_lefthand":{"scale":[0.5,0.5,0.5]},"firstperson_righthand":{"scale":[0.5,0.5,0.5]},"firstperson_lefthand":{"scale":[0.5,0.5,0.5]},"head":{"translation":[0,-25,0],"scale":[2,2,2]}},"groups":[{"name":"hexadecagon","origin":[8,8,8],"color":0,"children":[0,1,2,3,4,5,6,7,8,9,10,11,12,13,14,15]},{"name":"hexadecagon","origin":[8,8,8],"color":0,"children":[16,17,18,19,20,21,22,23,24,25,26,27,28,29,30,31]},{"name":"hexadecagon","origin":[8,8,8],"color":0,"children":[32,33,34,35,36,37,38,39,40,41,42,43,44,45,46,47]},{"name":"hexadecagon","origin":[8,8,8],"color":0,"children":[48,49,50,51,52,53,54,55,56,57]},{"name":"hexadecagon","origin":[8,8,8],"color":0,"children":[58,59,60,61,62,63,64,65,{"name":"group","origin":[-1,1.5,8],"color":0,"children":[66,67,68,69,70,71,72,73,74,75,76,77,78,79,80,81,82,83,84,85,86,87,88,89,90,91,92,93,94,95,96,97,98,99,100,101,102,103,104,105,106,107,108,109,110,111,112,113,114,115,116,117,118,119,120,121,122,123,124,125,126,127,128,129,130,131]}]},132,133,134,135,136,137,138,139,140,141,142,143,144,145,146,147,148,149,150,151,152,153,154,155,156,157,158,159,160,161,162,163,164,165,166,167,168,169,170,171,172,173,174,175,176,177,178,179,180,181,182,183,184,185,186,187,188,189]}