{"credit":"Made with Blockbench by Valvac","textures":{"0":"block/orange_concrete","1":"block/yellow_concrete","2":"block/red_concrete","particle":"block/orange_concrete"},"elements":[{"from":[6.1,3.03601,8.01332],"to":[9.1,4.53601,11.01332],"rotation":{"angle":-22.5,"axis":"x","origin":[8.1,8.4695,7.875]},"faces":{"north":{"uv":[6.5,9,9.5,6],"rotation":270,"texture":"#1"},"east":{"uv":[6.5,3.5,9.5,2.5],"rotation":270,"texture":"#1"},"south":{"uv":[9.5,6,6.5,9],"rotation":270,"texture":"#1"},"west":{"uv":[6.5,3.5,9.5,2.5],"rotation":90,"texture":"#1"},"up":{"uv":[0,0,0,0],"rotation":180,"texture":"#1"},"down":{"uv":[6,3.5,9,2.5],"texture":"#1"}}},{"from":[6.6,2.53601,7.51332],"to":[8.6,3.53601,10.51332],"rotation":{"angle":-22.5,"axis":"x","origin":[8.1,8.4695,7.875]},"faces":{"north":{"uv":[9,10,7,11],"texture":"#1"},"east":{"uv":[5,7.5,6,4.5],"rotation":270,"texture":"#1"},"south":{"uv":[7,11,9,10],"rotation":180,"texture":"#1"},"west":{"uv":[10,7.5,11,4.5],"rotation":90,"texture":"#1"},"up":{"uv":[7,7.5,9,4.5],"rotation":180,"texture":"#1"},"down":{"uv":[7,7.5,9,4.5],"texture":"#1"}}},{"from":[6.1,4.53601,8.51332],"to":[9.1,10.53601,11.01332],"rotation":{"angle":-22.5,"axis":"x","origin":[8.1,8.4695,7.875]},"faces":{"north":{"uv":[9.5,2,6.5,8.5],"texture":"#1"},"east":{"uv":[7.5,8.5,14,6],"rotation":270,"texture":"#1"},"south":{"uv":[6.5,8.5,9.5,2],"rotation":180,"texture":"#1"},"west":{"uv":[2,8.5,8.5,6],"rotation":90,"texture":"#1"},"up":{"uv":[0,0,0,0],"rotation":180,"texture":"#1"},"down":{"uv":[0,0,0,0],"texture":"#1"}}},{"from":[5.1,8.875,6.5],"to":[10.1,12.875,7.5],"rotation":{"angle":0,"axis":"y","origin":[8.1,8.4695,7.875]},"faces":{"north":{"uv":[0,0,0,0],"texture":"#1"},"east":{"uv":[11,9,16,2],"rotation":270,"texture":"#1"},"south":{"uv":[6,5,10,0],"rotation":180,"texture":"#1"},"west":{"uv":[0,9,5,2],"rotation":90,"texture":"#1"},"up":{"uv":[6,9,10,2],"rotation":180,"texture":"#1"},"down":{"uv":[6,9,10,2],"texture":"#1"}}},{"from":[6.6,9.5625,6.875],"to":[10.6,10.5625,7.875],"rotation":{"angle":0,"axis":"y","origin":[8.1,8.4695,7.875]},"faces":{"north":{"uv":[0,0,0,0],"texture":"#1"},"east":{"uv":[11,9,16,2],"rotation":270,"texture":"#1"},"south":{"uv":[6,5,10,0],"rotation":180,"texture":"#1"},"west":{"uv":[0,9,5,2],"rotation":90,"texture":"#1"},"up":{"uv":[6,9,10,2],"rotation":180,"texture":"#1"},"down":{"uv":[6,9,10,2],"texture":"#1"}}},{"from":[6.6,9.5625,9.3125],"to":[10.6,10.5625,10.3125],"rotation":{"angle":0,"axis":"y","origin":[8.1,8.4695,7.875]},"faces":{"north":{"uv":[0,0,0,0],"texture":"#1"},"east":{"uv":[11,9,16,2],"rotation":270,"texture":"#1"},"south":{"uv":[6,5,10,0],"rotation":180,"texture":"#1"},"west":{"uv":[0,9,5,2],"rotation":90,"texture":"#1"},"up":{"uv":[6,9,10,2],"rotation":180,"texture":"#1"},"down":{"uv":[6,9,10,2],"texture":"#1"}}},{"from":[5.1,8.875,9.5],"to":[10.1,12.875,10.5],"rotation":{"angle":0,"axis":"y","origin":[8.1,8.4695,7.875]},"faces":{"north":{"uv":[0,0,0,0],"texture":"#1"},"east":{"uv":[11,9,16,2],"rotation":270,"texture":"#1"},"south":{"uv":[6,5,10,0],"rotation":180,"texture":"#1"},"west":{"uv":[0,9,5,2],"rotation":90,"texture":"#1"},"up":{"uv":[6,9,10,2],"rotation":180,"texture":"#1"},"down":{"uv":[6,9,10,2],"texture":"#1"}}},{"from":[5.1,8.875,7.5],"to":[10.1,10.875,9.5],"rotation":{"angle":0,"axis":"y","origin":[8.1,8.4695,7.875]},"faces":{"north":{"uv":[0,0,0,0],"texture":"#1"},"east":{"uv":[11,9,16,2],"rotation":270,"texture":"#1"},"south":{"uv":[6,5,10,0],"rotation":180,"texture":"#1"},"west":{"uv":[0,9,5,2],"rotation":90,"texture":"#1"},"up":{"uv":[6,9,10,2],"rotation":180,"texture":"#1"},"down":{"uv":[6,9,10,2],"texture":"#1"}}},{"from":[5.2875,10.875,7.5],"to":[9.9125,12.625,9.5],"rotation":{"angle":0,"axis":"y","origin":[8.1,8.4695,7.875]},"faces":{"north":{"uv":[0,0,0,0],"texture":"#2"},"east":{"uv":[11,9,16,2],"rotation":270,"texture":"#2"},"south":{"uv":[6,5,10,0],"rotation":180,"texture":"#2"},"west":{"uv":[0,9,5,2],"rotation":90,"texture":"#2"},"up":{"uv":[6,9,10,2],"rotation":180,"texture":"#2"},"down":{"uv":[6,9,10,2],"texture":"#2"}}},{"from":[7.2875,7.125,7.6875],"to":[7.9125,8.875,8.3125],"rotation":{"angle":0,"axis":"y","origin":[8.1,8.4695,7.875]},"faces":{"north":{"uv":[0,0,0,0],"texture":"#2"},"east":{"uv":[11,9,16,2],"rotation":270,"texture":"#2"},"south":{"uv":[6,5,10,0],"rotation":180,"texture":"#2"},"west":{"uv":[0,9,5,2],"rotation":90,"texture":"#2"},"up":{"uv":[6,9,10,2],"rotation":180,"texture":"#2"},"down":{"uv":[6,9,10,2],"texture":"#2"}}},{"from":[5.1,9.375,4],"to":[10.1,12.375,6.5],"rotation":{"angle":0,"axis":"y","origin":[8.1,8.4695,7.875]},"faces":{"north":{"uv":[10.5,0.5,5.5,3.5],"texture":"#1"},"east":{"uv":[12.5,2,15.5,1],"rotation":270,"texture":"#1"},"south":{"uv":[0,0,0,0],"rotation":180,"texture":"#1"},"west":{"uv":[0.5,2,3.5,1],"rotation":90,"texture":"#1"},"up":{"uv":[5.5,2,10.5,1],"rotation":180,"texture":"#1"},"down":{"uv":[5.5,2,10.5,1],"texture":"#1"}}},{"from":[5.6,8.875,3.5],"to":[9.6,12.875,6.5],"rotation":{"angle":0,"axis":"y","origin":[8.1,8.4695,7.875]},"faces":{"north":{"uv":[10,0,6,4],"texture":"#1"},"east":{"uv":[12,2.5,16,0.5],"rotation":270,"texture":"#1"},"south":{"uv":[0,0,0,0],"rotation":180,"texture":"#1"},"west":{"uv":[0,2.5,4,0.5],"rotation":90,"texture":"#1"},"up":{"uv":[6,2.5,10,0.5],"rotation":180,"texture":"#1"},"down":{"uv":[6,2.5,10,0.5],"texture":"#1"}}},{"from":[6.6,9.875,2.5],"to":[8.6,10.375,3.5],"rotation":{"angle":0,"axis":"y","origin":[8.1,8.4695,7.875]},"faces":{"north":{"uv":[9,2.5,7,3],"texture":"#2"},"east":{"uv":[13,0.5,13.5,0],"rotation":270,"texture":"#2"},"south":{"uv":[0,0,0,0],"rotation":180,"texture":"#2"},"west":{"uv":[2.5,0.5,3,0],"rotation":90,"texture":"#2"},"up":{"uv":[7,0.5,9,0],"rotation":180,"texture":"#2"},"down":{"uv":[7,0.5,9,0],"texture":"#2"}}},{"from":[6.6,11.375,2.5],"to":[8.6,11.875,3.5],"rotation":{"angle":0,"axis":"y","origin":[8.1,8.4695,7.875]},"faces":{"north":{"uv":[9,1,7,1.5],"texture":"#2"},"east":{"uv":[14.5,0.5,15,0],"rotation":270,"texture":"#2"},"south":{"uv":[0,0,0,0],"rotation":180,"texture":"#2"},"west":{"uv":[1,0.5,1.5,0],"rotation":90,"texture":"#2"},"up":{"uv":[7,0.5,9,0],"rotation":180,"texture":"#2"},"down":{"uv":[7,0.5,9,0],"texture":"#2"}}},{"from":[7.225,11.875,2.5],"to":[7.975,12.6875,3],"rotation":{"angle":0,"axis":"y","origin":[8.1,8.4695,7.875]},"faces":{"north":{"uv":[9,1,7,1.5],"texture":"#0"},"east":{"uv":[14.5,0.5,15,0],"rotation":270,"texture":"#0"},"south":{"uv":[0,0,0,0],"rotation":180,"texture":"#0"},"west":{"uv":[1,0.5,1.5,0],"rotation":90,"texture":"#0"},"up":{"uv":[7,0.5,9,0],"rotation":180,"texture":"#0"},"down":{"uv":[7,0.5,9,0],"texture":"#0"}}},{"from":[7.35,10.3095,1.29499],"to":[7.85,11.3095,1.79499],"rotation":{"angle":22.5,"axis":"x","origin":[8.1,8.4695,7.875]},"faces":{"north":{"uv":[9,1,7,1.5],"texture":"#0"},"east":{"uv":[14.5,0.5,15,0],"rotation":270,"texture":"#0"},"south":{"uv":[0,0,0,0],"rotation":180,"texture":"#0"},"west":{"uv":[1,0.5,1.5,0],"rotation":90,"texture":"#0"},"up":{"uv":[7,0.5,9,0],"rotation":180,"texture":"#0"},"down":{"uv":[7,0.5,9,0],"texture":"#0"}}},{"from":[8.1,10.375,2.5],"to":[8.6,11.375,3.5],"rotation":{"angle":0,"axis":"y","origin":[8.1,8.4695,7.875]},"faces":{"north":{"uv":[9,1.5,8.5,2.5],"texture":"#2"},"east":{"uv":[13.5,0.5,14.5,0],"rotation":270,"texture":"#2"},"south":{"uv":[0,0,0,0],"rotation":180,"texture":"#2"},"west":{"uv":[1.5,0.5,2.5,0],"rotation":90,"texture":"#2"},"up":{"uv":[0,0,0,0],"rotation":180,"texture":"#2"},"down":{"uv":[0,0,0,0],"texture":"#2"}}},{"from":[6.6,10.375,2.5],"to":[7.1,11.375,3.5],"rotation":{"angle":0,"axis":"y","origin":[8.1,8.4695,7.875]},"faces":{"north":{"uv":[7.5,1.5,7,2.5],"texture":"#2"},"east":{"uv":[13.5,0.5,14.5,0],"rotation":270,"texture":"#2"},"south":{"uv":[0,0,0,0],"rotation":180,"texture":"#2"},"west":{"uv":[1.5,0.5,2.5,0],"rotation":90,"texture":"#2"},"up":{"uv":[0,0,0,0],"rotation":180,"texture":"#2"},"down":{"uv":[0,0,0,0],"texture":"#2"}}},{"from":[6.1,9.375,10.5],"to":[9.1,12.375,12.5],"rotation":{"angle":0,"axis":"y","origin":[8.1,8.4695,7.875]},"faces":{"north":{"uv":[0,0,0,0],"texture":"#1"},"east":{"uv":[12.5,9.5,15.5,7.5],"rotation":270,"texture":"#1"},"south":{"uv":[6.5,3.5,9.5,0.5],"rotation":180,"texture":"#1"},"west":{"uv":[0.5,9.5,3.5,7.5],"rotation":90,"texture":"#1"},"up":{"uv":[6.5,9.5,9.5,7.5],"rotation":180,"texture":"#1"},"down":{"uv":[6.5,9.5,9.5,7.5],"texture":"#1"}}},{"from":[6.6,9.875,12.5],"to":[8.6,11.875,13.5],"rotation":{"angle":0,"axis":"y","origin":[8.1,8.4695,7.875]},"faces":{"north":{"uv":[0,0,0,0],"texture":"#1"},"east":{"uv":[13,10.5,15,9.5],"rotation":270,"texture":"#1"},"south":{"uv":[7,3,9,1],"rotation":180,"texture":"#1"},"west":{"uv":[1,10.5,3,9.5],"rotation":90,"texture":"#1"},"up":{"uv":[7,10.5,9,9.5],"rotation":180,"texture":"#1"},"down":{"uv":[7,10.5,9,9.5],"texture":"#1"}}},{"from":[5.6,8.875,10.5],"to":[9.6,12.875,11.5],"rotation":{"angle":0,"axis":"y","origin":[8.1,8.4695,7.875]},"faces":{"north":{"uv":[0,0,0,0],"texture":"#1"},"east":{"uv":[12,8.5,16,7.5],"rotation":270,"texture":"#1"},"south":{"uv":[6,4,10,0],"rotation":180,"texture":"#1"},"west":{"uv":[0,8.5,4,7.5],"rotation":90,"texture":"#1"},"up":{"uv":[6,8.5,10,7.5],"rotation":180,"texture":"#1"},"down":{"uv":[6,8.5,10,7.5],"texture":"#1"}}},{"from":[6.1,8.375,4],"to":[9.1,13.375,7],"rotation":{"angle":0,"axis":"y","origin":[8.1,8.4695,7.875]},"faces":{"north":{"uv":[9.5,0,6.5,4.5],"texture":"#1"},"east":{"uv":[11.5,2,16,1],"rotation":270,"texture":"#1"},"south":{"uv":[0,0,0,0],"rotation":180,"texture":"#1"},"west":{"uv":[0,2,4.5,1],"rotation":90,"texture":"#1"},"up":{"uv":[6.5,2,9.5,1],"rotation":180,"texture":"#1"},"down":{"uv":[6.5,2,9.5,1],"texture":"#1"}}},{"from":[6.1,9.375,3],"to":[9.1,12.375,3.5],"rotation":{"angle":0,"axis":"y","origin":[8.1,8.4695,7.875]},"faces":{"north":{"uv":[9.5,0.5,6.5,3.5],"texture":"#1"},"east":{"uv":[12.5,0.5,15.5,0],"rotation":270,"texture":"#1"},"south":{"uv":[0,0,0,0],"rotation":180,"texture":"#1"},"west":{"uv":[0.5,0.5,3.5,0],"rotation":90,"texture":"#1"},"up":{"uv":[6.5,0.5,9.5,0],"rotation":180,"texture":"#1"},"down":{"uv":[6.5,0.5,9.5,0],"texture":"#1"}}},{"from":[7.1,7,6],"to":[8.1,8.875,7],"rotation":{"angle":0,"axis":"y","origin":[8.1,8.4695,7.875]},"faces":{"north":{"uv":[8.5,4,7.5,5.5],"texture":"#1"},"east":{"uv":[10.5,4.5,12,3.5],"rotation":270,"texture":"#1"},"south":{"uv":[7.5,5.5,8.5,4],"rotation":180,"texture":"#1"},"west":{"uv":[4,4.5,5.5,3.5],"rotation":90,"texture":"#1"},"up":{"uv":[0,0,0,0],"rotation":180,"texture":"#1"},"down":{"uv":[7.5,4.5,8.5,3.5],"texture":"#1"}}},{"from":[7.1,5.875,7.5],"to":[8.1,6.625,9.625],"rotation":{"angle":0,"axis":"y","origin":[8.1,8.4695,7.875]},"faces":{"north":{"uv":[8.5,4,7.5,5.5],"texture":"#1"},"east":{"uv":[10.5,4.5,12,3.5],"rotation":270,"texture":"#1"},"south":{"uv":[7.5,5.5,8.5,4],"rotation":180,"texture":"#1"},"west":{"uv":[4,4.5,5.5,3.5],"rotation":90,"texture":"#1"},"up":{"uv":[0,0,0,0],"rotation":180,"texture":"#1"},"down":{"uv":[7.5,4.5,8.5,3.5],"texture":"#1"}}},{"from":[7.1,6.25,6.5],"to":[8.1,7,7.5],"rotation":{"angle":0,"axis":"y","origin":[8.1,8.4695,7.875]},"faces":{"north":{"uv":[8.5,4,7.5,5.5],"texture":"#1"},"east":{"uv":[10.5,4.5,12,3.5],"rotation":270,"texture":"#1"},"south":{"uv":[7.5,5.5,8.5,4],"rotation":180,"texture":"#1"},"west":{"uv":[4,4.5,5.5,3.5],"rotation":90,"texture":"#1"},"up":{"uv":[0,0,0,0],"rotation":180,"texture":"#1"},"down":{"uv":[7.5,4.5,8.5,3.5],"texture":"#1"}}},{"from":[6.1,10.375,12.5],"to":[9.1,11.375,13],"rotation":{"angle":0,"axis":"y","origin":[8.1,8.4695,7.875]},"faces":{"north":{"uv":[0,0,0,0],"texture":"#1"},"east":{"uv":[13.5,10,14.5,9.5],"rotation":270,"texture":"#1"},"south":{"uv":[6.5,2.5,9.5,1.5],"rotation":180,"texture":"#1"},"west":{"uv":[1.5,10,2.5,9.5],"rotation":90,"texture":"#1"},"up":{"uv":[6.5,10,9.5,9.5],"rotation":180,"texture":"#1"},"down":{"uv":[6.5,10,9.5,9.5],"texture":"#1"}}},{"from":[7.1,9.375,12.5],"to":[8.1,12.375,13],"rotation":{"angle":0,"axis":"y","origin":[8.1,8.4695,7.875]},"faces":{"north":{"uv":[0,0,0,0],"texture":"#1"},"east":{"uv":[12.5,10,15.5,9.5],"rotation":270,"texture":"#1"},"south":{"uv":[7.5,3.5,8.5,0.5],"rotation":180,"texture":"#1"},"west":{"uv":[0.5,10,3.5,9.5],"rotation":90,"texture":"#1"},"up":{"uv":[7.5,10,8.5,9.5],"rotation":180,"texture":"#1"},"down":{"uv":[7.5,10,8.5,9.5],"texture":"#1"}}},{"from":[5.6,9.875,11.5],"to":[9.6,11.875,12],"rotation":{"angle":0,"axis":"y","origin":[8.1,8.4695,7.875]},"faces":{"north":{"uv":[0,0,0,0],"texture":"#1"},"east":{"uv":[13,9,15,8.5],"rotation":270,"texture":"#1"},"south":{"uv":[6,3,10,1],"rotation":180,"texture":"#1"},"west":{"uv":[1,9,3,8.5],"rotation":90,"texture":"#1"},"up":{"uv":[6,9,10,8.5],"rotation":180,"texture":"#1"},"down":{"uv":[6,9,10,8.5],"texture":"#1"}}},{"from":[5.6,8.375,7],"to":[9.6,12.375,10.5],"rotation":{"angle":0,"axis":"y","origin":[8.1,8.4695,7.875]},"faces":{"north":{"uv":[0,0,0,0],"texture":"#1"},"east":{"uv":[11.5,7.5,16,4],"rotation":270,"texture":"#1"},"south":{"uv":[6,4.5,10,0],"rotation":180,"texture":"#1"},"west":{"uv":[0,7.5,4.5,4],"rotation":90,"texture":"#1"},"up":{"uv":[6,7.5,10,4],"rotation":180,"texture":"#1"},"down":{"uv":[6,7.5,10,4],"texture":"#1"}}},{"from":[5.1,9.375,10.5],"to":[10.1,12.375,11],"rotation":{"angle":0,"axis":"y","origin":[8.1,8.4695,7.875]},"faces":{"north":{"uv":[0,0,0,0],"texture":"#1"},"east":{"uv":[12.5,8,15.5,7.5],"rotation":270,"texture":"#1"},"south":{"uv":[5.5,3.5,10.5,0.5],"rotation":180,"texture":"#1"},"west":{"uv":[0.5,8,3.5,7.5],"rotation":90,"texture":"#1"},"up":{"uv":[5.5,8,10.5,7.5],"rotation":180,"texture":"#1"},"down":{"uv":[5.5,8,10.5,7.5],"texture":"#1"}}},{"from":[6.6,8.875,11.5],"to":[9.1,12.875,12],"rotation":{"angle":0,"axis":"y","origin":[8.1,8.4695,7.875]},"faces":{"north":{"uv":[0,0,0,0],"texture":"#1"},"east":{"uv":[12,9,16,8.5],"rotation":270,"texture":"#1"},"south":{"uv":[6.5,4,9,0],"rotation":180,"texture":"#1"},"west":{"uv":[0,9,4,8.5],"rotation":90,"texture":"#1"},"up":{"uv":[6.5,9,9,8.5],"rotation":180,"texture":"#1"},"down":{"uv":[7,9,9.5,8.5],"texture":"#1"}}},{"from":[6.1,4.53601,8.01332],"to":[9.1,5.53601,8.51332],"rotation":{"angle":-22.5,"axis":"x","origin":[8.1,8.4695,7.875]},"faces":{"north":{"uv":[9.5,8,6.5,9],"texture":"#1"},"east":{"uv":[7,5.5,8,5],"rotation":270,"texture":"#1"},"south":{"uv":[0,0,0,0],"rotation":180,"texture":"#1"},"west":{"uv":[8,5.5,9,5],"rotation":90,"texture":"#1"},"up":{"uv":[6.5,5.5,9.5,5],"rotation":180,"texture":"#1"},"down":{"uv":[0,0,0,0],"texture":"#1"}}},{"from":[9.1,3.53601,9.01332],"to":[9.6,5.53601,10.01332],"rotation":{"angle":-22.5,"axis":"x","origin":[8.1,8.4695,7.875]},"faces":{"north":{"uv":[10,8,9.5,10],"texture":"#1"},"east":{"uv":[6,7,8,6],"rotation":270,"texture":"#1"},"south":{"uv":[6,10,6.5,8],"rotation":180,"texture":"#1"},"west":{"uv":[0,0,0,0],"rotation":90,"texture":"#1"},"up":{"uv":[6,7,6.5,6],"rotation":180,"texture":"#1"},"down":{"uv":[9.5,7,10,6],"texture":"#1"}}}],"display":{"thirdperson_righthand":{"scale":[0.8,0.8,0.8]},"thirdperson_lefthand":{"scale":[0.8,0.8,0.8]},"gui":{"rotation":[24,-136,0]},"fixed":{"rotation":[42,92,-31],"translation":[0,-0.75,0],"scale":[1.2,1.2,1.2]}}}