{"credit":"Made with Blockbench by Valvac","textures":{"quartz_block_bottom":"block/quartz_block_bottom","wool_colored_lime":"block/magenta_wool","wool_colored_cyan":"block/cyan_wool","wool_colored_black":"block/black_wool","wool_colored_red":"block/red_wool"},"elements":[{"from":[6.5,8,9],"to":[9.5,11,10.5],"faces":{"east":{"uv":[6.5,2.5,9.5,3.5],"texture":"#wool_colored_cyan"},"south":{"uv":[6,2.5,9,3.5],"texture":"#wool_colored_cyan"},"west":{"uv":[6.5,2.5,9.5,3.5],"texture":"#wool_colored_cyan"},"up":{"uv":[6.5,6,9.5,9],"rotation":270,"texture":"#wool_colored_cyan"},"down":{"uv":[9.5,9,6.5,6],"rotation":90,"texture":"#wool_colored_cyan"}}},{"from":[7,8.5,10],"to":[9,11.5,11],"faces":{"north":{"uv":[7,4.5,9,7.5],"texture":"#wool_colored_cyan"},"east":{"uv":[5,4.5,6,7.5],"texture":"#wool_colored_cyan"},"south":{"uv":[7,4.5,9,7.5],"texture":"#wool_colored_cyan"},"west":{"uv":[10,4.5,11,7.5],"texture":"#wool_colored_cyan"},"up":{"uv":[7,10,9,11],"texture":"#wool_colored_cyan"},"down":{"uv":[9,11,7,10],"texture":"#wool_colored_cyan"}}},{"from":[6.5,8,2],"to":[9.5,10.5,9],"faces":{"east":{"uv":[7.5,6,14,8.5],"texture":"#wool_colored_cyan"},"west":{"uv":[2,6,8.5,8.5],"texture":"#wool_colored_cyan"},"up":{"uv":[6.5,2,9.5,8.5],"texture":"#wool_colored_cyan"},"down":{"uv":[9.5,8.5,6.5,2],"texture":"#wool_colored_cyan"}}},{"from":[5.5,8.5,0],"to":[10.5,12.5,4],"faces":{"north":{"uv":[6,2,10,9],"texture":"#wool_colored_cyan"},"east":{"uv":[11,2,16,9],"texture":"#wool_colored_cyan"},"south":{"uv":[6,2,10,9],"texture":"#wool_colored_cyan"},"west":{"uv":[0,2,5,9],"texture":"#wool_colored_cyan"},"down":{"uv":[10,5,6,0],"texture":"#wool_colored_cyan"}}},{"from":[5.5,14,0.5],"to":[10.5,15,3.5],"faces":{"north":{"uv":[5.5,1,10.5,2],"texture":"#quartz_block_bottom"},"east":{"uv":[12.5,1,15.5,2],"texture":"#quartz_block_bottom"},"south":{"uv":[5.5,1,10.5,2],"texture":"#quartz_block_bottom"},"west":{"uv":[0.5,1,3.5,2],"texture":"#quartz_block_bottom"},"up":{"uv":[5.5,0.5,10.5,3.5],"texture":"#quartz_block_bottom"}}},{"from":[6,13.5,0],"to":[10,15.5,4],"faces":{"north":{"uv":[6,0.5,10,2.5],"texture":"#quartz_block_bottom"},"east":{"uv":[12,0.5,16,2.5],"texture":"#quartz_block_bottom"},"south":{"uv":[6,0.5,10,2.5],"texture":"#quartz_block_bottom"},"west":{"uv":[0,0.5,4,2.5],"texture":"#quartz_block_bottom"},"up":{"uv":[6,0,10,4],"texture":"#quartz_block_bottom"}}},{"from":[5.5,12,-1],"to":[10.5,13,5],"faces":{"north":{"uv":[5,2,11,7.5],"texture":"#quartz_block_bottom"},"east":{"uv":[12,2,16,7.5],"texture":"#quartz_block_bottom"},"south":{"uv":[5,2,11,7.5],"texture":"#quartz_block_bottom"},"west":{"uv":[0,2,4,7.5],"texture":"#quartz_block_bottom"},"up":{"uv":[5,0,11,4],"texture":"#quartz_block_bottom"},"down":{"uv":[11,4,5,0],"texture":"#quartz_block_bottom"}}},{"from":[7,15.5,2.5],"to":[9,16.5,3],"faces":{"north":{"uv":[7,0,9,0.5],"texture":"#quartz_block_bottom"},"east":{"uv":[13,0,13.5,0.5],"texture":"#quartz_block_bottom"},"south":{"uv":[7,0,9,0.5],"texture":"#quartz_block_bottom"},"west":{"uv":[2.5,0,3,0.5],"texture":"#quartz_block_bottom"},"up":{"uv":[7,2.5,9,3],"texture":"#quartz_block_bottom"}}},{"from":[7,15.5,1],"to":[9,16.5,1.5],"faces":{"north":{"uv":[7,0,9,0.5],"texture":"#quartz_block_bottom"},"east":{"uv":[14.5,0,15,0.5],"texture":"#quartz_block_bottom"},"south":{"uv":[7,0,9,0.5],"texture":"#quartz_block_bottom"},"west":{"uv":[1,0,1.5,0.5],"texture":"#quartz_block_bottom"},"up":{"uv":[7,1,9,1.5],"texture":"#quartz_block_bottom"}}},{"from":[8.5,15.5,1.5],"to":[9,16.5,2.5],"faces":{"east":{"uv":[13.5,0,14.5,0.5],"texture":"#quartz_block_bottom"},"west":{"uv":[1.5,0,2.5,0.5],"texture":"#quartz_block_bottom"},"up":{"uv":[8.5,1.5,9,2.5],"texture":"#quartz_block_bottom"}}},{"from":[7,15.5,1.5],"to":[7.5,16.5,2.5],"faces":{"east":{"uv":[13.5,0,14.5,0.5],"texture":"#quartz_block_bottom"},"west":{"uv":[1.5,0,2.5,0.5],"texture":"#quartz_block_bottom"},"up":{"uv":[7,1.5,7.5,2.5],"texture":"#quartz_block_bottom"}}},{"from":[6.5,6.5,0.5],"to":[9.5,8.5,3.5],"faces":{"north":{"uv":[6.5,7.5,9.5,9.5],"texture":"#wool_colored_cyan"},"east":{"uv":[12.5,7.5,15.5,9.5],"texture":"#wool_colored_cyan"},"south":{"uv":[6.5,7.5,9.5,9.5],"texture":"#wool_colored_cyan"},"west":{"uv":[0.5,7.5,3.5,9.5],"texture":"#wool_colored_cyan"},"down":{"uv":[9.5,3.5,6.5,0.5],"texture":"#wool_colored_cyan"}}},{"from":[7,5.5,1],"to":[9,6.5,3],"faces":{"north":{"uv":[7,9.5,9,10.5],"texture":"#wool_colored_cyan"},"east":{"uv":[13,9.5,15,10.5],"texture":"#wool_colored_cyan"},"south":{"uv":[7,9.5,9,10.5],"texture":"#wool_colored_cyan"},"west":{"uv":[1,9.5,3,10.5],"texture":"#wool_colored_cyan"},"down":{"uv":[9,3,7,1],"texture":"#wool_colored_cyan"}}},{"from":[6,7.5,0],"to":[10,8.5,4],"faces":{"north":{"uv":[6,7.5,10,8.5],"texture":"#wool_colored_cyan"},"east":{"uv":[12,7.5,16,8.5],"texture":"#wool_colored_cyan"},"south":{"uv":[6,7.5,10,8.5],"texture":"#wool_colored_cyan"},"west":{"uv":[0,7.5,4,8.5],"texture":"#wool_colored_cyan"},"down":{"uv":[10,4,6,0],"texture":"#wool_colored_cyan"}}},{"from":[6.5,14,-0.5],"to":[9.5,15,4.5],"faces":{"north":{"uv":[6.5,1,9.5,2],"texture":"#quartz_block_bottom"},"east":{"uv":[11.5,1,16,2],"texture":"#quartz_block_bottom"},"south":{"uv":[6.5,1,9.5,2],"texture":"#quartz_block_bottom"},"west":{"uv":[0,1,4.5,2],"texture":"#quartz_block_bottom"},"up":{"uv":[6.5,0,9.5,4.5],"texture":"#quartz_block_bottom"}}},{"from":[6.5,15.5,0.5],"to":[9.5,16,3.5],"faces":{"north":{"uv":[6.5,0,9.5,0.5],"texture":"#quartz_block_bottom"},"east":{"uv":[12.5,0,15.5,0.5],"texture":"#quartz_block_bottom"},"south":{"uv":[6.5,0,9.5,0.5],"texture":"#quartz_block_bottom"},"west":{"uv":[0.5,0,3.5,0.5],"texture":"#quartz_block_bottom"},"up":{"uv":[6.5,0.5,9.5,3.5],"texture":"#quartz_block_bottom"}}},{"from":[5.5,13,-0.5],"to":[10.5,14,4.5],"faces":{"north":{"uv":[5.5,2,10.5,3],"texture":"#quartz_block_bottom"},"east":{"uv":[11.5,2,16,3],"texture":"#quartz_block_bottom"},"south":{"uv":[5.5,2,10.5,3],"texture":"#quartz_block_bottom"},"west":{"uv":[0,2,4.5,3],"texture":"#quartz_block_bottom"},"up":{"uv":[5.5,0,10.5,4.5],"texture":"#quartz_block_bottom"}}},{"from":[5,12,-0.5],"to":[11,13,4.5],"faces":{"north":{"uv":[5,3,11,4],"texture":"#quartz_block_bottom"},"east":{"uv":[11.5,3,16,4],"texture":"#quartz_block_bottom"},"south":{"uv":[5,3,11,4],"texture":"#quartz_block_bottom"},"west":{"uv":[0,3,4.5,4],"texture":"#quartz_block_bottom"},"up":{"uv":[5,0,11,4.5],"texture":"#quartz_block_bottom"},"down":{"uv":[11,4.5,5,0],"texture":"#quartz_block_bottom"}}},{"from":[7.5,11.5,4],"to":[8.5,12.5,5.5],"faces":{"east":{"uv":[10.5,3.5,12,4.5],"texture":"#wool_colored_red"},"south":{"uv":[7.5,3.5,8.5,4.5],"texture":"#wool_colored_red"},"west":{"uv":[4,3.5,5.5,4.5],"texture":"#wool_colored_red"},"up":{"uv":[7.5,4,8.5,5.5],"texture":"#wool_colored_red"},"down":{"uv":[8.5,5.5,7.5,4],"texture":"#wool_colored_red"}}},{"from":[6.5,6,1.5],"to":[9.5,6.5,2.5],"faces":{"north":{"uv":[6.5,9.5,9.5,10],"texture":"#wool_colored_cyan"},"east":{"uv":[13.5,9.5,14.5,10],"texture":"#wool_colored_cyan"},"south":{"uv":[6.5,9.5,9.5,10],"texture":"#wool_colored_cyan"},"west":{"uv":[1.5,9.5,2.5,10],"texture":"#wool_colored_cyan"},"down":{"uv":[9.5,2.5,6.5,1.5],"texture":"#wool_colored_cyan"}}},{"from":[7.5,6,0.5],"to":[8.5,6.5,3.5],"faces":{"north":{"uv":[7.5,9.5,8.5,10],"texture":"#wool_colored_cyan"},"east":{"uv":[12.5,9.5,15.5,10],"texture":"#wool_colored_cyan"},"south":{"uv":[7.5,9.5,8.5,10],"texture":"#wool_colored_cyan"},"west":{"uv":[0.5,9.5,3.5,10],"texture":"#wool_colored_cyan"},"down":{"uv":[8.5,3.5,7.5,0.5],"texture":"#wool_colored_cyan"}}},{"from":[6,7,1],"to":[10,7.5,3],"faces":{"north":{"uv":[6,8.5,10,9],"texture":"#wool_colored_cyan"},"east":{"uv":[13,8.5,15,9],"texture":"#wool_colored_cyan"},"south":{"uv":[6,8.5,10,9],"texture":"#wool_colored_cyan"},"west":{"uv":[1,8.5,3,9],"texture":"#wool_colored_cyan"},"down":{"uv":[10,3,6,1],"texture":"#wool_colored_cyan"}}},{"from":[7,8,-0.5],"to":[9,8.5,4.5],"faces":{"north":{"uv":[7,7.5,9,8],"texture":"#wool_colored_cyan"},"east":{"uv":[11.5,7.5,16,8],"texture":"#wool_colored_cyan"},"west":{"uv":[0,7.5,4.5,8],"texture":"#wool_colored_cyan"},"down":{"uv":[9,4.5,7,0],"texture":"#wool_colored_cyan"}}},{"from":[6,8.5,-0.5],"to":[10,12,4.5],"faces":{"north":{"uv":[6,4,10,7.5],"texture":"#wool_colored_cyan"},"east":{"uv":[11.5,4,16,7.5],"texture":"#wool_colored_cyan"},"south":{"uv":[6,4,10,7.5],"texture":"#wool_colored_cyan"},"west":{"uv":[0,4,4.5,7.5],"texture":"#wool_colored_cyan"},"down":{"uv":[10,4.5,6,0],"texture":"#wool_colored_cyan"}}},{"from":[5.5,8,0.5],"to":[10.5,8.5,3.5],"faces":{"north":{"uv":[5.5,7.5,10.5,8],"texture":"#wool_colored_cyan"},"east":{"uv":[12.5,7.5,15.5,8],"texture":"#wool_colored_cyan"},"south":{"uv":[5.5,7.5,10.5,8],"texture":"#wool_colored_cyan"},"west":{"uv":[0.5,7.5,3.5,8],"texture":"#wool_colored_cyan"},"down":{"uv":[10.5,3.5,5.5,0.5],"texture":"#wool_colored_cyan"}}},{"from":[7,7,0],"to":[9.5,7.5,4],"faces":{"north":{"uv":[6.5,8.5,9,9],"texture":"#wool_colored_cyan"},"east":{"uv":[12,8.5,16,9],"texture":"#wool_colored_cyan"},"south":{"uv":[7,8.5,9.5,9],"texture":"#wool_colored_cyan"},"west":{"uv":[0,8.5,4,9],"texture":"#wool_colored_cyan"},"down":{"uv":[9,4,6.5,0],"texture":"#wool_colored_cyan"}}},{"from":[7.5,11.5,5.5],"to":[8.5,12,6],"faces":{"east":{"uv":[10,4,10.5,4.5],"texture":"#wool_colored_red"},"south":{"uv":[7.5,4,8.5,4.5],"texture":"#wool_colored_red"},"west":{"uv":[5.5,4,6,4.5],"texture":"#wool_colored_red"},"up":{"uv":[7.5,5.5,8.5,6],"texture":"#wool_colored_red"}}},{"from":[7.5,11,5.5],"to":[8.5,11.5,7],"faces":{"north":{"uv":[7.5,4.5,8.5,5],"texture":"#wool_colored_red"},"east":{"uv":[9,4.5,10.5,5],"texture":"#wool_colored_red"},"south":{"uv":[7.5,4.5,8.5,5],"texture":"#wool_colored_red"},"west":{"uv":[5.5,4.5,7,5],"texture":"#wool_colored_red"},"up":{"uv":[7.5,5.5,8.5,7],"texture":"#wool_colored_red"},"down":{"uv":[8.5,7,7.5,5.5],"texture":"#wool_colored_red"}}},{"from":[6,9,8],"to":[6.5,10,10],"faces":{"north":{"uv":[9.5,6,10,7],"texture":"#wool_colored_cyan"},"south":{"uv":[6,6,6.5,7],"texture":"#wool_colored_cyan"},"west":{"uv":[8,6,10,7],"texture":"#wool_colored_cyan"},"up":{"uv":[6,8,6.5,10],"texture":"#wool_colored_cyan"},"down":{"uv":[10,10,9.5,8],"texture":"#wool_colored_cyan"}}},{"from":[6.5,10.5,8],"to":[9.5,11,9],"faces":{"north":{"uv":[6.5,5,9.5,5.5],"texture":"#wool_colored_cyan"},"east":{"uv":[7,5,8,5.5],"texture":"#wool_colored_cyan"},"west":{"uv":[8,5,9,5.5],"texture":"#wool_colored_cyan"},"up":{"uv":[6.5,8,9.5,9],"texture":"#wool_colored_cyan"}}},{"from":[6,8.5,8.5],"to":[6.5,10.5,9.5],"faces":{"north":{"uv":[9.5,5.5,10,7.5],"texture":"#wool_colored_cyan"},"south":{"uv":[6,5.5,6.5,7.5],"texture":"#wool_colored_cyan"},"west":{"uv":[8.5,5.5,9.5,7.5],"texture":"#wool_colored_cyan"},"up":{"uv":[6,8.5,6.5,9.5],"texture":"#wool_colored_cyan"},"down":{"uv":[10,9.5,9.5,8.5],"texture":"#wool_colored_cyan"}}},{"from":[9.5,9,8],"to":[10,10,10],"faces":{"north":{"uv":[6,6,6.5,7],"texture":"#wool_colored_cyan"},"east":{"uv":[6,6,8,7],"texture":"#wool_colored_cyan"},"south":{"uv":[9.5,6,10,7],"texture":"#wool_colored_cyan"},"up":{"uv":[9.5,8,10,10],"texture":"#wool_colored_cyan"},"down":{"uv":[6.5,10,6,8],"texture":"#wool_colored_cyan"}}},{"from":[7.5,6,-1],"to":[8.5,12,-0.5],"faces":{"north":{"uv":[0,4,1,10],"texture":"#wool_colored_lime"},"east":{"uv":[0,4,1,10],"texture":"#wool_colored_lime"},"south":{"uv":[0,4,1,10],"texture":"#wool_colored_lime"},"west":{"uv":[0,4,1,10],"texture":"#wool_colored_lime"},"down":{"uv":[0,4,1,10],"texture":"#wool_colored_lime"}}},{"from":[7.5,6.5,-0.5],"to":[8.5,8,0],"faces":{"east":{"uv":[0,8,1,9.5],"texture":"#wool_colored_lime"},"south":{"uv":[0,8,1,9.5],"texture":"#wool_colored_lime"},"west":{"uv":[0,8,1,9.5],"texture":"#wool_colored_lime"},"down":{"uv":[0,8,1,9.5],"texture":"#wool_colored_lime"}}},{"from":[10.5,8.5,1],"to":[10.6,9.5,3],"faces":{"north":{"uv":[12,15,13,16],"texture":"#wool_colored_black"},"east":{"uv":[9.5,15,10.5,16],"texture":"#wool_colored_black"},"south":{"uv":[3,15,4,16],"texture":"#wool_colored_black"},"up":{"uv":[3,5.5,4,6.5],"texture":"#wool_colored_black"},"down":{"uv":[13,6.5,12,5.5],"texture":"#wool_colored_black"}}},{"from":[10.5,9.5,1.5],"to":[10.6,11,2.5],"faces":{"north":{"uv":[5.4,5,5.5,6.5],"texture":"#wool_colored_black"},"east":{"uv":[13.5,5,14.5,6.5],"texture":"#wool_colored_black"},"south":{"uv":[10.5,5,10.6,6.5],"texture":"#wool_colored_black"},"up":{"uv":[10.5,1.5,10.6,2.5],"texture":"#wool_colored_black"}}},{"from":[5.4375,9.5,1.5],"to":[5.5375,11,2.5],"faces":{"north":{"uv":[10.4625,5,10.5625,6.5],"texture":"#wool_colored_black"},"south":{"uv":[5.4375,5,5.5375,6.5],"texture":"#wool_colored_black"},"west":{"uv":[1.5,5,2.5,6.5],"texture":"#wool_colored_black"},"up":{"uv":[5.4375,1.5,5.5375,2.5],"texture":"#wool_colored_black"}}},{"from":[5.4,8.5,1],"to":[5.5,9.5,3],"faces":{"north":{"uv":[10.5,6.5,10.6,7.5],"texture":"#wool_colored_black"},"south":{"uv":[5.4,6.5,5.5,7.5],"texture":"#wool_colored_black"},"west":{"uv":[1,6.5,3,7.5],"texture":"#wool_colored_black"},"up":{"uv":[5.4,1,5.5,3],"texture":"#wool_colored_black"},"down":{"uv":[10.6,3,10.5,1],"texture":"#wool_colored_black"}}}],"display":{"thirdperson_righthand":{"rotation":[99,0,180],"translation":[0,-2.695,2.298],"scale":[0.75,0.8,0.75]},"thirdperson_lefthand":{"rotation":[99,0,180],"translation":[0,-2.695,2.298],"scale":[0.75,0.8,0.75]},"firstperson_righthand":{"rotation":[99,0,180],"translation":[0,-2.695,2.298],"scale":[0.75,0.8,0.75]},"firstperson_lefthand":{"rotation":[99,0,180],"translation":[0,-2.695,2.298],"scale":[0.75,0.8,0.75]},"ground":{"rotation":[0,180,90],"translation":[0,-1.5,0],"scale":[0.75,0.75,0.75]},"gui":{"rotation":[79,-6,-105],"translation":[-3.21,-2.83,0]},"head":{"scale":[0.5,0.5,0.5]},"fixed":{"rotation":[-90,135,-90],"translation":[4,-1,-1.5]}}}