{"credit":"Made by Valvac with Blockbench","textures":{"0":"entity/skeleton/skeleton","1":"block/stripped_dark_oak_log","2":"block/black_concrete_powder","particle":"entity/skeleton/skeleton"},"elements":[{"from":[7,-16,7],"to":[9,26,9],"faces":{"north":{"uv":[0,0,2,16],"texture":"#1"},"east":{"uv":[0,0,2,16],"texture":"#1"},"south":{"uv":[0,0,2,16],"texture":"#1"},"west":{"uv":[0,0,2,16],"texture":"#1"},"up":{"uv":[0,0,2,2],"texture":"#1"},"down":{"uv":[0,0,2,2],"texture":"#1"}}},{"from":[-4,19,7.5],"to":[20,20,8.5],"faces":{"north":{"uv":[0,0,16,1],"texture":"#1"},"east":{"uv":[0,0,1,1],"texture":"#1"},"south":{"uv":[0,0,16,1],"texture":"#1"},"west":{"uv":[0,0,1,1],"texture":"#1"},"up":{"uv":[0,0,16,1],"texture":"#1"},"down":{"uv":[0,0,16,1],"texture":"#1"}}},{"from":[5,22,5],"to":[11,25.5,11],"rotation":{"angle":-45,"axis":"x","origin":[8,24.40625,4.5]},"faces":{"north":{"uv":[2,6.5,4,5.25],"texture":"#0"},"east":{"uv":[0,4.25,2,7],"texture":"#0"},"south":{"uv":[2,4,4,6],"texture":"#0"},"west":{"uv":[4,4.25,6,7],"texture":"#0"},"up":{"uv":[3.5,3.75,3.75,4.25],"texture":"#0"},"down":{"uv":[7,8,8,10],"texture":"#0"}}},{"from":[5,25.5,6],"to":[11,26.5,10],"rotation":{"angle":-45,"axis":"x","origin":[8,24.40625,4.5]},"faces":{"north":{"uv":[1.75,4,3.75,6],"texture":"#0"},"east":{"uv":[0,6,2,7],"texture":"#0"},"south":{"uv":[2,4,4,6],"texture":"#0"},"west":{"uv":[4,6,6,7],"texture":"#0"},"up":{"uv":[2,2.5,4,6],"texture":"#0"},"down":{"uv":[7,8,8,10],"texture":"#0"}}},{"from":[6,25.5,5],"to":[10,26.625,11],"rotation":{"angle":-45,"axis":"x","origin":[8,24.40625,4.5]},"faces":{"north":{"uv":[2,4.75,4,5.5],"texture":"#0"},"east":{"uv":[0,4.25,2,7],"texture":"#0"},"south":{"uv":[2,4.5,4,5.5],"texture":"#0"},"west":{"uv":[4,4.25,6,7],"texture":"#0"},"up":{"uv":[2,0.5,4,6],"texture":"#0"},"down":{"uv":[7,8,8,10],"texture":"#0"}}},{"from":[6.875,21.5,0.5],"to":[9.125,24,1.5],"rotation":{"angle":-45,"axis":"x","origin":[8,24.40625,4.5]},"faces":{"north":{"uv":[3.25,3.75,4.25,6],"texture":"#0"},"east":{"uv":[5.25,5.5,5.75,7],"texture":"#0"},"south":{"uv":[4,4.75,5.25,7],"texture":"#0"},"west":{"uv":[4,5.5,4.5,7],"texture":"#0"},"up":{"uv":[5,4,5.75,5.5],"texture":"#0"},"down":{"uv":[4,6,5.25,7],"texture":"#0"}}},{"from":[6.5,22,1.5],"to":[9.5,24.5,5],"rotation":{"angle":-45,"axis":"x","origin":[8,24.40625,4.5]},"faces":{"north":{"uv":[3.25,3.75,4.25,6],"texture":"#0"},"east":{"uv":[4,4.75,5.25,7],"texture":"#0"},"south":{"uv":[4,4.75,5.25,7],"texture":"#0"},"west":{"uv":[4,4.75,5.25,7],"texture":"#0"},"up":{"uv":[4,4,5.25,7],"texture":"#0"},"down":{"uv":[4,4.25,5.25,7],"texture":"#0"}}},{"from":[0,4.5,7],"to":[2,20.5,9],"faces":{"north":{"uv":[9,2,10,16],"texture":"#2"},"east":{"uv":[9,2,10,16],"texture":"#2"},"south":{"uv":[9,2,10,16],"texture":"#2"},"west":{"uv":[9,2,10,16],"texture":"#2"},"up":{"uv":[9,2,10,16],"texture":"#2"},"down":{"uv":[9,2,10,16],"texture":"#2"}}},{"from":[-3,7.5,7],"to":[-1,20.5,9],"faces":{"north":{"uv":[9,2,10,11],"texture":"#2"},"east":{"uv":[9,2,10,11],"texture":"#2"},"south":{"uv":[9,2,10,11],"texture":"#2"},"west":{"uv":[9,2,10,11],"texture":"#2"},"up":{"uv":[9,2,10,11],"texture":"#2"},"down":{"uv":[9,2,10,11],"texture":"#2"}}},{"from":[17,1.5,7],"to":[19,20.5,9],"faces":{"north":{"uv":[9,2,10,14],"texture":"#2"},"east":{"uv":[9,2,10,14],"texture":"#2"},"south":{"uv":[9,2,10,14],"texture":"#2"},"west":{"uv":[9,2,10,14],"texture":"#2"},"up":{"uv":[9,2,10,14],"texture":"#2"},"down":{"uv":[9,2,10,14],"texture":"#2"}}},{"from":[13,2.25,7.25],"to":[17,20.25,8.75],"faces":{"north":{"uv":[9,2,12,14],"texture":"#2"},"east":{"uv":[9,2,12,14],"texture":"#2"},"south":{"uv":[9,2,12,14],"texture":"#2"},"west":{"uv":[9,2,12,14],"texture":"#2"},"up":{"uv":[9,2,12,14],"texture":"#2"},"down":{"uv":[9,2,12,14],"texture":"#2"}}},{"from":[9,11.25,7.25],"to":[11,20.25,8.75],"faces":{"north":{"uv":[9,2,10,16],"texture":"#2"},"east":{"uv":[9,2,10,16],"texture":"#2"},"south":{"uv":[9,2,10,16],"texture":"#2"},"west":{"uv":[9,2,10,16],"texture":"#2"},"up":{"uv":[9,2,10,16],"texture":"#2"},"down":{"uv":[9,2,10,16],"texture":"#2"}}},{"from":[2,7.5,7.25],"to":[7,20.25,8.75],"faces":{"north":{"uv":[9,2,13,7.75],"texture":"#2"},"east":{"uv":[9,2,13,7.75],"texture":"#2"},"south":{"uv":[9,2,13,7.75],"texture":"#2"},"west":{"uv":[9,2,13,7.75],"texture":"#2"},"up":{"uv":[9,2,13,7.75],"texture":"#2"},"down":{"uv":[9,2,13,7.75],"texture":"#2"}}},{"from":[-1,8.5,7.25],"to":[0,20.25,8.75],"faces":{"north":{"uv":[9,2,9,9.75],"texture":"#2"},"east":{"uv":[9,2,9,9.75],"texture":"#2"},"south":{"uv":[9,2,9,9.75],"texture":"#2"},"west":{"uv":[9,2,9,9.75],"texture":"#2"},"up":{"uv":[9,2,9,9.75],"texture":"#2"},"down":{"uv":[9,2,9,9.75],"texture":"#2"}}},{"from":[11,6.5,7],"to":[13,20.5,9],"faces":{"north":{"uv":[9,2,10,16],"texture":"#2"},"east":{"uv":[9,2,10,16],"texture":"#2"},"south":{"uv":[9,2,10,16],"texture":"#2"},"west":{"uv":[9,2,10,16],"texture":"#2"},"up":{"uv":[9,2,10,16],"texture":"#2"},"down":{"uv":[9,2,10,16],"texture":"#2"}}},{"from":[4,6.5,7],"to":[6,20.5,9],"faces":{"north":{"uv":[9,2,10,9],"texture":"#2"},"east":{"uv":[9,2,10,9],"texture":"#2"},"south":{"uv":[9,2,10,9],"texture":"#2"},"west":{"uv":[9,2,10,9],"texture":"#2"},"up":{"uv":[9,2,10,9],"texture":"#2"},"down":{"uv":[9,2,10,9],"texture":"#2"}}}],"groups":[0,1,{"name":"group","origin":[0,0,0],"color":0,"nbt":"{}","children":[2,3,4,5,6]},7,8,9,10,11,12,13,14,15]}