{"credit":"Made by Valvac with Blockbench","textures":{"0":"entity/skeleton/skeleton","1":"block/stripped_dark_oak_log","2":"block/black_concrete_powder","particle":"entity/skeleton/skeleton"},"elements":[{"from":[6.59814,-16,6.59814],"to":[8.59814,26,8.59814],"rotation":{"angle":0,"axis":"y","origin":[7.59814,12.25,7.59814]},"faces":{"north":{"uv":[0,0,2,16],"texture":"#1"},"east":{"uv":[0,0,2,16],"texture":"#1"},"south":{"uv":[0,0,2,16],"texture":"#1"},"west":{"uv":[0,0,2,16],"texture":"#1"},"up":{"uv":[0,0,2,2],"rotation":180,"texture":"#1"},"down":{"uv":[0,0,2,2],"rotation":180,"texture":"#1"}}},{"from":[-4.40186,19,7.09814],"to":[19.59814,20,8.09814],"rotation":{"angle":0,"axis":"y","origin":[7.59814,12.25,7.59814]},"faces":{"north":{"uv":[0,0,16,1],"texture":"#1"},"east":{"uv":[0,0,1,1],"texture":"#1"},"south":{"uv":[0,0,16,1],"texture":"#1"},"west":{"uv":[0,0,1,1],"texture":"#1"},"up":{"uv":[0,0,16,1],"rotation":180,"texture":"#1"},"down":{"uv":[0,0,16,1],"rotation":180,"texture":"#1"}}},{"from":[4.59814,21.57813,5.35867],"to":[10.59814,25.07813,11.35867],"rotation":{"angle":22.5,"axis":"x","origin":[7.59814,24.40625,10.28054]},"faces":{"north":{"uv":[2,4,4,6],"texture":"#0"},"east":{"uv":[4,4.25,6,7],"texture":"#0"},"south":{"uv":[2,6.5,4,5.25],"texture":"#0"},"west":{"uv":[0,4.25,2,7],"texture":"#0"},"up":{"uv":[3.5,3.75,3.75,4.25],"rotation":180,"texture":"#0"},"down":{"uv":[7,8,8,10],"rotation":180,"texture":"#0"}}},{"from":[4.59814,25.07813,6.35867],"to":[10.59814,26.07813,10.35867],"rotation":{"angle":22.5,"axis":"x","origin":[7.59814,24.40625,10.28054]},"faces":{"north":{"uv":[2,4,4,6],"texture":"#0"},"east":{"uv":[4,6,6,7],"texture":"#0"},"south":{"uv":[1.75,4,3.75,6],"texture":"#0"},"west":{"uv":[0,6,2,7],"texture":"#0"},"up":{"uv":[2,2.5,4,6],"rotation":180,"texture":"#0"},"down":{"uv":[7,8,8,10],"rotation":180,"texture":"#0"}}},{"from":[5.59814,25.07813,5.35867],"to":[9.59814,26.20313,11.35867],"rotation":{"angle":22.5,"axis":"x","origin":[7.59814,24.40625,10.28054]},"faces":{"north":{"uv":[2,4.5,4,5.5],"texture":"#0"},"east":{"uv":[4,4.25,6,7],"texture":"#0"},"south":{"uv":[2,4.75,4,5.5],"texture":"#0"},"west":{"uv":[0,4.25,2,7],"texture":"#0"},"up":{"uv":[2,0.5,4,6],"rotation":180,"texture":"#0"},"down":{"uv":[7,8,8,10],"rotation":180,"texture":"#0"}}},{"from":[6.47314,21.07813,14.85867],"to":[8.72314,23.57813,15.85867],"rotation":{"angle":22.5,"axis":"x","origin":[7.59814,24.40625,10.28054]},"faces":{"north":{"uv":[4,4.75,5.25,7],"texture":"#0"},"east":{"uv":[4,5.5,4.5,7],"texture":"#0"},"south":{"uv":[3.25,3.75,4.25,6],"texture":"#0"},"west":{"uv":[5.25,5.5,5.75,7],"texture":"#0"},"up":{"uv":[5,4,5.75,5.5],"rotation":180,"texture":"#0"},"down":{"uv":[4,6,5.25,7],"rotation":180,"texture":"#0"}}},{"from":[6.09814,21.57813,11.35867],"to":[9.09814,24.07813,14.85867],"rotation":{"angle":22.5,"axis":"x","origin":[7.59814,24.40625,10.28054]},"faces":{"north":{"uv":[4,4.75,5.25,7],"texture":"#0"},"east":{"uv":[4,4.75,5.25,7],"texture":"#0"},"south":{"uv":[3.25,3.75,4.25,6],"texture":"#0"},"west":{"uv":[4,4.75,5.25,7],"texture":"#0"},"up":{"uv":[4,4,5.25,7],"rotation":180,"texture":"#0"},"down":{"uv":[4,4.25,5.25,7],"rotation":180,"texture":"#0"}}},{"from":[13.59814,4.5,6.59814],"to":[15.59814,20.5,8.59814],"rotation":{"angle":0,"axis":"y","origin":[7.59814,12.25,7.59814]},"faces":{"north":{"uv":[9,2,10,16],"texture":"#2"},"east":{"uv":[9,2,10,16],"texture":"#2"},"south":{"uv":[9,2,10,16],"texture":"#2"},"west":{"uv":[9,2,10,16],"texture":"#2"},"up":{"uv":[9,2,10,16],"rotation":180,"texture":"#2"},"down":{"uv":[9,2,10,16],"rotation":180,"texture":"#2"}}},{"from":[16.59814,9.5,6.59814],"to":[18.59814,20.5,8.59814],"rotation":{"angle":0,"axis":"y","origin":[7.59814,12.25,7.59814]},"faces":{"north":{"uv":[9,2,10,11],"texture":"#2"},"east":{"uv":[9,2,10,11],"texture":"#2"},"south":{"uv":[9,2,10,11],"texture":"#2"},"west":{"uv":[9,2,10,11],"texture":"#2"},"up":{"uv":[9,2,10,11],"rotation":180,"texture":"#2"},"down":{"uv":[9,2,10,11],"rotation":180,"texture":"#2"}}},{"from":[-3.40186,9.5,6.59814],"to":[-1.40186,20.5,8.59814],"rotation":{"angle":0,"axis":"y","origin":[7.59814,12.25,7.59814]},"faces":{"north":{"uv":[9,2,10,11],"texture":"#2"},"east":{"uv":[9,2,10,11],"texture":"#2"},"south":{"uv":[9,2,10,11],"texture":"#2"},"west":{"uv":[9,2,10,11],"texture":"#2"},"up":{"uv":[9,2,10,11],"rotation":180,"texture":"#2"},"down":{"uv":[9,2,10,11],"rotation":180,"texture":"#2"}}},{"from":[-1.40186,10.25,6.84814],"to":[2.59814,20.25,8.34814],"rotation":{"angle":0,"axis":"y","origin":[7.59814,12.25,7.59814]},"faces":{"north":{"uv":[9,2,12,10],"texture":"#2"},"east":{"uv":[9,2,12,10],"texture":"#2"},"south":{"uv":[9,2,12,10],"texture":"#2"},"west":{"uv":[9,2,12,10],"texture":"#2"},"up":{"uv":[9,2,12,10],"rotation":180,"texture":"#2"},"down":{"uv":[9,2,12,10],"rotation":180,"texture":"#2"}}},{"from":[0.59814,2.25,6.84814],"to":[2.59814,10.25,8.34814],"rotation":{"angle":0,"axis":"y","origin":[7.59814,12.25,7.59814]},"faces":{"north":{"uv":[9,2,10,8],"texture":"#2"},"east":{"uv":[9,2,10,8],"texture":"#2"},"south":{"uv":[9,2,10,8],"texture":"#2"},"west":{"uv":[9,2,10,8],"texture":"#2"},"up":{"uv":[9,2,10,8],"rotation":180,"texture":"#2"},"down":{"uv":[9,2,10,8],"rotation":180,"texture":"#2"}}},{"from":[4.59814,4.25,6.84814],"to":[6.59814,20.25,8.34814],"rotation":{"angle":0,"axis":"y","origin":[7.59814,12.25,7.59814]},"faces":{"north":{"uv":[9,2,10,16],"texture":"#2"},"east":{"uv":[9,2,10,16],"texture":"#2"},"south":{"uv":[9,2,10,16],"texture":"#2"},"west":{"uv":[9,2,10,16],"texture":"#2"},"up":{"uv":[9,2,10,16],"rotation":180,"texture":"#2"},"down":{"uv":[9,2,10,16],"rotation":180,"texture":"#2"}}},{"from":[8.59814,12.5,6.84814],"to":[13.59814,20.25,8.34814],"rotation":{"angle":0,"axis":"y","origin":[7.59814,12.25,7.59814]},"faces":{"north":{"uv":[9,2,13,7.75],"texture":"#2"},"east":{"uv":[9,2,13,7.75],"texture":"#2"},"south":{"uv":[9,2,13,7.75],"texture":"#2"},"west":{"uv":[9,2,13,7.75],"texture":"#2"},"up":{"uv":[9,2,13,7.75],"rotation":180,"texture":"#2"},"down":{"uv":[9,2,13,7.75],"rotation":180,"texture":"#2"}}},{"from":[15.59814,10.5,6.84814],"to":[16.59814,20.25,8.34814],"rotation":{"angle":0,"axis":"y","origin":[7.59814,12.25,7.59814]},"faces":{"north":{"uv":[9,2,9,9.75],"texture":"#2"},"east":{"uv":[9,2,9,9.75],"texture":"#2"},"south":{"uv":[9,2,9,9.75],"texture":"#2"},"west":{"uv":[9,2,9,9.75],"texture":"#2"},"up":{"uv":[9,2,9,9.75],"rotation":180,"texture":"#2"},"down":{"uv":[9,2,9,9.75],"rotation":180,"texture":"#2"}}},{"from":[2.59814,-0.5,6.59814],"to":[4.59814,20.5,8.59814],"rotation":{"angle":0,"axis":"y","origin":[7.59814,12.25,7.59814]},"faces":{"north":{"uv":[9,2,10,16],"texture":"#2"},"east":{"uv":[9,2,10,16],"texture":"#2"},"south":{"uv":[9,2,10,16],"texture":"#2"},"west":{"uv":[9,2,10,16],"texture":"#2"},"up":{"uv":[9,2,10,16],"rotation":180,"texture":"#2"},"down":{"uv":[9,2,10,16],"rotation":180,"texture":"#2"}}},{"from":[9.59814,11.5,6.59814],"to":[11.59814,20.5,8.59814],"rotation":{"angle":0,"axis":"y","origin":[7.59814,12.25,7.59814]},"faces":{"north":{"uv":[9,2,10,9],"texture":"#2"},"east":{"uv":[9,2,10,9],"texture":"#2"},"south":{"uv":[9,2,10,9],"texture":"#2"},"west":{"uv":[9,2,10,9],"texture":"#2"},"up":{"uv":[9,2,10,9],"rotation":180,"texture":"#2"},"down":{"uv":[9,2,10,9],"rotation":180,"texture":"#2"}}}],"groups":[0,1,{"name":"group","origin":[0,0,0],"color":0,"nbt":"{}","children":[2,3,4,5,6]},7,8,9,10,11,12,13,14,15,16]}