{"credit":"Made by Arthouuur for Minedisney","textures":{"0":"block/brain_coral_block","1":"block/pink_petals","2":"block/spore_blossom","particle":"block/brain_coral_block"},"elements":[{"from":[7.75,-10,-0.25],"to":[8,22.5,0.75],"faces":{"north":{"uv":[7.75,0,8.75,0.75],"texture":"#0"},"east":{"uv":[7.75,0,8.75,0.75],"texture":"#0"},"south":{"uv":[7.75,0,8.75,0.75],"texture":"#0"},"west":{"uv":[7.75,0,8.75,0.75],"texture":"#0"},"up":{"uv":[7.75,0,8.75,0.75],"texture":"#0"},"down":{"uv":[7.75,0,8.75,0.75],"texture":"#0"}}},{"from":[1.25,-2.75,0.25],"to":[14.5,22.25,0.25],"faces":{"north":{"uv":[12.5,14.25,12.75,16],"texture":"#0"},"east":{"uv":[0,0,0,16],"texture":"#0"},"south":{"uv":[12.25,14.25,12.75,16],"texture":"#0"},"west":{"uv":[0,0,0,16],"texture":"#0"},"up":{"uv":[0,0,13.25,0],"texture":"#0"},"down":{"uv":[0,0,13.25,0],"texture":"#0"}}},{"from":[1.56971,-11.17961,-0.25],"to":[1.81971,21.32039,0.75],"rotation":{"angle":22.5,"axis":"z","origin":[1.69471,4.94539,0.125]},"faces":{"north":{"uv":[7.75,0,8.75,0.75],"texture":"#0"},"east":{"uv":[7.75,0,8.75,0.75],"texture":"#0"},"south":{"uv":[7.75,0,8.75,0.75],"texture":"#0"},"west":{"uv":[7.75,0,8.75,0.75],"texture":"#0"},"up":{"uv":[7.75,0,8.75,0.75],"texture":"#0"},"down":{"uv":[7.75,0,8.75,0.75],"texture":"#0"}}},{"from":[7.68622,6.73398,-0.25],"to":[14.93622,14.48398,-0.25],"rotation":{"angle":22.5,"axis":"z","origin":[11.31122,10.60898,-0.25]},"faces":{"north":{"uv":[0,0,16,16],"texture":"#1"},"east":{"uv":[0,0,0,16],"texture":"#1"},"south":{"uv":[12.25,14.5,12.75,16],"texture":"#1"},"west":{"uv":[0,0,0,16],"texture":"#1"},"up":{"uv":[0,0,12.75,0],"texture":"#1"},"down":{"uv":[0,0,12.75,0],"texture":"#1"}}},{"from":[7.23525,-0.18428,-0.25],"to":[14.48525,7.56572,-0.25],"rotation":{"angle":22.5,"axis":"z","origin":[14.25339,9.19616,-0.25]},"faces":{"north":{"uv":[0,0,16,16],"rotation":180,"texture":"#1"},"east":{"uv":[0,0,0,16],"rotation":180,"texture":"#1"},"south":{"uv":[12.25,14.5,12.75,16],"rotation":180,"texture":"#1"},"west":{"uv":[0,0,0,16],"rotation":180,"texture":"#1"},"up":{"uv":[0,0,12.75,0],"rotation":180,"texture":"#1"},"down":{"uv":[0,0,12.75,0],"rotation":180,"texture":"#1"}}},{"from":[5.52072,11.66221,-0.25],"to":[13.27072,18.91221,-0.25],"rotation":{"angle":-45,"axis":"z","origin":[14.25339,9.19616,-0.25]},"faces":{"north":{"uv":[0,0,16,16],"rotation":90,"texture":"#1"},"east":{"uv":[0,0,12.75,0],"rotation":270,"texture":"#1"},"south":{"uv":[14.75,14.5,15.25,16],"rotation":270,"texture":"#1"},"west":{"uv":[0,0,12.75,0],"rotation":270,"texture":"#1"},"up":{"uv":[0,0,0,16],"rotation":270,"texture":"#1"},"down":{"uv":[0,0,0,16],"rotation":270,"texture":"#1"}}},{"from":[15.96128,7.4723,-0.25],"to":[23.21128,15.2223,-0.25],"rotation":{"angle":-22.5,"axis":"z","origin":[14.25339,9.19616,-0.25]},"faces":{"north":{"uv":[0,0,16,16],"texture":"#1"},"east":{"uv":[0,0,0,16],"texture":"#1"},"south":{"uv":[12.25,14.5,12.75,16],"texture":"#1"},"west":{"uv":[0,0,0,16],"texture":"#1"},"up":{"uv":[0,0,12.75,0],"texture":"#1"},"down":{"uv":[0,0,12.75,0],"texture":"#1"}}},{"from":[1.02152,10.82659,-0.25],"to":[8.27152,18.57659,-0.25],"rotation":{"angle":45,"axis":"z","origin":[0.00339,9.19616,-0.25]},"faces":{"north":{"uv":[0,0,16,16],"texture":"#1"},"east":{"uv":[0,0,0,16],"texture":"#1"},"south":{"uv":[14.5,14.5,15,16],"texture":"#1"},"west":{"uv":[0,0,0,16],"texture":"#1"},"up":{"uv":[0,0,12.75,0],"texture":"#1"},"down":{"uv":[0,0,12.75,0],"texture":"#1"}}},{"from":[-0.54217,7.90256,-0.25],"to":[6.70783,15.65256,-0.25],"rotation":{"angle":-22.5,"axis":"z","origin":[0.00339,9.19616,-0.25]},"faces":{"north":{"uv":[0,0,16,16],"texture":"#1"},"east":{"uv":[0,0,0,16],"texture":"#1"},"south":{"uv":[12.25,14.5,12.75,16],"texture":"#1"},"west":{"uv":[0,0,0,16],"texture":"#1"},"up":{"uv":[0,0,12.75,0],"texture":"#1"},"down":{"uv":[0,0,12.75,0],"texture":"#1"}}},{"from":[-7.45451,3.92001,-0.25],"to":[-0.20451,11.67001,-0.25],"rotation":{"angle":0,"axis":"z","origin":[0.00339,9.19616,-0.25]},"faces":{"north":{"uv":[0,0,16,16],"rotation":180,"texture":"#1"},"east":{"uv":[0,0,0,16],"rotation":180,"texture":"#1"},"south":{"uv":[14.75,14.5,15.25,16],"rotation":180,"texture":"#1"},"west":{"uv":[0,0,0,16],"rotation":180,"texture":"#1"},"up":{"uv":[0,0,12.75,0],"rotation":180,"texture":"#1"},"down":{"uv":[0,0,12.75,0],"rotation":180,"texture":"#1"}}},{"from":[1.98605,0.2301,-0.25],"to":[9.73605,7.4801,-0.25],"rotation":{"angle":-22.5,"axis":"z","origin":[0.00339,9.19616,-0.25]},"faces":{"north":{"uv":[0,0,16,16],"rotation":270,"texture":"#1"},"east":{"uv":[0,0,12.75,0],"rotation":90,"texture":"#1"},"south":{"uv":[12.25,14.5,12.75,16],"rotation":90,"texture":"#1"},"west":{"uv":[0,0,12.75,0],"rotation":90,"texture":"#1"},"up":{"uv":[0,0,0,16],"rotation":90,"texture":"#1"},"down":{"uv":[0,0,0,16],"rotation":90,"texture":"#1"}}},{"from":[-6.70451,-15.82999,0],"to":[22.54549,20.42001,0],"rotation":{"angle":0,"axis":"z","origin":[7.92049,12.04501,0]},"faces":{"north":{"uv":[0,0,16,14],"rotation":180,"texture":"#2"},"east":{"uv":[0,0,0,16],"rotation":180,"texture":"#2"},"south":{"uv":[12.25,15.5,12.75,16],"rotation":180,"texture":"#2"},"west":{"uv":[0,0,0,16],"rotation":180,"texture":"#2"},"up":{"uv":[0,0,12.75,0],"rotation":180,"texture":"#2"},"down":{"uv":[0,0,12.75,0],"rotation":180,"texture":"#2"}}},{"from":[-0.45451,15.42001,0],"to":[6.54549,25.67001,0],"rotation":{"angle":45,"axis":"z","origin":[7.92049,2.29501,0]},"faces":{"north":{"uv":[1,0,15,14],"rotation":180,"texture":"#2"},"east":{"uv":[0,0,0,16],"rotation":180,"texture":"#2"},"south":{"uv":[12.25,14.5,12.75,16],"rotation":180,"texture":"#2"},"west":{"uv":[0,0,0,16],"rotation":180,"texture":"#2"},"up":{"uv":[0,0,12.75,0],"rotation":180,"texture":"#2"},"down":{"uv":[0,0,12.75,0],"rotation":180,"texture":"#2"}}},{"from":[20.49201,6.87756,0],"to":[27.49201,17.12756,0],"rotation":{"angle":-45,"axis":"z","origin":[23.74201,11.75256,0]},"faces":{"north":{"uv":[1,0,15,14],"rotation":180,"texture":"#2"},"east":{"uv":[0,0,0,16],"rotation":180,"texture":"#2"},"south":{"uv":[12.25,14.5,12.75,16],"rotation":180,"texture":"#2"},"west":{"uv":[0,0,0,16],"rotation":180,"texture":"#2"},"up":{"uv":[0,0,12.75,0],"rotation":180,"texture":"#2"},"down":{"uv":[0,0,12.75,0],"rotation":180,"texture":"#2"}}},{"from":[-4.93029,4.32039,0.25],"to":[7.81971,21.07039,0.25],"rotation":{"angle":22.5,"axis":"z","origin":[1.69471,4.94539,0.125]},"faces":{"north":{"uv":[12.25,14.5,12.75,16],"texture":"#0"},"east":{"uv":[0,0,0,16],"texture":"#0"},"south":{"uv":[12.25,14.5,12.75,16],"texture":"#0"},"west":{"uv":[0,0,0,16],"texture":"#0"},"up":{"uv":[0,0,12.75,0],"texture":"#0"},"down":{"uv":[0,0,12.75,0],"texture":"#0"}}},{"from":[-3.68871,-14.63451,-0.25],"to":[-3.43871,17.86549,0.75],"rotation":{"angle":45,"axis":"z","origin":[-3.56371,1.49049,0.125]},"faces":{"north":{"uv":[7.75,0,8.75,0.75],"texture":"#0"},"east":{"uv":[7.75,0,8.75,0.75],"texture":"#0"},"south":{"uv":[7.75,0,8.75,0.75],"texture":"#0"},"west":{"uv":[7.75,0,8.75,0.75],"texture":"#0"},"up":{"uv":[7.75,0,8.75,0.75],"texture":"#0"},"down":{"uv":[7.75,0,8.75,0.75],"texture":"#0"}}},{"from":[-4.18871,-14.63451,0.25],"to":[2.81129,17.61549,0.25],"rotation":{"angle":45,"axis":"z","origin":[-3.56371,1.49049,0.125]},"faces":{"north":{"uv":[12.5,14.25,12.75,16],"texture":"#0"},"east":{"uv":[0,0,0,16],"texture":"#0"},"south":{"uv":[12.5,14.25,12.75,16],"texture":"#0"},"west":{"uv":[0,0,0,16],"texture":"#0"},"up":{"uv":[0,0,6.25,0],"texture":"#0"},"down":{"uv":[0,0,6.25,0],"texture":"#0"}}},{"from":[13.93029,-11.17961,-0.25],"to":[14.18029,21.32039,0.75],"rotation":{"angle":-22.5,"axis":"z","origin":[14.05529,4.94539,0.125]},"faces":{"north":{"uv":[7.75,0,8.75,0.75],"texture":"#0"},"east":{"uv":[7.75,0,8.75,0.75],"texture":"#0"},"south":{"uv":[7.75,0,8.75,0.75],"texture":"#0"},"west":{"uv":[7.75,0,8.75,0.75],"texture":"#0"},"up":{"uv":[7.75,0,8.75,0.75],"texture":"#0"},"down":{"uv":[7.75,0,8.75,0.75],"texture":"#0"}}},{"from":[7.68029,4.82039,0.25],"to":[20.68029,21.07039,0.25],"rotation":{"angle":-22.5,"axis":"z","origin":[14.05529,4.94539,0.125]},"faces":{"north":{"uv":[12.5,14.25,13,16],"texture":"#0"},"east":{"uv":[0,0,0,16],"texture":"#0"},"south":{"uv":[12.5,14.25,13,16],"texture":"#0"},"west":{"uv":[0,0,0,16],"texture":"#0"},"up":{"uv":[0,0,13,0],"texture":"#0"},"down":{"uv":[0,0,13,0],"texture":"#0"}}},{"from":[19.18871,-14.63451,-0.25],"to":[19.43871,17.86549,0.75],"rotation":{"angle":-45,"axis":"z","origin":[19.31371,1.49049,0.125]},"faces":{"north":{"uv":[7.75,0,8.75,0.75],"texture":"#0"},"east":{"uv":[7.75,0,8.75,0.75],"texture":"#0"},"south":{"uv":[7.75,0,8.75,0.75],"texture":"#0"},"west":{"uv":[7.75,0,8.75,0.75],"texture":"#0"},"up":{"uv":[7.75,0,8.75,0.75],"texture":"#0"},"down":{"uv":[7.75,0,8.75,0.75],"texture":"#0"}}},{"from":[12.93871,-14.63451,0.25],"to":[19.93871,17.61549,0.25],"rotation":{"angle":-45,"axis":"z","origin":[19.31371,1.49049,0.125]},"faces":{"north":{"uv":[12.5,14.5,12.75,16],"texture":"#0"},"east":{"uv":[0,0,0,16],"texture":"#0"},"south":{"uv":[12.5,14.5,12.75,16],"texture":"#0"},"west":{"uv":[0,0,0,16],"texture":"#0"},"up":{"uv":[0,0,6.25,0],"texture":"#0"},"down":{"uv":[0,0,6.25,0],"texture":"#0"}}},{"from":[0.476,5.29978,0.75],"to":[7.726,13.04978,0.75],"rotation":{"angle":-22.5,"axis":"z","origin":[7.8321,9.25847,0.5]},"faces":{"north":{"uv":[12.25,14.5,12.75,16],"texture":"#1"},"east":{"uv":[0,0,0,16],"texture":"#1"},"south":{"uv":[0,0,16,16],"texture":"#1"},"west":{"uv":[0,0,0,16],"texture":"#1"},"up":{"uv":[0,0,12.75,0],"rotation":180,"texture":"#1"},"down":{"uv":[0,0,12.75,0],"rotation":180,"texture":"#1"}}},{"from":[1.69159,-2.63685,0.75],"to":[8.94159,5.11315,0.75],"rotation":{"angle":-22.5,"axis":"z","origin":[7.8321,9.25847,0.5]},"faces":{"north":{"uv":[12.25,14.5,12.75,16],"rotation":180,"texture":"#1"},"east":{"uv":[0,0,0,16],"rotation":180,"texture":"#1"},"south":{"uv":[0,0,16,16],"rotation":180,"texture":"#1"},"west":{"uv":[0,0,0,16],"rotation":180,"texture":"#1"},"up":{"uv":[0,0,12.75,0],"texture":"#1"},"down":{"uv":[0,0,12.75,0],"texture":"#1"}}},{"from":[-7.08213,9.93436,0.75],"to":[0.16787,17.68436,0.75],"rotation":{"angle":22.5,"axis":"z","origin":[7.8321,9.25847,0.5]},"faces":{"north":{"uv":[12.25,14.5,12.75,16],"texture":"#1"},"east":{"uv":[0,0,0,16],"texture":"#1"},"south":{"uv":[0,0,16,16],"texture":"#1"},"west":{"uv":[0,0,0,16],"texture":"#1"},"up":{"uv":[0,0,12.75,0],"rotation":180,"texture":"#1"},"down":{"uv":[0,0,12.75,0],"rotation":180,"texture":"#1"}}},{"from":[4.23017,16.22099,0.75],"to":[11.98017,23.47099,0.75],"rotation":{"angle":45,"axis":"z","origin":[7.8321,9.25847,0.5]},"faces":{"north":{"uv":[15.25,14.5,15.75,16],"rotation":270,"texture":"#1"},"east":{"uv":[0,0,12.75,0],"rotation":270,"texture":"#1"},"south":{"uv":[0,0,16,16],"rotation":90,"texture":"#1"},"west":{"uv":[0,0,12.75,0],"rotation":270,"texture":"#1"},"up":{"uv":[0,0,0,16],"rotation":90,"texture":"#1"},"down":{"uv":[0,0,0,16],"rotation":90,"texture":"#1"}}},{"from":[-6.88129,-15.82999,0.5],"to":[22.36871,20.42001,0.5],"rotation":{"angle":0,"axis":"z","origin":[7.8321,9.25847,0.5]},"faces":{"north":{"uv":[12.25,15.25,12.75,16],"rotation":180,"texture":"#2"},"east":{"uv":[0,0,0,16],"rotation":180,"texture":"#2"},"south":{"uv":[0,0,16,14],"rotation":180,"texture":"#2"},"west":{"uv":[0,0,0,16],"rotation":180,"texture":"#2"},"up":{"uv":[0,0,12.75,0],"texture":"#2"},"down":{"uv":[0,0,12.75,0],"texture":"#2"}}},{"from":[5.30838,-2.76107,0.75],"to":[13.05838,4.48893,0.75],"rotation":{"angle":22.5,"axis":"z","origin":[7.8321,9.25847,0.5]},"faces":{"north":{"uv":[12.25,14.5,12.75,16],"rotation":90,"texture":"#1"},"east":{"uv":[0,0,12.75,0],"rotation":90,"texture":"#1"},"south":{"uv":[0,0,16,16],"rotation":270,"texture":"#1"},"west":{"uv":[0,0,12.75,0],"rotation":90,"texture":"#1"},"up":{"uv":[0,0,0,16],"rotation":270,"texture":"#1"},"down":{"uv":[0,0,0,16],"rotation":270,"texture":"#1"}}},{"from":[15.86871,3.92001,0.75],"to":[23.11871,11.67001,0.75],"rotation":{"angle":0,"axis":"z","origin":[7.8321,9.25847,0.5]},"faces":{"north":{"uv":[14.75,14.5,15.25,16],"rotation":180,"texture":"#1"},"east":{"uv":[0,0,0,16],"rotation":180,"texture":"#1"},"south":{"uv":[0,0,16,16],"rotation":180,"texture":"#1"},"west":{"uv":[0,0,0,16],"rotation":180,"texture":"#1"},"up":{"uv":[0,0,12.75,0],"texture":"#1"},"down":{"uv":[0,0,12.75,0],"texture":"#1"}}},{"from":[8.3366,4.91138,0.75],"to":[15.5866,12.66138,0.75],"rotation":{"angle":22.5,"axis":"z","origin":[7.8321,9.25847,0.5]},"faces":{"north":{"uv":[12.25,14.5,12.75,16],"texture":"#1"},"east":{"uv":[0,0,0,16],"texture":"#1"},"south":{"uv":[0,0,16,16],"texture":"#1"},"west":{"uv":[0,0,0,16],"texture":"#1"},"up":{"uv":[0,0,12.75,0],"rotation":180,"texture":"#1"},"down":{"uv":[0,0,12.75,0],"rotation":180,"texture":"#1"}}},{"from":[5.14377,16.38058,0.75],"to":[12.39377,24.13058,0.75],"rotation":{"angle":-45,"axis":"z","origin":[7.8321,9.25847,0.5]},"faces":{"north":{"uv":[14.5,14.5,15,16],"texture":"#1"},"east":{"uv":[0,0,0,16],"texture":"#1"},"south":{"uv":[0,0,16,16],"texture":"#1"},"west":{"uv":[0,0,0,16],"texture":"#1"},"up":{"uv":[0,0,12.75,0],"rotation":180,"texture":"#1"},"down":{"uv":[0,0,12.75,0],"rotation":180,"texture":"#1"}}},{"from":[14.06852,17.39706,0.5],"to":[21.06852,27.64706,0.5],"rotation":{"angle":-45,"axis":"z","origin":[7.8321,9.25847,0.5]},"faces":{"north":{"uv":[12.25,14.5,12.75,16],"rotation":180,"texture":"#2"},"east":{"uv":[0,0,0,16],"rotation":180,"texture":"#2"},"south":{"uv":[1,0,15,14],"rotation":180,"texture":"#2"},"west":{"uv":[0,0,0,16],"rotation":180,"texture":"#2"},"up":{"uv":[0,0,12.75,0],"texture":"#2"},"down":{"uv":[0,0,12.75,0],"texture":"#2"}}},{"from":[-5.40431,17.39706,0.5],"to":[1.59569,27.64706,0.5],"rotation":{"angle":45,"axis":"z","origin":[7.8321,9.25847,0.5]},"faces":{"north":{"uv":[12.25,14.5,12.75,16],"rotation":180,"texture":"#2"},"east":{"uv":[0,0,0,16],"rotation":180,"texture":"#2"},"south":{"uv":[1,0,15,14],"rotation":180,"texture":"#2"},"west":{"uv":[0,0,0,16],"rotation":180,"texture":"#2"},"up":{"uv":[0,0,12.75,0],"texture":"#2"},"down":{"uv":[0,0,12.75,0],"texture":"#2"}}}],"display":{"thirdperson_righthand":{"translation":[0,14.75,7.75]},"thirdperson_lefthand":{"translation":[0,12.75,7.75]},"ground":{"translation":[0,15,7.5]},"gui":{"translation":[0,0.75,0],"scale":[0.5,0.5,0.5]},"head":{"translation":[0,22.75,13.25],"scale":[3,3,3]},"fixed":{"translation":[0,0,15.25],"scale":[2,2,2]}}}