{"credit":"Made with Blockbench by Valvac","textures":{"0":"block/orange_wool","1":"block/white_wool","4":"block/yellow_wool","particle":"block/orange_wool"},"elements":[{"from":[5,0,11],"to":[7,5,12],"faces":{"south":{"uv":[2,0,5,2],"texture":"#1"},"down":{"uv":[2,0,5,2],"texture":"#1"}}},{"from":[3,0,5],"to":[5,5,6],"faces":{"north":{"uv":[2,0,5,2],"texture":"#1"},"west":{"uv":[2,0,5,2],"texture":"#1"},"down":{"uv":[2,0,5,2],"texture":"#1"}}},{"from":[11,0,5],"to":[13,5,6],"faces":{"north":{"uv":[2,0,5,2],"texture":"#1"},"east":{"uv":[2,0,5,2],"texture":"#1"},"down":{"uv":[2,0,5,2],"texture":"#1"}}},{"from":[6,0,5],"to":[10,3,6],"faces":{"north":{"uv":[2,0,5,2],"texture":"#1"},"down":{"uv":[2,0,5,2],"texture":"#1"}}},{"from":[10,0,5],"to":[11,4,6],"faces":{"north":{"uv":[2,0,5,2],"texture":"#1"},"down":{"uv":[2,0,5,2],"texture":"#1"}}},{"from":[13,0,6],"to":[14,5,7],"faces":{"north":{"uv":[2,0,5,2],"texture":"#1"},"east":{"uv":[2,0,5,2],"texture":"#1"},"down":{"uv":[2,0,5,2],"texture":"#1"}}},{"from":[2,0,6],"to":[3,5,7],"faces":{"north":{"uv":[2,0,5,2],"texture":"#1"},"west":{"uv":[2,0,5,2],"texture":"#1"},"down":{"uv":[2,0,5,2],"texture":"#1"}}},{"from":[2,0,7],"to":[3,4,9],"faces":{"west":{"uv":[2,0,5,2],"texture":"#1"},"down":{"uv":[2,0,5,2],"texture":"#1"}}},{"from":[13,0,7],"to":[14,4,9],"faces":{"east":{"uv":[2,0,5,2],"texture":"#1"},"down":{"uv":[2,0,5,2],"texture":"#1"}}},{"from":[13,0,9],"to":[14,4,11],"faces":{"east":{"uv":[2,0,5,2],"texture":"#1"},"south":{"uv":[2,0,5,2],"texture":"#1"},"down":{"uv":[2,0,5,2],"texture":"#1"}}},{"from":[2,0,9],"to":[3,4,11],"faces":{"south":{"uv":[2,0,5,2],"texture":"#1"},"west":{"uv":[2,0,5,2],"texture":"#1"},"down":{"uv":[2,0,5,2],"texture":"#1"}}},{"from":[3,0,11],"to":[5,5,12],"faces":{"south":{"uv":[2,0,5,2],"texture":"#1"},"west":{"uv":[2,0,5,2],"texture":"#1"},"down":{"uv":[2,0,5,2],"texture":"#1"}}},{"from":[11,0,11],"to":[13,5,12],"faces":{"north":{"uv":[2,0,5,2],"texture":"#1"},"east":{"uv":[2,0,5,2],"texture":"#1"},"south":{"uv":[2,0,5,2],"texture":"#1"},"down":{"uv":[2,0,5,2],"texture":"#1"}}},{"from":[5,0,5],"to":[6,4,6],"faces":{"north":{"uv":[2,0,5,2],"texture":"#1"},"down":{"uv":[2,0,5,2],"texture":"#1"}}},{"from":[7,0,11],"to":[9,4,12],"faces":{"south":{"uv":[2,0,5,2],"texture":"#1"},"down":{"uv":[2,0,5,2],"texture":"#1"}}},{"from":[9,0,11],"to":[11,5,12],"faces":{"south":{"uv":[2,0,5,2],"texture":"#1"},"down":{"uv":[2,0,5,2],"texture":"#1"}}},{"from":[3,0,6],"to":[13,1,11],"rotation":{"angle":0,"axis":"y","origin":[12,2.5,13]},"faces":{"up":{"uv":[0,0,5,10],"rotation":90,"texture":"#1"},"down":{"uv":[0,0,5,10],"rotation":270,"texture":"#1"}}},{"from":[5,5,11],"to":[7,9,12],"faces":{"south":{"uv":[2,0,5,2],"texture":"#0"}}},{"from":[3,5,5],"to":[5,10,6],"faces":{"north":{"uv":[2,0,5,2],"texture":"#0"},"west":{"uv":[2,0,5,2],"texture":"#0"}}},{"from":[11,5,5],"to":[13,10,6],"faces":{"north":{"uv":[2,0,5,2],"texture":"#0"},"east":{"uv":[2,0,5,2],"texture":"#0"}}},{"from":[6,3,5],"to":[10,9,6],"faces":{"north":{"uv":[2,0,5,2],"texture":"#0"}}},{"from":[10,4,5],"to":[11,9,6],"faces":{"north":{"uv":[2,0,5,2],"texture":"#0"}}},{"from":[13,5,6],"to":[14,11,7],"faces":{"north":{"uv":[2,0,5,2],"texture":"#0"},"east":{"uv":[2,0,5,2],"texture":"#0"}}},{"from":[2,5,6],"to":[3,11,7],"faces":{"north":{"uv":[2,0,5,2],"texture":"#0"},"east":{"uv":[2,0,5,2],"texture":"#0"},"west":{"uv":[2,0,5,2],"texture":"#0"}}},{"from":[2,4,7],"to":[3,10,9],"faces":{"west":{"uv":[2,0,5,2],"texture":"#0"}}},{"from":[13,4,7],"to":[14,10,9],"faces":{"east":{"uv":[2,0,5,2],"texture":"#0"}}},{"from":[13,4,9],"to":[14,9,11],"faces":{"east":{"uv":[2,0,5,2],"texture":"#0"},"south":{"uv":[2,0,5,2],"texture":"#0"}}},{"from":[2,4,9],"to":[3,9,11],"faces":{"south":{"uv":[2,0,5,2],"texture":"#0"},"west":{"uv":[2,0,5,2],"texture":"#0"}}},{"from":[3,5,11],"to":[5,8,12],"faces":{"south":{"uv":[2,0,5,2],"texture":"#0"},"west":{"uv":[2,0,5,2],"texture":"#0"}}},{"from":[11,5,11],"to":[13,8,12],"faces":{"north":{"uv":[2,0,5,2],"texture":"#0"},"east":{"uv":[2,0,5,2],"texture":"#0"},"south":{"uv":[2,0,5,2],"texture":"#0"}}},{"from":[5,4,5],"to":[6,9,6],"faces":{"north":{"uv":[2,0,5,2],"texture":"#0"}}},{"from":[7,4,11],"to":[9,8,12],"faces":{"south":{"uv":[2,0,5,2],"texture":"#0"}}},{"from":[9,5,11],"to":[11,9,12],"faces":{"south":{"uv":[2,0,5,2],"texture":"#0"}}},{"from":[5,9,11],"to":[7,10,12],"faces":{"east":{"uv":[2,0,5,2],"texture":"#1"},"south":{"uv":[2,0,5,2],"texture":"#1"},"west":{"uv":[2,0,5,2],"texture":"#1"},"up":{"uv":[2,0,5,2],"texture":"#1"}}},{"from":[3,10,5],"to":[5,11,6],"faces":{"north":{"uv":[2,0,5,2],"texture":"#1"},"east":{"uv":[2,0,5,2],"texture":"#1"},"south":{"uv":[2,0,5,2],"texture":"#1"},"west":{"uv":[2,0,5,2],"texture":"#1"},"up":{"uv":[2,0,5,2],"texture":"#1"}}},{"from":[11,10,5],"to":[13,11,6],"faces":{"north":{"uv":[2,0,5,2],"texture":"#1"},"east":{"uv":[2,0,5,2],"texture":"#1"},"west":{"uv":[2,0,5,2],"texture":"#1"},"up":{"uv":[2,0,5,2],"texture":"#1"}}},{"from":[6,9,5],"to":[10,10,6],"faces":{"north":{"uv":[2,0,5,2],"texture":"#1"},"up":{"uv":[2,0,5,2],"texture":"#1"}}},{"from":[10,9,5],"to":[11,10,6],"faces":{"north":{"uv":[2,0,5,2],"texture":"#1"},"up":{"uv":[2,0,5,2],"texture":"#1"}}},{"from":[13,11,6],"to":[14,12,7],"faces":{"north":{"uv":[2,0,5,2],"texture":"#1"},"east":{"uv":[2,0,5,2],"texture":"#1"},"south":{"uv":[2,0,5,2],"texture":"#1"},"west":{"uv":[2,0,5,2],"texture":"#1"},"up":{"uv":[2,0,5,2],"texture":"#1"}}},{"from":[2,11,6],"to":[3,12,7],"faces":{"north":{"uv":[2,0,5,2],"texture":"#1"},"east":{"uv":[2,0,5,2],"texture":"#1"},"south":{"uv":[2,0,5,2],"texture":"#1"},"west":{"uv":[2,0,5,2],"texture":"#1"},"up":{"uv":[2,0,5,2],"texture":"#1"}}},{"from":[2,10,7],"to":[3,11,9],"faces":{"south":{"uv":[2,0,5,2],"texture":"#1"},"west":{"uv":[2,0,5,2],"texture":"#1"},"up":{"uv":[2,0,5,2],"texture":"#1"}}},{"from":[13,10,7],"to":[14,11,9],"faces":{"east":{"uv":[2,0,5,2],"texture":"#1"},"south":{"uv":[2,0,5,2],"texture":"#1"},"up":{"uv":[2,0,5,2],"texture":"#1"}}},{"from":[13,9,9],"to":[14,10,11],"faces":{"east":{"uv":[2,0,5,2],"texture":"#1"},"south":{"uv":[2,0,5,2],"texture":"#1"},"up":{"uv":[2,0,5,2],"texture":"#1"}}},{"from":[2,9,9],"to":[3,10,11],"faces":{"south":{"uv":[2,0,5,2],"texture":"#1"},"west":{"uv":[2,0,5,2],"texture":"#1"},"up":{"uv":[2,0,5,2],"texture":"#1"}}},{"from":[3,8,11],"to":[5,9,12],"faces":{"south":{"uv":[2,0,5,2],"texture":"#1"},"west":{"uv":[2,0,5,2],"texture":"#1"},"up":{"uv":[2,0,5,2],"texture":"#1"}}},{"from":[11,8,11],"to":[13,9,12],"faces":{"north":{"uv":[2,0,5,2],"texture":"#1"},"east":{"uv":[2,0,5,2],"texture":"#1"},"south":{"uv":[2,0,5,2],"texture":"#1"},"up":{"uv":[2,0,5,2],"texture":"#1"}}},{"from":[5,9,5],"to":[6,10,6],"faces":{"north":{"uv":[2,0,5,2],"texture":"#1"},"up":{"uv":[2,0,5,2],"texture":"#1"}}},{"from":[7,8,11],"to":[9,9,12],"faces":{"south":{"uv":[2,0,5,2],"texture":"#1"},"up":{"uv":[2,0,5,2],"texture":"#1"}}},{"from":[9,9,11],"to":[11,10,12],"faces":{"east":{"uv":[2,0,5,2],"texture":"#1"},"south":{"uv":[2,0,5,2],"texture":"#1"},"west":{"uv":[2,0,5,2],"texture":"#1"},"up":{"uv":[2,0,5,2],"texture":"#1"}}},{"from":[7,5,4.9],"to":[9,7,5],"faces":{"north":{"uv":[2,0,5,2],"texture":"#1"},"east":{"uv":[2,0,5,2],"texture":"#1"},"west":{"uv":[2,0,5,2],"texture":"#1"},"up":{"uv":[2,0,5,2],"texture":"#1"},"down":{"uv":[2,0,5,2],"texture":"#1"}}},{"from":[9,7,4.9],"to":[10,8,5],"faces":{"north":{"uv":[2,0,5,2],"texture":"#1"},"east":{"uv":[2,0,5,2],"texture":"#1"},"west":{"uv":[2,0,5,2],"texture":"#1"},"up":{"uv":[2,0,5,2],"texture":"#1"},"down":{"uv":[2,0,5,2],"texture":"#1"}}},{"from":[6,7,4.9],"to":[7,8,5],"faces":{"north":{"uv":[2,0,5,2],"texture":"#1"},"east":{"uv":[2,0,5,2],"texture":"#1"},"west":{"uv":[2,0,5,2],"texture":"#1"},"up":{"uv":[2,0,5,2],"texture":"#1"},"down":{"uv":[2,0,5,2],"texture":"#1"}}},{"from":[7,1,7],"to":[8,13,8],"faces":{"north":{"uv":[0,0,2,4],"texture":"#4"},"east":{"uv":[0,0,1,12],"texture":"#4"},"south":{"uv":[0,0,1,12],"texture":"#4"},"west":{"uv":[0,0,1,12],"texture":"#4"},"up":{"uv":[0,0,1,1],"texture":"#4"}}},{"from":[9,1,8],"to":[10,13,9],"faces":{"north":{"uv":[0,0,2,4],"texture":"#4"},"east":{"uv":[0,0,1,12],"texture":"#4"},"south":{"uv":[0,0,1,12],"texture":"#4"},"west":{"uv":[0,0,1,12],"texture":"#4"},"up":{"uv":[0,0,1,1],"texture":"#4"}}},{"from":[4,1,8],"to":[5,13,9],"faces":{"north":{"uv":[0,0,2,4],"texture":"#4"},"east":{"uv":[0,0,1,12],"texture":"#4"},"south":{"uv":[0,0,1,12],"texture":"#4"},"west":{"uv":[0,0,1,12],"texture":"#4"},"up":{"uv":[0,0,1,1],"texture":"#4"}}},{"from":[5,1,9],"to":[6,13,10],"faces":{"north":{"uv":[0,0,2,4],"texture":"#4"},"east":{"uv":[0,0,1,12],"texture":"#4"},"south":{"uv":[0,0,1,12],"texture":"#4"},"west":{"uv":[0,0,1,12],"texture":"#4"},"up":{"uv":[0,0,1,1],"texture":"#4"}}},{"from":[11,1,9],"to":[12,13,10],"faces":{"north":{"uv":[0,0,2,4],"texture":"#4"},"east":{"uv":[0,0,1,12],"texture":"#4"},"south":{"uv":[0,0,1,12],"texture":"#4"},"west":{"uv":[0,0,1,12],"texture":"#4"},"up":{"uv":[0,0,1,1],"texture":"#4"}}},{"from":[11,1,6],"to":[12,13,7],"faces":{"north":{"uv":[0,0,2,4],"texture":"#4"},"east":{"uv":[0,0,1,12],"texture":"#4"},"south":{"uv":[0,0,1,12],"texture":"#4"},"west":{"uv":[0,0,1,12],"texture":"#4"},"up":{"uv":[0,0,1,1],"texture":"#4"}}},{"from":[9,1,6],"to":[10,13,7],"faces":{"north":{"uv":[0,0,2,4],"texture":"#4"},"east":{"uv":[0,0,1,12],"texture":"#4"},"south":{"uv":[0,0,1,12],"texture":"#4"},"west":{"uv":[0,0,1,12],"texture":"#4"},"up":{"uv":[0,0,1,1],"texture":"#4"}}},{"from":[5,1,6],"to":[6,13,7],"faces":{"north":{"uv":[0,0,2,4],"texture":"#4"},"east":{"uv":[0,0,1,12],"texture":"#4"},"south":{"uv":[0,0,1,12],"texture":"#4"},"west":{"uv":[0,0,1,12],"texture":"#4"},"up":{"uv":[0,0,1,1],"texture":"#4"}}},{"from":[6,1,6],"to":[7,12,7],"faces":{"north":{"uv":[0,0,2,4],"texture":"#4"},"east":{"uv":[0,0,1,11],"texture":"#4"},"south":{"uv":[0,0,1,11],"texture":"#4"},"up":{"uv":[0,0,1,1],"texture":"#4"}}},{"from":[6,1,10],"to":[7,12,11],"faces":{"north":{"uv":[0,0,2,4],"texture":"#4"},"east":{"uv":[0,0,1,11],"texture":"#4"},"south":{"uv":[0,0,1,11],"texture":"#4"},"west":{"uv":[0,0,1,11],"texture":"#4"},"up":{"uv":[0,0,1,1],"texture":"#4"}}},{"from":[8,1,10],"to":[9,12,11],"faces":{"south":{"uv":[0,0,1,11],"texture":"#4"},"west":{"uv":[0,0,1,11],"texture":"#4"},"up":{"uv":[0,0,1,1],"texture":"#4"}}},{"from":[12,1,10],"to":[13,12,11],"faces":{"north":{"uv":[0,0,2,4],"texture":"#4"},"east":{"uv":[0,0,1,11],"texture":"#4"},"south":{"uv":[0,0,1,11],"texture":"#4"},"west":{"uv":[0,0,1,11],"texture":"#4"},"up":{"uv":[0,0,1,1],"texture":"#4"}}},{"from":[12,1,8],"to":[13,12,9],"faces":{"east":{"uv":[0,0,1,11],"texture":"#4"},"south":{"uv":[0,0,1,11],"texture":"#4"},"up":{"uv":[0,0,1,1],"texture":"#4"}}},{"from":[12,1,7],"to":[13,12,8],"faces":{"north":{"uv":[0,0,2,4],"texture":"#4"},"east":{"uv":[0,0,1,11],"texture":"#4"},"up":{"uv":[0,0,1,1],"texture":"#4"}}},{"from":[10,1,7],"to":[11,12,8],"faces":{"south":{"uv":[0,0,1,11],"texture":"#4"},"up":{"uv":[0,0,1,1],"texture":"#4"}}},{"from":[3,1,7],"to":[4,12,8],"faces":{"north":{"uv":[0,0,2,4],"texture":"#4"},"east":{"uv":[0,0,1,11],"texture":"#4"},"south":{"uv":[0,0,1,11],"texture":"#4"},"west":{"uv":[0,0,1,11],"texture":"#4"},"up":{"uv":[0,0,1,1],"texture":"#4"}}},{"from":[5,1,7],"to":[6,11,8],"faces":{"east":{"uv":[0,0,1,10],"texture":"#4"},"up":{"uv":[0,0,1,1],"texture":"#4"}}},{"from":[5,1,8],"to":[6,11,9],"faces":{"east":{"uv":[0,0,1,10],"texture":"#4"},"up":{"uv":[0,0,1,1],"texture":"#4"}}},{"from":[8,1,8],"to":[9,11,9],"faces":{"up":{"uv":[0,0,1,1],"texture":"#4"}}},{"from":[8,1,6],"to":[9,11,7],"faces":{"north":{"uv":[0,0,2,4],"texture":"#4"},"up":{"uv":[0,0,1,1],"texture":"#4"}}},{"from":[7,1,6],"to":[8,11,7],"faces":{"north":{"uv":[0,0,2,4],"texture":"#4"},"up":{"uv":[0,0,1,1],"texture":"#4"}}},{"from":[4,1,6],"to":[5,10,7],"faces":{"up":{"uv":[0,0,1,1],"texture":"#4"}}},{"from":[3,1,6],"to":[4,10,7],"faces":{"up":{"uv":[0,0,1,1],"texture":"#4"}}},{"from":[3,1,9],"to":[4,10,10],"faces":{"up":{"uv":[0,0,1,1],"texture":"#4"}}},{"from":[3,1,10],"to":[4,10,11],"faces":{"south":{"uv":[0,0,1,9],"texture":"#4"},"up":{"uv":[0,0,1,1],"texture":"#4"}}},{"from":[4,1,10],"to":[5,10,11],"faces":{"south":{"uv":[0,0,1,9],"texture":"#4"},"up":{"uv":[0,0,1,1],"texture":"#4"}}},{"from":[5,1,10],"to":[6,10,11],"faces":{"up":{"uv":[0,0,1,1],"texture":"#4"}}},{"from":[10,1,10],"to":[11,10,11],"faces":{"east":{"uv":[0,0,1,9],"texture":"#4"},"up":{"uv":[0,0,1,1],"texture":"#4"}}},{"from":[10,1,8],"to":[11,10,9],"faces":{"up":{"uv":[0,0,1,1],"texture":"#4"}}},{"from":[6,1,8],"to":[7,10,9],"faces":{"up":{"uv":[0,0,1,1],"texture":"#4"}}},{"from":[6,1,7],"to":[7,10,8],"faces":{"up":{"uv":[0,0,1,1],"texture":"#4"}}},{"from":[4,1,7],"to":[5,11,8],"faces":{"north":{"uv":[0,0,2,4],"texture":"#4"},"up":{"uv":[0,0,1,1],"texture":"#4"}}},{"from":[4,1,9],"to":[5,11,10],"faces":{"south":{"uv":[0,0,1,10],"texture":"#4"},"west":{"uv":[0,0,1,10],"texture":"#4"},"up":{"uv":[0,0,1,1],"texture":"#4"}}},{"from":[3,1,8],"to":[4,11,9],"faces":{"south":{"uv":[0,0,1,10],"texture":"#4"},"up":{"uv":[0,0,1,1],"texture":"#4"}}},{"from":[7,1,8],"to":[8,11,9],"faces":{"west":{"uv":[0,0,1,10],"texture":"#4"},"up":{"uv":[0,0,1,1],"texture":"#4"}}},{"from":[7,1,9],"to":[8,11,10],"faces":{"west":{"uv":[0,0,1,10],"texture":"#4"},"up":{"uv":[0,0,1,1],"texture":"#4"}}},{"from":[7,1,10],"to":[8,11,11],"faces":{"south":{"uv":[0,0,1,10],"texture":"#4"},"up":{"uv":[0,0,1,1],"texture":"#4"}}},{"from":[10,1,9],"to":[11,11,10],"faces":{"north":{"uv":[0,0,2,4],"texture":"#4"},"south":{"uv":[0,0,1,10],"texture":"#4"},"west":{"uv":[0,0,1,10],"texture":"#4"},"up":{"uv":[0,0,1,1],"texture":"#4"}}},{"from":[12,1,9],"to":[13,11,10],"faces":{"east":{"uv":[0,0,1,10],"texture":"#4"},"up":{"uv":[0,0,1,1],"texture":"#4"}}},{"from":[12,1,6],"to":[13,11,7],"faces":{"up":{"uv":[0,0,1,1],"texture":"#4"}}},{"from":[8,1,7],"to":[9,12,8],"faces":{"north":{"uv":[0,0,2,4],"texture":"#4"},"south":{"uv":[0,0,1,11],"texture":"#4"},"up":{"uv":[0,0,1,1],"texture":"#4"}}},{"from":[9,1,7],"to":[10,12,8],"faces":{"up":{"uv":[0,0,1,1],"texture":"#4"}}},{"from":[10,1,6],"to":[11,12,7],"faces":{"north":{"uv":[0,0,2,4],"texture":"#4"},"up":{"uv":[0,0,1,1],"texture":"#4"}}},{"from":[11,1,7],"to":[12,12,8],"faces":{"up":{"uv":[0,0,1,1],"texture":"#4"}}},{"from":[11,1,8],"to":[12,12,9],"faces":{"west":{"uv":[0,0,1,11],"texture":"#4"},"up":{"uv":[0,0,1,1],"texture":"#4"}}},{"from":[9,1,10],"to":[10,13,11],"faces":{"north":{"uv":[0,0,2,4],"texture":"#4"},"east":{"uv":[0,0,1,12],"texture":"#4"},"south":{"uv":[0,0,1,12],"texture":"#4"},"west":{"uv":[0,0,1,12],"texture":"#4"},"up":{"uv":[0,0,1,1],"texture":"#4"}}},{"from":[8,1,9],"to":[9,12,10],"faces":{"north":{"uv":[0,0,2,4],"texture":"#4"},"east":{"uv":[0,0,1,11],"texture":"#4"},"west":{"uv":[0,0,1,11],"texture":"#4"},"up":{"uv":[0,0,1,1],"texture":"#4"}}},{"from":[9,1,9],"to":[10,10,10],"faces":{"up":{"uv":[0,0,1,1],"texture":"#4"}}},{"from":[6,1,9],"to":[7,10,10],"faces":{"up":{"uv":[0,0,1,1],"texture":"#4"}}}],"display":{"thirdperson_righthand":{"rotation":[48,0,15],"translation":[-1,2,1.5],"scale":[0.4,0.4,0.4]},"thirdperson_lefthand":{"rotation":[48,0,15],"translation":[-1,2,1.5],"scale":[0.4,0.4,0.4]},"firstperson_righthand":{"rotation":[-16,0,15],"translation":[-1,2,1.5],"scale":[0.4,0.4,0.4]},"firstperson_lefthand":{"rotation":[-16,0,15],"translation":[-1,2,1.5],"scale":[0.4,0.4,0.4]},"ground":{"translation":[0,4,0],"scale":[0.8,0.8,0.8]},"gui":{"rotation":[10,-151,0],"translation":[0,1,0],"scale":[0.8,0.8,0.8]},"head":{"translation":[0,3,0],"scale":[0.1,0.1,0.1]},"fixed":{"rotation":[-19,0,0],"translation":[0,1.5,-2]}},"groups":[{"name":"Bas","origin":[8,8,8],"color":0,"children":[0,1,2,3,4,5,6,7,8,9,10,11,12,13,14,15,16]},{"name":"Haut","origin":[8,8,8],"color":0,"children":[17,18,19,20,21,22,23,24,25,26,27,28,29,30,31,32]},{"name":"Barre","origin":[8,8,8],"color":0,"children":[33,34,35,36,37,38,39,40,41,42,43,44,45,46,47,48]},{"name":"Logo","origin":[8,8,8],"color":0,"children":[49,50,51]},{"name":"Frites","origin":[8,8,8],"color":0,"children":[52,53,54,55,56,57,58,59,60,61,62,63,64,65,66,67,68,69,70,71,72,73,74,75,76,77,78,79,80,81,82,83,84,85,86,87,88,89,90,91,92,93,94,95,96,97,98,99,100]}]}