{"credit":"Made with Blockbench by Valvac","textures":{"0":"block/quartz_block_bottom","2":"block/red_terracotta","3":"block/yellow_concrete_powder","4":"block/yellow_terracotta","particle":"block/quartz_block_bottom"},"elements":[{"from":[7.375,1,8.625],"to":[7.875,1.1,9.625],"rotation":{"angle":22.5,"axis":"x","origin":[7.875,1.625,9.75]},"faces":{"north":{"uv":[9,0,15.75,15],"rotation":90,"texture":"#4"},"east":{"uv":[9,0,15.75,15],"rotation":90,"texture":"#4"},"south":{"uv":[9,0,15.75,15],"rotation":90,"texture":"#4"},"west":{"uv":[9,0,15.75,15],"rotation":90,"texture":"#4"},"up":{"uv":[9,0,15.75,15],"rotation":90,"texture":"#4"},"down":{"uv":[9,0,15.75,15],"rotation":90,"texture":"#4"}}},{"from":[8.625,1.25,9.375],"to":[9.125,1.35,10.375],"rotation":{"angle":-45,"axis":"y","origin":[9.125,1.375,9.75]},"faces":{"east":{"uv":[9,0,15.75,15],"rotation":90,"texture":"#4"},"south":{"uv":[9,0,15.75,15],"rotation":90,"texture":"#4"},"west":{"uv":[9,0,15.75,15],"rotation":90,"texture":"#4"},"up":{"uv":[9,0,15.75,15],"rotation":90,"texture":"#4"},"down":{"uv":[9,0,15.75,15],"rotation":90,"texture":"#4"}}},{"from":[6.625,1.5,8.875],"to":[7.125,1.6,9.875],"rotation":{"angle":22.5,"axis":"z","origin":[7.125,1.625,9.25]},"faces":{"north":{"uv":[9,0,15.75,15],"rotation":90,"texture":"#4"},"east":{"uv":[9,0,15.75,15],"rotation":90,"texture":"#4"},"south":{"uv":[9,0,15.75,15],"rotation":90,"texture":"#4"},"west":{"uv":[9,0,15.75,15],"rotation":90,"texture":"#4"},"up":{"uv":[9,0,15.75,15],"rotation":90,"texture":"#4"},"down":{"uv":[9,0,15.75,15],"rotation":90,"texture":"#4"}}},{"from":[8.125,1,8.375],"to":[8.625,1.1,9.375],"rotation":{"angle":-22.5,"axis":"y","origin":[8.625,1.625,8.75]},"faces":{"north":{"uv":[9,0,15.75,15],"rotation":90,"texture":"#4"},"east":{"uv":[9,0,15.75,15],"rotation":90,"texture":"#4"},"south":{"uv":[9,0,15.75,15],"rotation":90,"texture":"#4"},"west":{"uv":[9,0,15.75,15],"rotation":90,"texture":"#4"},"up":{"uv":[9,0,15.75,15],"rotation":90,"texture":"#4"},"down":{"uv":[9,0,15.75,15],"rotation":90,"texture":"#4"}}},{"from":[8.25,1,7.5],"to":[9.25,1.1,8],"rotation":{"angle":-22.5,"axis":"y","origin":[8.625,1.125,7.5]},"faces":{"north":{"uv":[9,0,15.75,15],"texture":"#4"},"east":{"uv":[9,0,15.75,15],"texture":"#4"},"south":{"uv":[9,0,15.75,15],"texture":"#4"},"west":{"uv":[9,0,15.75,15],"texture":"#4"},"up":{"uv":[9,0,15.75,15],"texture":"#4"},"down":{"uv":[9,0,15.75,15],"texture":"#4"}}},{"from":[9.25,1,8.5],"to":[10.25,1.1,9],"rotation":{"angle":-22.5,"axis":"z","origin":[9.625,1.125,8.5]},"faces":{"north":{"uv":[9,0,15.75,15],"texture":"#4"},"south":{"uv":[9,0,15.75,15],"texture":"#4"},"west":{"uv":[9,0,15.75,15],"texture":"#4"},"up":{"uv":[9,0,15.75,15],"texture":"#4"},"down":{"uv":[9,0,15.75,15],"texture":"#4"}}},{"from":[8.75,1,9],"to":[9.75,1.1,9.5],"rotation":{"angle":22.5,"axis":"x","origin":[9.125,1.125,9]},"faces":{"north":{"uv":[9,0,15.75,15],"texture":"#4"},"east":{"uv":[9,0,15.75,15],"texture":"#4"},"south":{"uv":[9,0,15.75,15],"texture":"#4"},"west":{"uv":[9,0,15.75,15],"texture":"#4"},"up":{"uv":[9,0,15.75,15],"texture":"#4"},"down":{"uv":[9,0,15.75,15],"texture":"#4"}}},{"from":[9.25,1,7],"to":[10.25,1.1,7.5],"rotation":{"angle":-45,"axis":"y","origin":[9.625,1.125,7]},"faces":{"north":{"uv":[9,0,15.75,15],"texture":"#4"},"east":{"uv":[9,0,15.75,15],"texture":"#4"},"south":{"uv":[9,0,15.75,15],"texture":"#4"},"west":{"uv":[9,0,15.75,15],"texture":"#4"},"up":{"uv":[9,0,15.75,15],"texture":"#4"},"down":{"uv":[9,0,15.75,15],"texture":"#4"}}},{"from":[8.625,1.25,6.125],"to":[9.125,1.35,7.125],"rotation":{"angle":-45,"axis":"y","origin":[9.125,1.375,6.5]},"faces":{"north":{"uv":[9,0,15.75,15],"rotation":90,"texture":"#4"},"east":{"uv":[9,0,15.75,15],"rotation":90,"texture":"#4"},"south":{"uv":[9,0,15.75,15],"rotation":90,"texture":"#4"},"west":{"uv":[9,0,15.75,15],"rotation":90,"texture":"#4"},"up":{"uv":[9,0,15.75,15],"rotation":90,"texture":"#4"},"down":{"uv":[9,0,15.75,15],"rotation":90,"texture":"#4"}}},{"from":[7.125,1,8.625],"to":[7.625,1.1,9.625],"rotation":{"angle":-45,"axis":"y","origin":[7.125,1.125,9.25]},"faces":{"east":{"uv":[9,0,15.75,15],"rotation":270,"texture":"#4"},"west":{"uv":[9,0,15.75,15],"rotation":270,"texture":"#4"},"up":{"uv":[9,0,15.75,15],"rotation":270,"texture":"#4"},"down":{"uv":[9,0,15.75,15],"rotation":270,"texture":"#4"}}},{"from":[8.375,1.25,5.375],"to":[8.875,1.35,6.375],"rotation":{"angle":-22.5,"axis":"x","origin":[8.375,1.375,6]},"faces":{"east":{"uv":[9,0,15.75,15],"rotation":270,"texture":"#4"},"south":{"uv":[9,0,15.75,15],"rotation":270,"texture":"#4"},"west":{"uv":[9,0,15.75,15],"rotation":270,"texture":"#4"},"up":{"uv":[9,0,15.75,15],"rotation":270,"texture":"#4"},"down":{"uv":[9,0,15.75,15],"rotation":270,"texture":"#4"}}},{"from":[7.125,1.25,5.375],"to":[7.625,1.35,6.375],"rotation":{"angle":-45,"axis":"y","origin":[7.125,1.375,6]},"faces":{"north":{"uv":[9,0,15.75,15],"rotation":270,"texture":"#4"},"east":{"uv":[9,0,15.75,15],"rotation":270,"texture":"#4"},"south":{"uv":[9,0,15.75,15],"rotation":270,"texture":"#4"},"west":{"uv":[9,0,15.75,15],"rotation":270,"texture":"#4"},"up":{"uv":[9,0,15.75,15],"rotation":270,"texture":"#4"},"down":{"uv":[9,0,15.75,15],"rotation":270,"texture":"#4"}}},{"from":[9.625,1.5,6.625],"to":[10.125,1.6,7.625],"rotation":{"angle":-22.5,"axis":"z","origin":[9.125,1.625,6.5]},"faces":{"north":{"uv":[9,0,15.75,15],"rotation":270,"texture":"#4"},"east":{"uv":[9,0,15.75,15],"rotation":270,"texture":"#4"},"south":{"uv":[9,0,15.75,15],"rotation":270,"texture":"#4"},"west":{"uv":[9,0,15.75,15],"rotation":270,"texture":"#4"},"up":{"uv":[9,0,15.75,15],"rotation":270,"texture":"#4"},"down":{"uv":[9,0,15.75,15],"rotation":270,"texture":"#4"}}},{"from":[7.625,1.25,6.875],"to":[8.125,1.35,7.875],"rotation":{"angle":-22.5,"axis":"y","origin":[7.625,1.375,7]},"faces":{"north":{"uv":[9,0,15.75,15],"rotation":270,"texture":"#4"},"east":{"uv":[9,0,15.75,15],"rotation":270,"texture":"#4"},"south":{"uv":[9,0,15.75,15],"rotation":270,"texture":"#4"},"west":{"uv":[9,0,15.75,15],"rotation":270,"texture":"#4"},"up":{"uv":[9,0,15.75,15],"rotation":270,"texture":"#4"},"down":{"uv":[9,0,15.75,15],"rotation":270,"texture":"#4"}}},{"from":[7,1,8],"to":[8,1.1,8.5],"rotation":{"angle":-22.5,"axis":"y","origin":[7.625,1.125,8.5]},"faces":{"north":{"uv":[9,0,15.75,15],"rotation":180,"texture":"#4"},"east":{"uv":[9,0,15.75,15],"rotation":180,"texture":"#4"},"south":{"uv":[9,0,15.75,15],"rotation":180,"texture":"#4"},"west":{"uv":[9,0,15.75,15],"rotation":180,"texture":"#4"},"up":{"uv":[9,0,15.75,15],"rotation":180,"texture":"#4"},"down":{"uv":[9,0,15.75,15],"rotation":180,"texture":"#4"}}},{"from":[6,1,7.25],"to":[7,1.1,7.75],"rotation":{"angle":22.5,"axis":"z","origin":[6.625,1.125,7.75]},"faces":{"north":{"uv":[9,0,15.75,15],"rotation":180,"texture":"#4"},"east":{"uv":[9,0,15.75,15],"rotation":180,"texture":"#4"},"south":{"uv":[9,0,15.75,15],"rotation":180,"texture":"#4"},"west":{"uv":[9,0,15.75,15],"rotation":180,"texture":"#4"},"up":{"uv":[9,0,15.75,15],"rotation":180,"texture":"#4"},"down":{"uv":[9,0,15.75,15],"rotation":180,"texture":"#4"}}},{"from":[6.5,1,6.25],"to":[7.5,1.1,6.75],"rotation":{"angle":-22.5,"axis":"x","origin":[7.125,1.125,6.75]},"faces":{"north":{"uv":[9,0,15.75,15],"rotation":180,"texture":"#4"},"east":{"uv":[9,0,15.75,15],"rotation":180,"texture":"#4"},"south":{"uv":[9,0,15.75,15],"rotation":180,"texture":"#4"},"west":{"uv":[9,0,15.75,15],"rotation":180,"texture":"#4"},"up":{"uv":[9,0,15.75,15],"rotation":180,"texture":"#4"},"down":{"uv":[9,0,15.75,15],"rotation":180,"texture":"#4"}}},{"from":[6,1,8.25],"to":[7,1.1,8.75],"rotation":{"angle":-45,"axis":"y","origin":[6.625,1.125,8.75]},"faces":{"north":{"uv":[9,0,15.75,15],"rotation":180,"texture":"#4"},"east":{"uv":[9,0,15.75,15],"rotation":180,"texture":"#4"},"south":{"uv":[9,0,15.75,15],"rotation":180,"texture":"#4"},"west":{"uv":[9,0,15.75,15],"rotation":180,"texture":"#4"},"up":{"uv":[9,0,15.75,15],"rotation":180,"texture":"#4"},"down":{"uv":[9,0,15.75,15],"rotation":180,"texture":"#4"}}},{"from":[8.125,1.25,5.625],"to":[8.625,1.35,6.625],"rotation":{"angle":-22.5,"axis":"x","origin":[8.125,1.375,6.25]},"faces":{"north":{"uv":[9,0,15.75,15],"rotation":270,"texture":"#4"},"east":{"uv":[9,0,15.75,15],"rotation":270,"texture":"#4"},"west":{"uv":[9,0,15.75,15],"rotation":270,"texture":"#4"},"up":{"uv":[9,0,15.75,15],"rotation":270,"texture":"#4"},"down":{"uv":[9,0,15.75,15],"rotation":270,"texture":"#4"}}},{"from":[6.875,1,5.625],"to":[7.375,1.1,6.625],"rotation":{"angle":-45,"axis":"y","origin":[6.875,1.125,6.25]},"faces":{"north":{"uv":[9,0,15.75,15],"rotation":270,"texture":"#4"},"east":{"uv":[9,0,15.75,15],"rotation":270,"texture":"#4"},"south":{"uv":[9,0,15.75,15],"rotation":270,"texture":"#4"},"west":{"uv":[9,0,15.75,15],"rotation":270,"texture":"#4"},"up":{"uv":[9,0,15.75,15],"rotation":270,"texture":"#4"},"down":{"uv":[9,0,15.75,15],"rotation":270,"texture":"#4"}}},{"from":[8.875,1.25,6.125],"to":[9.375,1.35,7.125],"rotation":{"angle":-22.5,"axis":"z","origin":[8.875,1.375,6.75]},"faces":{"north":{"uv":[9,0,15.75,15],"rotation":270,"texture":"#4"},"east":{"uv":[9,0,15.75,15],"rotation":270,"texture":"#4"},"south":{"uv":[9,0,15.75,15],"rotation":270,"texture":"#4"},"west":{"uv":[9,0,15.75,15],"rotation":270,"texture":"#4"},"up":{"uv":[9,0,15.75,15],"rotation":270,"texture":"#4"},"down":{"uv":[9,0,15.75,15],"rotation":270,"texture":"#4"}}},{"from":[7.375,1,6.625],"to":[7.875,1.1,7.625],"rotation":{"angle":-22.5,"axis":"y","origin":[7.375,1.125,7.25]},"faces":{"north":{"uv":[9,0,15.75,15],"rotation":270,"texture":"#4"},"east":{"uv":[9,0,15.75,15],"rotation":270,"texture":"#4"},"south":{"uv":[9,0,15.75,15],"rotation":270,"texture":"#4"},"west":{"uv":[9,0,15.75,15],"rotation":270,"texture":"#4"},"up":{"uv":[9,0,15.75,15],"rotation":270,"texture":"#4"},"down":{"uv":[9,0,15.75,15],"rotation":270,"texture":"#4"}}},{"from":[6.75,0.75,8],"to":[7.75,0.85,8.5],"rotation":{"angle":-22.5,"axis":"y","origin":[7.375,0.875,8.5]},"faces":{"north":{"uv":[9,0,15.75,15],"rotation":180,"texture":"#4"},"south":{"uv":[9,0,15.75,15],"rotation":180,"texture":"#4"},"west":{"uv":[9,0,15.75,15],"rotation":180,"texture":"#4"},"up":{"uv":[9,0,15.75,15],"rotation":180,"texture":"#4"},"down":{"uv":[9,0,15.75,15],"rotation":180,"texture":"#4"}}},{"from":[5.75,0.75,7],"to":[6.75,0.85,7.5],"rotation":{"angle":22.5,"axis":"z","origin":[6.375,0.875,7.5]},"faces":{"north":{"uv":[9,0,15.75,15],"rotation":180,"texture":"#4"},"east":{"uv":[9,0,15.75,15],"rotation":180,"texture":"#4"},"south":{"uv":[9,0,15.75,15],"rotation":180,"texture":"#4"},"up":{"uv":[9,0,15.75,15],"rotation":180,"texture":"#4"},"down":{"uv":[9,0,15.75,15],"rotation":180,"texture":"#4"}}},{"from":[6.25,0.75,6.5],"to":[7.25,0.85,7],"rotation":{"angle":-22.5,"axis":"x","origin":[6.875,0.875,7]},"faces":{"north":{"uv":[9,0,15.75,15],"rotation":180,"texture":"#4"},"east":{"uv":[9,0,15.75,15],"rotation":180,"texture":"#4"},"south":{"uv":[9,0,15.75,15],"rotation":180,"texture":"#4"},"west":{"uv":[9,0,15.75,15],"rotation":180,"texture":"#4"},"up":{"uv":[9,0,15.75,15],"rotation":180,"texture":"#4"},"down":{"uv":[9,0,15.75,15],"rotation":180,"texture":"#4"}}},{"from":[5.75,0.75,8.5],"to":[6.75,0.85,9],"rotation":{"angle":-45,"axis":"y","origin":[6.375,0.875,9]},"faces":{"north":{"uv":[9,0,15.75,15],"rotation":180,"texture":"#4"},"east":{"uv":[9,0,15.75,15],"rotation":180,"texture":"#4"},"south":{"uv":[9,0,15.75,15],"rotation":180,"texture":"#4"},"west":{"uv":[9,0,15.75,15],"rotation":180,"texture":"#4"},"up":{"uv":[9,0,15.75,15],"rotation":180,"texture":"#4"},"down":{"uv":[9,0,15.75,15],"rotation":180,"texture":"#4"}}},{"from":[6.875,1,8.875],"to":[7.375,1.1,9.875],"rotation":{"angle":-45,"axis":"y","origin":[6.875,1.125,9.5]},"faces":{"east":{"uv":[9,0,15.75,15],"rotation":270,"texture":"#4"},"south":{"uv":[9,0,15.75,15],"rotation":270,"texture":"#4"},"west":{"uv":[9,0,15.75,15],"rotation":270,"texture":"#4"},"up":{"uv":[9,0,15.75,15],"rotation":270,"texture":"#4"},"down":{"uv":[9,0,15.75,15],"rotation":270,"texture":"#4"}}},{"from":[8.375,0.75,6.375],"to":[8.875,0.85,7.375],"rotation":{"angle":-45,"axis":"y","origin":[8.875,0.875,6.75]},"faces":{"north":{"uv":[9,0,15.75,15],"rotation":90,"texture":"#4"},"east":{"uv":[9,0,15.75,15],"rotation":90,"texture":"#4"},"south":{"uv":[9,0,15.75,15],"rotation":90,"texture":"#4"},"west":{"uv":[9,0,15.75,15],"rotation":90,"texture":"#4"},"up":{"uv":[9,0,15.75,15],"rotation":90,"texture":"#4"},"down":{"uv":[9,0,15.75,15],"rotation":90,"texture":"#4"}}},{"from":[7.125,1.25,9.625],"to":[7.625,1.35,10.625],"rotation":{"angle":22.5,"axis":"x","origin":[7.625,1.375,10]},"faces":{"north":{"uv":[9,0,15.75,15],"rotation":90,"texture":"#4"},"east":{"uv":[9,0,15.75,15],"rotation":90,"texture":"#4"},"west":{"uv":[9,0,15.75,15],"rotation":90,"texture":"#4"},"up":{"uv":[9,0,15.75,15],"rotation":90,"texture":"#4"},"down":{"uv":[9,0,15.75,15],"rotation":90,"texture":"#4"}}},{"from":[7.625,1.25,9.625],"to":[8.125,1.35,10.625],"rotation":{"angle":-45,"axis":"y","origin":[8.125,1.375,10.25]},"faces":{"north":{"uv":[9,0,15.75,15],"rotation":90,"texture":"#4"},"east":{"uv":[9,0,15.75,15],"rotation":90,"texture":"#4"},"south":{"uv":[9,0,15.75,15],"rotation":90,"texture":"#4"},"west":{"uv":[9,0,15.75,15],"rotation":90,"texture":"#4"},"up":{"uv":[9,0,15.75,15],"rotation":90,"texture":"#4"},"down":{"uv":[9,0,15.75,15],"rotation":90,"texture":"#4"}}},{"from":[6.375,1.25,9.125],"to":[6.875,1.35,10.125],"rotation":{"angle":22.5,"axis":"z","origin":[6.875,1.375,9.5]},"faces":{"north":{"uv":[9,0,15.75,15],"rotation":90,"texture":"#4"},"east":{"uv":[9,0,15.75,15],"rotation":90,"texture":"#4"},"south":{"uv":[9,0,15.75,15],"rotation":90,"texture":"#4"},"west":{"uv":[9,0,15.75,15],"rotation":90,"texture":"#4"},"up":{"uv":[9,0,15.75,15],"rotation":90,"texture":"#4"},"down":{"uv":[9,0,15.75,15],"rotation":90,"texture":"#4"}}},{"from":[7.875,1.25,8.625],"to":[8.375,1.35,9.625],"rotation":{"angle":-22.5,"axis":"y","origin":[8.375,1.375,9]},"faces":{"north":{"uv":[9,0,15.75,15],"rotation":90,"texture":"#4"},"east":{"uv":[9,0,15.75,15],"rotation":90,"texture":"#4"},"south":{"uv":[9,0,15.75,15],"rotation":90,"texture":"#4"},"west":{"uv":[9,0,15.75,15],"rotation":90,"texture":"#4"},"up":{"uv":[9,0,15.75,15],"rotation":90,"texture":"#4"},"down":{"uv":[9,0,15.75,15],"rotation":90,"texture":"#4"}}},{"from":[7.875,0.75,9.125],"to":[8.375,0.85,10.125],"rotation":{"angle":-45,"axis":"y","origin":[8.375,0.875,9.5]},"faces":{"north":{"uv":[2,0,9.75,16],"rotation":90,"texture":"#4"},"east":{"uv":[2,0,9.75,16],"rotation":90,"texture":"#4"},"south":{"uv":[2,0,9.75,16],"rotation":90,"texture":"#4"},"west":{"uv":[2,0,9.75,16],"rotation":90,"texture":"#4"},"up":{"uv":[2,0,9.75,16],"rotation":90,"texture":"#4"},"down":{"uv":[2,0,9.75,16],"rotation":90,"texture":"#4"}}},{"from":[5.875,0.75,8.625],"to":[6.375,0.85,9.625],"rotation":{"angle":22.5,"axis":"z","origin":[6.375,0.875,9]},"faces":{"north":{"uv":[2,0,9.75,16],"rotation":90,"texture":"#4"},"east":{"uv":[2,0,9.75,16],"rotation":90,"texture":"#4"},"south":{"uv":[2,0,9.75,16],"rotation":90,"texture":"#4"},"up":{"uv":[2,0,9.75,16],"rotation":90,"texture":"#4"},"down":{"uv":[2,0,9.75,16],"rotation":90,"texture":"#4"}}},{"from":[6.625,0.75,9.125],"to":[7.125,0.85,10.125],"rotation":{"angle":22.5,"axis":"x","origin":[7.125,0.875,9.5]},"faces":{"north":{"uv":[2,0,9.75,16],"rotation":90,"texture":"#4"},"east":{"uv":[2,0,9.75,16],"rotation":90,"texture":"#4"},"west":{"uv":[2,0,9.75,16],"rotation":90,"texture":"#4"},"up":{"uv":[2,0,9.75,16],"rotation":90,"texture":"#4"},"down":{"uv":[2,0,9.75,16],"rotation":90,"texture":"#4"}}},{"from":[7.375,0.75,8.125],"to":[7.875,0.85,9.125],"rotation":{"angle":-22.5,"axis":"y","origin":[7.875,0.875,8.5]},"faces":{"north":{"uv":[2,0,9.75,16],"rotation":90,"texture":"#4"},"east":{"uv":[2,0,9.75,16],"rotation":90,"texture":"#4"},"south":{"uv":[2,0,9.75,16],"rotation":90,"texture":"#4"},"west":{"uv":[2,0,9.75,16],"rotation":90,"texture":"#4"},"up":{"uv":[2,0,9.75,16],"rotation":90,"texture":"#4"},"down":{"uv":[2,0,9.75,16],"rotation":90,"texture":"#4"}}},{"from":[6,1.25,8],"to":[7,1.35,8.5],"rotation":{"angle":-22.5,"axis":"y","origin":[6.625,1.375,8.5]},"faces":{"north":{"uv":[2,0,9.75,16],"rotation":180,"texture":"#4"},"east":{"uv":[2,0,9.75,16],"rotation":180,"texture":"#4"},"south":{"uv":[2,0,9.75,16],"rotation":180,"texture":"#4"},"west":{"uv":[2,0,9.75,16],"rotation":180,"texture":"#4"},"up":{"uv":[2,0,9.75,16],"rotation":180,"texture":"#4"},"down":{"uv":[2,0,9.75,16],"rotation":180,"texture":"#4"}}},{"from":[5.5,1.25,6.5],"to":[6.5,1.35,7],"rotation":{"angle":-22.5,"axis":"x","origin":[6.125,1.375,7]},"faces":{"north":{"uv":[2,0,9.75,16],"rotation":180,"texture":"#4"},"east":{"uv":[2,0,9.75,16],"rotation":180,"texture":"#4"},"south":{"uv":[2,0,9.75,16],"rotation":180,"texture":"#4"},"west":{"uv":[2,0,9.75,16],"rotation":180,"texture":"#4"},"up":{"uv":[2,0,9.75,16],"rotation":180,"texture":"#4"},"down":{"uv":[2,0,9.75,16],"rotation":180,"texture":"#4"}}},{"from":[5,1.25,7.75],"to":[6,1.35,8.25],"rotation":{"angle":-45,"axis":"y","origin":[5.375,1.375,8.25]},"faces":{"north":{"uv":[2,0,9.75,16],"rotation":180,"texture":"#4"},"east":{"uv":[2,0,9.75,16],"rotation":180,"texture":"#4"},"south":{"uv":[2,0,9.75,16],"rotation":180,"texture":"#4"},"up":{"uv":[2,0,9.75,16],"rotation":180,"texture":"#4"},"down":{"uv":[2,0,9.75,16],"rotation":180,"texture":"#4"}}},{"from":[5,1.25,7.25],"to":[6,1.35,7.75],"rotation":{"angle":22.5,"axis":"z","origin":[5.625,1.375,7.75]},"faces":{"north":{"uv":[2,0,9.75,16],"rotation":180,"texture":"#4"},"east":{"uv":[2,0,9.75,16],"rotation":180,"texture":"#4"},"south":{"uv":[2,0,9.75,16],"rotation":180,"texture":"#4"},"up":{"uv":[2,0,9.75,16],"rotation":180,"texture":"#4"},"down":{"uv":[2,0,9.75,16],"rotation":180,"texture":"#4"}}},{"from":[8.25,0.75,8.5],"to":[9.25,0.85,9],"rotation":{"angle":-45,"axis":"y","origin":[8.875,0.875,9]},"faces":{"north":{"uv":[2,0,9.75,16],"rotation":180,"texture":"#4"},"east":{"uv":[2,0,9.75,16],"rotation":180,"texture":"#4"},"south":{"uv":[2,0,9.75,16],"rotation":180,"texture":"#4"},"west":{"uv":[2,0,9.75,16],"rotation":180,"texture":"#4"},"up":{"uv":[2,0,9.75,16],"rotation":180,"texture":"#4"},"down":{"uv":[2,0,9.75,16],"rotation":180,"texture":"#4"}}},{"from":[5.75,1,7],"to":[6.75,1.1,7.5],"rotation":{"angle":-45,"axis":"y","origin":[6.125,1.125,7]},"faces":{"north":{"uv":[2,0,9.75,16],"texture":"#4"},"south":{"uv":[2,0,9.75,16],"texture":"#4"},"west":{"uv":[2,0,9.75,16],"texture":"#4"},"up":{"uv":[2,0,9.75,16],"texture":"#4"},"down":{"uv":[2,0,9.75,16],"texture":"#4"}}},{"from":[6.625,0.75,5.875],"to":[7.125,0.85,6.875],"rotation":{"angle":-45,"axis":"y","origin":[6.625,0.875,6.5]},"faces":{"north":{"uv":[2,0,9.75,16],"rotation":270,"texture":"#4"},"east":{"uv":[2,0,9.75,16],"rotation":270,"texture":"#4"},"south":{"uv":[2,0,9.75,16],"rotation":270,"texture":"#4"},"west":{"uv":[2,0,9.75,16],"rotation":270,"texture":"#4"},"up":{"uv":[2,0,9.75,16],"rotation":270,"texture":"#4"},"down":{"uv":[2,0,9.75,16],"rotation":270,"texture":"#4"}}},{"from":[8.625,0.75,6.375],"to":[9.125,0.85,7.375],"rotation":{"angle":-22.5,"axis":"z","origin":[8.625,0.875,7]},"faces":{"north":{"uv":[2,0,9.75,16],"rotation":270,"texture":"#4"},"east":{"uv":[2,0,9.75,16],"rotation":270,"texture":"#4"},"south":{"uv":[2,0,9.75,16],"rotation":270,"texture":"#4"},"west":{"uv":[2,0,9.75,16],"rotation":270,"texture":"#4"},"up":{"uv":[2,0,9.75,16],"rotation":270,"texture":"#4"},"down":{"uv":[2,0,9.75,16],"rotation":270,"texture":"#4"}}},{"from":[8.125,0.75,5.875],"to":[8.625,0.85,6.875],"rotation":{"angle":-22.5,"axis":"x","origin":[8.125,0.875,6.5]},"faces":{"east":{"uv":[2,0,9.75,16],"rotation":270,"texture":"#4"},"south":{"uv":[2,0,9.75,16],"rotation":270,"texture":"#4"},"west":{"uv":[2,0,9.75,16],"rotation":270,"texture":"#4"},"up":{"uv":[2,0,9.75,16],"rotation":270,"texture":"#4"},"down":{"uv":[2,0,9.75,16],"rotation":270,"texture":"#4"}}},{"from":[7.125,0.75,6.875],"to":[7.625,0.85,7.875],"rotation":{"angle":-22.5,"axis":"y","origin":[7.125,0.875,7.5]},"faces":{"north":{"uv":[2,0,9.75,16],"rotation":270,"texture":"#4"},"east":{"uv":[2,0,9.75,16],"rotation":270,"texture":"#4"},"west":{"uv":[2,0,9.75,16],"rotation":270,"texture":"#4"},"up":{"uv":[2,0,9.75,16],"rotation":270,"texture":"#4"},"down":{"uv":[2,0,9.75,16],"rotation":270,"texture":"#4"}}},{"from":[8,1,7.5],"to":[9,1.1,8],"rotation":{"angle":-22.5,"axis":"y","origin":[8.375,1.125,7.5]},"faces":{"north":{"uv":[2,0,9.75,16],"texture":"#4"},"east":{"uv":[2,0,9.75,16],"texture":"#4"},"south":{"uv":[2,0,9.75,16],"texture":"#4"},"west":{"uv":[2,0,9.75,16],"texture":"#4"},"up":{"uv":[2,0,9.75,16],"texture":"#4"},"down":{"uv":[2,0,9.75,16],"texture":"#4"}}},{"from":[8.5,1.25,9],"to":[9.5,1.35,9.5],"rotation":{"angle":22.5,"axis":"x","origin":[8.875,1.375,9]},"faces":{"north":{"uv":[2,0,9.75,16],"texture":"#4"},"east":{"uv":[2,0,9.75,16],"texture":"#4"},"south":{"uv":[2,0,9.75,16],"texture":"#4"},"west":{"uv":[2,0,9.75,16],"texture":"#4"},"up":{"uv":[2,0,9.75,16],"texture":"#4"},"down":{"uv":[2,0,9.75,16],"texture":"#4"}}},{"from":[9,1,7],"to":[10,1.1,7.5],"rotation":{"angle":-45,"axis":"y","origin":[9.375,1.125,7]},"faces":{"north":{"uv":[2,0,9.75,16],"texture":"#4"},"east":{"uv":[2,0,9.75,16],"texture":"#4"},"south":{"uv":[2,0,9.75,16],"texture":"#4"},"west":{"uv":[2,0,9.75,16],"texture":"#4"},"up":{"uv":[2,0,9.75,16],"texture":"#4"},"down":{"uv":[2,0,9.75,16],"texture":"#4"}}},{"from":[9,1.25,8.25],"to":[10,1.35,8.75],"rotation":{"angle":-22.5,"axis":"z","origin":[9.375,1.375,8.25]},"faces":{"north":{"uv":[2,0,9.75,16],"texture":"#4"},"east":{"uv":[2,0,9.75,16],"texture":"#4"},"south":{"uv":[2,0,9.75,16],"texture":"#4"},"west":{"uv":[2,0,9.75,16],"texture":"#4"},"up":{"uv":[2,0,9.75,16],"texture":"#4"},"down":{"uv":[2,0,9.75,16],"texture":"#4"}}},{"from":[6.875,1,6.125],"to":[7.375,1.1,7.125],"rotation":{"angle":-45,"axis":"y","origin":[6.875,1.125,6.75]},"faces":{"north":{"uv":[2,0,9.75,16],"rotation":270,"texture":"#4"},"east":{"uv":[2,0,9.75,16],"rotation":270,"texture":"#4"},"south":{"uv":[2,0,9.75,16],"rotation":270,"texture":"#4"},"west":{"uv":[2,0,9.75,16],"rotation":270,"texture":"#4"},"up":{"uv":[2,0,9.75,16],"rotation":270,"texture":"#4"},"down":{"uv":[2,0,9.75,16],"rotation":270,"texture":"#4"}}},{"from":[8.875,1,6.625],"to":[9.375,1.1,7.625],"rotation":{"angle":-22.5,"axis":"z","origin":[8.875,1.125,7.25]},"faces":{"north":{"uv":[2,0,9.75,16],"rotation":270,"texture":"#4"},"east":{"uv":[2,0,9.75,16],"rotation":270,"texture":"#4"},"south":{"uv":[2,0,9.75,16],"rotation":270,"texture":"#4"},"west":{"uv":[2,0,9.75,16],"rotation":270,"texture":"#4"},"up":{"uv":[2,0,9.75,16],"rotation":270,"texture":"#4"},"down":{"uv":[2,0,9.75,16],"rotation":270,"texture":"#4"}}},{"from":[7.875,1,6.125],"to":[8.375,1.1,7.125],"rotation":{"angle":-22.5,"axis":"x","origin":[7.875,1.125,6.75]},"faces":{"north":{"uv":[2,0,9.75,16],"rotation":270,"texture":"#4"},"east":{"uv":[2,0,9.75,16],"rotation":270,"texture":"#4"},"south":{"uv":[2,0,9.75,16],"rotation":270,"texture":"#4"},"west":{"uv":[2,0,9.75,16],"rotation":270,"texture":"#4"},"up":{"uv":[2,0,9.75,16],"rotation":270,"texture":"#4"},"down":{"uv":[2,0,9.75,16],"rotation":270,"texture":"#4"}}},{"from":[7.125,1,7.125],"to":[7.625,1.1,8.125],"rotation":{"angle":-22.5,"axis":"y","origin":[7.125,1.125,7.75]},"faces":{"north":{"uv":[2,0,9.75,16],"rotation":270,"texture":"#4"},"east":{"uv":[2,0,9.75,16],"rotation":270,"texture":"#4"},"south":{"uv":[2,0,9.75,16],"rotation":270,"texture":"#4"},"west":{"uv":[2,0,9.75,16],"rotation":270,"texture":"#4"},"up":{"uv":[2,0,9.75,16],"rotation":270,"texture":"#4"},"down":{"uv":[2,0,9.75,16],"rotation":270,"texture":"#4"}}},{"from":[8.25,1.25,7.75],"to":[9.25,1.35,8.25],"rotation":{"angle":-22.5,"axis":"y","origin":[8.625,1.625,7.75]},"faces":{"north":{"uv":[2,0,9.75,16],"texture":"#4"},"east":{"uv":[2,0,9.75,16],"texture":"#4"},"south":{"uv":[2,0,9.75,16],"texture":"#4"},"west":{"uv":[2,0,9.75,16],"texture":"#4"},"up":{"uv":[2,0,9.75,16],"texture":"#4"},"down":{"uv":[2,0,9.75,16],"texture":"#4"}}},{"from":[8.75,1.25,9.25],"to":[9.75,1.35,9.75],"rotation":{"angle":22.5,"axis":"x","origin":[9.125,1.625,9.25]},"faces":{"north":{"uv":[2,0,9.75,16],"texture":"#4"},"east":{"uv":[2,0,9.75,16],"texture":"#4"},"south":{"uv":[2,0,9.75,16],"texture":"#4"},"west":{"uv":[2,0,9.75,16],"texture":"#4"},"up":{"uv":[2,0,9.75,16],"texture":"#4"},"down":{"uv":[2,0,9.75,16],"texture":"#4"}}},{"from":[9.25,1.25,7.25],"to":[10.25,1.35,7.75],"rotation":{"angle":-45,"axis":"y","origin":[9.625,1.375,7.25]},"faces":{"north":{"uv":[2,0,9.75,16],"texture":"#4"},"east":{"uv":[2,0,9.75,16],"texture":"#4"},"south":{"uv":[2,0,9.75,16],"texture":"#4"},"west":{"uv":[2,0,9.75,16],"texture":"#4"},"up":{"uv":[2,0,9.75,16],"texture":"#4"},"down":{"uv":[2,0,9.75,16],"texture":"#4"}}},{"from":[9.25,1.25,8.5],"to":[10.25,1.35,9],"rotation":{"angle":-22.5,"axis":"z","origin":[9.625,1.625,8.5]},"faces":{"north":{"uv":[2,0,9.75,16],"texture":"#4"},"east":{"uv":[2,0,9.75,16],"texture":"#4"},"south":{"uv":[2,0,9.75,16],"texture":"#4"},"west":{"uv":[2,0,9.75,16],"texture":"#4"},"up":{"uv":[2,0,9.75,16],"texture":"#4"},"down":{"uv":[2,0,9.75,16],"texture":"#4"}}},{"from":[6,1,7.25],"to":[7,1.1,7.75],"rotation":{"angle":-45,"axis":"y","origin":[6.375,1.125,7.25]},"faces":{"north":{"uv":[2,0,9.75,16],"texture":"#4"},"east":{"uv":[2,0,9.75,16],"texture":"#4"},"south":{"uv":[2,0,9.75,16],"texture":"#4"},"up":{"uv":[2,0,9.75,16],"texture":"#4"},"down":{"uv":[2,0,9.75,16],"texture":"#4"}}},{"from":[8.5,1.25,8.75],"to":[9.5,1.35,9.25],"rotation":{"angle":-45,"axis":"y","origin":[9.125,1.375,9.25]},"faces":{"north":{"uv":[2,0,9.75,16],"rotation":180,"texture":"#4"},"east":{"uv":[2,0,9.75,16],"rotation":180,"texture":"#4"},"south":{"uv":[2,0,9.75,16],"rotation":180,"texture":"#4"},"west":{"uv":[2,0,9.75,16],"rotation":180,"texture":"#4"},"up":{"uv":[2,0,9.75,16],"rotation":180,"texture":"#4"},"down":{"uv":[2,0,9.75,16],"rotation":180,"texture":"#4"}}},{"from":[8.125,1,9.375],"to":[8.625,1.1,10.375],"rotation":{"angle":-45,"axis":"y","origin":[8.625,1.125,9.75]},"faces":{"north":{"uv":[2,0,9.75,16],"rotation":90,"texture":"#4"},"east":{"uv":[2,0,9.75,16],"rotation":90,"texture":"#4"},"south":{"uv":[2,0,9.75,16],"rotation":90,"texture":"#4"},"west":{"uv":[2,0,9.75,16],"rotation":90,"texture":"#4"},"up":{"uv":[2,0,9.75,16],"rotation":90,"texture":"#4"},"down":{"uv":[2,0,9.75,16],"rotation":90,"texture":"#4"}}},{"from":[6.125,1,8.875],"to":[6.625,1.1,9.875],"rotation":{"angle":22.5,"axis":"z","origin":[6.625,1.125,9.25]},"faces":{"north":{"uv":[2,0,9.75,16],"rotation":90,"texture":"#4"},"east":{"uv":[2,0,9.75,16],"rotation":90,"texture":"#4"},"south":{"uv":[2,0,9.75,16],"rotation":90,"texture":"#4"},"west":{"uv":[2,0,9.75,16],"rotation":90,"texture":"#4"},"up":{"uv":[2,0,9.75,16],"rotation":90,"texture":"#4"},"down":{"uv":[2,0,9.75,16],"rotation":90,"texture":"#4"}}},{"from":[6.625,1,9.375],"to":[7.125,1.1,10.375],"rotation":{"angle":22.5,"axis":"x","origin":[7.125,1.125,9.75]},"faces":{"north":{"uv":[2,0,9.75,16],"rotation":90,"texture":"#4"},"east":{"uv":[2,0,9.75,16],"rotation":90,"texture":"#4"},"west":{"uv":[2,0,9.75,16],"rotation":90,"texture":"#4"},"up":{"uv":[2,0,9.75,16],"rotation":90,"texture":"#4"},"down":{"uv":[2,0,9.75,16],"rotation":90,"texture":"#4"}}},{"from":[7.625,1,8.375],"to":[8.125,1.1,9.375],"rotation":{"angle":-22.5,"axis":"y","origin":[8.125,1.125,8.75]},"faces":{"north":{"uv":[2,0,9.75,16],"rotation":90,"texture":"#4"},"east":{"uv":[2,0,9.75,16],"rotation":90,"texture":"#4"},"south":{"uv":[2,0,9.75,16],"rotation":90,"texture":"#4"},"west":{"uv":[2,0,9.75,16],"rotation":90,"texture":"#4"},"up":{"uv":[2,0,9.75,16],"rotation":90,"texture":"#4"},"down":{"uv":[2,0,9.75,16],"rotation":90,"texture":"#4"}}},{"from":[6.25,1.5,8.25],"to":[7.25,1.6,8.75],"rotation":{"angle":-22.5,"axis":"y","origin":[6.875,1.625,8.75]},"faces":{"north":{"uv":[2,0,9.75,16],"rotation":180,"texture":"#4"},"east":{"uv":[2,0,9.75,16],"rotation":180,"texture":"#4"},"south":{"uv":[2,0,9.75,16],"rotation":180,"texture":"#4"},"west":{"uv":[2,0,9.75,16],"rotation":180,"texture":"#4"},"up":{"uv":[2,0,9.75,16],"rotation":180,"texture":"#4"},"down":{"uv":[2,0,9.75,16],"rotation":180,"texture":"#4"}}},{"from":[6.5,1.25,6.75],"to":[7.5,1.35,7.25],"rotation":{"angle":-22.5,"axis":"x","origin":[6.375,1.625,7.25]},"faces":{"north":{"uv":[2,0,9.75,16],"rotation":180,"texture":"#4"},"east":{"uv":[2,0,9.75,16],"rotation":180,"texture":"#4"},"south":{"uv":[2,0,9.75,16],"rotation":180,"texture":"#4"},"west":{"uv":[2,0,9.75,16],"rotation":180,"texture":"#4"},"up":{"uv":[2,0,9.75,16],"rotation":180,"texture":"#4"},"down":{"uv":[2,0,9.75,16],"rotation":180,"texture":"#4"}}},{"from":[5.25,1.25,8.75],"to":[6.25,1.35,9.25],"rotation":{"angle":-45,"axis":"y","origin":[5.875,1.375,9.25]},"faces":{"north":{"uv":[2,0,9.75,16],"rotation":180,"texture":"#4"},"east":{"uv":[2,0,9.75,16],"rotation":180,"texture":"#4"},"south":{"uv":[2,0,9.75,16],"rotation":180,"texture":"#4"},"west":{"uv":[2,0,9.75,16],"rotation":180,"texture":"#4"},"up":{"uv":[2,0,9.75,16],"rotation":180,"texture":"#4"},"down":{"uv":[2,0,9.75,16],"rotation":180,"texture":"#4"}}},{"from":[5.25,1.25,8],"to":[6.25,1.35,8.5],"rotation":{"angle":22.5,"axis":"z","origin":[5.875,1.625,8]},"faces":{"north":{"uv":[2,0,9.75,16],"rotation":180,"texture":"#4"},"east":{"uv":[2,0,9.75,16],"rotation":180,"texture":"#4"},"south":{"uv":[2,0,9.75,16],"rotation":180,"texture":"#4"},"up":{"uv":[2,0,9.75,16],"rotation":180,"texture":"#4"},"down":{"uv":[2,0,9.75,16],"rotation":180,"texture":"#4"}}},{"from":[8,0.75,7.75],"to":[9,0.85,8.25],"rotation":{"angle":-22.5,"axis":"y","origin":[8.375,0.875,7.75]},"faces":{"north":{"uv":[9,0,15.75,15],"texture":"#4"},"east":{"uv":[9,0,15.75,15],"texture":"#4"},"south":{"uv":[9,0,15.75,15],"texture":"#4"},"west":{"uv":[9,0,15.75,15],"texture":"#4"},"up":{"uv":[9,0,15.75,15],"texture":"#4"},"down":{"uv":[9,0,15.75,15],"texture":"#4"}}},{"from":[9,0.75,8.5],"to":[10,0.85,9],"rotation":{"angle":-22.5,"axis":"z","origin":[9.375,0.875,8.5]},"faces":{"north":{"uv":[9,0,15.75,15],"texture":"#4"},"east":{"uv":[9,0,15.75,15],"texture":"#4"},"south":{"uv":[9,0,15.75,15],"texture":"#4"},"west":{"uv":[9,0,15.75,15],"texture":"#4"},"up":{"uv":[9,0,15.75,15],"texture":"#4"},"down":{"uv":[9,0,15.75,15],"texture":"#4"}}},{"from":[8.5,0.75,9.25],"to":[9.5,0.85,9.75],"rotation":{"angle":22.5,"axis":"x","origin":[8.875,0.875,9.25]},"faces":{"north":{"uv":[9,0,15.75,15],"texture":"#4"},"east":{"uv":[9,0,15.75,15],"texture":"#4"},"south":{"uv":[9,0,15.75,15],"texture":"#4"},"west":{"uv":[9,0,15.75,15],"texture":"#4"},"up":{"uv":[9,0,15.75,15],"texture":"#4"},"down":{"uv":[9,0,15.75,15],"texture":"#4"}}},{"from":[9,0.75,7.25],"to":[10,0.85,7.75],"rotation":{"angle":-45,"axis":"y","origin":[9.375,0.875,7.25]},"faces":{"north":{"uv":[9,0,15.75,15],"texture":"#4"},"east":{"uv":[9,0,15.75,15],"texture":"#4"},"south":{"uv":[9,0,15.75,15],"texture":"#4"},"west":{"uv":[9,0,15.75,15],"texture":"#4"},"up":{"uv":[9,0,15.75,15],"texture":"#4"},"down":{"uv":[9,0,15.75,15],"texture":"#4"}}},{"from":[6,0.25,6],"to":[10,0.5,10],"faces":{"north":{"uv":[3,4,7,8],"texture":"#0"},"east":{"uv":[3,4,7,8],"texture":"#0"},"south":{"uv":[3,4,7,8],"texture":"#0"},"west":{"uv":[3,4,7,8],"texture":"#0"},"up":{"uv":[3,4,7,8],"texture":"#0"},"down":{"uv":[3,4,7,8],"texture":"#0"}}},{"from":[6,0.5,5.5],"to":[10,1,6],"faces":{"north":{"uv":[3,4,7,8],"texture":"#0"},"east":{"uv":[3,4,7,8],"texture":"#0"},"south":{"uv":[3,4,7,8],"texture":"#0"},"west":{"uv":[3,4,7,8],"texture":"#0"},"up":{"uv":[3,4,7,8],"texture":"#0"},"down":{"uv":[3,4,7,8],"texture":"#0"}}},{"from":[5.5,1,5],"to":[10.5,1.5,5.5],"faces":{"north":{"uv":[3,4,7,8],"texture":"#0"},"east":{"uv":[3,4,7,8],"texture":"#0"},"south":{"uv":[3,4,7,8],"texture":"#0"},"west":{"uv":[3,4,7,8],"texture":"#0"},"up":{"uv":[3,4,7,8],"texture":"#0"},"down":{"uv":[3,4,7,8],"texture":"#0"}}},{"from":[5,1.5,4.5],"to":[11,1.75,5],"faces":{"north":{"uv":[3,4,7,8],"texture":"#0"},"east":{"uv":[3,4,7,8],"texture":"#0"},"south":{"uv":[3,4,7,8],"texture":"#0"},"west":{"uv":[3,4,7,8],"texture":"#0"},"up":{"uv":[3,4,7,8],"texture":"#0"},"down":{"uv":[3,4,7,8],"texture":"#0"}}},{"from":[5,1.5,11],"to":[11,1.75,11.5],"faces":{"north":{"uv":[3,4,7,8],"texture":"#0"},"east":{"uv":[3,4,7,8],"texture":"#0"},"south":{"uv":[3,4,7,8],"texture":"#0"},"west":{"uv":[3,4,7,8],"texture":"#0"},"up":{"uv":[3,4,7,8],"texture":"#0"},"down":{"uv":[3,4,7,8],"texture":"#0"}}},{"from":[5.5,1,10.5],"to":[10.5,1.5,11],"faces":{"north":{"uv":[3,4,7,8],"texture":"#0"},"east":{"uv":[3,4,7,8],"texture":"#0"},"south":{"uv":[3,4,7,8],"texture":"#0"},"west":{"uv":[3,4,7,8],"texture":"#0"},"up":{"uv":[3,4,7,8],"texture":"#0"},"down":{"uv":[3,4,7,8],"texture":"#0"}}},{"from":[6,0.5,10],"to":[10,1,10.5],"faces":{"north":{"uv":[3,4,7,8],"texture":"#0"},"east":{"uv":[3,4,7,8],"texture":"#0"},"south":{"uv":[3,4,7,8],"texture":"#0"},"west":{"uv":[3,4,7,8],"texture":"#0"},"up":{"uv":[3,4,7,8],"texture":"#0"},"down":{"uv":[3,4,7,8],"texture":"#0"}}},{"from":[11,1.5,5],"to":[11.5,1.75,11],"faces":{"north":{"uv":[3,4,7,8],"texture":"#0"},"east":{"uv":[3,4,7,8],"texture":"#0"},"south":{"uv":[3,4,7,8],"texture":"#0"},"west":{"uv":[3,4,7,8],"texture":"#0"},"up":{"uv":[3,4,7,8],"texture":"#0"},"down":{"uv":[3,4,7,8],"texture":"#0"}}},{"from":[4.5,1.5,5],"to":[5,1.75,11],"faces":{"north":{"uv":[3,4,7,8],"texture":"#0"},"east":{"uv":[3,4,7,8],"texture":"#0"},"south":{"uv":[3,4,7,8],"texture":"#0"},"west":{"uv":[3,4,7,8],"texture":"#0"},"up":{"uv":[3,4,7,8],"texture":"#0"},"down":{"uv":[3,4,7,8],"texture":"#0"}}},{"from":[10.5,1,5.5],"to":[11,1.5,10.5],"faces":{"north":{"uv":[3,4,7,8],"texture":"#0"},"east":{"uv":[3,4,7,8],"texture":"#0"},"south":{"uv":[3,4,7,8],"texture":"#0"},"west":{"uv":[3,4,7,8],"texture":"#0"},"up":{"uv":[3,4,7,8],"texture":"#0"},"down":{"uv":[3,4,7,8],"texture":"#0"}}},{"from":[10,0.5,6],"to":[10.5,1,10],"faces":{"north":{"uv":[3,4,7,8],"texture":"#0"},"east":{"uv":[3,4,7,8],"texture":"#0"},"south":{"uv":[3,4,7,8],"texture":"#0"},"west":{"uv":[3,4,7,8],"texture":"#0"},"up":{"uv":[3,4,7,8],"texture":"#0"},"down":{"uv":[3,4,7,8],"texture":"#0"}}},{"from":[5.5,0.5,6],"to":[6,1,10],"faces":{"north":{"uv":[3,4,7,8],"texture":"#0"},"east":{"uv":[3,4,7,8],"texture":"#0"},"south":{"uv":[3,4,7,8],"texture":"#0"},"west":{"uv":[3,4,7,8],"texture":"#0"},"up":{"uv":[3,4,7,8],"texture":"#0"},"down":{"uv":[3,4,7,8],"texture":"#0"}}},{"from":[5,1,5.5],"to":[5.5,1.5,10.5],"faces":{"north":{"uv":[3,4,7,8],"texture":"#0"},"east":{"uv":[3,4,7,8],"texture":"#0"},"south":{"uv":[3,4,7,8],"texture":"#0"},"west":{"uv":[3,4,7,8],"texture":"#0"},"up":{"uv":[3,4,7,8],"texture":"#0"},"down":{"uv":[3,4,7,8],"texture":"#0"}}},{"from":[10,0.75,5.5],"to":[10.5,1.25,6],"faces":{"north":{"uv":[3,4,7,8],"texture":"#0"},"east":{"uv":[3,4,7,8],"texture":"#0"},"south":{"uv":[3,4,7,8],"texture":"#0"},"west":{"uv":[3,4,7,8],"texture":"#0"},"up":{"uv":[3,4,7,8],"texture":"#0"},"down":{"uv":[3,4,7,8],"texture":"#0"}}},{"from":[10.5,1.25,5],"to":[11,1.75,5.5],"faces":{"north":{"uv":[3,4,7,8],"texture":"#0"},"east":{"uv":[3,4,7,8],"texture":"#0"},"south":{"uv":[3,4,7,8],"texture":"#0"},"west":{"uv":[3,4,7,8],"texture":"#0"},"up":{"uv":[3,4,7,8],"texture":"#0"},"down":{"uv":[3,4,7,8],"texture":"#0"}}},{"from":[5,1.25,5],"to":[5.5,1.75,5.5],"faces":{"north":{"uv":[3,4,7,8],"texture":"#0"},"east":{"uv":[3,4,7,8],"texture":"#0"},"south":{"uv":[3,4,7,8],"texture":"#0"},"west":{"uv":[3,4,7,8],"texture":"#0"},"up":{"uv":[3,4,7,8],"texture":"#0"},"down":{"uv":[3,4,7,8],"texture":"#0"}}},{"from":[5.5,0.75,5.5],"to":[6,1.25,6],"faces":{"north":{"uv":[3,4,7,8],"texture":"#0"},"east":{"uv":[3,4,7,8],"texture":"#0"},"south":{"uv":[3,4,7,8],"texture":"#0"},"west":{"uv":[3,4,7,8],"texture":"#0"},"up":{"uv":[3,4,7,8],"texture":"#0"},"down":{"uv":[3,4,7,8],"texture":"#0"}}},{"from":[5,1.25,10.5],"to":[5.5,1.75,11],"faces":{"north":{"uv":[3,4,7,8],"texture":"#0"},"east":{"uv":[3,4,7,8],"texture":"#0"},"south":{"uv":[3,4,7,8],"texture":"#0"},"west":{"uv":[3,4,7,8],"texture":"#0"},"up":{"uv":[3,4,7,8],"texture":"#0"},"down":{"uv":[3,4,7,8],"texture":"#0"}}},{"from":[10,0.75,10],"to":[10.5,1.25,10.5],"faces":{"north":{"uv":[3,4,7,8],"texture":"#0"},"east":{"uv":[3,4,7,8],"texture":"#0"},"south":{"uv":[3,4,7,8],"texture":"#0"},"west":{"uv":[3,4,7,8],"texture":"#0"},"up":{"uv":[3,4,7,8],"texture":"#0"},"down":{"uv":[3,4,7,8],"texture":"#0"}}},{"from":[10.5,1.25,10.5],"to":[11,1.75,11],"faces":{"north":{"uv":[3,4,7,8],"texture":"#0"},"east":{"uv":[3,4,7,8],"texture":"#0"},"south":{"uv":[3,4,7,8],"texture":"#0"},"west":{"uv":[3,4,7,8],"texture":"#0"},"up":{"uv":[3,4,7,8],"texture":"#0"},"down":{"uv":[3,4,7,8],"texture":"#0"}}},{"from":[5.5,0.75,10],"to":[6,1.25,10.5],"faces":{"north":{"uv":[3,4,7,8],"texture":"#0"},"east":{"uv":[3,4,7,8],"texture":"#0"},"south":{"uv":[3,4,7,8],"texture":"#0"},"west":{"uv":[3,4,7,8],"texture":"#0"},"up":{"uv":[3,4,7,8],"texture":"#0"},"down":{"uv":[3,4,7,8],"texture":"#0"}}},{"from":[7.5,1.15,6.25],"to":[8.5,1.65,6.75],"rotation":{"angle":0,"axis":"y","origin":[9.5,7.25,6.75]},"faces":{"north":{"uv":[0,0,1,0.5],"texture":"#2"},"east":{"uv":[0,0,0.5,0.5],"texture":"#2"},"south":{"uv":[0,0,1,0.5],"texture":"#2"},"west":{"uv":[0,0,0.5,0.5],"texture":"#2"},"up":{"uv":[0,0,1,0.5],"texture":"#2"},"down":{"uv":[0,0,1,0.5],"texture":"#2"}}},{"from":[6,1.4,7.5],"to":[7,1.9,8],"rotation":{"angle":0,"axis":"y","origin":[8,7.5,8]},"faces":{"north":{"uv":[0,0,1,0.5],"texture":"#2"},"east":{"uv":[0,0,0.5,0.5],"texture":"#2"},"south":{"uv":[0,0,1,0.5],"texture":"#2"},"west":{"uv":[0,0,0.5,0.5],"texture":"#2"},"up":{"uv":[0,0,1,0.5],"texture":"#2"},"down":{"uv":[0,0,1,0.5],"texture":"#2"}}},{"from":[8.5,1.15,6.375],"to":[9.25,1.65,6.875],"rotation":{"angle":0,"axis":"y","origin":[9.5,7.25,6.75]},"faces":{"north":{"uv":[0,0,0.75,0.5],"texture":"#2"},"east":{"uv":[0,0,0.5,0.5],"texture":"#2"},"south":{"uv":[0,0,0.75,0.5],"texture":"#2"},"west":{"uv":[0,0,0.5,0.5],"texture":"#2"},"up":{"uv":[0,0,0.75,0.5],"texture":"#2"},"down":{"uv":[0,0,0.75,0.5],"texture":"#2"}}},{"from":[7,1.4,7.625],"to":[7.75,1.9,8.125],"rotation":{"angle":0,"axis":"y","origin":[8,7.5,8]},"faces":{"north":{"uv":[0,0,0.75,0.5],"texture":"#2"},"east":{"uv":[0,0,0.5,0.5],"texture":"#2"},"south":{"uv":[0,0,0.75,0.5],"texture":"#2"},"west":{"uv":[0,0,0.5,0.5],"texture":"#2"},"up":{"uv":[0,0,0.75,0.5],"texture":"#2"},"down":{"uv":[0,0,0.75,0.5],"texture":"#2"}}},{"from":[9.25,1.25,6.5],"to":[10,1.75,7],"rotation":{"angle":0,"axis":"y","origin":[9.5,7.25,6.75]},"faces":{"north":{"uv":[0,0,0.75,0.5],"texture":"#2"},"east":{"uv":[0,0,0.5,0.5],"texture":"#2"},"south":{"uv":[0,0,0.75,0.5],"texture":"#2"},"west":{"uv":[0,0,0.5,0.5],"texture":"#2"},"up":{"uv":[0,0,0.75,0.5],"texture":"#2"},"down":{"uv":[0,0,0.75,0.5],"texture":"#2"}}},{"from":[7.75,1.5,7.75],"to":[8.5,2,8.25],"rotation":{"angle":0,"axis":"y","origin":[8,7.5,8]},"faces":{"north":{"uv":[0,0,0.75,0.5],"texture":"#2"},"east":{"uv":[0,0,0.5,0.5],"texture":"#2"},"south":{"uv":[0,0,0.75,0.5],"texture":"#2"},"west":{"uv":[0,0,0.5,0.5],"texture":"#2"},"up":{"uv":[0,0,0.75,0.5],"texture":"#2"},"down":{"uv":[0,0,0.75,0.5],"texture":"#2"}}},{"from":[10,1.25,6.6],"to":[10.5,1.75,7.1],"rotation":{"angle":0,"axis":"y","origin":[9.5,7.25,6.5]},"faces":{"north":{"uv":[0,0,0.5,0.5],"texture":"#2"},"east":{"uv":[0,0,0.5,0.5],"texture":"#2"},"south":{"uv":[0,0,0.5,0.5],"texture":"#2"},"west":{"uv":[0,0,0.5,0.5],"texture":"#2"},"up":{"uv":[0,0,0.5,0.5],"texture":"#2"},"down":{"uv":[0,0,0.5,0.5],"texture":"#2"}}},{"from":[8.5,1.5,7.85],"to":[9,2,8.35],"rotation":{"angle":0,"axis":"y","origin":[8,7.5,7.75]},"faces":{"north":{"uv":[0,0,0.5,0.5],"texture":"#2"},"east":{"uv":[0,0,0.5,0.5],"texture":"#2"},"south":{"uv":[0,0,0.5,0.5],"texture":"#2"},"west":{"uv":[0,0,0.5,0.5],"texture":"#2"},"up":{"uv":[0,0,0.5,0.5],"texture":"#2"},"down":{"uv":[0,0,0.5,0.5],"texture":"#2"}}},{"from":[7.4,1.275,6.375],"to":[8.35,1.525,6.625],"rotation":{"angle":0,"axis":"y","origin":[9.65,7.25026,6.74974]},"faces":{"north":{"uv":[0,0,0.95,0.25],"texture":"#2"},"south":{"uv":[0,0,0.95,0.25],"texture":"#2"},"west":{"uv":[0,0,0.25,0.25],"texture":"#2"},"up":{"uv":[0,0,0.95,0.25],"texture":"#2"},"down":{"uv":[0,0,0.95,0.25],"texture":"#2"}}},{"from":[5.9,1.525,7.625],"to":[6.85,1.775,7.875],"rotation":{"angle":0,"axis":"y","origin":[8.15,7.50026,7.99974]},"faces":{"north":{"uv":[0,0,0.95,0.25],"texture":"#2"},"south":{"uv":[0,0,0.95,0.25],"texture":"#2"},"west":{"uv":[0,0,0.25,0.25],"texture":"#2"},"up":{"uv":[0,0,0.95,0.25],"texture":"#2"},"down":{"uv":[0,0,0.95,0.25],"texture":"#2"}}},{"from":[10.15,1.375,6.725],"to":[10.6,1.625,6.975],"rotation":{"angle":0,"axis":"y","origin":[9.65,7.25026,6.49974]},"faces":{"north":{"uv":[0,0,0.45,0.25],"texture":"#2"},"east":{"uv":[0,0,0.25,0.25],"texture":"#2"},"south":{"uv":[0,0,0.45,0.25],"texture":"#2"},"up":{"uv":[0,0,0.45,0.25],"texture":"#2"}}},{"from":[8.65,1.625,7.975],"to":[9.1,1.875,8.225],"rotation":{"angle":0,"axis":"y","origin":[8.15,7.50026,7.74974]},"faces":{"north":{"uv":[0,0,0.45,0.25],"texture":"#2"},"east":{"uv":[0,0,0.25,0.25],"texture":"#2"},"south":{"uv":[0,0,0.45,0.25],"texture":"#2"},"up":{"uv":[0,0,0.45,0.25],"texture":"#2"},"down":{"uv":[0,0,0.45,0.25],"texture":"#2"}}},{"from":[7.65,1.525,8.625],"to":[8.6,1.775,8.875],"rotation":{"angle":0,"axis":"y","origin":[6.35,7.50026,8.99974]},"faces":{"north":{"uv":[0.95,0,1.9,0.25],"texture":"#2"},"east":{"uv":[0.25,0,0.5,0.25],"texture":"#2"},"south":{"uv":[0.95,0,1.9,0.25],"texture":"#2"},"up":{"uv":[0.95,0,1.9,0.25],"texture":"#2"},"down":{"uv":[0.95,0,1.9,0.25],"texture":"#2"}}},{"from":[5.5,1.5,8.85],"to":[6,2,9.35],"rotation":{"angle":0,"axis":"y","origin":[6.5,7.5,8.75]},"faces":{"north":{"uv":[0.5,0,1,0.5],"texture":"#2"},"east":{"uv":[0.5,0,1,0.5],"texture":"#2"},"south":{"uv":[0.5,0,1,0.5],"texture":"#2"},"west":{"uv":[0.5,0,1,0.5],"texture":"#2"},"up":{"uv":[0.5,0,1,0.5],"texture":"#2"},"down":{"uv":[0.5,0,1,0.5],"texture":"#2"}}},{"from":[6,1.5,8.75],"to":[6.75,2,9.25],"rotation":{"angle":0,"axis":"y","origin":[6.5,7.5,9]},"faces":{"north":{"uv":[0.75,0,1.5,0.5],"texture":"#2"},"east":{"uv":[0.5,0,1,0.5],"texture":"#2"},"south":{"uv":[0.75,0,1.5,0.5],"texture":"#2"},"west":{"uv":[0.5,0,1,0.5],"texture":"#2"},"up":{"uv":[0.75,0,1.5,0.5],"texture":"#2"},"down":{"uv":[0.75,0,1.5,0.5],"texture":"#2"}}},{"from":[6.75,1.4,8.625],"to":[7.5,1.9,9.125],"rotation":{"angle":0,"axis":"y","origin":[6.5,7.5,9]},"faces":{"north":{"uv":[0.75,0,1.5,0.5],"texture":"#2"},"east":{"uv":[0.5,0,1,0.5],"texture":"#2"},"south":{"uv":[0.75,0,1.5,0.5],"texture":"#2"},"west":{"uv":[0.5,0,1,0.5],"texture":"#2"},"up":{"uv":[0.75,0,1.5,0.5],"texture":"#2"},"down":{"uv":[0.75,0,1.5,0.5],"texture":"#2"}}},{"from":[7.5,1.4,8.5],"to":[8.5,1.9,9],"rotation":{"angle":0,"axis":"y","origin":[6.5,7.5,9]},"faces":{"north":{"uv":[1,0,2,0.5],"texture":"#2"},"east":{"uv":[0.5,0,1,0.5],"texture":"#2"},"south":{"uv":[1,0,2,0.5],"texture":"#2"},"west":{"uv":[0.5,0,1,0.5],"texture":"#2"},"up":{"uv":[1,0,2,0.5],"texture":"#2"},"down":{"uv":[1,0,2,0.5],"texture":"#2"}}},{"from":[5.4,1.625,8.975],"to":[5.85,1.875,9.225],"rotation":{"angle":0,"axis":"y","origin":[6.35,7.50026,8.74974]},"faces":{"north":{"uv":[0.45,0,0.9,0.25],"texture":"#2"},"south":{"uv":[0.45,0,0.9,0.25],"texture":"#2"},"west":{"uv":[0.25,0,0.5,0.25],"texture":"#2"},"up":{"uv":[0.45,0,0.9,0.25],"texture":"#2"},"down":{"uv":[0.45,0,0.9,0.25],"texture":"#2"}}},{"from":[6.11419,0.73982,6.08179],"to":[7.36419,1.48982,6.83179],"rotation":{"angle":-22.5,"axis":"x","origin":[8.23639,1.37896,5.96075]},"faces":{"north":{"uv":[11,1,12,2],"rotation":180,"texture":"#3"},"east":{"uv":[11,1,12,2],"rotation":270,"texture":"#3"},"south":{"uv":[11,1,12,2],"texture":"#3"},"west":{"uv":[11,1,12,2],"rotation":90,"texture":"#3"},"up":{"uv":[11,1,12,2],"rotation":180,"texture":"#3"},"down":{"uv":[11,1,12,2],"texture":"#3"}}},{"from":[8.75,1,9],"to":[10,1.75,9.75],"rotation":{"angle":22.5,"axis":"y","origin":[7.5096,2.49914,7.99126]},"faces":{"north":{"uv":[11,1,12,2],"texture":"#3"},"east":{"uv":[11,1,12,2],"texture":"#3"},"south":{"uv":[11,1,12,2],"texture":"#3"},"west":{"uv":[11,1,12,2],"texture":"#3"},"up":{"uv":[11,1,12,2],"texture":"#3"},"down":{"uv":[11,1,12,2],"texture":"#3"}}},{"from":[6.86338,1,9.32275],"to":[8.11338,1.75,10.07275],"rotation":{"angle":-22.5,"axis":"y","origin":[7.00501,1.62028,9.69447]},"faces":{"north":{"uv":[11,1,12,2],"texture":"#3"},"east":{"uv":[11,1,12,2],"texture":"#3"},"south":{"uv":[11,1,12,2],"texture":"#3"},"west":{"uv":[11,1,12,2],"texture":"#3"},"up":{"uv":[11,1,12,2],"texture":"#3"},"down":{"uv":[11,1,12,2],"texture":"#3"}}}],"display":{"thirdperson_righthand":{"rotation":[69,10,4],"translation":[-1.5,4.75,5.5],"scale":[0.9,0.9,0.9]},"thirdperson_lefthand":{"rotation":[69,10,4],"translation":[-1.5,4.75,5.5],"scale":[0.9,0.9,0.9]},"firstperson_righthand":{"rotation":[7,10,4],"translation":[-4,8,3.5],"scale":[0.8,0.8,0.8]},"firstperson_lefthand":{"rotation":[7,10,4],"translation":[-4,8,3.5],"scale":[0.8,0.8,0.8]},"ground":{"translation":[0,4,0]},"gui":{"rotation":[28,-135,0],"translation":[0,5.25,0],"scale":[1.43,1.43,1.43]},"head":{"scale":[2,2,2]},"fixed":{"rotation":[-90,-29,0],"translation":[0,0,-11],"scale":[1.4,1.4,1.4]}},"groups":[{"name":"Choux","origin":[8,8,8],"color":0,"children":[0,1,2,3,4,5,6,7,8,9,10,11,12,13,14,15,16,17,18,19,20,21,22,23,24,25,26,27,28,29,30,31,32,33,34,35,36,37,38,39,40,41,42,43,44,45,46,47,48,49,50,51,52,53,54,55,56,57,58,59,60,61,62,63,64,65,66,67,68,69,70,71]},{"name":"Saladier","origin":[8,8,8],"color":0,"children":[72,73,74,75,76,77,78,79,80,81,82,83,84,85,86,87,88,89,90,91,92]},{"name":"Saucisses","origin":[8.15,7.50026,7.74974],"color":0,"children":[93,94,95,96,97,98,99,100,101,102,103,104,105,106,107,108,109,110]},{"name":"Patates","origin":[7.00501,1.62028,9.69447],"color":0,"children":[111,112,113]}]}