{"credit":"Made with Blockbench by Valvac","textures":{"0":"block/white_stained_glass","1":"block/red_wool","particle":"block/white_stained_glass"},"elements":[{"from":[5.5,10,11.5],"to":[6.5,11.5,12.5],"faces":{"south":{"uv":[1.5,0,2.5,1.5],"texture":"#0"},"west":{"uv":[1,0,2,1.5],"texture":"#0"},"down":{"uv":[1.5,0,2.5,1],"texture":"#0"}}},{"from":[6.5,10,5],"to":[9.5,11.5,6],"faces":{"north":{"uv":[0,0,3,1.5],"texture":"#0"},"east":{"uv":[0,0,1,1.5],"texture":"#0"},"west":{"uv":[0,0,1,1.5],"texture":"#0"},"down":{"uv":[0,0,3,1],"texture":"#0"}}},{"from":[9.5,10,5.5],"to":[10.5,11.5,6.5],"faces":{"north":{"uv":[0,0,1,1.5],"texture":"#0"},"east":{"uv":[0,0,1,1.5],"texture":"#0"},"down":{"uv":[0,0,1,1],"texture":"#0"}}},{"from":[6.5,10,12],"to":[9.5,11.5,13],"faces":{"east":{"uv":[0,0,1,1.5],"texture":"#0"},"south":{"uv":[0,0,3,1.5],"texture":"#0"},"west":{"uv":[0,0,1,1.5],"texture":"#0"},"down":{"uv":[0,0,3,1],"texture":"#0"}}},{"from":[10.5,10,10.5],"to":[11.5,11.5,11.5],"faces":{"east":{"uv":[0,0,1,1.5],"texture":"#0"},"south":{"uv":[0,0,1,1.5],"texture":"#0"},"down":{"uv":[0,0,1,1],"texture":"#0"}}},{"from":[11,10,7.5],"to":[12,11.5,10.5],"faces":{"north":{"uv":[0,0,1,1.5],"texture":"#0"},"east":{"uv":[0,0,3,1.5],"texture":"#0"},"south":{"uv":[0,0,1,1.5],"texture":"#0"},"down":{"uv":[0,0,1,3],"texture":"#0"}}},{"from":[10.5,10,6.5],"to":[11.5,11.5,7.5],"faces":{"north":{"uv":[0,0,1,1.5],"texture":"#0"},"east":{"uv":[0,0,1,1.5],"texture":"#0"},"down":{"uv":[0,0,1,1],"texture":"#0"}}},{"from":[9.5,10,11.5],"to":[10.5,11.5,12.5],"faces":{"east":{"uv":[0,0,1,1.5],"texture":"#0"},"south":{"uv":[0,0,1,1.5],"texture":"#0"},"down":{"uv":[0,0,1,1],"texture":"#0"}}},{"from":[5.5,10,5.5],"to":[6.5,11.5,6.5],"faces":{"north":{"uv":[1.5,0,2.5,1.5],"texture":"#0"},"west":{"uv":[1,0,2,1.5],"texture":"#0"},"down":{"uv":[1.5,0,2.5,1],"texture":"#0"}}},{"from":[4.5,10,6.5],"to":[5.5,11.5,7.5],"faces":{"north":{"uv":[1,0,2,1.5],"texture":"#0"},"west":{"uv":[1.5,0,2.5,1.5],"texture":"#0"},"down":{"uv":[1,0,2,1],"texture":"#0"}}},{"from":[4,10,7.5],"to":[5,11.5,10.5],"faces":{"north":{"uv":[1,0,2,1.5],"texture":"#0"},"south":{"uv":[1,0,2,1.5],"texture":"#0"},"west":{"uv":[3,0,6,1.5],"texture":"#0"},"down":{"uv":[1,0,2,3],"texture":"#0"}}},{"from":[4.5,10,10.5],"to":[5.5,11.5,11.5],"faces":{"south":{"uv":[1,0,2,1.5],"texture":"#0"},"west":{"uv":[1.5,0,2.5,1.5],"texture":"#0"},"down":{"uv":[1,0,2,1],"texture":"#0"}}},{"from":[5,10,6],"to":[5.5,11.5,6.5],"faces":{"north":{"uv":[1,0,1.5,1.5],"texture":"#0"},"west":{"uv":[1.5,0,2,1.5],"texture":"#0"},"down":{"uv":[1,0,1.5,0.5],"texture":"#0"}}},{"from":[10.5,10,6],"to":[11,11.5,6.5],"faces":{"north":{"uv":[1,0,1.5,1.5],"texture":"#0"},"east":{"uv":[1.5,0,2,1.5],"texture":"#0"},"down":{"uv":[1,0,1.5,0.5],"texture":"#0"}}},{"from":[10.5,10,11.5],"to":[11,11.5,12],"faces":{"east":{"uv":[1.5,0,2,1.5],"texture":"#0"},"south":{"uv":[1,0,1.5,1.5],"texture":"#0"},"down":{"uv":[1,0,1.5,0.5],"texture":"#0"}}},{"from":[6.5,11.5,4.5],"to":[9.5,14,5.5],"faces":{"north":{"uv":[0,0,3,2.5],"texture":"#0"},"east":{"uv":[0,0,1,2.5],"texture":"#0"},"south":{"uv":[0,0,3,2.5],"texture":"#0"},"west":{"uv":[0,0,1,2.5],"texture":"#0"},"up":{"uv":[0,0,3,1],"texture":"#0"},"down":{"uv":[0,0,3,1],"texture":"#0"}}},{"from":[5,11.5,12],"to":[6.5,14,13],"faces":{"north":{"uv":[1.5,0,3,2.5],"texture":"#0"},"east":{"uv":[1,0,2,2.5],"texture":"#0"},"south":{"uv":[1.5,0,3,2.5],"texture":"#0"},"west":{"uv":[1,0,2,2.5],"texture":"#0"},"up":{"uv":[1.5,0,3,1],"texture":"#0"},"down":{"uv":[1.5,0,3,1],"texture":"#0"}}},{"from":[9.5,11.5,5],"to":[11,14,6],"faces":{"north":{"uv":[0,0,1.5,2.5],"texture":"#0"},"east":{"uv":[0,0,1,2.5],"texture":"#0"},"south":{"uv":[0,0,1.5,2.5],"texture":"#0"},"west":{"uv":[0,0,1,2.5],"texture":"#0"},"up":{"uv":[0,0,1.5,1],"texture":"#0"},"down":{"uv":[0,0,1.5,1],"texture":"#0"}}},{"from":[6.5,11.5,12.5],"to":[9.5,14,13.5],"faces":{"north":{"uv":[0,0,3,2.5],"texture":"#0"},"east":{"uv":[0,0,1,2.5],"texture":"#0"},"south":{"uv":[0,0,3,2.5],"texture":"#0"},"west":{"uv":[0,0,1,2.5],"texture":"#0"},"up":{"uv":[0,0,3,1],"texture":"#0"},"down":{"uv":[0,0,3,1],"texture":"#0"}}},{"from":[11,11.5,10.5],"to":[12,14,12],"faces":{"north":{"uv":[0,0,1,2.5],"texture":"#0"},"east":{"uv":[0,0,1.5,2.5],"texture":"#0"},"south":{"uv":[0,0,1,2.5],"texture":"#0"},"west":{"uv":[0,0,1.5,2.5],"texture":"#0"},"up":{"uv":[0,0,1,1.5],"texture":"#0"},"down":{"uv":[0,0,1,1.5],"texture":"#0"}}},{"from":[11.5,11.5,7.5],"to":[12.5,14,10.5],"faces":{"north":{"uv":[0,0,1,2.5],"texture":"#0"},"east":{"uv":[0,0,3,2.5],"texture":"#0"},"south":{"uv":[0,0,1,2.5],"texture":"#0"},"west":{"uv":[0,0,3,2.5],"texture":"#0"},"up":{"uv":[0,0,1,3],"texture":"#0"},"down":{"uv":[0,0,1,3],"texture":"#0"}}},{"from":[11,11.5,6],"to":[12,14,7.5],"faces":{"north":{"uv":[0,0,1,2.5],"texture":"#0"},"east":{"uv":[0,0,1.5,2.5],"texture":"#0"},"south":{"uv":[0,0,1,2.5],"texture":"#0"},"west":{"uv":[0,0,1.5,2.5],"texture":"#0"},"up":{"uv":[0,0,1,1.5],"texture":"#0"},"down":{"uv":[0,0,1,1.5],"texture":"#0"}}},{"from":[9.5,11.5,12],"to":[11,14,13],"faces":{"north":{"uv":[0,0,1.5,2.5],"texture":"#0"},"east":{"uv":[0,0,1,2.5],"texture":"#0"},"south":{"uv":[0,0,1.5,2.5],"texture":"#0"},"west":{"uv":[0,0,1,2.5],"texture":"#0"},"up":{"uv":[0,0,1.5,1],"texture":"#0"},"down":{"uv":[0,0,1.5,1],"texture":"#0"}}},{"from":[5,11.5,5],"to":[6.5,14,6],"faces":{"north":{"uv":[1.5,0,3,2.5],"texture":"#0"},"east":{"uv":[1,0,2,2.5],"texture":"#0"},"south":{"uv":[1.5,0,3,2.5],"texture":"#0"},"west":{"uv":[1,0,2,2.5],"texture":"#0"},"up":{"uv":[1.5,0,3,1],"texture":"#0"},"down":{"uv":[1.5,0,3,1],"texture":"#0"}}},{"from":[4,11.5,6],"to":[5,14,7.5],"faces":{"north":{"uv":[1,0,2,2.5],"texture":"#0"},"east":{"uv":[1.5,0,3,2.5],"texture":"#0"},"south":{"uv":[1,0,2,2.5],"texture":"#0"},"west":{"uv":[1.5,0,3,2.5],"texture":"#0"},"up":{"uv":[1,0,2,1.5],"texture":"#0"},"down":{"uv":[1,0,2,1.5],"texture":"#0"}}},{"from":[3.5,11.5,7.5],"to":[4.5,14,10.5],"faces":{"north":{"uv":[1,0,2,2.5],"texture":"#0"},"east":{"uv":[3,0,6,2.5],"texture":"#0"},"south":{"uv":[1,0,2,2.5],"texture":"#0"},"west":{"uv":[3,0,6,2.5],"texture":"#0"},"up":{"uv":[1,0,2,3],"texture":"#0"},"down":{"uv":[1,0,2,3],"texture":"#0"}}},{"from":[4,11.5,10.5],"to":[5,14,12],"faces":{"north":{"uv":[1,0,2,2.5],"texture":"#0"},"east":{"uv":[1.5,0,3,2.5],"texture":"#0"},"south":{"uv":[1,0,2,2.5],"texture":"#0"},"west":{"uv":[1.5,0,3,2.5],"texture":"#0"},"up":{"uv":[1,0,2,1.5],"texture":"#0"},"down":{"uv":[1,0,2,1.5],"texture":"#0"}}},{"from":[5,10,11.5],"to":[5.5,11.5,12],"faces":{"south":{"uv":[1,0,1.5,1.5],"texture":"#0"},"west":{"uv":[1.5,0,2,1.5],"texture":"#0"},"down":{"uv":[1,0,1.5,0.5],"texture":"#0"}}},{"from":[6.5,8.5,6],"to":[9.5,10,7],"faces":{"north":{"uv":[0,0,3,1.5],"texture":"#0"},"east":{"uv":[0,0,1,1.5],"texture":"#0"},"west":{"uv":[0,0,1,1.5],"texture":"#0"},"down":{"uv":[0,0,3,1],"texture":"#0"}}},{"from":[6.5,8.5,11.5],"to":[9.5,10,12.5],"faces":{"north":{"uv":[0,0,3,1.5],"texture":"#1"},"east":{"uv":[0,0,1,1.5],"texture":"#0"},"south":{"uv":[0,0,3,1.5],"texture":"#0"},"west":{"uv":[0,0,1,1.5],"texture":"#0"},"down":{"uv":[0,0,3,1],"texture":"#0"}}},{"from":[10,8.5,7.5],"to":[11,10,10.5],"faces":{"north":{"uv":[0,0,1,1.5],"texture":"#0"},"east":{"uv":[0,0,3,1.5],"texture":"#0"},"south":{"uv":[0,0,1,1.5],"texture":"#0"},"west":{"uv":[0,0,3,1.5],"texture":"#0"},"down":{"uv":[0,0,1,3],"texture":"#0"}}},{"from":[5,8.5,7.5],"to":[6,10,10.5],"faces":{"north":{"uv":[1,0,2,1.5],"texture":"#0"},"east":{"uv":[3,0,6,1.5],"texture":"#0"},"south":{"uv":[1,0,2,1.5],"texture":"#0"},"west":{"uv":[3,0,6,1.5],"texture":"#0"},"down":{"uv":[1,0,2,3],"texture":"#0"}}},{"from":[5.5,8.5,6.5],"to":[6.5,10,7.5],"faces":{"north":{"uv":[1,0,2,1.5],"texture":"#0"},"south":{"uv":[1,0,2,1.5],"texture":"#0"},"west":{"uv":[1.5,0,2.5,1.5],"texture":"#0"},"down":{"uv":[1,0,2,1],"texture":"#0"}}},{"from":[9.5,8.5,6.5],"to":[10.5,10,7.5],"faces":{"north":{"uv":[1,0,2,1.5],"texture":"#0"},"east":{"uv":[1.5,0,2.5,1.5],"texture":"#0"},"south":{"uv":[1,0,2,1.5],"texture":"#0"},"down":{"uv":[1,0,2,1],"texture":"#0"}}},{"from":[9.5,8.5,10.5],"to":[10.5,10,11.5],"faces":{"north":{"uv":[1,0,2,1.5],"texture":"#0"},"east":{"uv":[1.5,0,2.5,1.5],"texture":"#0"},"south":{"uv":[1,0,2,1.5],"texture":"#0"},"west":{"uv":[1.5,0,2.5,1.5],"texture":"#0"},"down":{"uv":[1,0,2,1],"texture":"#0"}}},{"from":[5.5,8.5,10.5],"to":[6.5,10,11.5],"faces":{"north":{"uv":[1,0,2,1.5],"texture":"#0"},"east":{"uv":[1.5,0,2.5,1.5],"texture":"#0"},"south":{"uv":[1,0,2,1.5],"texture":"#0"},"west":{"uv":[1.5,0,2.5,1.5],"texture":"#0"},"down":{"uv":[1,0,2,1],"texture":"#0"}}},{"from":[5.5,7.5,7.5],"to":[6.5,8.5,10.5],"faces":{"north":{"uv":[1,0,2,1],"texture":"#0"},"south":{"uv":[1,0,2,1],"texture":"#0"},"west":{"uv":[3,0,6,1],"texture":"#0"},"up":{"uv":[1,0,2,3],"texture":"#0"},"down":{"uv":[1,0,2,3],"texture":"#0"}}},{"from":[6.5,7.5,6.5],"to":[9.5,8.5,7.5],"faces":{"north":{"uv":[0,0,3,1],"texture":"#0"},"east":{"uv":[0,0,1,1],"texture":"#0"},"west":{"uv":[0,0,1,1],"texture":"#0"},"down":{"uv":[0,0,3,1],"texture":"#0"}}},{"from":[6.5,7.5,10.5],"to":[9.5,8.5,11.5],"faces":{"east":{"uv":[0,0,1,1],"texture":"#0"},"south":{"uv":[0,0,3,1],"texture":"#0"},"west":{"uv":[0,0,1,1],"texture":"#0"},"up":{"uv":[0,0,3,1],"texture":"#0"},"down":{"uv":[0,0,3,1],"texture":"#0"}}},{"from":[9.5,7.5,7.5],"to":[10.5,8.5,10.5],"faces":{"north":{"uv":[0,0,1,1],"texture":"#0"},"east":{"uv":[0,0,3,1],"texture":"#0"},"south":{"uv":[0,0,1,1],"texture":"#0"},"up":{"uv":[0,0,1,3],"texture":"#0"},"down":{"uv":[0,0,1,3],"texture":"#0"}}},{"from":[6.5,6.5,7.5],"to":[9.5,7.5,10.5],"faces":{"north":{"uv":[0,0,3,1],"texture":"#0"},"east":{"uv":[0,0,3,1],"texture":"#0"},"south":{"uv":[0,0,3,1],"texture":"#0"},"west":{"uv":[0,0,3,1],"texture":"#0"},"down":{"uv":[0,0,3,3],"texture":"#0"}}},{"from":[7.5,0.5,8.5],"to":[8.5,6.5,9.5],"faces":{"north":{"uv":[0,0,1,6],"texture":"#0"},"east":{"uv":[0,0,1,6],"texture":"#0"},"south":{"uv":[0,0,1,6],"texture":"#0"},"west":{"uv":[0,0,1,6],"texture":"#0"}}},{"from":[7,0,6],"to":[9,0.5,12],"faces":{"north":{"uv":[0,0,2,0.5],"texture":"#0"},"east":{"uv":[0,0,6,0.5],"texture":"#0"},"south":{"uv":[0,0,2,0.5],"texture":"#0"},"west":{"uv":[0,0,6,0.5],"texture":"#0"},"up":{"uv":[0,0,2,6],"texture":"#0"},"down":{"uv":[0,0,2,6],"texture":"#0"}}},{"from":[9,0,7],"to":[10.5,0.5,11],"faces":{"north":{"uv":[0,0,1.5,0.5],"texture":"#0"},"east":{"uv":[0,0,4,0.5],"texture":"#0"},"south":{"uv":[0,0,1.5,0.5],"texture":"#0"},"up":{"uv":[0,0,1.5,4],"texture":"#0"},"down":{"uv":[0,0,1.5,4],"texture":"#0"}}},{"from":[5.5,0,7],"to":[7,0.5,11],"faces":{"north":{"uv":[0,0,1.5,0.5],"texture":"#0"},"south":{"uv":[0,0,1.5,0.5],"texture":"#0"},"west":{"uv":[0,0,4,0.5],"texture":"#0"},"up":{"uv":[0,0,1.5,4],"texture":"#0"},"down":{"uv":[0,0,1.5,4],"texture":"#0"}}},{"from":[7,0.5,8],"to":[9,1,10],"faces":{"north":{"uv":[0,0,2,0.5],"texture":"#0"},"east":{"uv":[0,0,2,0.5],"texture":"#0"},"south":{"uv":[0,0,2,0.5],"texture":"#0"},"west":{"uv":[0,0,2,0.5],"texture":"#0"},"up":{"uv":[0,0,2,2],"texture":"#0"}}},{"from":[6,0,11],"to":[7,0.5,11.5],"faces":{"south":{"uv":[0,0,1,0.5],"texture":"#0"},"west":{"uv":[0,0,0.5,0.5],"texture":"#0"},"up":{"uv":[0,0,1,0.5],"texture":"#0"},"down":{"uv":[0,0,1,0.5],"texture":"#0"}}},{"from":[9,0,11],"to":[10,0.5,11.5],"faces":{"east":{"uv":[0,0,0.5,0.5],"texture":"#0"},"south":{"uv":[0,0,1,0.5],"texture":"#0"},"up":{"uv":[0,0,1,0.5],"texture":"#0"},"down":{"uv":[0,0,1,0.5],"texture":"#0"}}},{"from":[9,0,6.5],"to":[10,0.5,7],"faces":{"north":{"uv":[0,0,1,0.5],"texture":"#0"},"east":{"uv":[0,0,0.5,0.5],"texture":"#0"},"up":{"uv":[0,0,1,0.5],"texture":"#0"},"down":{"uv":[0,0,1,0.5],"texture":"#0"}}},{"from":[6,0,6.5],"to":[7,0.5,7],"faces":{"north":{"uv":[0,0,1,0.5],"texture":"#0"},"west":{"uv":[0,0,0.5,0.5],"texture":"#0"},"up":{"uv":[0,0,1,0.5],"texture":"#0"},"down":{"uv":[0,0,1,0.5],"texture":"#0"}}},{"from":[10.5,0,8],"to":[11,0.5,10],"faces":{"north":{"uv":[0,0,0.5,0.5],"texture":"#0"},"east":{"uv":[0,0,2,0.5],"texture":"#0"},"south":{"uv":[0,0,0.5,0.5],"texture":"#0"},"up":{"uv":[0,0,0.5,2],"texture":"#0"},"down":{"uv":[0,0,0.5,2],"texture":"#0"}}},{"from":[5,0,8],"to":[5.5,0.5,10],"faces":{"north":{"uv":[0,0,0.5,0.5],"texture":"#0"},"south":{"uv":[0,0,0.5,0.5],"texture":"#0"},"west":{"uv":[0,0,2,0.5],"texture":"#0"},"up":{"uv":[0,0,0.5,2],"texture":"#0"},"down":{"uv":[0,0,0.5,2],"texture":"#0"}}},{"from":[7.5,0.5,10],"to":[8.5,1,10.5],"faces":{"east":{"uv":[0,0,0.5,0.5],"texture":"#0"},"south":{"uv":[0,0,1,0.5],"texture":"#0"},"west":{"uv":[0,0,0.5,0.5],"texture":"#0"},"up":{"uv":[0,0,1,0.5],"texture":"#0"}}},{"from":[7.5,0.5,7.5],"to":[8.5,1,8],"faces":{"north":{"uv":[0,0,1,0.5],"texture":"#0"},"east":{"uv":[0,0,0.5,0.5],"texture":"#0"},"west":{"uv":[0,0,0.5,0.5],"texture":"#0"},"up":{"uv":[0,0,1,0.5],"texture":"#0"}}},{"from":[9,0.5,8.5],"to":[9.5,1,9.5],"faces":{"north":{"uv":[0,0,0.5,0.5],"texture":"#0"},"east":{"uv":[0,0,1,0.5],"texture":"#0"},"south":{"uv":[0,0,0.5,0.5],"texture":"#0"},"up":{"uv":[0,0,0.5,1],"texture":"#0"}}},{"from":[6.5,0.5,8.5],"to":[7,1,9.5],"faces":{"north":{"uv":[0,0,0.5,0.5],"texture":"#0"},"south":{"uv":[0,0,0.5,0.5],"texture":"#0"},"west":{"uv":[0,0,1,0.5],"texture":"#0"},"up":{"uv":[0,0,0.5,1],"texture":"#0"}}},{"from":[6,9,7.5],"to":[6.5,13,9],"faces":{"up":{"uv":[0,0,0.5,1.5],"texture":"#1"},"down":{"uv":[0,0,0.5,1.5],"texture":"#1"}}},{"from":[5,10,7.5],"to":[6,13,9],"faces":{"up":{"uv":[0,0,1,1.5],"texture":"#1"}}},{"from":[4.5,11.5,7.5],"to":[5,13,9],"faces":{"up":{"uv":[0,0,0.5,1.5],"texture":"#1"}}},{"from":[5,11.5,6],"to":[5.5,13,7.5],"faces":{"up":{"uv":[0,0,0.5,1.5],"texture":"#1"}}},{"from":[5.5,11.5,6],"to":[6.5,13,6.5],"faces":{"up":{"uv":[0,0,1,0.5],"texture":"#1"}}},{"from":[6.5,11.5,5.5],"to":[9.5,13,6],"faces":{"up":{"uv":[0,0,3,0.5],"texture":"#1"}}},{"from":[5.5,10,6.5],"to":[6.5,13,7.5],"faces":{"up":{"uv":[0,0,1,1],"texture":"#1"}}},{"from":[6.5,10,6],"to":[9.5,13,7],"faces":{"up":{"uv":[0,0,3,1],"texture":"#1"}}},{"from":[6.5,8.5,7],"to":[9.5,13,7.5],"faces":{"up":{"uv":[0,0,3,0.5],"texture":"#1"}}},{"from":[9.5,9,7.5],"to":[10,13,9],"faces":{"up":{"uv":[0,0,0.5,1.5],"texture":"#1"},"down":{"uv":[0,0,0.5,1.5],"texture":"#1"}}},{"from":[10,10,7.5],"to":[11,13,9],"faces":{"up":{"uv":[0,0,1,1.5],"texture":"#1"}}},{"from":[11,11.5,7.5],"to":[11.5,13,9],"faces":{"up":{"uv":[0,0,0.5,1.5],"texture":"#1"}}},{"from":[9.5,10,6.5],"to":[10.5,13,7.5],"faces":{"up":{"uv":[0,0,1,1],"texture":"#1"}}},{"from":[10.5,11.5,6],"to":[11,13,7.5],"faces":{"up":{"uv":[0,0,0.5,1.5],"texture":"#1"}}},{"from":[9.5,11.5,6],"to":[10.5,13,6.5],"faces":{"up":{"uv":[0,0,1,0.5],"texture":"#1"}}},{"from":[9.5,9,9],"to":[10,13,10.5],"faces":{"up":{"uv":[0,0,0.5,1.5],"rotation":180,"texture":"#1"},"down":{"uv":[0,0,0.5,1.5],"rotation":180,"texture":"#1"}}},{"from":[10,10,9],"to":[11,13,10.5],"faces":{"up":{"uv":[0,0,1,1.5],"rotation":180,"texture":"#1"}}},{"from":[11,11.5,9],"to":[11.5,13,10.5],"faces":{"up":{"uv":[0,0,0.5,1.5],"rotation":180,"texture":"#1"}}},{"from":[10.5,11.5,10.5],"to":[11,13,12],"faces":{"up":{"uv":[0,0,0.5,1.5],"rotation":180,"texture":"#1"}}},{"from":[9.5,11.5,11.5],"to":[10.5,13,12],"faces":{"up":{"uv":[0,0,1,0.5],"rotation":180,"texture":"#1"}}},{"from":[6.5,11.5,12],"to":[9.5,13,12.5],"faces":{"up":{"uv":[0,0,3,0.5],"rotation":180,"texture":"#1"}}},{"from":[9.5,10,10.5],"to":[10.5,13,11.5],"faces":{"up":{"uv":[0,0,1,1],"rotation":180,"texture":"#1"}}},{"from":[6.5,10,11],"to":[9.5,13,12],"faces":{"up":{"uv":[0,0,3,1],"rotation":180,"texture":"#1"},"down":{"uv":[0,0,3,1],"rotation":180,"texture":"#1"}}},{"from":[6.5,8.5,10.5],"to":[9.5,13,11],"faces":{"south":{"uv":[0,0,3,4.5],"texture":"#1"},"up":{"uv":[0,0,3,0.5],"rotation":180,"texture":"#1"}}},{"from":[6,9,9],"to":[6.5,13,10.5],"faces":{"up":{"uv":[0,0,0.5,1.5],"rotation":180,"texture":"#1"},"down":{"uv":[0,0,0.5,1.5],"rotation":180,"texture":"#1"}}},{"from":[5,10,9],"to":[6,13,10.5],"faces":{"up":{"uv":[0,0,1,1.5],"rotation":180,"texture":"#1"}}},{"from":[4.5,11.5,9],"to":[5,13,10.5],"faces":{"up":{"uv":[0,0,0.5,1.5],"rotation":180,"texture":"#1"}}},{"from":[5.5,10,10.5],"to":[6.5,13,11.5],"faces":{"up":{"uv":[0,0,1,1],"rotation":180,"texture":"#1"}}},{"from":[5,11.5,10.5],"to":[5.5,13,12],"faces":{"up":{"uv":[0,0,0.5,1.5],"rotation":180,"texture":"#1"}}},{"from":[5.5,11.5,11.5],"to":[6.5,13,12],"faces":{"up":{"uv":[0,0,1,0.5],"rotation":180,"texture":"#1"}}},{"from":[6.5,7.5,7.5],"to":[9.5,13,9],"faces":{"east":{"uv":[0,0,1.5,5.5],"texture":"#1"},"west":{"uv":[0,0,1.5,5.5],"texture":"#1"},"up":{"uv":[0,0,3,1.5],"texture":"#1"}}},{"from":[6.5,7.5,9],"to":[9.5,13,10.5],"faces":{"east":{"uv":[0,0,1.5,5.5],"texture":"#1"},"west":{"uv":[0,0,1.5,5.5],"texture":"#1"},"up":{"uv":[0,0,3,1.5],"texture":"#1"}}}],"display":{"thirdperson_righthand":{"rotation":[50,0,0],"translation":[-0.5,1.5,2],"scale":[0.5,0.5,0.5]},"thirdperson_lefthand":{"rotation":[50,0,0],"translation":[-0.5,1.5,2],"scale":[0.5,0.5,0.5]},"firstperson_righthand":{"rotation":[13,6,9],"translation":[-1,2.5,0],"scale":[0.8,0.8,0.8]},"firstperson_lefthand":{"rotation":[13,6,9],"translation":[-1,2.5,0],"scale":[0.8,0.8,0.8]},"ground":{"translation":[0,3.5,0],"scale":[0.8,0.8,0.8]},"gui":{"rotation":[25,41,0],"translation":[-0.5,0.75,0],"scale":[0.8,0.8,0.8]},"head":{"rotation":[-88,0,0],"translation":[0.45,-2,-1.5],"scale":[0.1,0.1,0.1]},"fixed":{"rotation":[-15,-135,0],"translation":[0,0.5,-2]}},"groups":[{"name":"VerreHaut","origin":[8,8,8],"color":0,"children":[0,1,2,3,4,5,6,7,8,9,10,11,12,13,14,15,16,17,18,19,20,21,22,23,24,25,26,27]},{"name":"VerreMilieu","origin":[8,8,8],"color":0,"children":[28,29,30,31,32,33,34,35]},{"name":"VerreBas","origin":[8,8,8],"color":0,"children":[36,37,38,39,40,41,42,43,44,45,46,47,48,49,50,51,52,53,54,55]},{"name":"Vin","origin":[8,8,8],"color":0,"children":[56,57,58,59,60,61,62,63,64,65,66,67,68,69,70,71,72,73,74,75,76,77,78,79,80,81,82,83,84,85,86,87]}]}