{"credit":"Made with Blockbench by Valvac","textures":{"0":"block/bone_block_top","1":"block/bone_block_side","4":"block/brown_terracotta","particle":"block/bone_block_top"},"elements":[{"from":[6,1,3],"to":[11,6,8],"faces":{"north":{"uv":[0,0,5,5],"texture":"#4"},"east":{"uv":[0,0,5,5],"texture":"#4"},"south":{"uv":[0,0,5,5],"texture":"#4"},"west":{"uv":[0,0,5,5],"texture":"#4"},"up":{"uv":[0,0,5,5],"texture":"#4"},"down":{"uv":[0,0,5,5],"texture":"#4"}}},{"from":[8,3,8],"to":[9,4,15],"faces":{"east":{"uv":[1,0,9,16],"texture":"#1"},"south":{"uv":[1,0,9,16],"texture":"#0"},"west":{"uv":[6,0,14,16],"texture":"#1"},"up":{"uv":[1,0,9,16],"texture":"#1"},"down":{"uv":[1,0,9,16],"texture":"#1"}}},{"from":[8,2.5,14.5],"to":[9,4.5,15.5],"rotation":{"angle":45,"axis":"z","origin":[8.5,3.5,15]},"faces":{"north":{"uv":[0,0,1,3],"texture":"#1"},"east":{"uv":[0,0,1,3],"texture":"#1"},"south":{"uv":[0,0,16,16],"texture":"#0"},"west":{"uv":[0,0,1,3],"texture":"#1"},"up":{"uv":[0,0,1,1],"texture":"#1"},"down":{"uv":[0,0,1,1],"texture":"#1"}}},{"from":[6.5,1.5,6],"to":[10.5,5.5,9.5],"faces":{"east":{"uv":[0,0,3.5,4],"texture":"#4"},"south":{"uv":[0,0,4,4],"texture":"#4"},"west":{"uv":[0,0,3.5,4],"texture":"#4"},"up":{"uv":[0,0,4,3.5],"texture":"#4"},"down":{"uv":[0,0,4,3.5],"texture":"#4"}}},{"from":[6.5,1.5,2],"to":[10.5,5.5,3],"faces":{"north":{"uv":[0,0,4,4],"texture":"#4"},"east":{"uv":[0,0,1,4],"texture":"#4"},"west":{"uv":[0,0,1,4],"texture":"#4"},"up":{"uv":[0,0,4,1],"texture":"#4"},"down":{"uv":[0,0,4,1],"texture":"#4"}}},{"from":[7,2,9.5],"to":[10,5,10.5],"faces":{"east":{"uv":[0,0,1,3],"texture":"#4"},"south":{"uv":[0,0,3,3],"texture":"#4"},"west":{"uv":[0,0,1,3],"texture":"#4"},"up":{"uv":[0,0,3,1],"texture":"#4"},"down":{"uv":[0,0,3,1],"texture":"#4"}}},{"from":[7.5,2.5,10.5],"to":[9.5,4.5,12.5],"faces":{"east":{"uv":[0,0,2,2],"texture":"#4"},"south":{"uv":[0,0,2,2],"texture":"#4"},"west":{"uv":[0,0,2,2],"texture":"#4"},"up":{"uv":[0,0,2,2],"texture":"#4"},"down":{"uv":[0,0,2,2],"texture":"#4"}}}],"display":{"thirdperson_righthand":{"rotation":[104,15,15],"translation":[-2,3,5],"scale":[0.7,0.7,0.7]},"thirdperson_lefthand":{"rotation":[65.5,15,15],"translation":[-2,4.5,2],"scale":[0.7,0.7,0.7]},"firstperson_righthand":{"rotation":[48,10,15],"translation":[-2,5.5,3.5],"scale":[0.7,0.7,0.7]},"firstperson_lefthand":{"rotation":[2.75,10,15],"translation":[-2,5.25,2],"scale":[0.7,0.7,0.7]},"ground":{"translation":[0,4,0]},"gui":{"rotation":[-97,-151,-133],"translation":[-2.5,2.5,0],"scale":[0.9,0.9,0.9]},"head":{"translation":[0,3,0],"scale":[0.1,0.1,0.1]},"fixed":{"rotation":[-97,-151,-133],"translation":[-2.5,2.5,0],"scale":[0.9,0.9,0.9]}},"groups":[{"name":"Pate","origin":[8,8,8],"color":0,"children":[0,1,2,3,4,5,6]}]}