{
	"parent": "item/handheld",
	"textures": {
		"layer0": "item/diamond_shovel"
	},
	"overrides": [
		{ "predicate": { "damaged": 0, "damage": 0.000640204865557 }, "model": "item/ride/ppf/ppf" },
		{ "predicate": { "damaged": 0, "damage": 0.001280409731114 }, "model": "item/ride/volcano" },
		{ "predicate": { "damaged": 0, "damage": 0.001920614596671 }, "model": "item/ride/hsm/hsm1" },
		{ "predicate": { "damaged": 0, "damage": 0.002560819462228 }, "model": "item/ride/hsm/hsm2" },
		{ "predicate": { "damaged": 0, "damage": 0.003201024327785 }, "model": "item/ride/rnrc/rnrc1" },
		{ "predicate": { "damaged": 0, "damage": 0.003841229193342 }, "model": "item/ride/rnrc/rnrc2" },
		{ "predicate": { "damaged": 0, "damage": 0.004481434058899 }, "model": "item/ride/rnrc/rnrc3" },
		{ "predicate": { "damaged": 0, "damage": 0.005121638924456 }, "model": "item/ride/indi/indi" },
		{ "predicate": { "damaged": 0, "damage": 0.005761843790013 }, "model": "item/ride/bn/bn" },
		{ "predicate": { "damaged": 0, "damage": 0.00640204865557 }, "model": "item/ride/btm/btm" },
		{ "predicate": { "damaged": 0, "damage": 0.007042253521127 }, "model": "item/ride/btm/btm_l" },
		{ "predicate": { "damaged": 0, "damage": 0.007682458386684 }, "model": "item/ride/rtt/rtt" },
		{ "predicate": { "damaged": 0, "damage": 0.008322663252241 }, "model": "item/ride/crush/crush" },
		{ "predicate": { "damaged": 0, "damage": 0.008962868117798 }, "model": "item/ride/tcup/tcup-red" },
		{ "predicate": { "damaged": 0, "damage": 0.009603072983355 }, "model": "item/ride/tcup/tcup-green" },
		{ "predicate": { "damaged": 0, "damage": 0.010243277848912 }, "model": "item/ride/tcup/tcup-orange" },
		{ "predicate": { "damaged": 0, "damage": 0.010883482714469 }, "model": "item/ride/tcup/tcup-blue" },
		{ "predicate": { "damaged": 0, "damage": 0.011523687580026 }, "model": "item/ride/cars/cars-red" },
		{ "predicate": { "damaged": 0, "damage": 0.012163892445583 }, "model": "item/ride/cars/cars-blue" },
		{ "predicate": { "damaged": 0, "damage": 0.01280409731114 }, "model": "item/ride/cars/cars-green" },
		{ "predicate": { "damaged": 0, "damage": 0.013444302176697 }, "model": "item/ride/potc/potc" },
		{ "predicate": { "damaged": 0, "damage": 0.014084507042254 }, "model": "item/ride/tot/gauche_devant" },
		{ "predicate": { "damaged": 0, "damage": 0.01472471190781 }, "model": "item/ride/tot/gauche_derriere" },
		{ "predicate": { "damaged": 0, "damage": 0.015364916773367 }, "model": "item/ride/tot/droit_devant" },
		{ "predicate": { "damaged": 0, "damage": 0.016005121638924 }, "model": "item/ride/tot/droit_derriere" },
		{ "predicate": { "damaged": 0, "damage": 0.016645326504481 }, "model": "item/ride/paradrop/parachutedrop_gauche" },
		{ "predicate": { "damaged": 0, "damage": 0.017285531370038 }, "model": "item/ride/paradrop/parachutedrop_droit" },
		{ "predicate": { "damaged": 0, "damage": 0.017925736235595 }, "model": "item/ride/paradrop/parachutedrop_barriere" },
		{ "predicate": { "damaged": 0, "damage": 0.018565941101152 }, "model": "item/ride/pm/doombuggy" },
		{ "predicate": { "damaged": 0, "damage": 0.019206145966709 }, "model": "item/ride/pm/doombuggybarriere" },
		{ "predicate": { "damaged": 0, "damage": 0.019846350832266 }, "model": "item/ride/iasw/iasw" },
		{ "predicate": { "damaged": 0, "damage": 0.020486555697823 }, "model": "item/ride/rcracer/rcracer" },
		{ "predicate": { "damaged": 0, "damage": 0.02112676056338 }, "model": "item/ride/stt/camion" },
		{ "predicate": { "damaged": 0, "damage": 0.021766965428937 }, "model": "item/ride/stt/trams" },
		{ "predicate": { "damaged": 0, "damage": 0.022407170294494 }, "model": "item/ride/stt/trams1" },
		{ "predicate": { "damaged": 0, "damage": 0.023047375160051 }, "model": "item/ride/stt/trams2" },
		{ "predicate": { "damaged": 0, "damage": 0.023687580025608 }, "model": "item/ride/stt/trams3" },
		{ "predicate": { "damaged": 0, "damage": 0.024327784891165 }, "model": "item/ride/pcf/pcf" },
		{ "predicate": { "damaged": 0, "damage": 0.024967989756722 }, "model": "item/ride/pcf/pcfbleu" },
		{ "predicate": { "damaged": 0, "damage": 0.025608194622279 }, "model": "item/ride/pcf/pcfvert" },
		{ "predicate": { "damaged": 0, "damage": 0.026248399487836 }, "model": "item/ride/pcf/pcfvert2" },
		{ "predicate": { "damaged": 0, "damage": 0.026888604353393 }, "model": "item/ride/autopia/autopia" },
		{ "predicate": { "damaged": 0, "damage": 0.02752880921895 }, "model": "item/ride/autopia/autopia_blue" },
		{ "predicate": { "damaged": 0, "damage": 0.028169014084507 }, "model": "item/ride/autopia/autopia_green" },
		{ "predicate": { "damaged": 0, "damage": 0.028809218950064 }, "model": "item/ride/autopia/autopia_orange" },
		{ "predicate": { "damaged": 0, "damage": 0.029449423815621 }, "model": "item/ride/autopia/autopia_pink" },
		{ "predicate": { "damaged": 0, "damage": 0.030089628681178 }, "model": "item/ride/autopia/autopia_red" },
		{ "predicate": { "damaged": 0, "damage": 0.030729833546735 }, "model": "item/ride/autopia/autopia_yellow" },
		{ "predicate": { "damaged": 0, "damage": 0.031370038412292 }, "model": "item/ride/pm/ascenseurpm" },
		{ "predicate": { "damaged": 0, "damage": 0.032010243277849 }, "model": "item/ride/caseyjr/caseyjr_l" },
		{ "predicate": { "damaged": 0, "damage": 0.032650448143406 }, "model": "item/ride/caseyjr/caseyjrhaut1" },
		{ "predicate": { "damaged": 0, "damage": 0.033290653008963 }, "model": "item/ride/caseyjr/caseyjrhaut2" },
		{ "predicate": { "damaged": 0, "damage": 0.03393085787452 }, "model": "item/ride/caseyjr/caseyjrbas1" },
		{ "predicate": { "damaged": 0, "damage": 0.034571062740077 }, "model": "item/ride/caseyjr/caseyjrbas2" },
		{ "predicate": { "damaged": 0, "damage": 0.035211267605634 }, "model": "item/ride/pinocchio/pino" },
		{ "predicate": { "damaged": 0, "damage": 0.035851472471191 }, "model": "item/ride/buzz/buzz_cart" },
		{ "predicate": { "damaged": 0, "damage": 0.036491677336748 }, "model": "item/ride/dumbo/dumbo" },
		{ "predicate": { "damaged": 0, "damage": 0.037131882202305 }, "model": "item/ride/dumbo/dumbo_blue" },
		{ "predicate": { "damaged": 0, "damage": 0.037772087067862 }, "model": "item/ride/dumbo/dumbo_yellow" },
		{ "predicate": { "damaged": 0, "damage": 0.038412291933419 }, "model": "item/ride/lancelot/chevaux1" },
		{ "predicate": { "damaged": 0, "damage": 0.039052496798976 }, "model": "item/ride/lancelot/cheveaux2" },
		{ "predicate": { "damaged": 0, "damage": 0.039692701664533 }, "model": "item/ride/lancelot/caleche" },
		{ "predicate": { "damaged": 0, "damage": 0.04033290653009 }, "model": "item/ride/railroad/eureka_railroad" },
		{ "predicate": { "damaged": 0, "damage": 0.040973111395647 }, "model": "item/ride/railroad/eureka_railroad_loco" },
		{ "predicate": { "damaged": 0, "damage": 0.041613316261204 }, "model": "item/ride/railroad/eureka_railroad_loco2" },
		{ "predicate": { "damaged": 0, "damage": 0.042253521126761 }, "model": "item/ride/railroad/eureka_railroad2" },
		{ "predicate": { "damaged": 0, "damage": 0.042893725992318 }, "model": "item/ride/flyingcarpet/flyingcarpet" },
		{ "predicate": { "damaged": 0, "damage": 0.043533930857875 }, "model": "item/ride/flyingcarpet/flyingcarpet_white" },
		{ "predicate": { "damaged": 0, "damage": 0.044174135723432 }, "model": "item/ride/flyingcarpet/flyingcarpet_pink" },
		{ "predicate": { "damaged": 0, "damage": 0.044814340588988 }, "model": "item/ride/flyingcarpet/flyingcarpet_red" },
		{ "predicate": { "damaged": 0, "damage": 0.045454545454545 }, "model": "item/ride/paradrop/parachutedrop_droit_hallo" },
		{ "predicate": { "damaged": 0, "damage": 0.046094750320102 }, "model": "item/ride/paradrop/parachutedrop_gauche_hallo" },
		{ "predicate": { "damaged": 0, "damage": 0.046734955185659 }, "model": "item/ride/rnrc/rnrc1_hallo" },
		{ "predicate": { "damaged": 0, "damage": 0.047375160051216 }, "model": "item/ride/rnrc/rnrc2_hallo" },
		{ "predicate": { "damaged": 0, "damage": 0.048015364916773 }, "model": "item/ride/rnrc/rnrc3_hallo" },
		{ "predicate": { "damaged": 0, "damage": 0.04865556978233 }, "model": "item/ride/rcracer/rcracer_hallo" },
		{ "predicate": { "damaged": 0, "damage": 0.049295774647887 }, "model": "item/ride/stt/trams_hallo" },
		{ "predicate": { "damaged": 0, "damage": 0.049935979513444 }, "model": "item/ride/stt/trams1_hallo" },
		{ "predicate": { "damaged": 0, "damage": 0.050576184379001 }, "model": "item/ride/stt/trams2_hallo" },
		{ "predicate": { "damaged": 0, "damage": 0.051216389244558 }, "model": "item/ride/stt/trams3_hallo" },
		{ "predicate": { "damaged": 0, "damage": 0.051856594110115 }, "model": "item/ride/stt/camion_hallo" },
		{ "predicate": { "damaged": 0, "damage": 0.052496798975672 }, "model": "item/ride/stt/camion1_hallo" },
		{ "predicate": { "damaged": 0, "damage": 0.053137003841229 }, "model": "item/ride/crush/crush_hallo" },
		{ "predicate": { "damaged": 0, "damage": 0.053777208706786 }, "model": "item/ride/deltaplane/deltaplane_red" },
		{ "predicate": { "damaged": 0, "damage": 0.054417413572343 }, "model": "item/ride/autopia/autopia_noel" },
		{ "predicate": { "damaged": 0, "damage": 0.0550576184379 }, "model": "item/ride/noel/cage" },
		{ "predicate": { "damaged": 0, "damage": 0.055697823303457 }, "model": "item/ride/keelboat/keelboat1" },
		{ "predicate": { "damaged": 0, "damage": 0.056338028169014 }, "model": "item/ride/keelboat/keelboat2" },
		{ "predicate": { "damaged": 0, "damage": 0.056978233034571 }, "model": "item/ride/mainstreet/car_firedept" },
		{ "predicate": { "damaged": 0, "damage": 0.057618437900128 }, "model": "item/ride/mainstreet/car_firedept_wheels" },
		{ "predicate": { "damaged": 0, "damage": 0.058258642765685 }, "model": "item/ride/mainstreet/car_firedept_staff" },
		{ "predicate": { "damaged": 0, "damage": 0.058898847631242 }, "model": "item/ride/indi/newindi" },
		{ "predicate": { "damaged": 0, "damage": 0.059539052496799 }, "model": "item/ride/indi/newindi_harness" },
		{ "predicate": { "damaged": 0, "damage": 0.060179257362356 }, "model": "item/ride/indi/newindi_chassis" },
		{ "predicate": { "damaged": 0, "damage": 0.060819462227913 }, "model": "item/ride/hsm/newhsm1" },
		{ "predicate": { "damaged": 0, "damage": 0.06145966709347 }, "model": "item/ride/hsm/newhsm1_chassis" },
		{ "predicate": { "damaged": 0, "damage": 0.062099871959027 }, "model": "item/ride/hsm/newhsm2" },
		{ "predicate": { "damaged": 0, "damage": 0.062740076824584 }, "model": "item/ride/hsm/newhsm2_chassis" },
		{ "predicate": { "damaged": 0, "damage": 0.063380281690141 }, "model": "item/ride/hsm/newhsm_harness" },
		{ "predicate": { "damaged": 0, "damage": 0.064020486555698 }, "model": "item/ride/crush/newcrush" },
		{ "predicate": { "damaged": 0, "damage": 0.064660691421255 }, "model": "item/ride/crush/newcrush_chassis" },
		{ "predicate": { "damaged": 0, "damage": 0.065300896286812 }, "model": "item/ride/tot/tot" },
		{ "predicate": { "damaged": 0, "damage": 0.065941101152369 }, "model": "item/ride/tot/tot1" },
		{ "predicate": { "damaged": 0, "damage": 0.066581306017926 }, "model": "item/ride/tot/tot2" },
		{ "predicate": { "damaged": 0, "damage": 0.067221510883483 }, "model": "item/ride/tot/tot3" },
		{ "predicate": { "damaged": 0, "damage": 0.06786171574904 }, "model": "item/ride/tot/tot4" },
		{ "predicate": { "damaged": 0, "damage": 0.068501920614597 }, "model": "item/ride/tot/tot5" },
		{ "predicate": { "damaged": 0, "damage": 0.069142125480154 }, "model": "item/ride/crush/crush_lapbar" },
		{ "predicate": { "damaged": 0, "damage": 0.069782330345711 }, "model": "item/ride/flyingcarpet/flyingcarpet_lapbar" },
		{ "predicate": { "damaged": 0, "damage": 0.070422535211268 }, "model": "item/ride/slinky/1" },
		{ "predicate": { "damaged": 0, "damage": 0.071062740076825 }, "model": "item/ride/slinky/2" },
		{ "predicate": { "damaged": 0, "damage": 0.071702944942382 }, "model": "item/ride/slinky/3" },
		{ "predicate": { "damaged": 0, "damage": 0.072389493914158 }, "model": "item/ride/flightforce/ff_car_1" },
		{ "predicate": { "damaged": 0, "damage": 0.073030108904548 }, "model": "item/ride/flightforce/ff_car_2" },
		{ "predicate": { "damaged": 0, "damage": 0.073670723894939 }, "model": "item/ride/flightforce/ff_car_3" },
		{ "predicate": { "damaged": 0, "damage": 0.07431133888533 }, "model": "item/ride/flightforce/ff_harness" }
	]
}