{"credit":"Made with Blockbench by Valvac","textures":{"0":"block/white_stained_glass","2":"block/blue_concrete_powder","4":"block/blue_concrete","particle":"block/white_stained_glass"},"elements":[{"from":[7,0.78226,-6.02621],"to":[9,2.78226,13.47379],"rotation":{"angle":0,"axis":"y","origin":[8,0.90726,13.47379]},"faces":{"north":{"uv":[5,12,7,6],"rotation":180,"texture":"#0"},"east":{"uv":[5,12,7,6],"rotation":180,"texture":"#0"},"south":{"uv":[5,12,7,6],"rotation":180,"texture":"#0"},"west":{"uv":[5,12,7,6],"rotation":180,"texture":"#0"},"up":{"uv":[5,12,7,6],"rotation":180,"texture":"#0"},"down":{"uv":[5,12,7,6],"rotation":180,"texture":"#0"}}},{"from":[7,0.78226,-9.02621],"to":[9,2.78226,-7.02621],"rotation":{"angle":0,"axis":"y","origin":[8,0.90726,10.47379]},"faces":{"east":{"uv":[7,6,5,12],"texture":"#0","cullface":"north"},"west":{"uv":[7,6,5,12],"texture":"#0","cullface":"north"},"up":{"uv":[5,12,7,6],"rotation":180,"texture":"#0","cullface":"north"},"down":{"uv":[5,12,7,6],"rotation":180,"texture":"#0","cullface":"north"}}},{"from":[7,0.78226,-10.52621],"to":[9,2.78226,-9.02621],"rotation":{"angle":0,"axis":"y","origin":[8,0.90726,13.47379]},"faces":{"north":{"uv":[4,1,5,2],"texture":"#2","cullface":"north"},"east":{"uv":[4,1,5,2],"texture":"#2","cullface":"north"},"south":{"uv":[4,1,5,2],"texture":"#2","cullface":"north"},"west":{"uv":[4,1,5,2],"texture":"#2","cullface":"north"},"up":{"uv":[4,1,5,2],"texture":"#2","cullface":"north"},"down":{"uv":[4,1,5,2],"texture":"#2","cullface":"north"}}},{"from":[7,0.78226,-7.02621],"to":[9,2.78226,-6.52621],"rotation":{"angle":0,"axis":"y","origin":[8,0.90726,16.97379]},"faces":{"north":{"uv":[4,1,5,2],"texture":"#2","cullface":"north"},"east":{"uv":[4,1,5,2],"texture":"#2","cullface":"north"},"south":{"uv":[4,1,5,2],"texture":"#2","cullface":"north"},"west":{"uv":[4,1,5,2],"texture":"#2","cullface":"north"},"up":{"uv":[4,1,5,2],"texture":"#2","cullface":"north"},"down":{"uv":[4,1,5,2],"texture":"#2","cullface":"north"}}},{"from":[7.25,1.03226,13.47379],"to":[8.75,2.53226,21.47379],"rotation":{"angle":0,"axis":"y","origin":[8,1.78226,21.47379]},"faces":{"north":{"uv":[5,12,7,6],"rotation":180,"texture":"#0"},"east":{"uv":[5,12,7,6],"rotation":180,"texture":"#0"},"south":{"uv":[5,12,7,6],"rotation":180,"texture":"#0"},"west":{"uv":[5,12,7,6],"rotation":180,"texture":"#0"},"up":{"uv":[5,12,7,6],"rotation":180,"texture":"#0"},"down":{"uv":[5,12,7,6],"rotation":180,"texture":"#0"}}},{"from":[7.5,1.28226,21.47379],"to":[8.5,2.28226,30.5],"rotation":{"angle":0,"axis":"y","origin":[8,1.15726,29.47379]},"faces":{"north":{"uv":[5,12,7,6],"rotation":180,"texture":"#0","cullface":"south"},"east":{"uv":[5,12,7,6],"rotation":180,"texture":"#0","cullface":"south"},"south":{"uv":[5,12,7,6],"rotation":180,"texture":"#0","cullface":"south"},"west":{"uv":[5,12,7,6],"rotation":180,"texture":"#0","cullface":"south"},"up":{"uv":[5,12,7,6],"rotation":180,"texture":"#0","cullface":"south"},"down":{"uv":[5,12,7,6],"rotation":180,"texture":"#0","cullface":"south"}}},{"from":[6.75,0.53226,-1.52621],"to":[9.25,3.03226,-1.02621],"rotation":{"angle":0,"axis":"y","origin":[10,0.90726,18.97379]},"faces":{"north":{"uv":[2.5,0,5,2.5],"texture":"#4","cullface":"north"},"east":{"uv":[0.5,0,1,2.5],"texture":"#4","cullface":"north"},"south":{"uv":[2.5,0,5,2.5],"texture":"#4","cullface":"north"},"west":{"uv":[0.5,0,1,2.5],"texture":"#4","cullface":"north"},"up":{"uv":[0,0.5,2.5,1],"rotation":180,"texture":"#4","cullface":"north"},"down":{"uv":[0,0.5,2.5,1],"rotation":180,"texture":"#4","cullface":"north"}}},{"from":[6.75,0.53226,-5.27621],"to":[9.25,3.03226,-4.77621],"rotation":{"angle":0,"axis":"y","origin":[10,0.90726,15.22379]},"faces":{"north":{"uv":[1.5,0,3,0.5],"texture":"#4","cullface":"north"},"east":{"uv":[0.5,0,1,0.5],"texture":"#4","cullface":"north"},"south":{"uv":[1.5,0,3,0.5],"texture":"#4","cullface":"north"},"west":{"uv":[0.5,0,1,0.5],"texture":"#4","cullface":"north"},"up":{"uv":[0,0.5,1.5,1],"rotation":180,"texture":"#4","cullface":"north"},"down":{"uv":[0,0.5,1.5,1],"rotation":180,"texture":"#4","cullface":"north"}}},{"from":[6.75,0.53226,-2.77621],"to":[9.25,3.03226,-2.27621],"rotation":{"angle":0,"axis":"y","origin":[10,0.90726,17.72379]},"faces":{"north":{"uv":[1.5,0,3,0.5],"texture":"#4","cullface":"north"},"east":{"uv":[0.5,0,1,0.5],"texture":"#4","cullface":"north"},"south":{"uv":[1.5,0,3,0.5],"texture":"#4","cullface":"north"},"west":{"uv":[0.5,0,1,0.5],"texture":"#4","cullface":"north"},"up":{"uv":[0,0.5,1.5,1],"rotation":180,"texture":"#4","cullface":"north"},"down":{"uv":[0,0.5,1.5,1],"rotation":180,"texture":"#4","cullface":"north"}}},{"from":[6.75,0.53226,-0.27621],"to":[9.25,3.03226,0.22379],"rotation":{"angle":0,"axis":"y","origin":[9.75,0.90726,20.22379]},"faces":{"north":{"uv":[1.5,0,3,0.5],"texture":"#4","cullface":"north"},"east":{"uv":[0.5,0,1,0.5],"texture":"#4","cullface":"north"},"south":{"uv":[1.5,0,3,0.5],"texture":"#4","cullface":"north"},"west":{"uv":[0.5,0,1,0.5],"texture":"#4","cullface":"north"},"up":{"uv":[0,0.5,1.5,1],"rotation":180,"texture":"#4","cullface":"north"},"down":{"uv":[0,0.5,1.5,1],"rotation":180,"texture":"#4","cullface":"north"}}},{"from":[6.75,0.53226,-4.02621],"to":[9.25,3.03226,-3.52621],"rotation":{"angle":0,"axis":"y","origin":[10,0.90726,16.47379]},"faces":{"north":{"uv":[2.5,0,5,2.5],"texture":"#4","cullface":"north"},"east":{"uv":[0.5,0,1,2.5],"texture":"#4","cullface":"north"},"south":{"uv":[2.5,0,5,2.5],"texture":"#4","cullface":"north"},"west":{"uv":[0.5,0,1,2.5],"texture":"#4","cullface":"north"},"up":{"uv":[0,0.5,2.5,1],"rotation":180,"texture":"#4","cullface":"north"},"down":{"uv":[0,0.5,2.5,1],"rotation":180,"texture":"#4","cullface":"north"}}},{"from":[6.75,0.53226,-6.52621],"to":[9.25,3.03226,-6.02621],"rotation":{"angle":0,"axis":"y","origin":[7.75,0.90726,13.97379]},"faces":{"north":{"uv":[2.5,0,5,2.5],"texture":"#4","cullface":"north"},"east":{"uv":[0.5,0,1,2.5],"texture":"#4","cullface":"north"},"south":{"uv":[2.5,0,5,2.5],"texture":"#4","cullface":"north"},"west":{"uv":[0.5,0,1,2.5],"texture":"#4","cullface":"north"},"up":{"uv":[0,0.5,2.5,1],"rotation":180,"texture":"#4","cullface":"north"},"down":{"uv":[0,0.5,2.5,1],"rotation":180,"texture":"#4","cullface":"north"}}}],"display":{"thirdperson_righthand":{"rotation":[-83,-11,0],"translation":[0,2.25,-1.5],"scale":[0.3,0.3,0.3]},"thirdperson_lefthand":{"rotation":[-78,-50,0],"translation":[0,1,-1.5],"scale":[0.3,0.3,0.3]},"firstperson_righthand":{"rotation":[-86,-4,-39],"translation":[0.25,7,1],"scale":[0.3,0.3,0.3]},"firstperson_lefthand":{"rotation":[-21,-85,22],"translation":[-3,4.75,1.75],"scale":[0.3,0.3,0.3]},"ground":{"scale":[0.32,0.32,0.32]},"gui":{"rotation":[66,43,-123],"translation":[1.25,1.5,0.5],"scale":[0.49,0.49,0.49]},"head":{"scale":[0.7,0.7,0.7]},"fixed":{"rotation":[-92,-53,-125],"translation":[3.25,2.25,0.5],"scale":[0.62,0.62,0.62]}},"groups":[0,1,2,3,4,5,{"name":"group","origin":[7.125,2.03226,14.97379],"color":0,"nbt":"{}","armAnimationEnabled":false,"children":[6,7,8,9,10,11]}]}