{"credit":"Made with Blockbench by Valvac","textures":{"2":"block/iron_block","particle":"block/quartz_block_bottom"},"elements":[{"from":[7.5,7.76563,7.375],"to":[8.5,8.26563,7.6875],"rotation":{"angle":0,"axis":"y","origin":[7.75,7.76563,1.375]},"faces":{"north":{"uv":[0,0,1,0.3125],"texture":"#2"},"east":{"uv":[0,0,1,0.3125],"texture":"#2"},"south":{"uv":[0,0,1,0.3125],"texture":"#2"},"west":{"uv":[0,0,1,0.3125],"texture":"#2"},"up":{"uv":[0,0,1,0.3125],"texture":"#2"},"down":{"uv":[0,0,1,0.3125],"texture":"#2"}}},{"from":[7.75,7.89063,7.6875],"to":[8.25,8.26563,10.0625],"rotation":{"angle":0,"axis":"y","origin":[7.75,7.76563,1.375]},"faces":{"north":{"uv":[0,0,0.5,2.375],"texture":"#2"},"east":{"uv":[0,0,0.5,2.375],"texture":"#2"},"south":{"uv":[0,0,0.5,2.375],"texture":"#2"},"west":{"uv":[0,0,0.5,2.375],"texture":"#2"},"up":{"uv":[0,0,0.5,2.375],"texture":"#2"},"down":{"uv":[0,0,0.5,2.375],"texture":"#2"}}},{"from":[7.625,7.89063,10.0625],"to":[8.375,8.26563,10.375],"rotation":{"angle":0,"axis":"y","origin":[7.75,7.76563,1.375]},"faces":{"north":{"uv":[0,0,0.75,0.3125],"texture":"#2"},"east":{"uv":[0,0,0.75,0.3125],"texture":"#2"},"south":{"uv":[0,0,0.75,0.3125],"texture":"#2"},"west":{"uv":[0,0,0.75,0.3125],"texture":"#2"},"up":{"uv":[0,0,0.75,0.3125],"texture":"#2"},"down":{"uv":[0,0,0.75,0.3125],"texture":"#2"}}},{"from":[7.8125,7.89063,10.375],"to":[8.1875,8.26563,10.46875],"rotation":{"angle":0,"axis":"y","origin":[7.625,7.76563,-3.125]},"faces":{"north":{"uv":[0,0,0.25,0.0625],"texture":"#2"},"east":{"uv":[0,0,0.25,0.0625],"texture":"#2"},"south":{"uv":[0,0,0.25,0.0625],"texture":"#2"},"west":{"uv":[0,0,0.25,0.0625],"texture":"#2"},"up":{"uv":[0,0,0.25,0.0625],"texture":"#2"},"down":{"uv":[0,0,0.25,0.0625],"texture":"#2"}}},{"from":[7.625,7.89063,10.46875],"to":[8.375,8.26563,11.03125],"rotation":{"angle":0,"axis":"y","origin":[7.625,7.76563,-3.125]},"faces":{"north":{"uv":[0,0,0.5,0.375],"texture":"#2"},"east":{"uv":[0,0,0.5,0.375],"texture":"#2"},"south":{"uv":[0,0,0.5,0.375],"texture":"#2"},"west":{"uv":[0,0,0.5,0.375],"texture":"#2"},"up":{"uv":[0,0,0.5,0.375],"texture":"#2"},"down":{"uv":[0,0,0.5,0.375],"texture":"#2"}}},{"from":[7.90625,7.89063,11.03125],"to":[8.09375,8.26563,11.21875],"rotation":{"angle":0,"axis":"y","origin":[7.625,7.76563,-3.125]},"faces":{"north":{"uv":[0,0,0.125,0.125],"texture":"#2"},"east":{"uv":[0,0,0.125,0.125],"texture":"#2"},"south":{"uv":[0,0,0.125,0.125],"texture":"#2"},"west":{"uv":[0,0,0.125,0.125],"texture":"#2"},"up":{"uv":[0,0,0.125,0.125],"texture":"#2"},"down":{"uv":[0,0,0.125,0.125],"texture":"#2"}}},{"from":[8.1875,7.89063,10.65625],"to":[8.375,8.26563,11.125],"rotation":{"angle":45,"axis":"y","origin":[8.28125,8.07813,10.65625]},"faces":{"north":{"uv":[0,0,0.125,0.3125],"texture":"#2"},"east":{"uv":[0,0,0.125,0.3125],"texture":"#2"},"south":{"uv":[0,0,0.125,0.3125],"texture":"#2"},"west":{"uv":[0,0,0.125,0.3125],"texture":"#2"},"up":{"uv":[0,0,0.125,0.3125],"texture":"#2"},"down":{"uv":[0,0,0.125,0.3125],"texture":"#2"}}},{"from":[7.45243,7.89063,10.3306],"to":[7.73368,8.26563,10.5181],"rotation":{"angle":45,"axis":"y","origin":[8.29618,8.07813,10.7056]},"faces":{"north":{"uv":[0,0,0.1875,0.125],"texture":"#2"},"east":{"uv":[0,0,0.1875,0.125],"texture":"#2"},"south":{"uv":[0,0,0.1875,0.125],"texture":"#2"},"west":{"uv":[0,0,0.1875,0.125],"texture":"#2"},"up":{"uv":[0,0,0.1875,0.125],"texture":"#2"},"down":{"uv":[0,0,0.1875,0.125],"texture":"#2"}}},{"from":[7.17115,7.89063,11.18313],"to":[7.4524,8.26563,11.37063],"rotation":{"angle":-22.5,"axis":"y","origin":[8.0149,8.07813,11.55813]},"faces":{"north":{"uv":[0,0,0.1875,0.125],"texture":"#2"},"east":{"uv":[0,0,0.1875,0.125],"texture":"#2"},"south":{"uv":[0,0,0.1875,0.125],"texture":"#2"},"west":{"uv":[0,0,0.1875,0.125],"texture":"#2"},"up":{"uv":[0,0,0.1875,0.125],"texture":"#2"},"down":{"uv":[0,0,0.1875,0.125],"texture":"#2"}}},{"from":[7.33944,7.89063,10.66194],"to":[7.71444,8.26563,10.84944],"rotation":{"angle":22.5,"axis":"y","origin":[7.38632,8.07813,10.75569]},"faces":{"north":{"uv":[0,0,0.25,0.125],"texture":"#2"},"east":{"uv":[0,0,0.25,0.125],"texture":"#2"},"south":{"uv":[0,0,0.25,0.125],"texture":"#2"},"west":{"uv":[0,0,0.25,0.125],"texture":"#2"},"up":{"uv":[0,0,0.25,0.125],"texture":"#2"},"down":{"uv":[0,0,0.25,0.125],"texture":"#2"}}},{"from":[7.30713,7.89063,10.68701],"to":[7.49463,8.26563,11.06201],"rotation":{"angle":0,"axis":"y","origin":[7.40088,8.07813,10.73389]},"faces":{"north":{"uv":[0,0,0.25,0.125],"rotation":90,"texture":"#2"},"east":{"uv":[0,0,0.25,0.125],"rotation":90,"texture":"#2"},"south":{"uv":[0,0,0.25,0.125],"rotation":90,"texture":"#2"},"west":{"uv":[0,0,0.25,0.125],"rotation":90,"texture":"#2"},"up":{"uv":[0,0,0.25,0.125],"rotation":90,"texture":"#2"},"down":{"uv":[0,0,0.25,0.125],"rotation":90,"texture":"#2"}}},{"from":[8.5625,7.76563,5.5625],"to":[8.9375,8.26563,7],"rotation":{"angle":0,"axis":"y","origin":[7.75,7.76563,1.375]},"faces":{"north":{"uv":[0,0,0.375,1.4375],"texture":"#2"},"east":{"uv":[0,0,0.375,1.4375],"texture":"#2"},"south":{"uv":[0,0,0.375,1.4375],"texture":"#2"},"west":{"uv":[0,0,0.375,1.4375],"texture":"#2"},"up":{"uv":[0,0,0.375,1.4375],"texture":"#2"},"down":{"uv":[0,0,0.375,1.4375],"texture":"#2"}}},{"from":[8.3125,7.76563,5.0625],"to":[8.6875,8.26563,5.5625],"rotation":{"angle":0,"axis":"y","origin":[7.75,7.76563,1.375]},"faces":{"north":{"uv":[0,0,0.375,0.5],"texture":"#2"},"east":{"uv":[0,0,0.375,0.5],"texture":"#2"},"south":{"uv":[0,0,0.375,0.5],"texture":"#2"},"west":{"uv":[0,0,0.375,0.5],"texture":"#2"},"up":{"uv":[0,0,0.375,0.5],"texture":"#2"},"down":{"uv":[0,0,0.375,0.5],"texture":"#2"}}},{"from":[8.375,7.76563,7],"to":[8.75,8.26563,7.375],"rotation":{"angle":0,"axis":"y","origin":[7.75,7.76563,1.375]},"faces":{"north":{"uv":[0,0,0.375,0.375],"texture":"#2"},"east":{"uv":[0,0,0.375,0.375],"texture":"#2"},"south":{"uv":[0,0,0.375,0.375],"texture":"#2"},"west":{"uv":[0,0,0.375,0.375],"texture":"#2"},"up":{"uv":[0,0,0.375,0.375],"texture":"#2"},"down":{"uv":[0,0,0.375,0.375],"texture":"#2"}}},{"from":[7.25,7.76563,7],"to":[7.625,8.26563,7.375],"rotation":{"angle":0,"axis":"y","origin":[23.75,7.76563,1.375]},"faces":{"north":{"uv":[0.5,0,0.875,0.375],"texture":"#2"},"east":{"uv":[0.5,0,0.875,0.375],"texture":"#2"},"south":{"uv":[0.5,0,0.875,0.375],"texture":"#2"},"west":{"uv":[0.5,0,0.875,0.375],"texture":"#2"},"up":{"uv":[0.5,0,0.875,0.375],"texture":"#2"},"down":{"uv":[0.5,0,0.875,0.375],"texture":"#2"}}},{"from":[7.0625,7.76563,5.5625],"to":[7.4375,8.26563,7],"rotation":{"angle":0,"axis":"y","origin":[23.75,7.76563,1.375]},"faces":{"north":{"uv":[0.5,0,0.875,1.4375],"texture":"#2"},"east":{"uv":[0.5,0,0.875,1.4375],"texture":"#2"},"south":{"uv":[0.5,0,0.875,1.4375],"texture":"#2"},"west":{"uv":[0.5,0,0.875,1.4375],"texture":"#2"},"up":{"uv":[0.5,0,0.875,1.4375],"texture":"#2"},"down":{"uv":[0.5,0,0.875,1.4375],"texture":"#2"}}},{"from":[7.3125,7.76563,5.0625],"to":[7.6875,8.26563,5.5625],"rotation":{"angle":0,"axis":"y","origin":[23.75,7.76563,1.375]},"faces":{"north":{"uv":[0.5,0,0.875,0.5],"texture":"#2"},"east":{"uv":[0.5,0,0.875,0.5],"texture":"#2"},"south":{"uv":[0.5,0,0.875,0.5],"texture":"#2"},"west":{"uv":[0.5,0,0.875,0.5],"texture":"#2"},"up":{"uv":[0.5,0,0.875,0.5],"texture":"#2"},"down":{"uv":[0.5,0,0.875,0.5],"texture":"#2"}}},{"from":[7.5625,7.76563,4.6875],"to":[8.4375,8.26563,5.0625],"rotation":{"angle":0,"axis":"y","origin":[23.75,7.76563,1.375]},"faces":{"north":{"uv":[0.5,0,1.375,0.375],"texture":"#2"},"east":{"uv":[0.5,0,1.375,0.375],"texture":"#2"},"south":{"uv":[0.5,0,1.375,0.375],"texture":"#2"},"west":{"uv":[0.5,0,1.375,0.375],"texture":"#2"},"up":{"uv":[0.5,0,1.375,0.375],"texture":"#2"},"down":{"uv":[0.5,0,1.375,0.375],"texture":"#2"}}},{"from":[7.4375,7.76563,5.5625],"to":[8.5625,8.07813,7],"rotation":{"angle":0,"axis":"y","origin":[23.75,7.76563,1.375]},"faces":{"north":{"uv":[0,0,1,1.4375],"texture":"#2"},"east":{"uv":[0,0,1,1.4375],"texture":"#2"},"south":{"uv":[0,0,1,1.4375],"texture":"#2"},"west":{"uv":[0,0,1,1.4375],"texture":"#2"},"up":{"uv":[0,0,1,1.4375],"texture":"#2"},"down":{"uv":[0,0,1,1.4375],"texture":"#2"}}},{"from":[7.625,7.76563,7],"to":[8.375,8.07813,7.375],"rotation":{"angle":0,"axis":"y","origin":[23.75,7.76563,1.375]},"faces":{"north":{"uv":[0.5,0,1.25,0.375],"texture":"#2"},"east":{"uv":[0.5,0,1.25,0.375],"texture":"#2"},"south":{"uv":[0.5,0,1.25,0.375],"texture":"#2"},"west":{"uv":[0.5,0,1.25,0.375],"texture":"#2"},"up":{"uv":[0.5,0,1.25,0.375],"texture":"#2"},"down":{"uv":[0.5,0,1.25,0.375],"texture":"#2"}}},{"from":[7.6875,7.76563,5.0625],"to":[8.3125,8.07813,5.5625],"rotation":{"angle":0,"axis":"y","origin":[23.75,7.76563,1.375]},"faces":{"north":{"uv":[0.5,0,1.125,0.5],"texture":"#2"},"east":{"uv":[0.5,0,1.125,0.5],"texture":"#2"},"south":{"uv":[0.5,0,1.125,0.5],"texture":"#2"},"west":{"uv":[0.5,0,1.125,0.5],"texture":"#2"},"up":{"uv":[0.5,0,1.125,0.5],"texture":"#2"},"down":{"uv":[0.5,0,1.125,0.5],"texture":"#2"}}}],"display":{"thirdperson_righthand":{"rotation":[54,84,0],"translation":[0,0.5,0.75]},"thirdperson_lefthand":{"rotation":[54,84,0],"translation":[0,0.5,0.75]},"firstperson_righthand":{"rotation":[18,84,0],"translation":[0,1.5,0.75]},"firstperson_lefthand":{"rotation":[18,84,0],"translation":[0,1.5,0.75]},"gui":{"rotation":[50,-134,0],"scale":[2.42,2.42,2.42]},"head":{"translation":[0,3.75,0],"scale":[1.4,1.4,1.4]},"fixed":{"rotation":[-87,59,0],"translation":[0.25,0,0],"scale":[1.78,1.78,1.78]}}}