{"credit":"Made with Blockbench by Valvac","textures":{"0":"block/quartz_block_bottom","1":"block/pink_glazed_terracotta","2":"block/gold_block","particle":"block/quartz_block_bottom"},"elements":[{"from":[6,0.1875,6],"to":[10,1,10],"faces":{"north":{"uv":[0,0,4,1],"texture":"#0"},"east":{"uv":[0,0,4,1],"texture":"#0"},"south":{"uv":[0,0,4,1],"texture":"#0"},"west":{"uv":[0,0,4,1],"texture":"#0"},"up":{"uv":[0,0,4,4],"texture":"#0"},"down":{"uv":[0,0,4,4],"texture":"#0"}}},{"from":[6,0,6],"to":[10,0.1875,10],"faces":{"north":{"uv":[0,0,4,1],"texture":"#2"},"east":{"uv":[0,0,4,1],"texture":"#2"},"south":{"uv":[0,0,4,1],"texture":"#2"},"west":{"uv":[0,0,4,1],"texture":"#2"},"up":{"uv":[0,0,4,4],"texture":"#2"},"down":{"uv":[0,0,4,4],"texture":"#2"}}},{"from":[6,6,6],"to":[10,8,10],"faces":{"north":{"uv":[1,5,5,6],"texture":"#0"},"east":{"uv":[1,2,5,3],"texture":"#0"},"south":{"uv":[1,5,5,6],"texture":"#0"},"west":{"uv":[1,2,5,3],"texture":"#0"},"up":{"uv":[1,2,5,6],"texture":"#0"},"down":{"uv":[0,0,4,4],"texture":"#0"}}},{"from":[7.5,8,7.5],"to":[8.5,9,8.5],"faces":{"north":{"uv":[0,0,1,1],"texture":"#2"},"east":{"uv":[0,0,1,1],"texture":"#2"},"south":{"uv":[0,0,1,1],"texture":"#2"},"west":{"uv":[0,0,1,1],"texture":"#2"},"up":{"uv":[0,0,1,1],"texture":"#2"},"down":{"uv":[0,0,1,1],"texture":"#2"}}},{"from":[5,1,5],"to":[11,6,11],"faces":{"north":{"uv":[0,0,6,5],"texture":"#0"},"east":{"uv":[0,0,6,5],"texture":"#0"},"south":{"uv":[0,0,6,5],"texture":"#0"},"west":{"uv":[0,0,6,5],"texture":"#0"},"up":{"uv":[0,0,6,6],"texture":"#0"},"down":{"uv":[0,0,6,6],"texture":"#0"}}},{"from":[4.9375,4,7],"to":[5,5,10],"faces":{"north":{"uv":[0,0,0.0625,1],"texture":"#1"},"east":{"uv":[0,0,3,1],"texture":"#1"},"south":{"uv":[0,0,0.0625,1],"texture":"#1"},"west":{"uv":[2,1,5,2],"texture":"#1"},"up":{"uv":[0,0,0.0625,3],"texture":"#1"},"down":{"uv":[0,0,0.0625,3],"texture":"#1"}}},{"from":[5.9375,6,6],"to":[6,7,9],"faces":{"north":{"uv":[0,0,0.0625,1],"texture":"#1"},"east":{"uv":[0,0,3,1],"texture":"#1"},"south":{"uv":[0,0,0.0625,1],"texture":"#1"},"west":{"uv":[4,1,7,2],"texture":"#1"},"up":{"uv":[0,0,0.0625,3],"texture":"#1"},"down":{"uv":[0,0,0.0625,3],"texture":"#1"}}},{"from":[10,6,7],"to":[10.0625,7,10],"rotation":{"angle":0,"axis":"y","origin":[16,0,0]},"faces":{"north":{"uv":[0.0625,0,0,1],"texture":"#1"},"east":{"uv":[16,0,13,1],"texture":"#1"},"south":{"uv":[0.0625,0,0,1],"texture":"#1"},"west":{"uv":[10,1,7,2],"texture":"#1"},"up":{"uv":[0.0625,0,0,3],"texture":"#1"},"down":{"uv":[0.0625,0,0,3],"texture":"#1"}}},{"from":[4.9375,3,6],"to":[5,4,9],"faces":{"north":{"uv":[0,0,0.0625,1],"texture":"#1"},"east":{"uv":[0,0,3,1],"texture":"#1"},"south":{"uv":[0,0,0.0625,1],"texture":"#1"},"west":{"uv":[2,2,5,3],"texture":"#1"},"up":{"uv":[0,0,0.0625,3],"texture":"#1"},"down":{"uv":[0,0,0.0625,3],"texture":"#1"}}},{"from":[11,4,7],"to":[11.0625,5,10],"rotation":{"angle":0,"axis":"y","origin":[16,0,0]},"faces":{"north":{"uv":[0.0625,0,0,1],"texture":"#1"},"east":{"uv":[5,1,2,2],"texture":"#1"},"south":{"uv":[0.0625,0,0,1],"texture":"#1"},"west":{"uv":[3,0,0,1],"texture":"#1"},"up":{"uv":[0.0625,0,0,3],"texture":"#1"},"down":{"uv":[0.0625,0,0,3],"texture":"#1"}}},{"from":[11,3,6],"to":[11.0625,4,9],"rotation":{"angle":0,"axis":"y","origin":[16,0,0]},"faces":{"north":{"uv":[0.0625,0,0,1],"texture":"#1"},"east":{"uv":[7,2,4,3],"texture":"#1"},"south":{"uv":[0.0625,0,0,1],"texture":"#1"},"west":{"uv":[3,0,0,1],"texture":"#1"},"up":{"uv":[0.0625,0,0,3],"texture":"#1"},"down":{"uv":[0.0625,0,0,3],"texture":"#1"}}},{"from":[7.4,0.56336,8.27339],"to":[8.6,1.36336,10.97339],"rotation":{"angle":-22.5,"axis":"x","origin":[8,3.55945,8]},"faces":{"north":{"uv":[0,2,1.5,3],"rotation":180,"texture":"#0"},"east":{"uv":[2,0,3,3.375],"rotation":270,"texture":"#0"},"south":{"uv":[0,2,1.5,3],"texture":"#0"},"west":{"uv":[2,0,3,3.375],"rotation":90,"texture":"#0"},"up":{"uv":[2,0,3.5,3.375],"rotation":180,"texture":"#0"},"down":{"uv":[3,9,4.5,12.375],"texture":"#1"}}},{"from":[7.4,3.5711,9.0299],"to":[8.6,4.3711,11.7299],"rotation":{"angle":-22.5,"axis":"x","origin":[8,3.55945,8]},"faces":{"north":{"uv":[0,2,1.5,3],"rotation":180,"texture":"#0"},"east":{"uv":[2,0,3,3.375],"rotation":270,"texture":"#0"},"south":{"uv":[0,2,1.5,3],"texture":"#0"},"west":{"uv":[2,0,3,3.375],"rotation":90,"texture":"#0"},"up":{"uv":[4,0,5.5,3.375],"rotation":180,"texture":"#1"},"down":{"uv":[2,0,3.5,3.375],"texture":"#0"}}},{"from":[7.4,-0.34645,9.60049],"to":[8.6,0.45355,10.90049],"rotation":{"angle":-45,"axis":"x","origin":[8,3.55945,8]},"faces":{"north":{"uv":[0,2,1.5,3],"rotation":180,"texture":"#0"},"east":{"uv":[2,0,3,1.625],"rotation":270,"texture":"#0"},"south":{"uv":[0,2,1.5,3],"texture":"#0"},"west":{"uv":[2,0,3,1.625],"rotation":90,"texture":"#0"},"up":{"uv":[2,0,3.5,1.625],"rotation":180,"texture":"#0"},"down":{"uv":[3,7,4.5,8.625],"texture":"#1"}}},{"from":[7.4,4.74444,11.91855],"to":[8.6,5.74444,12.71855],"rotation":{"angle":22.5,"axis":"x","origin":[8,3.55945,8]},"faces":{"north":{"uv":[2,0,3.5,1.25],"texture":"#0"},"east":{"uv":[2,0,3,1.25],"texture":"#0"},"south":{"uv":[3,6,4.5,7.25],"texture":"#1"},"west":{"uv":[2,0,3,1.25],"texture":"#0"},"up":{"uv":[0,2,1.5,3],"texture":"#0"},"down":{"uv":[0,2,1.5,3],"texture":"#0"}}},{"from":[7.4,2.22989,12.27287],"to":[8.6,3.37989,13.07287],"rotation":{"angle":-22.5,"axis":"x","origin":[8,3.55945,8]},"faces":{"north":{"uv":[2,0,3.5,1.4375],"texture":"#0"},"east":{"uv":[2,0,3,1.4375],"texture":"#0"},"south":{"uv":[3,4,4.5,5.4375],"texture":"#1"},"west":{"uv":[2,0,3,1.4375],"texture":"#0"},"up":{"uv":[0,2,1.5,3],"texture":"#0"},"down":{"uv":[0,2,1.5,3],"texture":"#0"}}},{"from":[7.4,6.21955,10.66404],"to":[8.6,7.01955,11.71404],"rotation":{"angle":22.5,"axis":"x","origin":[8,3.55945,8]},"faces":{"north":{"uv":[0,2,1.5,3],"rotation":180,"texture":"#0"},"east":{"uv":[2,0,3,1.3125],"rotation":90,"texture":"#0"},"south":{"uv":[0,2,1.5,3],"texture":"#0"},"west":{"uv":[2,0,3,1.3125],"rotation":270,"texture":"#0"},"up":{"uv":[4,2,5.5,3.3125],"texture":"#1"},"down":{"uv":[2,0,3.5,1.3125],"rotation":180,"texture":"#0"}}},{"from":[7.4,4.93668,11.13537],"to":[8.6,5.73668,11.78537],"rotation":{"angle":0,"axis":"x","origin":[8,3.55945,8]},"faces":{"north":{"uv":[0,2,1.5,3],"rotation":180,"texture":"#0"},"east":{"uv":[2,0,3,0.8125],"rotation":90,"texture":"#0"},"south":{"uv":[0,2,1.5,3],"texture":"#0"},"west":{"uv":[2,0,3,0.8125],"rotation":270,"texture":"#0"},"up":{"uv":[4,2,5.5,2.8125],"texture":"#1"},"down":{"uv":[2,0,3.5,0.8125],"rotation":180,"texture":"#0"}}},{"from":[7.4,3.7724,12.39553],"to":[8.6,4.2724,13.19553],"rotation":{"angle":0,"axis":"x","origin":[8,3.55945,8]},"faces":{"north":{"uv":[2,0,3.5,0.625],"texture":"#0"},"east":{"uv":[2,0,3,0.625],"texture":"#0"},"south":{"uv":[3,5,4.5,5.625],"texture":"#1"},"west":{"uv":[2,0,3,0.625],"texture":"#0"},"up":{"uv":[0,2,1.5,3],"texture":"#0"},"down":{"uv":[0,2,1.5,3],"texture":"#0"}}},{"from":[7.4,0.56336,5.02661],"to":[8.6,1.36336,7.72661],"rotation":{"angle":22.5,"axis":"x","origin":[8,3.55945,8]},"faces":{"north":{"uv":[1.5,2,0,3],"texture":"#0"},"east":{"uv":[2,3.375,3,0],"rotation":270,"texture":"#0"},"south":{"uv":[1.5,2,0,3],"rotation":180,"texture":"#0"},"west":{"uv":[2,3.375,3,0],"rotation":90,"texture":"#0"},"up":{"uv":[2,3.375,3.5,0],"rotation":180,"texture":"#0"},"down":{"uv":[3,12.375,4.5,9],"texture":"#1"}}},{"from":[7.4,3.5711,4.2701],"to":[8.6,4.3711,6.9701],"rotation":{"angle":22.5,"axis":"x","origin":[8,3.55945,8]},"faces":{"north":{"uv":[1.5,2,0,3],"texture":"#0"},"east":{"uv":[2,3.375,3,0],"rotation":270,"texture":"#0"},"south":{"uv":[1.5,2,0,3],"rotation":180,"texture":"#0"},"west":{"uv":[2,3.375,3,0],"rotation":90,"texture":"#0"},"up":{"uv":[4,3.375,5.5,0],"rotation":180,"texture":"#1"},"down":{"uv":[2,3.375,3.5,0],"texture":"#0"}}},{"from":[7.4,-0.34645,5.09951],"to":[8.6,0.45355,6.39951],"rotation":{"angle":45,"axis":"x","origin":[8,3.55945,8]},"faces":{"north":{"uv":[1.5,2,0,3],"texture":"#0"},"east":{"uv":[2,1.625,3,0],"rotation":270,"texture":"#0"},"south":{"uv":[1.5,2,0,3],"rotation":180,"texture":"#0"},"west":{"uv":[2,1.625,3,0],"rotation":90,"texture":"#0"},"up":{"uv":[2,1.625,3.5,0],"rotation":180,"texture":"#0"},"down":{"uv":[3,8.625,4.5,7],"texture":"#1"}}},{"from":[7.4,4.74444,3.28145],"to":[8.6,5.74444,4.08145],"rotation":{"angle":-22.5,"axis":"x","origin":[8,3.55945,8]},"faces":{"north":{"uv":[4.5,6,3,7.25],"texture":"#1"},"east":{"uv":[3,0,2,1.25],"texture":"#0"},"south":{"uv":[3.5,0,2,1.25],"texture":"#0"},"west":{"uv":[3,0,2,1.25],"texture":"#0"},"up":{"uv":[0,3,1.5,2],"texture":"#0"},"down":{"uv":[0,3,1.5,2],"texture":"#0"}}},{"from":[7.4,2.22989,2.92713],"to":[8.6,3.37989,3.72713],"rotation":{"angle":22.5,"axis":"x","origin":[8,3.55945,8]},"faces":{"north":{"uv":[4.5,4,3,5.4375],"texture":"#1"},"east":{"uv":[3,0,2,1.4375],"texture":"#0"},"south":{"uv":[3.5,0,2,1.4375],"texture":"#0"},"west":{"uv":[3,0,2,1.4375],"texture":"#0"},"up":{"uv":[0,3,1.5,2],"texture":"#0"},"down":{"uv":[0,3,1.5,2],"texture":"#0"}}},{"from":[7.4,6.21955,4.28596],"to":[8.6,7.01955,5.33596],"rotation":{"angle":-22.5,"axis":"x","origin":[8,3.55945,8]},"faces":{"north":{"uv":[1.5,2,0,3],"texture":"#0"},"east":{"uv":[2,1.3125,3,0],"rotation":90,"texture":"#0"},"south":{"uv":[1.5,2,0,3],"rotation":180,"texture":"#0"},"west":{"uv":[2,1.3125,3,0],"rotation":270,"texture":"#0"},"up":{"uv":[4,3.3125,5.5,2],"texture":"#1"},"down":{"uv":[2,1.3125,3.5,0],"rotation":180,"texture":"#0"}}},{"from":[7.4,4.93668,4.21463],"to":[8.6,5.73668,4.86463],"rotation":{"angle":0,"axis":"x","origin":[8,3.55945,8]},"faces":{"north":{"uv":[1.5,2,0,3],"texture":"#0"},"east":{"uv":[2,0.8125,3,0],"rotation":90,"texture":"#0"},"south":{"uv":[1.5,2,0,3],"rotation":180,"texture":"#0"},"west":{"uv":[2,0.8125,3,0],"rotation":270,"texture":"#0"},"up":{"uv":[4,2.8125,5.5,2],"texture":"#1"},"down":{"uv":[2,0.8125,3.5,0],"rotation":180,"texture":"#0"}}},{"from":[7.4,3.7724,2.80447],"to":[8.6,4.2724,3.60447],"rotation":{"angle":0,"axis":"x","origin":[8,3.55945,8]},"faces":{"north":{"uv":[4.5,5,3,5.625],"texture":"#1"},"east":{"uv":[3,0,2,0.625],"texture":"#0"},"south":{"uv":[3.5,0,2,0.625],"texture":"#0"},"west":{"uv":[3,0,2,0.625],"texture":"#0"},"up":{"uv":[0,3,1.5,2],"texture":"#0"},"down":{"uv":[0,3,1.5,2],"texture":"#0"}}}],"display":{"thirdperson_righthand":{"rotation":[54,0,0],"translation":[0,5.25,0.75]},"thirdperson_lefthand":{"rotation":[54,0,0],"translation":[0,5.25,0.75]},"firstperson_righthand":{"rotation":[20,30,0],"translation":[-2,7.25,0.75]},"firstperson_lefthand":{"rotation":[20,30,0],"translation":[-2,7.25,0.75]},"ground":{"translation":[0,4.75,0]},"gui":{"rotation":[26,-130,0],"translation":[0.25,5.5,0],"scale":[1.4,1.4,1.4]},"head":{"translation":[0,3.75,0],"scale":[1.4,1.4,1.4]},"fixed":{"rotation":[0,80,0],"translation":[1.25,6.5,0],"scale":[1.78,1.78,1.78]}}}