{"credit":"Made with Blockbench by Valvac","textures":{"0":"block/quartz_block_bottom","1":"block/pink_glazed_terracotta","particle":"block/quartz_block_bottom"},"elements":[{"from":[6,1,6],"to":[10,2,10],"rotation":{"angle":0,"axis":"y","origin":[0,-3,0]},"faces":{"north":{"uv":[0,0,4,1],"texture":"#0"},"east":{"uv":[0,0,4,1],"texture":"#0"},"south":{"uv":[0,0,4,1],"texture":"#0"},"west":{"uv":[0,0,4,1],"texture":"#0"},"up":{"uv":[0,0,4,4],"texture":"#0"},"down":{"uv":[0,0,4,4],"texture":"#0"}}},{"from":[4,0,4],"to":[12,1,12],"rotation":{"angle":0,"axis":"y","origin":[0,-3,0]},"faces":{"north":{"uv":[0,0,4,1],"texture":"#0"},"east":{"uv":[0,0,4,1],"texture":"#0"},"south":{"uv":[0,0,4,1],"texture":"#0"},"west":{"uv":[0,0,4,1],"texture":"#0"},"up":{"uv":[4,4,8,8],"texture":"#1"},"down":{"uv":[0,0,4,4],"texture":"#0"}}},{"from":[4,1,3],"to":[12,2,4],"rotation":{"angle":0,"axis":"y","origin":[0,-3,0]},"faces":{"north":{"uv":[0,0,4,1],"texture":"#0"},"east":{"uv":[0,0,4,1],"texture":"#0"},"south":{"uv":[0,0,4,1],"texture":"#0"},"west":{"uv":[0,0,4,1],"texture":"#0"},"up":{"uv":[5,0,9,1],"texture":"#1"},"down":{"uv":[0,0,4,4],"texture":"#0"}}},{"from":[4,1,12],"to":[12,2,13],"rotation":{"angle":0,"axis":"y","origin":[0,-3,0]},"faces":{"north":{"uv":[0,0,4,1],"texture":"#0"},"east":{"uv":[0,0,4,1],"texture":"#0"},"south":{"uv":[0,0,4,1],"texture":"#0"},"west":{"uv":[0,0,4,1],"texture":"#0"},"up":{"uv":[12,6,8,7],"texture":"#1"},"down":{"uv":[0,0,4,4],"texture":"#0"}}},{"from":[3,1,4],"to":[4,2,12],"rotation":{"angle":0,"axis":"y","origin":[8,1.5,8]},"faces":{"north":{"uv":[0,0,4,1],"texture":"#0"},"east":{"uv":[0,0,4,1],"texture":"#0"},"south":{"uv":[0,0,4,1],"texture":"#0"},"west":{"uv":[0,0,4,1],"texture":"#0"},"up":{"uv":[7,4,11,5],"rotation":90,"texture":"#1"},"down":{"uv":[0,0,4,4],"rotation":270,"texture":"#0"}}},{"from":[3.20711,0.08579,4],"to":[4.62132,1.5,12],"rotation":{"angle":45,"axis":"z","origin":[3.70711,1,8]},"faces":{"north":{"uv":[0,0,4,1],"texture":"#0"},"east":{"uv":[6,4,10,5],"texture":"#1"},"south":{"uv":[0,0,4,1],"texture":"#0"},"west":{"uv":[0,0,4,1],"texture":"#0"},"up":{"uv":[0,0,4,4],"rotation":90,"texture":"#0"},"down":{"uv":[0,0,4,4],"rotation":270,"texture":"#0"}}},{"from":[11.37868,0.08579,4],"to":[12.79289,1.5,12],"rotation":{"angle":-45,"axis":"z","origin":[12.29289,1,8]},"faces":{"north":{"uv":[4,0,0,1],"texture":"#0"},"east":{"uv":[4,0,0,1],"texture":"#0"},"south":{"uv":[4,0,0,1],"texture":"#0"},"west":{"uv":[13,9,9,10],"texture":"#1"},"up":{"uv":[0,4,4,0],"rotation":90,"texture":"#0"},"down":{"uv":[0,4,4,0],"rotation":270,"texture":"#0"}}},{"from":[4,3.12132,10.12132],"to":[12,4.53553,11.53553],"rotation":{"angle":45,"axis":"x","origin":[8,1,8]},"faces":{"north":{"uv":[12,6,8,7],"texture":"#1"},"east":{"uv":[4,0,0,1],"texture":"#0"},"south":{"uv":[4,0,0,1],"texture":"#0"},"west":{"uv":[4,0,0,1],"texture":"#0"},"up":{"uv":[0,4,4,0],"rotation":180,"texture":"#0"},"down":{"uv":[0,4,4,0],"rotation":180,"texture":"#0"}}},{"from":[4,3.12132,4.46447],"to":[12,4.53553,5.87868],"rotation":{"angle":-45,"axis":"x","origin":[8,1,8]},"faces":{"north":{"uv":[0,0,4,1],"texture":"#0"},"east":{"uv":[0,0,4,1],"texture":"#0"},"south":{"uv":[5,0,9,1],"texture":"#1"},"west":{"uv":[0,0,4,1],"texture":"#0"},"up":{"uv":[0,0,4,4],"rotation":180,"texture":"#0"},"down":{"uv":[0,0,4,4],"rotation":180,"texture":"#0"}}},{"from":[12,1,4],"to":[13,2,12],"rotation":{"angle":0,"axis":"y","origin":[8,1.5,8]},"faces":{"north":{"uv":[0,0,4,1],"texture":"#0"},"east":{"uv":[0,0,4,1],"texture":"#0"},"south":{"uv":[0,0,4,1],"texture":"#0"},"west":{"uv":[0,0,4,1],"texture":"#0"},"up":{"uv":[13,10,9,9],"rotation":90,"texture":"#1"},"down":{"uv":[0,0,4,4],"rotation":270,"texture":"#0"}}},{"from":[5.5,2,5.5],"to":[10.5,3,10.5],"rotation":{"angle":0,"axis":"y","origin":[0,-3,0]},"faces":{"north":{"uv":[0,0,4,1],"texture":"#0"},"east":{"uv":[0,0,4,1],"texture":"#0"},"south":{"uv":[0,0,4,1],"texture":"#0"},"west":{"uv":[0,0,4,1],"texture":"#0"},"up":{"uv":[0,0,4,4],"texture":"#0"},"down":{"uv":[0,0,4,4],"texture":"#0"}}},{"from":[10.5,3,5],"to":[11,6,11],"rotation":{"angle":0,"axis":"y","origin":[0,-3,0]},"faces":{"north":{"uv":[0,0,6,5],"texture":"#0"},"east":{"uv":[0,0,6,5],"texture":"#0"},"south":{"uv":[0,0,6,5],"texture":"#0"},"west":{"uv":[0,0,6,5],"texture":"#0"},"up":{"uv":[0,0,6,6],"texture":"#0"},"down":{"uv":[0,0,6,6],"texture":"#0"}}},{"from":[5.5,3,5],"to":[10.5,6,5.5],"rotation":{"angle":0,"axis":"y","origin":[0,-3,0]},"faces":{"north":{"uv":[0,0,6,5],"texture":"#0"},"east":{"uv":[0,0,6,5],"texture":"#0"},"south":{"uv":[0,0,6,5],"texture":"#0"},"west":{"uv":[0,0,6,5],"texture":"#0"},"up":{"uv":[0,0,6,6],"texture":"#0"},"down":{"uv":[0,0,6,6],"texture":"#0"}}},{"from":[5.5,3,10.5],"to":[10.5,6,11],"rotation":{"angle":0,"axis":"y","origin":[0,-3,0]},"faces":{"north":{"uv":[0,0,6,5],"texture":"#0"},"east":{"uv":[0,0,6,5],"texture":"#0"},"south":{"uv":[0,0,6,5],"texture":"#0"},"west":{"uv":[0,0,6,5],"texture":"#0"},"up":{"uv":[0,0,6,6],"texture":"#0"},"down":{"uv":[0,0,6,6],"texture":"#0"}}},{"from":[5,3,5],"to":[5.5,6,11],"rotation":{"angle":0,"axis":"y","origin":[0,-3,0]},"faces":{"north":{"uv":[0,0,6,5],"texture":"#0"},"east":{"uv":[0,0,6,5],"texture":"#0"},"south":{"uv":[0,0,6,5],"texture":"#0"},"west":{"uv":[0,0,6,5],"texture":"#0"},"up":{"uv":[0,0,6,6],"texture":"#0"},"down":{"uv":[0,0,6,6],"texture":"#0"}}},{"from":[4.9375,4,7],"to":[5,5,10],"rotation":{"angle":0,"axis":"y","origin":[0,-3,0]},"faces":{"north":{"uv":[0,0,0.0625,1],"texture":"#1"},"east":{"uv":[0,0,3,1],"texture":"#1"},"south":{"uv":[0,0,0.0625,1],"texture":"#1"},"west":{"uv":[2,1,5,2],"texture":"#1"},"up":{"uv":[0,0,0.0625,3],"texture":"#1"},"down":{"uv":[0,0,0.0625,3],"texture":"#1"}}},{"from":[4.9375,3,6],"to":[5,4,9],"rotation":{"angle":0,"axis":"y","origin":[0,-3,0]},"faces":{"north":{"uv":[0,0,0.0625,1],"texture":"#1"},"east":{"uv":[0,0,3,1],"texture":"#1"},"south":{"uv":[0,0,0.0625,1],"texture":"#1"},"west":{"uv":[2,2,5,3],"texture":"#1"},"up":{"uv":[0,0,0.0625,3],"texture":"#1"},"down":{"uv":[0,0,0.0625,3],"texture":"#1"}}},{"from":[5.4375,2,6],"to":[5.5,3,9],"rotation":{"angle":0,"axis":"y","origin":[0,-3,0]},"faces":{"north":{"uv":[0,0,0.0625,1],"texture":"#1"},"east":{"uv":[0,0,3,1],"texture":"#1"},"south":{"uv":[0,0,0.0625,1],"texture":"#1"},"west":{"uv":[2,2,5,3],"texture":"#1"},"up":{"uv":[0,0,0.0625,3],"texture":"#1"},"down":{"uv":[0,0,0.0625,3],"texture":"#1"}}},{"from":[10.5,2,6],"to":[10.5625,3,9],"rotation":{"angle":0,"axis":"y","origin":[16,-3,0]},"faces":{"north":{"uv":[0.0625,0,0,1],"texture":"#1"},"east":{"uv":[15,3,12,4],"texture":"#1"},"south":{"uv":[0.0625,0,0,1],"texture":"#1"},"west":{"uv":[3,0,0,1],"texture":"#1"},"up":{"uv":[0.0625,0,0,3],"texture":"#1"},"down":{"uv":[0.0625,0,0,3],"texture":"#1"}}},{"from":[11,3,6],"to":[11.0625,4,9],"rotation":{"angle":0,"axis":"y","origin":[16,-3,0]},"faces":{"north":{"uv":[0.0625,0,0,1],"texture":"#1"},"east":{"uv":[15,3,12,4],"texture":"#1"},"south":{"uv":[0.0625,0,0,1],"texture":"#1"},"west":{"uv":[3,0,0,1],"texture":"#1"},"up":{"uv":[0.0625,0,0,3],"texture":"#1"},"down":{"uv":[0.0625,0,0,3],"texture":"#1"}}},{"from":[11,4,7],"to":[11.0625,5,10],"rotation":{"angle":0,"axis":"y","origin":[16,-3,0]},"faces":{"north":{"uv":[0.0625,0,0,1],"texture":"#1"},"east":{"uv":[9,1,6,2],"texture":"#1"},"south":{"uv":[0.0625,0,0,1],"texture":"#1"},"west":{"uv":[3,0,0,1],"texture":"#1"},"up":{"uv":[0.0625,0,0,3],"texture":"#1"},"down":{"uv":[0.0625,0,0,3],"texture":"#1"}}},{"from":[6.5,2,5.4375],"to":[9.5,3,5.5],"rotation":{"angle":0,"axis":"y","origin":[8.5,2,8]},"faces":{"north":{"uv":[9,14,12,15],"texture":"#1"},"east":{"uv":[0,0,0.0625,1],"texture":"#1"},"south":{"uv":[0,0,3,1],"texture":"#1"},"west":{"uv":[0,0,0.0625,1],"texture":"#1"},"up":{"uv":[0,0,0.0625,3],"rotation":90,"texture":"#1"},"down":{"uv":[0,0,0.0625,3],"rotation":270,"texture":"#1"}}},{"from":[6.5,3,4.9375],"to":[9.5,5,5],"rotation":{"angle":0,"axis":"y","origin":[8.5,2,8]},"faces":{"north":{"uv":[11,13,14,15],"texture":"#1"},"east":{"uv":[0,0,0.0625,1],"texture":"#1"},"south":{"uv":[0,0,3,1],"texture":"#1"},"west":{"uv":[0,0,0.0625,1],"texture":"#1"},"up":{"uv":[0,0,0.0625,3],"rotation":90,"texture":"#1"},"down":{"uv":[0,0,0.0625,3],"rotation":270,"texture":"#1"}}},{"from":[7.25,2.52779,11.01039],"to":[8.75,3.52779,11.94789],"rotation":{"angle":-45,"axis":"x","origin":[8,4.63772,12.17885]},"faces":{"north":{"uv":[0,2,1.5,3],"rotation":180,"texture":"#0"},"east":{"uv":[2,0,3,3.375],"rotation":270,"texture":"#0"},"south":{"uv":[0,2,1.5,3],"texture":"#0"},"west":{"uv":[2,0,3,3.375],"rotation":90,"texture":"#0"},"up":{"uv":[2,0,3.5,3.375],"rotation":180,"texture":"#0"},"down":{"uv":[3,9,4.5,13.375],"texture":"#1"}}},{"from":[7.25,2.63001,8.69344],"to":[8.75,3.63001,11.94344],"rotation":{"angle":-22.5,"axis":"x","origin":[8,4.73994,13.1744]},"faces":{"north":{"uv":[0,2,1.5,3],"rotation":180,"texture":"#0"},"east":{"uv":[2,0,3,3.375],"rotation":270,"texture":"#0"},"south":{"uv":[0,2,1.5,3],"texture":"#0"},"west":{"uv":[2,0,3,3.375],"rotation":90,"texture":"#0"},"up":{"uv":[2,0,3.5,3.375],"rotation":180,"texture":"#0"},"down":{"uv":[3,9,4.5,13.375],"texture":"#1"}}},{"from":[7.25,5.08344,12.48763],"to":[8.75,6.08344,12.98763],"rotation":{"angle":-45,"axis":"x","origin":[8,3.43369,12.27296]},"faces":{"north":{"uv":[0,2,1.5,3],"rotation":180,"texture":"#0"},"east":{"uv":[2,0,3,3.375],"rotation":270,"texture":"#0"},"south":{"uv":[0,2,1.5,3],"texture":"#0"},"west":{"uv":[2,0,3,3.375],"rotation":90,"texture":"#0"},"up":{"uv":[4,0,5.5,3.375],"rotation":180,"texture":"#1"},"down":{"uv":[2,0,3.5,3.375],"texture":"#0"}}},{"from":[7.25,5.08344,11.98763],"to":[8.75,5.52094,12.48763],"rotation":{"angle":-45,"axis":"x","origin":[8,3.43369,12.27296]},"faces":{"north":{"uv":[0,2,1.5,3],"rotation":180,"texture":"#0"},"east":{"uv":[2,0,3,3.375],"rotation":270,"texture":"#0"},"south":{"uv":[0,2,1.5,3],"texture":"#0"},"west":{"uv":[2,0,3,3.375],"rotation":90,"texture":"#0"},"up":{"uv":[4,0,5.5,3.375],"rotation":180,"texture":"#1"},"down":{"uv":[2,0,3.5,3.375],"texture":"#0"}}},{"from":[7.25,3.65972,12.82454],"to":[8.75,4.72222,13.82454],"rotation":{"angle":22.5,"axis":"x","origin":[8,4.11805,11.96361]},"faces":{"north":{"uv":[2,0,3.5,1.625],"texture":"#0"},"east":{"uv":[2,0,3,1.625],"texture":"#0"},"south":{"uv":[3,7,4.5,8.625],"texture":"#1"},"west":{"uv":[2,0,3,1.625],"texture":"#0"},"up":{"uv":[0,2,1.5,3],"texture":"#0"},"down":{"uv":[0,2,1.5,3],"texture":"#0"}}},{"from":[7.25,3.96408,12.91409],"to":[8.75,4.83908,13.91409],"rotation":{"angle":0,"axis":"x","origin":[8,3.74304,11.9636]},"faces":{"north":{"uv":[2,0,3.5,1.25],"texture":"#0"},"east":{"uv":[2,0,3,1.25],"texture":"#0"},"south":{"uv":[3,6,4.5,7.25],"texture":"#1"},"west":{"uv":[2,0,3,1.25],"texture":"#0"},"up":{"uv":[0,2,1.5,3],"texture":"#0"},"down":{"uv":[0,2,1.5,3],"texture":"#0"}}},{"from":[7.25,3.84443,13.66635],"to":[8.75,4.84443,14.66635],"rotation":{"angle":-45,"axis":"x","origin":[8,3.43369,12.27296]},"faces":{"north":{"uv":[2,0,3.5,1.4375],"texture":"#0"},"east":{"uv":[2,0,3,1.4375],"texture":"#0"},"south":{"uv":[3,4,4.5,5.4375],"texture":"#1"},"west":{"uv":[2,0,3,1.4375],"texture":"#0"},"up":{"uv":[0,2,1.5,3],"texture":"#0"},"down":{"uv":[0,2,1.5,3],"texture":"#0"}}},{"from":[7.25,5.12362,11.65531],"to":[8.75,6.12362,12.96781],"rotation":{"angle":0,"axis":"x","origin":[8,3.43369,12.27296]},"faces":{"north":{"uv":[0,2,1.5,3],"rotation":180,"texture":"#0"},"east":{"uv":[2,0,3,1.3125],"rotation":90,"texture":"#0"},"south":{"uv":[0,2,1.5,3],"texture":"#0"},"west":{"uv":[2,0,3,1.3125],"rotation":270,"texture":"#0"},"up":{"uv":[4,2,5.5,3.3125],"texture":"#1"},"down":{"uv":[2,0,3.5,1.3125],"rotation":180,"texture":"#0"}}},{"from":[7.25,5.15523,11.91921],"to":[8.75,6.15523,12.73171],"rotation":{"angle":-22.5,"axis":"x","origin":[8,3.43369,12.27296]},"faces":{"north":{"uv":[0,2,1.5,3],"rotation":180,"texture":"#0"},"east":{"uv":[2,0,3,0.8125],"rotation":90,"texture":"#0"},"south":{"uv":[0,2,1.5,3],"texture":"#0"},"west":{"uv":[2,0,3,0.8125],"rotation":270,"texture":"#0"},"up":{"uv":[4,2,5.5,2.8125],"texture":"#1"},"down":{"uv":[2,0,3.5,0.8125],"rotation":180,"texture":"#0"}}},{"from":[7.25,4.00923,13.18505],"to":[8.75,4.63423,14.18505],"rotation":{"angle":-22.5,"axis":"x","origin":[8,3.74304,11.9636]},"faces":{"north":{"uv":[2,0,3.5,0.625],"texture":"#0"},"east":{"uv":[2,0,3,0.625],"texture":"#0"},"south":{"uv":[3,5,4.5,5.625],"texture":"#1"},"west":{"uv":[2,0,3,0.625],"texture":"#0"},"up":{"uv":[0,2,1.5,3],"texture":"#0"},"down":{"uv":[0,2,1.5,3],"texture":"#0"}}}],"display":{"thirdperson_righthand":{"rotation":[54,0,0],"translation":[0,4.75,0.75]},"thirdperson_lefthand":{"rotation":[54,0,0],"translation":[0,4.75,0.75]},"firstperson_righthand":{"rotation":[20,30,0],"translation":[-2,7.25,0.75]},"firstperson_lefthand":{"rotation":[20,30,0],"translation":[-2,7.25,0.75]},"ground":{"translation":[0,4.75,0]},"gui":{"rotation":[26,-130,0],"translation":[0.25,3.75,0],"scale":[1.2,1.2,1.2]},"head":{"translation":[0,3.75,0],"scale":[1.4,1.4,1.4]},"fixed":{"rotation":[0,80,0],"translation":[1.25,6.5,0],"scale":[1.78,1.78,1.78]}}}