{"credit":"Made with Blockbench by Valvac","textures":{"0":"block/quartz_block_bottom","1":"block/pink_glazed_terracotta","particle":"block/quartz_block_bottom"},"elements":[{"from":[6,0,6],"to":[10,1,10],"faces":{"north":{"uv":[0,0,4,1],"texture":"#0"},"east":{"uv":[0,0,4,1],"texture":"#0"},"south":{"uv":[0,0,4,1],"texture":"#0"},"west":{"uv":[0,0,4,1],"texture":"#0"},"up":{"uv":[0,0,4,4],"texture":"#0"},"down":{"uv":[0,0,4,4],"texture":"#0"}}},{"from":[6,6,6],"to":[10,7,10],"faces":{"north":{"uv":[1,5,5,6],"texture":"#1"},"east":{"uv":[1,2,5,3],"texture":"#1"},"south":{"uv":[1,5,5,6],"texture":"#1"},"west":{"uv":[1,2,5,3],"texture":"#1"},"up":{"uv":[1,2,5,6],"texture":"#1"},"down":{"uv":[0,0,4,4],"texture":"#1"}}},{"from":[7.5,7,7.5],"to":[8.5,8,8.5],"faces":{"north":{"uv":[0,0,1,1],"texture":"#0"},"east":{"uv":[0,0,1,1],"texture":"#0"},"south":{"uv":[0,0,1,1],"texture":"#0"},"west":{"uv":[0,0,1,1],"texture":"#0"},"up":{"uv":[0,0,1,1],"texture":"#0"},"down":{"uv":[0,0,1,1],"texture":"#0"}}},{"from":[5,1,5],"to":[11,6,11],"faces":{"north":{"uv":[0,0,6,5],"texture":"#0"},"east":{"uv":[0,0,6,5],"texture":"#0"},"south":{"uv":[0,0,6,5],"texture":"#0"},"west":{"uv":[0,0,6,5],"texture":"#0"},"up":{"uv":[0,0,6,6],"texture":"#0"},"down":{"uv":[0,0,6,6],"texture":"#0"}}},{"from":[4.9375,4,7],"to":[5,5,10],"faces":{"north":{"uv":[0,0,0.0625,1],"texture":"#1"},"east":{"uv":[0,0,3,1],"texture":"#1"},"south":{"uv":[0,0,0.0625,1],"texture":"#1"},"west":{"uv":[2,1,5,2],"texture":"#1"},"up":{"uv":[0,0,0.0625,3],"texture":"#1"},"down":{"uv":[0,0,0.0625,3],"texture":"#1"}}},{"from":[4.9375,3,6],"to":[5,4,9],"faces":{"north":{"uv":[0,0,0.0625,1],"texture":"#1"},"east":{"uv":[0,0,3,1],"texture":"#1"},"south":{"uv":[0,0,0.0625,1],"texture":"#1"},"west":{"uv":[2,2,5,3],"texture":"#1"},"up":{"uv":[0,0,0.0625,3],"texture":"#1"},"down":{"uv":[0,0,0.0625,3],"texture":"#1"}}},{"from":[11,4,7],"to":[11.0625,5,10],"rotation":{"angle":0,"axis":"y","origin":[16,0,0]},"faces":{"north":{"uv":[0.0625,0,0,1],"texture":"#1"},"east":{"uv":[5,1,2,2],"texture":"#1"},"south":{"uv":[0.0625,0,0,1],"texture":"#1"},"west":{"uv":[3,0,0,1],"texture":"#1"},"up":{"uv":[0.0625,0,0,3],"texture":"#1"},"down":{"uv":[0.0625,0,0,3],"texture":"#1"}}},{"from":[11,3,6],"to":[11.0625,4,9],"rotation":{"angle":0,"axis":"y","origin":[16,0,0]},"faces":{"north":{"uv":[0.0625,0,0,1],"texture":"#1"},"east":{"uv":[7,2,4,3],"texture":"#1"},"south":{"uv":[0.0625,0,0,1],"texture":"#1"},"west":{"uv":[3,0,0,1],"texture":"#1"},"up":{"uv":[0.0625,0,0,3],"texture":"#1"},"down":{"uv":[0.0625,0,0,3],"texture":"#1"}}},{"from":[7.5,1,3.5625],"to":[8.5,6,4.0625],"rotation":{"angle":-45,"axis":"x","origin":[8,3.5,4]},"faces":{"north":{"uv":[0,0,1,5],"texture":"#0"},"east":{"uv":[0,0,0.5,5],"texture":"#0"},"south":{"uv":[0,0,1,5],"texture":"#0"},"west":{"uv":[0,0,0.5,5],"texture":"#0"},"up":{"uv":[0,0,1,0.5],"texture":"#0"},"down":{"uv":[0,0,1,0.5],"texture":"#0"}}},{"from":[7.5,1,5.0625],"to":[8.5,6,5.5625],"rotation":{"angle":-45,"axis":"x","origin":[8,3.5,4]},"faces":{"north":{"uv":[0,0,1,5],"texture":"#0"},"east":{"uv":[0,0,0.5,5],"texture":"#0"},"south":{"uv":[0,0,1,5],"texture":"#0"},"west":{"uv":[0,0,0.5,5],"texture":"#0"},"up":{"uv":[0,0,1,0.5],"texture":"#0"},"down":{"uv":[0,0,1,0.5],"texture":"#0"}}},{"from":[8.5,1,3.5625],"to":[9,6,5.5625],"rotation":{"angle":-45,"axis":"x","origin":[8,3.5,4]},"faces":{"north":{"uv":[0,0,0.5,5],"texture":"#0"},"east":{"uv":[0,0,2,5],"texture":"#0"},"south":{"uv":[0,0,0.5,5],"texture":"#0"},"west":{"uv":[0,0,2,5],"texture":"#0"},"up":{"uv":[0,0,0.5,2],"texture":"#0"},"down":{"uv":[0,0,0.5,2],"texture":"#0"}}},{"from":[7,1,3.5625],"to":[7.5,6,5.5625],"rotation":{"angle":-45,"axis":"x","origin":[8,3.5,4]},"faces":{"north":{"uv":[0,0,0.5,5],"texture":"#0"},"east":{"uv":[0,0,2,5],"texture":"#0"},"south":{"uv":[0,0,0.5,5],"texture":"#0"},"west":{"uv":[0,0,2,5],"texture":"#0"},"up":{"uv":[0,0,0.5,2],"texture":"#0"},"down":{"uv":[0,0,0.5,2],"texture":"#0"}}},{"from":[7.5,1.625,3.5],"to":[8.5,5.375,3.5625],"rotation":{"angle":-45,"axis":"x","origin":[8,3.5,4]},"faces":{"north":{"uv":[0,5,1,8.75],"texture":"#1"},"east":{"uv":[0,0,0.0625,3.75],"texture":"#0"},"south":{"uv":[0,0,1,3.75],"texture":"#0"},"west":{"uv":[0,0,0.0625,3.75],"texture":"#0"},"up":{"uv":[0,0,1,0.0625],"texture":"#0"},"down":{"uv":[0,0,1,0.0625],"texture":"#0"}}},{"from":[7.25,0.81772,9.08489],"to":[8.75,1.81772,12.45989],"rotation":{"angle":-22.5,"axis":"x","origin":[8,2.13022,11.20989]},"faces":{"north":{"uv":[0,2,1.5,3],"rotation":180,"texture":"#0"},"east":{"uv":[2,0,3,3.375],"rotation":270,"texture":"#0"},"south":{"uv":[0,2,1.5,3],"texture":"#0"},"west":{"uv":[2,0,3,3.375],"rotation":90,"texture":"#0"},"up":{"uv":[2,0,3.5,3.375],"rotation":180,"texture":"#0"},"down":{"uv":[3,9,4.5,12.375],"texture":"#1"}}},{"from":[7.25,4.91475,9.83525],"to":[8.75,5.91475,13.21025],"rotation":{"angle":-22.5,"axis":"x","origin":[8,2.78975,11.96025]},"faces":{"north":{"uv":[0,2,1.5,3],"rotation":180,"texture":"#0"},"east":{"uv":[2,0,3,3.375],"rotation":270,"texture":"#0"},"south":{"uv":[0,2,1.5,3],"texture":"#0"},"west":{"uv":[2,0,3,3.375],"rotation":90,"texture":"#0"},"up":{"uv":[4,0,5.5,3.375],"rotation":180,"texture":"#1"},"down":{"uv":[2,0,3.5,3.375],"texture":"#0"}}},{"from":[7.25,0.52228,11.88271],"to":[8.75,1.52228,13.50771],"rotation":{"angle":-45,"axis":"x","origin":[8,2.14728,11.32021]},"faces":{"north":{"uv":[0,2,1.5,3],"rotation":180,"texture":"#0"},"east":{"uv":[2,0,3,1.625],"rotation":270,"texture":"#0"},"south":{"uv":[0,2,1.5,3],"texture":"#0"},"west":{"uv":[2,0,3,1.625],"rotation":90,"texture":"#0"},"up":{"uv":[2,0,3.5,1.625],"rotation":180,"texture":"#0"},"down":{"uv":[3,7,4.5,8.625],"texture":"#1"}}},{"from":[7.25,3.50148,12.95767],"to":[8.75,4.75148,13.95767],"rotation":{"angle":22.5,"axis":"x","origin":[8,2.87648,11.58267]},"faces":{"north":{"uv":[2,0,3.5,1.25],"texture":"#0"},"east":{"uv":[2,0,3,1.25],"texture":"#0"},"south":{"uv":[3,6,4.5,7.25],"texture":"#1"},"west":{"uv":[2,0,3,1.25],"texture":"#0"},"up":{"uv":[0,2,1.5,3],"texture":"#0"},"down":{"uv":[0,2,1.5,3],"texture":"#0"}}},{"from":[7.25,3.21039,13.6415],"to":[8.75,4.64789,14.6415],"rotation":{"angle":-22.5,"axis":"x","origin":[8,3.39789,11.7665]},"faces":{"north":{"uv":[2,0,3.5,1.4375],"texture":"#0"},"east":{"uv":[2,0,3,1.4375],"texture":"#0"},"south":{"uv":[3,4,4.5,5.4375],"texture":"#1"},"west":{"uv":[2,0,3,1.4375],"texture":"#0"},"up":{"uv":[0,2,1.5,3],"texture":"#0"},"down":{"uv":[0,2,1.5,3],"texture":"#0"}}},{"from":[7.25,4.89572,11.53635],"to":[8.75,5.89572,12.84885],"rotation":{"angle":22.5,"axis":"x","origin":[8,3.02072,12.78635]},"faces":{"north":{"uv":[0,2,1.5,3],"rotation":180,"texture":"#0"},"east":{"uv":[2,0,3,1.3125],"rotation":90,"texture":"#0"},"south":{"uv":[0,2,1.5,3],"texture":"#0"},"west":{"uv":[2,0,3,1.3125],"rotation":270,"texture":"#0"},"up":{"uv":[4,2,5.5,3.3125],"texture":"#1"},"down":{"uv":[2,0,3.5,1.3125],"rotation":180,"texture":"#0"}}},{"from":[7.25,5.15523,11.91921],"to":[8.75,6.15523,12.73171],"rotation":{"angle":0,"axis":"x","origin":[8,3.28023,12.66921]},"faces":{"north":{"uv":[0,2,1.5,3],"rotation":180,"texture":"#0"},"east":{"uv":[2,0,3,0.8125],"rotation":90,"texture":"#0"},"south":{"uv":[0,2,1.5,3],"texture":"#0"},"west":{"uv":[2,0,3,0.8125],"rotation":270,"texture":"#0"},"up":{"uv":[4,2,5.5,2.8125],"texture":"#1"},"down":{"uv":[2,0,3.5,0.8125],"rotation":180,"texture":"#0"}}},{"from":[7.25,3.69988,13.49441],"to":[8.75,4.32488,14.49441],"rotation":{"angle":0,"axis":"x","origin":[8,3.07488,11.61941]},"faces":{"north":{"uv":[2,0,3.5,0.625],"texture":"#0"},"east":{"uv":[2,0,3,0.625],"texture":"#0"},"south":{"uv":[3,5,4.5,5.625],"texture":"#1"},"west":{"uv":[2,0,3,0.625],"texture":"#0"},"up":{"uv":[0,2,1.5,3],"texture":"#0"},"down":{"uv":[0,2,1.5,3],"texture":"#0"}}}],"display":{"thirdperson_righthand":{"rotation":[54,0,0],"translation":[0,5.25,0.75]},"thirdperson_lefthand":{"rotation":[54,0,0],"translation":[0,5.25,0.75]},"firstperson_righthand":{"rotation":[20,30,0],"translation":[-2,7.25,0.75]},"firstperson_lefthand":{"rotation":[20,30,0],"translation":[-2,7.25,0.75]},"ground":{"translation":[0,4.75,0]},"gui":{"rotation":[26,-130,0],"translation":[0.25,5.5,0],"scale":[1.4,1.4,1.4]},"head":{"translation":[0,3.75,0],"scale":[1.4,1.4,1.4]},"fixed":{"rotation":[0,80,0],"translation":[1.25,6.5,0],"scale":[1.78,1.78,1.78]}}}