{"credit":"Made with Blockbench by Valvac","ambientocclusion":false,"textures":{"1":"block/rail_ms","particle":"block/chorus_plant","texture":"block/chorus_plant"},"elements":[{"from":[0,0,3.5],"to":[16,2.25,13.25],"rotation":{"angle":0,"axis":"y","origin":[8,4.25,8]},"faces":{"north":{"uv":[4,13.75,12,16],"texture":"#texture","cullface":"north"},"east":{"uv":[0,13.75,16,16],"texture":"#texture"},"west":{"uv":[0,13.75,16,16],"texture":"#texture"},"up":{"uv":[4,0,12,16],"texture":"#texture"},"down":{"uv":[4,0,12,16],"texture":"#texture"}}},{"from":[0,24,0],"to":[16,24.05,16],"rotation":{"angle":0,"axis":"y","origin":[8,20.25,8]},"faces":{"up":{"uv":[0,0,16,16],"rotation":90,"texture":"#1"}}}]}