{"credit":"Made with Blockbench by Valvac","ambientocclusion":false,"textures":{"1":"block/rail_ms_corner","texture":"block/chorus_plant"},"elements":[{"from":[6,4,-0.25],"to":[11,12,4.75],"rotation":{"angle":0,"axis":"y","origin":[5.75,8,-0.5]},"faces":{"north":{"uv":[12,4,15.5,12],"texture":"#texture","cullface":"north"},"east":{"uv":[0,4,16,12],"texture":"#texture"},"west":{"uv":[0,4,16,12],"texture":"#texture"},"up":{"uv":[0.5,0,4,16],"texture":"#texture"},"down":{"uv":[0.5,0,4,16],"texture":"#texture"}}},{"from":[0,4,4.75],"to":[11,12,11.75],"rotation":{"angle":0,"axis":"y","origin":[-0.25,8,3.75]},"faces":{"north":{"uv":[12,4,15.5,12],"texture":"#texture","cullface":"north"},"east":{"uv":[0,4,16,12],"texture":"#texture"},"west":{"uv":[0,4,16,12],"texture":"#texture"},"up":{"uv":[0.5,0,4,16],"texture":"#texture"},"down":{"uv":[0.5,0,4,16],"texture":"#texture"}}},{"from":[0,24,0],"to":[16,24.05,16],"rotation":{"angle":0,"axis":"y","origin":[8,28.25,8]},"faces":{"up":{"uv":[0,0,16,16],"rotation":180,"texture":"#1"}}}],"groups":[0,1,{"name":"chorus_plant_side_down","origin":[8,8,8],"children":[2]}]}