{"credit":"Made with Blockbench by Valvac","textures":{"1":"block/white_stained_glass","2":"block/black_concrete","3":"block/mcqueen_decals","4":"block/white_concrete","7":"block/light_orange","8":"block/1","13":"block/red_wool","14":"block/light_gray_wool","15":"block/white_wool","1_1":"block/red_concrete","1_5":"block/gray_concrete","1_6":"block/light_white","particle":"block/cars_textured"},"elements":[{"from":[0,0,0],"to":[16,2,16],"rotation":{"angle":45,"axis":"y","origin":[8,1,8]},"faces":{"north":{"uv":[5,4,6,5],"texture":"#13"},"east":{"uv":[5,4,6,5],"texture":"#13"},"south":{"uv":[5,4,6,5],"texture":"#13"},"west":{"uv":[5,4,6,5],"texture":"#13"},"up":{"uv":[5,4,6,5],"texture":"#13"},"down":{"uv":[5,4,6,5],"texture":"#13"}}},{"from":[14.11807,22,0.15246],"to":[16.11807,24,16.15246],"rotation":{"angle":-45,"axis":"y","origin":[8.24307,12.125,7.93371]},"faces":{"north":{"uv":[5,4,6,5],"texture":"#13"},"east":{"uv":[5,4,6,5],"texture":"#13"},"south":{"uv":[5,4,6,5],"texture":"#13"},"west":{"uv":[5,4,6,5],"texture":"#13"},"up":{"uv":[5,4,6,5],"texture":"#13"},"down":{"uv":[5,4,6,5],"texture":"#13"}}},{"from":[0.11807,22,14.15246],"to":[14.11807,24,16.15246],"rotation":{"angle":-45,"axis":"y","origin":[8.24307,12.125,7.93371]},"faces":{"north":{"uv":[5,4,6,5],"texture":"#13"},"east":{"uv":[5,4,6,5],"texture":"#13"},"south":{"uv":[5,4,6,5],"texture":"#13"},"west":{"uv":[5,4,6,5],"texture":"#13"},"up":{"uv":[5,4,6,5],"texture":"#13"},"down":{"uv":[5,4,6,5],"texture":"#13"}}},{"from":[-1.8995,23,6.58578],"to":[17.89949,24,9.33578],"rotation":{"angle":0,"axis":"y","origin":[8.24307,12.125,7.93371]},"faces":{"north":{"uv":[5,4,6,5],"texture":"#13"},"east":{"uv":[5,4,6,5],"texture":"#13"},"south":{"uv":[5,4,6,5],"texture":"#13"},"west":{"uv":[5,4,6,5],"texture":"#13"},"up":{"uv":[5,4,6,5],"texture":"#13"},"down":{"uv":[5,4,6,5],"texture":"#13"}}},{"from":[0.788,23,9.33578],"to":[15.21199,24,12.08578],"rotation":{"angle":0,"axis":"y","origin":[8.24307,12.125,7.93371]},"faces":{"north":{"uv":[5,4,6,5],"texture":"#13"},"east":{"uv":[5,4,6,5],"texture":"#13"},"south":{"uv":[5,4,6,5],"texture":"#13"},"west":{"uv":[5,4,6,5],"texture":"#13"},"up":{"uv":[5,4,6,5],"texture":"#13"},"down":{"uv":[5,4,6,5],"texture":"#13"}}},{"from":[3.6005,23,12.08578],"to":[12.39949,24,14.83578],"rotation":{"angle":0,"axis":"y","origin":[8.24307,12.125,7.93371]},"faces":{"north":{"uv":[5,4,6,5],"texture":"#13"},"east":{"uv":[5,4,6,5],"texture":"#13"},"south":{"uv":[5,4,6,5],"texture":"#13"},"west":{"uv":[5,4,6,5],"texture":"#13"},"up":{"uv":[5,4,6,5],"texture":"#13"},"down":{"uv":[5,4,6,5],"texture":"#13"}}},{"from":[6.3505,23,14.83578],"to":[9.64949,24,17.58578],"rotation":{"angle":0,"axis":"y","origin":[8.24307,12.125,7.93371]},"faces":{"north":{"uv":[5,4,6,5],"texture":"#13"},"east":{"uv":[5,4,6,5],"texture":"#13"},"south":{"uv":[5,4,6,5],"texture":"#13"},"west":{"uv":[5,4,6,5],"texture":"#13"},"up":{"uv":[5,4,6,5],"texture":"#13"},"down":{"uv":[5,4,6,5],"texture":"#13"}}},{"from":[14.11807,2,0.15246],"to":[16.11807,12,2.15246],"rotation":{"angle":-45,"axis":"y","origin":[8.24307,12.125,7.93371]},"faces":{"north":{"uv":[5,4,6,5],"texture":"#13"},"east":{"uv":[5,4,6,5],"texture":"#13"},"south":{"uv":[5,4,6,5],"texture":"#13"},"west":{"uv":[5,4,6,5],"texture":"#13"},"up":{"uv":[5,4,6,5],"texture":"#13"},"down":{"uv":[5,4,6,5],"texture":"#13"}}},{"from":[5.11807,2,0.15246],"to":[14.11807,7,2.15246],"rotation":{"angle":-45,"axis":"y","origin":[8.24307,12.125,7.93371]},"faces":{"north":{"uv":[5,4,6,5],"texture":"#13"},"east":{"uv":[5,4,6,5],"texture":"#13"},"south":{"uv":[5,4,6,5],"texture":"#13"},"west":{"uv":[5,4,6,5],"texture":"#13"},"up":{"uv":[5,4,6,5],"texture":"#13"},"down":{"uv":[5,4,6,5],"texture":"#13"}}},{"from":[5.61807,0.5,-0.09754],"to":[15.61807,1,1.15246],"rotation":{"angle":-45,"axis":"y","origin":[8.24307,12.125,7.93371]},"faces":{"north":{"uv":[6,6,7,7],"texture":"#14"},"east":{"uv":[6,6,7,7],"texture":"#14"},"south":{"uv":[6,6,7,7],"texture":"#14"},"west":{"uv":[6,6,7,7],"texture":"#14"},"up":{"uv":[6,6,7,7],"texture":"#14"},"down":{"uv":[6,6,7,7],"texture":"#14"}}},{"from":[15.11807,1,-0.09754],"to":[15.61807,6,1.15246],"rotation":{"angle":-45,"axis":"y","origin":[8.24307,12.125,7.93371]},"faces":{"north":{"uv":[6,6,7,7],"texture":"#14"},"east":{"uv":[6,6,7,7],"texture":"#14"},"south":{"uv":[6,6,7,7],"texture":"#14"},"west":{"uv":[6,6,7,7],"texture":"#14"},"up":{"uv":[6,6,7,7],"texture":"#14"},"down":{"uv":[6,6,7,7],"texture":"#14"}}},{"from":[5.61807,1,-0.09754],"to":[6.11807,6,1.15246],"rotation":{"angle":-45,"axis":"y","origin":[8.24307,12.125,7.93371]},"faces":{"north":{"uv":[6,6,7,7],"texture":"#14"},"east":{"uv":[6,6,7,7],"texture":"#14"},"south":{"uv":[6,6,7,7],"texture":"#14"},"west":{"uv":[6,6,7,7],"texture":"#14"},"up":{"uv":[6,6,7,7],"texture":"#14"},"down":{"uv":[6,6,7,7],"texture":"#14"}}},{"from":[7.74307,1.375,-0.09754],"to":[13.49307,5.375,1.02746],"rotation":{"angle":-45,"axis":"y","origin":[8.24307,12.125,7.93371]},"faces":{"north":{"uv":[0,0,16,11],"texture":"#8"}}},{"from":[5.80557,1,0.08996],"to":[15.18057,6,1.21496],"rotation":{"angle":-45,"axis":"y","origin":[8.24307,12.125,7.93371]},"faces":{"north":{"uv":[0,0,1,1],"texture":"#15"},"east":{"uv":[0,0,1,1],"texture":"#15"},"south":{"uv":[0,0,1,1],"texture":"#15"},"west":{"uv":[0,0,1,1],"texture":"#15"},"up":{"uv":[0,0,1,1],"texture":"#15"},"down":{"uv":[0,0,1,1],"texture":"#15"}}},{"from":[5.61807,6,-0.09754],"to":[15.61807,6.5,1.15246],"rotation":{"angle":-45,"axis":"y","origin":[8.24307,12.125,7.93371]},"faces":{"north":{"uv":[6,6,7,7],"texture":"#14"},"east":{"uv":[6,6,7,7],"texture":"#14"},"south":{"uv":[6,6,7,7],"texture":"#14"},"west":{"uv":[6,6,7,7],"texture":"#14"},"up":{"uv":[6,6,7,7],"texture":"#14"},"down":{"uv":[6,6,7,7],"texture":"#14"}}},{"from":[0.11807,2,14.15246],"to":[2.11807,12,16.15246],"rotation":{"angle":-45,"axis":"y","origin":[8.24307,12.125,7.93371]},"faces":{"north":{"uv":[5,4,6,5],"texture":"#13"},"east":{"uv":[5,4,6,5],"texture":"#13"},"south":{"uv":[5,4,6,5],"texture":"#13"},"west":{"uv":[5,4,6,5],"texture":"#13"},"up":{"uv":[5,4,6,5],"texture":"#13"},"down":{"uv":[5,4,6,5],"texture":"#13"}}},{"from":[14.11807,2,14.15246],"to":[16.11807,12,16.15246],"rotation":{"angle":-45,"axis":"y","origin":[8.24307,12.125,7.93371]},"faces":{"north":{"uv":[5,4,6,5],"texture":"#13"},"east":{"uv":[5,4,6,5],"texture":"#13"},"south":{"uv":[5,4,6,5],"texture":"#13"},"west":{"uv":[5,4,6,5],"texture":"#13"},"up":{"uv":[5,4,6,5],"texture":"#13"},"down":{"uv":[5,4,6,5],"texture":"#13"}}},{"from":[14.11807,2,2.15246],"to":[16.11807,12,14.15246],"rotation":{"angle":-45,"axis":"y","origin":[8.24307,12.125,7.93371]},"faces":{"north":{"uv":[5,4,6,5],"texture":"#13"},"east":{"uv":[5,4,6,5],"texture":"#13"},"south":{"uv":[5,4,6,5],"texture":"#13"},"west":{"uv":[5,4,6,5],"texture":"#13"},"up":{"uv":[5,4,6,5],"texture":"#13"},"down":{"uv":[5,4,6,5],"texture":"#13"}}},{"from":[14.11807,12,2.15246],"to":[16.11807,22,14.15246],"rotation":{"angle":-45,"axis":"y","origin":[8.24307,12.125,7.93371]},"faces":{"north":{"uv":[5,4,6,5],"texture":"#13"},"east":{"uv":[5,4,6,5],"texture":"#13"},"south":{"uv":[5,4,6,5],"texture":"#13"},"west":{"uv":[5,4,6,5],"texture":"#13"},"up":{"uv":[5,4,6,5],"texture":"#13"},"down":{"uv":[5,4,6,5],"texture":"#13"}}},{"from":[14.11807,12,0.15246],"to":[16.11807,22,2.15246],"rotation":{"angle":-45,"axis":"y","origin":[8.24307,12.125,7.93371]},"faces":{"north":{"uv":[5,4,6,5],"texture":"#13"},"east":{"uv":[5,4,6,5],"texture":"#13"},"south":{"uv":[5,4,6,5],"texture":"#13"},"west":{"uv":[5,4,6,5],"texture":"#13"},"up":{"uv":[5,4,6,5],"texture":"#13"},"down":{"uv":[5,4,6,5],"texture":"#13"}}},{"from":[15.11807,7,-0.03504],"to":[15.61807,23,2.33996],"rotation":{"angle":-45,"axis":"y","origin":[8.24307,12.125,7.93371]},"faces":{"north":{"uv":[6,6,7,7],"texture":"#14"},"east":{"uv":[6,6,7,7],"texture":"#14"},"south":{"uv":[6,6,7,7],"texture":"#14"},"west":{"uv":[6,6,7,7],"texture":"#14"},"up":{"uv":[6,6,7,7],"texture":"#14"},"down":{"uv":[6,6,7,7],"texture":"#14"}}},{"from":[1.11807,0.5,-0.03504],"to":[5.11807,1,2.33996],"rotation":{"angle":-45,"axis":"y","origin":[8.24307,12.125,7.93371]},"faces":{"north":{"uv":[6,6,7,7],"rotation":270,"texture":"#14"},"east":{"uv":[6,6,7,7],"rotation":270,"texture":"#14"},"south":{"uv":[6,6,7,7],"rotation":270,"texture":"#14"},"west":{"uv":[6,6,7,7],"rotation":270,"texture":"#14"},"up":{"uv":[6,6,7,7],"rotation":270,"texture":"#14"},"down":{"uv":[6,6,7,7],"rotation":270,"texture":"#14"}}},{"from":[-0.06943,0.5,9.65246],"to":[2.30557,1,14.15246],"rotation":{"angle":-45,"axis":"y","origin":[8.24307,12.125,7.93371]},"faces":{"north":{"uv":[6,6,7,7],"rotation":270,"texture":"#14"},"east":{"uv":[6,6,7,7],"rotation":270,"texture":"#14"},"south":{"uv":[6,6,7,7],"rotation":270,"texture":"#14"},"west":{"uv":[6,6,7,7],"rotation":270,"texture":"#14"},"up":{"uv":[6,6,7,7],"rotation":270,"texture":"#14"},"down":{"uv":[6,6,7,7],"rotation":270,"texture":"#14"}}},{"from":[-0.06943,0.5,15.15246],"to":[2.30557,23,15.65246],"rotation":{"angle":-45,"axis":"y","origin":[8.24307,12.125,7.93371]},"faces":{"north":{"uv":[6,6,7,7],"texture":"#14"},"east":{"uv":[6,6,7,7],"texture":"#14"},"south":{"uv":[6,6,7,7],"texture":"#14"},"west":{"uv":[6,6,7,7],"texture":"#14"},"up":{"uv":[6,6,7,7],"texture":"#14"},"down":{"uv":[6,6,7,7],"texture":"#14"}}},{"from":[5.11807,7,1.15246],"to":[13.11807,8,2.15246],"rotation":{"angle":-45,"axis":"y","origin":[8.24307,12.125,7.93371]},"faces":{"north":{"uv":[1,15,10,16],"texture":"#1"},"south":{"uv":[1,15,10,16],"texture":"#1"},"up":{"uv":[1,15,10,16],"texture":"#1"},"down":{"uv":[1,15,10,16],"texture":"#1"}}},{"from":[13.11807,7,1.15246],"to":[14.11807,23,2.15246],"rotation":{"angle":-45,"axis":"y","origin":[8.24307,12.125,7.93371]},"faces":{"north":{"uv":[1,15,10,16],"texture":"#1"},"east":{"uv":[1,15,10,16],"texture":"#1"},"south":{"uv":[1,15,10,16],"texture":"#1"},"west":{"uv":[1,15,10,16],"texture":"#1"},"up":{"uv":[1,15,10,16],"texture":"#1"},"down":{"uv":[1,15,10,16],"texture":"#1"}}},{"from":[4.11807,3,1.15246],"to":[5.11807,7,2.15246],"rotation":{"angle":-45,"axis":"y","origin":[8.24307,12.125,7.93371]},"faces":{"north":{"uv":[0,10,1,16],"texture":"#1"},"east":{"uv":[0,10,1,16],"texture":"#1"},"south":{"uv":[0,10,1,16],"texture":"#1"},"west":{"uv":[0,10,1,16],"texture":"#1"},"down":{"uv":[0,10,1,16],"texture":"#1"}}},{"from":[2.11807,2,1.15246],"to":[4.11807,3,2.15246],"rotation":{"angle":-45,"axis":"y","origin":[8.24307,12.125,7.93371]},"faces":{"north":{"uv":[0,15,2,16],"texture":"#1"},"east":{"uv":[0,15,2,16],"texture":"#1"},"south":{"uv":[0,15,2,16],"texture":"#1"},"up":{"uv":[0,15,2,16],"texture":"#1"},"down":{"uv":[0,15,2,16],"texture":"#1"}}},{"from":[14.11807,12,14.15246],"to":[16.11807,22,16.15246],"rotation":{"angle":-45,"axis":"y","origin":[8.24307,12.125,7.93371]},"faces":{"north":{"uv":[5,4,6,5],"texture":"#13"},"east":{"uv":[5,4,6,5],"texture":"#13"},"south":{"uv":[5,4,6,5],"texture":"#13"},"west":{"uv":[5,4,6,5],"texture":"#13"},"up":{"uv":[5,4,6,5],"texture":"#13"},"down":{"uv":[5,4,6,5],"texture":"#13"}}},{"from":[2.11807,2,14.15246],"to":[14.11807,12,16.15246],"rotation":{"angle":-45,"axis":"y","origin":[8.24307,12.125,7.93371]},"faces":{"north":{"uv":[5,4,6,5],"texture":"#13"},"east":{"uv":[5,4,6,5],"texture":"#13"},"south":{"uv":[5,4,6,5],"texture":"#13"},"west":{"uv":[5,4,6,5],"texture":"#13"},"up":{"uv":[5,4,6,5],"texture":"#13"},"down":{"uv":[5,4,6,5],"texture":"#13"}}},{"from":[2.11807,12,14.15246],"to":[14.11807,22,16.15246],"rotation":{"angle":-45,"axis":"y","origin":[8.24307,12.125,7.93371]},"faces":{"north":{"uv":[5,4,6,5],"texture":"#13"},"east":{"uv":[5,4,6,5],"texture":"#13"},"south":{"uv":[5,4,6,5],"texture":"#13"},"west":{"uv":[5,4,6,5],"texture":"#13"},"up":{"uv":[5,4,6,5],"texture":"#13"},"down":{"uv":[5,4,6,5],"texture":"#13"}}},{"from":[0.11807,12,14.15246],"to":[2.11807,22,16.15246],"rotation":{"angle":-45,"axis":"y","origin":[8.24307,12.125,7.93371]},"faces":{"north":{"uv":[5,4,6,5],"texture":"#13"},"east":{"uv":[5,4,6,5],"texture":"#13"},"south":{"uv":[5,4,6,5],"texture":"#13"},"west":{"uv":[5,4,6,5],"texture":"#13"},"up":{"uv":[5,4,6,5],"texture":"#13"},"down":{"uv":[5,4,6,5],"texture":"#13"}}},{"from":[1.11807,2,2.15246],"to":[2.11807,3,13.15246],"rotation":{"angle":-45,"axis":"y","origin":[8.24307,12.125,7.93371]},"faces":{"east":{"uv":[3,15,15,16],"texture":"#1"},"west":{"uv":[3,15,15,16],"texture":"#1"},"up":{"uv":[3,15,15,16],"texture":"#1"},"down":{"uv":[3,15,15,16],"texture":"#1"}}},{"from":[1.11807,2,1.15246],"to":[2.11807,3,2.15246],"rotation":{"angle":-45,"axis":"y","origin":[8.24307,12.125,7.93371]},"faces":{"north":{"uv":[7,15,8,16],"texture":"#1"},"west":{"uv":[7,15,8,16],"texture":"#1"},"up":{"uv":[7,15,8,16],"texture":"#1"},"down":{"uv":[7,15,8,16],"texture":"#1"}}},{"from":[4.11807,2,1.15246],"to":[5.11807,3,2.15246],"rotation":{"angle":-45,"axis":"y","origin":[8.24307,12.125,7.93371]},"faces":{"north":{"uv":[7,15,8,16],"texture":"#1"},"east":{"uv":[7,15,8,16],"texture":"#1"},"south":{"uv":[7,15,8,16],"texture":"#1"},"down":{"uv":[7,15,8,16],"texture":"#1"}}},{"from":[4.11807,7,1.15246],"to":[5.11807,8,2.15246],"rotation":{"angle":-45,"axis":"y","origin":[8.24307,12.125,7.93371]},"faces":{"north":{"uv":[7,15,8,16],"texture":"#1"},"south":{"uv":[7,15,8,16],"texture":"#1"},"west":{"uv":[7,15,8,16],"texture":"#1"},"up":{"uv":[7,15,8,16],"texture":"#1"}}},{"from":[1.11807,2,13.15246],"to":[2.11807,23,14.15246],"rotation":{"angle":-45,"axis":"y","origin":[8.24307,12.125,7.93371]},"faces":{"north":{"uv":[7,15,8,16],"texture":"#1"},"east":{"uv":[7,15,8,16],"texture":"#1"},"south":{"uv":[7,15,8,16],"texture":"#1"},"west":{"uv":[7,15,8,16],"texture":"#1"},"up":{"uv":[7,15,8,16],"texture":"#1"},"down":{"uv":[7,15,8,16],"texture":"#1"}}},{"from":[-0.48528,22,6.58579],"to":[16.48528,23,7.58579],"rotation":{"angle":0,"axis":"y","origin":[8.24307,12.125,7.93371]},"faces":{"north":{"uv":[0,0,1,12],"texture":"#1"},"east":{"uv":[0,0,1,12],"texture":"#1"},"south":{"uv":[0,0,1,12],"texture":"#1"},"west":{"uv":[0,0,1,12],"texture":"#1"},"up":{"uv":[0,0,1,12],"texture":"#1"},"down":{"uv":[0,0,1,12],"texture":"#1"}}},{"from":[4.13,8,4.84],"to":[11.15,11.24,9.16],"rotation":{"angle":0,"axis":"y","origin":[5.48,8,4.84]},"faces":{"north":{"uv":[0,0,16,12],"texture":"#1_1"},"east":{"uv":[0,0,16,12],"texture":"#1_1"},"south":{"uv":[0,0,16,12],"texture":"#1_1"},"west":{"uv":[0,0,16,12],"texture":"#1_1"},"up":{"uv":[0,0,16,16],"texture":"#1_1"},"down":{"uv":[0,0,16,16],"texture":"#1_1"}}},{"from":[3.86,8,7.81],"to":[11.42,11.24,9.16],"rotation":{"angle":0,"axis":"y","origin":[5.48,8,4.84]},"faces":{"north":{"uv":[0,0,16,12],"texture":"#1_1"},"east":{"uv":[0,0,5,12],"texture":"#1_1"},"south":{"uv":[0,0,16,12],"texture":"#1_1"},"west":{"uv":[0,0,5,12],"texture":"#1_1"},"up":{"uv":[0,0,16,5],"texture":"#1_1"},"down":{"uv":[0,0,16,5],"texture":"#1_1"}}},{"from":[3.82625,8,7.81],"to":[4.09625,11.7125,12.94],"rotation":{"angle":0,"axis":"x","origin":[3.96125,10.025,9.26125]},"faces":{"north":{"uv":[0,0,0,0],"texture":"#3"},"east":{"uv":[0,0,0,0],"texture":"#3"},"south":{"uv":[0,0,0,0],"texture":"#3"},"west":{"uv":[10.43879,8.25644,14.52606,10.62303],"texture":"#3"},"up":{"uv":[0,0,0,0],"texture":"#3"},"down":{"uv":[0,0,0,0],"texture":"#3"}}},{"from":[4.03554,8,12.84466],"to":[4.30554,11.78,13.99216],"rotation":{"angle":22.5,"axis":"y","origin":[4.17054,9.89,13.41841]},"faces":{"north":{"uv":[0,0,0,0],"texture":"#3"},"east":{"uv":[0,0,0,0],"texture":"#3"},"south":{"uv":[0,0,0,0],"texture":"#3"},"west":{"uv":[14.53091,8.19394,15.45697,10.62303],"texture":"#3"},"up":{"uv":[0,0,0,0],"texture":"#3"},"down":{"uv":[0,0,0,0],"texture":"#3"}}},{"from":[4.09625,8,4.7725],"to":[4.36625,11.78,7.135],"rotation":{"angle":0,"axis":"x","origin":[3.96125,10.025,9.26125]},"faces":{"north":{"uv":[0,0,0,0],"texture":"#3"},"east":{"uv":[0,0,0,0],"texture":"#3"},"south":{"uv":[0,0,0,0],"texture":"#3"},"west":{"uv":[7.98545,8.19394,9.83758,10.62303],"texture":"#3"},"up":{"uv":[0,0,0,0],"texture":"#3"},"down":{"uv":[0,0,0,0],"texture":"#3"}}},{"from":[4.39717,8,4.93977],"to":[4.66717,11.78,7.97727],"rotation":{"angle":-22.5,"axis":"y","origin":[4.53217,9.89,6.45852]},"faces":{"north":{"uv":[0,0,0,0],"texture":"#3"},"east":{"uv":[0,0,0,0],"texture":"#3"},"south":{"uv":[0,0,0,0],"texture":"#3"},"west":{"uv":[7.98545,8.19394,10.43879,10.62303],"texture":"#3"},"up":{"uv":[0,0,0,0],"texture":"#3"},"down":{"uv":[0,0,0,0],"texture":"#3"}}},{"from":[10.97446,8,12.84466],"to":[11.24446,11.78,13.99216],"rotation":{"angle":-22.5,"axis":"y","origin":[11.10946,9.89,13.41841]},"faces":{"north":{"uv":[0,0,0,0],"texture":"#3"},"east":{"uv":[14.91394,4.34909,13.98788,1.92],"texture":"#3"},"south":{"uv":[0,0,0,0],"texture":"#3"},"west":{"uv":[0,0,0,0],"texture":"#3"},"up":{"uv":[0,0,0,0],"texture":"#3"},"down":{"uv":[0,0,0,0],"texture":"#3"}}},{"from":[11.18375,8,7.81],"to":[11.45375,11.78,12.94],"rotation":{"angle":0,"axis":"x","origin":[11.31875,10.025,9.26125]},"faces":{"north":{"uv":[0,0,0,0],"texture":"#3"},"east":{"uv":[13.98303,4.34909,9.89576,1.92],"texture":"#3"},"south":{"uv":[0,0,0,0],"texture":"#3"},"west":{"uv":[0,0,0,0],"texture":"#3"},"up":{"uv":[0,0,0,0],"texture":"#3"},"down":{"uv":[0,0,0,0],"texture":"#3"}}},{"from":[10.61283,8,4.93977],"to":[10.88283,11.78,7.97727],"rotation":{"angle":22.5,"axis":"y","origin":[10.74783,9.89,6.45852]},"faces":{"north":{"uv":[0,0,0,0],"texture":"#3"},"east":{"uv":[9.89576,4.34909,7.44242,1.92],"texture":"#3"},"south":{"uv":[0,0,0,0],"texture":"#3"},"west":{"uv":[0,0,0,0],"texture":"#3"},"up":{"uv":[0,0,0,0],"texture":"#3"},"down":{"uv":[0,0,0,0],"texture":"#3"}}},{"from":[10.91375,8,4.7725],"to":[11.18375,11.78,7.135],"rotation":{"angle":0,"axis":"x","origin":[11.31875,10.025,9.26125]},"faces":{"north":{"uv":[0,0,0,0],"texture":"#3"},"east":{"uv":[9.29455,4.34909,7.44242,1.92],"texture":"#3"},"south":{"uv":[0,0,0,0],"texture":"#3"},"west":{"uv":[0,0,0,0],"texture":"#3"},"up":{"uv":[0,0,0,0],"texture":"#3"},"down":{"uv":[0,0,0,0],"texture":"#3"}}},{"from":[4.67,12.86,5.92],"to":[10.61,13.4,9.7],"rotation":{"angle":0,"axis":"y","origin":[5.48,8,4.84]},"faces":{"north":{"uv":[0,0,16,8],"texture":"#1_1"},"east":{"uv":[0,0,12,8],"texture":"#1_1"},"south":{"uv":[0,0,16,8],"texture":"#1_1"},"west":{"uv":[0,0,12,8],"texture":"#1_1"},"up":{"uv":[0,0,16,12],"texture":"#1_1"},"down":{"uv":[0,0,16,12],"texture":"#1_1"}}},{"from":[4.67,11.1725,9.025],"to":[10.61,12.86,9.4975],"rotation":{"angle":22.5,"axis":"x","origin":[7.64,12.21875,9.59875]},"faces":{"north":{"uv":[0,0,16,8],"texture":"#1_1"},"east":{"uv":[0,0,12,8],"texture":"#1_1"},"south":{"uv":[0,0,16,8],"texture":"#1_1"},"west":{"uv":[0,0,12,8],"texture":"#1_1"},"up":{"uv":[0,0,16,12],"texture":"#1_1"},"down":{"uv":[0,0,16,12],"texture":"#1_1"}}},{"from":[4.67,11.5775,10.915],"to":[10.61,12.32,12.1975],"rotation":{"angle":0,"axis":"y","origin":[5.48,8,4.84]},"faces":{"north":{"uv":[0,0,16,8],"texture":"#1_1"},"east":{"uv":[0,0,12,8],"texture":"#1_1"},"south":{"uv":[0,0,16,8],"texture":"#1_1"},"west":{"uv":[0,0,12,8],"texture":"#1_1"},"up":{"uv":[0,0,16,12],"texture":"#1_1"},"down":{"uv":[0,0,16,12],"texture":"#1_1"}}},{"from":[4.7375,11.24,5.9875],"to":[10.5425,12.86,10.915],"rotation":{"angle":0,"axis":"y","origin":[5.48,8,4.84]},"faces":{"north":{"uv":[0,0,16,8],"texture":"#1_5"},"east":{"uv":[0,0,12,8],"texture":"#1_5"},"south":{"uv":[0,0,16,8],"texture":"#1_5"},"west":{"uv":[0,0,12,8],"texture":"#1_5"},"up":{"uv":[0,0,16,12],"texture":"#1_5"},"down":{"uv":[0,0,16,12],"texture":"#1_5"}}},{"from":[4.67,10.84556,5.6681],"to":[10.61,13.27556,6.3431],"rotation":{"angle":22.5,"axis":"x","origin":[7.64,12.19556,6.0056]},"faces":{"north":{"uv":[0,0,16,9],"texture":"#1_1"},"east":{"uv":[0,0,4,9],"texture":"#1_1"},"south":{"uv":[0,0,16,9],"texture":"#1_1"},"west":{"uv":[0,0,4,9],"texture":"#1_1"},"up":{"uv":[0,0,16,4],"texture":"#1_1"},"down":{"uv":[0,0,16,4],"texture":"#1_1"}}},{"from":[4.94,12.80306,5.3981],"to":[10.34,13.27556,5.7356],"rotation":{"angle":22.5,"axis":"x","origin":[7.64,12.19556,6.0056]},"faces":{"north":{"uv":[0,0,16,9],"texture":"#1_1"},"east":{"uv":[0,0,4,9],"texture":"#1_1"},"south":{"uv":[0,0,16,9],"texture":"#1_1"},"west":{"uv":[0,0,4,9],"texture":"#1_1"},"up":{"uv":[0,0,16,4],"texture":"#1_1"},"down":{"uv":[0,0,16,4],"texture":"#1_1"}}},{"from":[7.775,12.53306,5.4656],"to":[10.205,13.00556,5.8031],"rotation":{"angle":22.5,"axis":"x","origin":[7.64,12.19556,6.0056]},"faces":{"north":{"uv":[0,0,16,9],"texture":"#1_1"},"east":{"uv":[0,0,4,9],"texture":"#1_1"},"south":{"uv":[0,0,16,9],"texture":"#1_1"},"west":{"uv":[0,0,4,9],"texture":"#1_1"},"up":{"uv":[0,0,16,4],"texture":"#1_1"},"down":{"uv":[0,0,16,4],"texture":"#1_1"}}},{"from":[5.075,12.53306,5.4656],"to":[7.505,13.00556,5.8031],"rotation":{"angle":22.5,"axis":"x","origin":[7.64,12.19556,6.0056]},"faces":{"north":{"uv":[0,0,16,9],"texture":"#1_1"},"east":{"uv":[0,0,4,9],"texture":"#1_1"},"south":{"uv":[0,0,16,9],"texture":"#1_1"},"west":{"uv":[0,0,4,9],"texture":"#1_1"},"up":{"uv":[0,0,16,4],"texture":"#1_1"},"down":{"uv":[0,0,16,4],"texture":"#1_1"}}},{"from":[7.505,12.60056,5.4656],"to":[7.775,13.07306,5.8031],"rotation":{"angle":22.5,"axis":"x","origin":[7.64,12.19556,6.0056]},"faces":{"north":{"uv":[0,0,16,9],"texture":"#1_1"},"east":{"uv":[0,0,4,9],"texture":"#1_1"},"south":{"uv":[0,0,16,9],"texture":"#1_1"},"west":{"uv":[0,0,4,9],"texture":"#1_1"},"up":{"uv":[0,0,16,4],"texture":"#1_1"},"down":{"uv":[0,0,16,4],"texture":"#1_1"}}},{"from":[4.94,10.84556,5.3981],"to":[10.34,11.11556,5.7356],"rotation":{"angle":22.5,"axis":"x","origin":[7.64,12.19556,6.0056]},"faces":{"north":{"uv":[0,0,16,9],"texture":"#1_1"},"east":{"uv":[0,0,4,9],"texture":"#1_1"},"south":{"uv":[0,0,16,9],"texture":"#1_1"},"west":{"uv":[0,0,4,9],"texture":"#1_1"},"up":{"uv":[0,0,16,4],"texture":"#1_1"},"down":{"uv":[0,0,16,4],"texture":"#1_1"}}},{"from":[4.94,11.11556,5.3981],"to":[5.21,12.80306,5.7356],"rotation":{"angle":22.5,"axis":"x","origin":[7.64,12.19556,6.0056]},"faces":{"north":{"uv":[0,0,16,9],"texture":"#1_1"},"east":{"uv":[0,0,4,9],"texture":"#1_1"},"south":{"uv":[0,0,16,9],"texture":"#1_1"},"west":{"uv":[0,0,4,9],"texture":"#1_1"},"up":{"uv":[0,0,16,4],"texture":"#1_1"},"down":{"uv":[0,0,16,4],"texture":"#1_1"}}},{"from":[10.07,11.11556,5.3981],"to":[10.34,12.80306,5.7356],"rotation":{"angle":22.5,"axis":"x","origin":[7.64,12.19556,6.0056]},"faces":{"north":{"uv":[0,0,16,9],"texture":"#1_1"},"east":{"uv":[0,0,4,9],"texture":"#1_1"},"south":{"uv":[0,0,16,9],"texture":"#1_1"},"west":{"uv":[0,0,4,9],"texture":"#1_1"},"up":{"uv":[0,0,16,4],"texture":"#1_1"},"down":{"uv":[0,0,16,4],"texture":"#1_1"}}},{"from":[5.075,11.04806,5.5331],"to":[10.205,12.80306,5.8031],"rotation":{"angle":22.5,"axis":"x","origin":[7.64,12.19556,6.0056]},"faces":{"north":{"uv":[0,0,16,9],"texture":"#4"},"east":{"uv":[0,0,4,9],"texture":"#4"},"south":{"uv":[0,0,16,9],"texture":"#4"},"west":{"uv":[0,0,4,9],"texture":"#4"},"up":{"uv":[0,0,16,4],"texture":"#4"},"down":{"uv":[0,0,16,4],"texture":"#4"}}},{"from":[5.8175,11.18306,5.4656],"to":[9.4625,12.53306,5.7356],"rotation":{"angle":22.5,"axis":"x","origin":[7.64,12.19556,6.0056]},"faces":{"north":{"uv":[7.31636,4.64485,8.56242,7.65091],"rotation":90,"texture":"#3"}}},{"from":[4.4,13.54556,13.0256],"to":[10.88,15.70556,13.5656],"rotation":{"angle":22.5,"axis":"x","origin":[7.64,12.19556,6.5456]},"faces":{"north":{"uv":[0,0,16,6],"texture":"#1_1"},"east":{"uv":[0,0,2,6],"texture":"#1_1"},"south":{"uv":[0,0,16,6],"texture":"#1_1"},"west":{"uv":[0,0,2,6],"texture":"#1_1"},"up":{"uv":[0,0,16,2],"texture":"#1_1"},"down":{"uv":[0,0,16,2],"texture":"#1_1"}}},{"from":[10.205,13.54556,13.5656],"to":[10.475,15.70556,13.6331],"rotation":{"angle":22.5,"axis":"x","origin":[7.64,12.19556,6.5456]},"faces":{"north":{"uv":[0,0,16,6],"texture":"#1_1"},"east":{"uv":[0,0,2,6],"texture":"#1_1"},"south":{"uv":[0,0,16,6],"texture":"#1_1"},"west":{"uv":[0,0,2,6],"texture":"#1_1"},"up":{"uv":[0,0,16,2],"texture":"#1_1"},"down":{"uv":[0,0,16,2],"texture":"#1_1"}}},{"from":[8.585,13.54556,13.5656],"to":[8.855,15.70556,13.6331],"rotation":{"angle":22.5,"axis":"x","origin":[7.64,12.19556,6.5456]},"faces":{"north":{"uv":[0,0,16,6],"texture":"#1_1"},"east":{"uv":[0,0,2,6],"texture":"#1_1"},"south":{"uv":[0,0,16,6],"texture":"#1_1"},"west":{"uv":[0,0,2,6],"texture":"#1_1"},"up":{"uv":[0,0,16,2],"texture":"#1_1"},"down":{"uv":[0,0,16,2],"texture":"#1_1"}}},{"from":[6.425,13.54556,13.5656],"to":[6.695,15.70556,13.6331],"rotation":{"angle":22.5,"axis":"x","origin":[7.64,12.19556,6.5456]},"faces":{"north":{"uv":[16,0,0,6],"texture":"#1_1"},"east":{"uv":[2,0,0,6],"texture":"#1_1"},"south":{"uv":[16,0,0,6],"texture":"#1_1"},"west":{"uv":[2,0,0,6],"texture":"#1_1"},"up":{"uv":[16,0,0,2],"texture":"#1_1"},"down":{"uv":[16,0,0,2],"texture":"#1_1"}}},{"from":[4.805,13.54556,13.5656],"to":[5.075,15.70556,13.6331],"rotation":{"angle":22.5,"axis":"x","origin":[7.64,12.19556,6.5456]},"faces":{"north":{"uv":[16,0,0,6],"texture":"#1_1"},"east":{"uv":[2,0,0,6],"texture":"#1_1"},"south":{"uv":[16,0,0,6],"texture":"#1_1"},"west":{"uv":[2,0,0,6],"texture":"#1_1"},"up":{"uv":[16,0,0,2],"texture":"#1_1"},"down":{"uv":[16,0,0,2],"texture":"#1_1"}}},{"from":[5.48,14.49056,12.9581],"to":[9.8,15.70556,13.0256],"rotation":{"angle":22.5,"axis":"x","origin":[7.64,12.19556,6.5456]},"faces":{"north":{"uv":[0.70788,4.35394,2.49697,7.73818],"rotation":270,"texture":"#3"}}},{"from":[4.67,12.38448,9.39059],"to":[10.61,12.92448,13.44059],"rotation":{"angle":22.5,"axis":"x","origin":[7.64,12.38448,10.74059]},"faces":{"north":{"uv":[0,0,16,3],"rotation":180,"texture":"#1_1"},"east":{"uv":[0,0,3,15],"rotation":270,"texture":"#1_1"},"south":{"uv":[0,0,16,3],"texture":"#1_1"},"west":{"uv":[0,0,3,15],"rotation":90,"texture":"#1_1"},"up":{"uv":[0,0,16,15],"rotation":180,"texture":"#1_1"},"down":{"uv":[0,0,16,15],"texture":"#1_1"}}},{"from":[3.86,11.82715,7.96527],"to":[11.42,12.65487,9.41915],"rotation":{"angle":-22.5,"axis":"x","origin":[7.64,11.55715,11.44415]},"faces":{"north":{"uv":[0,0,16,3.06566],"rotation":180,"texture":"#1_1"},"east":{"uv":[0,0,3.06566,5.38476],"rotation":270,"texture":"#1_1"},"south":{"uv":[0,0,16,3.06566],"texture":"#1_1"},"west":{"uv":[0,0,3.06566,5.38476],"rotation":90,"texture":"#1_1"},"up":{"uv":[0,0,16,5.38476],"rotation":180,"texture":"#1_1"},"down":{"uv":[0,0,16,5.38476],"texture":"#1_1"}}},{"from":[4.13,8,1.6],"to":[11.15,11.24,1.87],"rotation":{"angle":0,"axis":"y","origin":[5.48,8,4.84]},"faces":{"north":{"uv":[0,0,16,12],"texture":"#1_1"},"east":{"uv":[0,0,1,12],"texture":"#1_1"},"south":{"uv":[0,0,16,12],"texture":"#1_1"},"west":{"uv":[0,0,1,12],"texture":"#1_1"},"up":{"uv":[0,0,16,1],"texture":"#1_1"},"down":{"uv":[0,0,16,1],"texture":"#1_1"}}},{"from":[4.13,10.43,1.87],"to":[11.15,11.24,4.84],"rotation":{"angle":0,"axis":"y","origin":[5.48,8,4.84]},"faces":{"north":{"uv":[0,0,16,3],"texture":"#1_1"},"east":{"uv":[0,0,11,3],"texture":"#1_1"},"south":{"uv":[0,0,16,3],"texture":"#1_1"},"west":{"uv":[0,0,11,3],"texture":"#1_1"},"up":{"uv":[0,3.3125,4.75,6.8125],"texture":"#1_1"},"down":{"uv":[0,0,16,11],"texture":"#1_1"}}},{"from":[4.0625,9.9575,4.3675],"to":[11.2175,11.24,6.1225],"rotation":{"angle":0,"axis":"y","origin":[5.48,8,4.84]},"faces":{"east":{"uv":[1.61455,10.22545,4.03394,11.71879],"texture":"#3"},"west":{"uv":[4.05333,10.2497,6.47273,11.74303],"texture":"#3"}}},{"from":[4.0625,10.4975,1.6675],"to":[11.2175,11.105,3.085],"rotation":{"angle":-22.5,"axis":"x","origin":[7.64,10.835,2.815]},"faces":{"east":{"uv":[2.64242,7.01091,4.64485,7.89333],"rotation":180,"texture":"#3"},"west":{"uv":[2.61333,4.61091,4.61576,5.49333],"texture":"#3"}}},{"from":[5.6825,11.24,1.6],"to":[9.5975,11.3075,4.84],"rotation":{"angle":0,"axis":"y","origin":[5.48,8,4.84]},"faces":{"up":{"uv":[4.67879,4.80098,7.29636,7.72795],"rotation":90,"texture":"#3"}}},{"from":[4.4,8,1.06],"to":[10.88,10.4975,1.6],"rotation":{"angle":0,"axis":"y","origin":[5.48,8,4.84]},"faces":{"north":{"uv":[0,1,16,12],"texture":"#1_1"},"east":{"uv":[0,0,2,11],"texture":"#1_1"},"south":{"uv":[0,0,16,11],"texture":"#1_1"},"west":{"uv":[0,0,2,11],"texture":"#1_1"},"up":{"uv":[0,0,16,2],"texture":"#1_1"},"down":{"uv":[0,0,16,2],"texture":"#1_1"}}},{"from":[4.4,10.4975,1.06],"to":[4.6025,10.7675,1.6],"rotation":{"angle":0,"axis":"y","origin":[5.48,8,4.84]},"faces":{"north":{"uv":[0,1,16,12],"texture":"#1_1"},"east":{"uv":[0,0,2,11],"texture":"#1_1"},"south":{"uv":[0,0,16,11],"texture":"#1_1"},"west":{"uv":[0,0,2,11],"texture":"#1_1"},"up":{"uv":[0,0,16,2],"texture":"#1_1"},"down":{"uv":[0,0,16,2],"texture":"#1_1"}}},{"from":[5.615,10.4975,1.06],"to":[9.665,10.7675,1.6],"rotation":{"angle":0,"axis":"y","origin":[5.48,8,4.84]},"faces":{"north":{"uv":[0,1,16,12],"texture":"#1_1"},"east":{"uv":[0,0,2,11],"texture":"#1_1"},"south":{"uv":[0,0,16,11],"texture":"#1_1"},"west":{"uv":[0,0,2,11],"texture":"#1_1"},"up":{"uv":[0,0,16,2],"texture":"#1_1"},"down":{"uv":[0,0,16,2],"texture":"#1_1"}}},{"from":[4.4,10.7675,1.06],"to":[10.88,10.97,1.6],"rotation":{"angle":0,"axis":"y","origin":[5.48,8,4.84]},"faces":{"north":{"uv":[0,1,16,12],"texture":"#1_1"},"east":{"uv":[0,0,2,11],"texture":"#1_1"},"south":{"uv":[0,0,16,11],"texture":"#1_1"},"west":{"uv":[0,0,2,11],"texture":"#1_1"},"up":{"uv":[0,0,16,2],"texture":"#1_1"},"down":{"uv":[0,0,16,2],"texture":"#1_1"}}},{"from":[5.0075,10.4975,0.9925],"to":[5.615,10.7675,1.5325],"rotation":{"angle":0,"axis":"y","origin":[5.48,8,4.84]},"faces":{"north":{"uv":[0,1,16,12],"texture":"#1_6"},"east":{"uv":[0,0,2,11],"texture":"#1_6"},"south":{"uv":[0,0,16,11],"texture":"#1_6"},"west":{"uv":[0,0,2,11],"texture":"#1_6"},"up":{"uv":[0,0,16,2],"texture":"#1_6"},"down":{"uv":[0,0,16,2],"texture":"#1_6"}}},{"from":[4.6025,10.4975,0.9925],"to":[5.0075,10.7675,1.5325],"rotation":{"angle":0,"axis":"y","origin":[5.48,8,4.84]},"faces":{"north":{"uv":[0,1,16,12],"texture":"#7"},"east":{"uv":[0,0,2,11],"texture":"#7"},"south":{"uv":[0,0,16,11],"texture":"#7"},"west":{"uv":[0,0,2,11],"texture":"#7"},"up":{"uv":[0,0,16,2],"texture":"#7"},"down":{"uv":[0,0,16,2],"texture":"#7"}}},{"from":[9.665,10.4975,0.9925],"to":[10.2725,10.7675,1.5325],"rotation":{"angle":0,"axis":"y","origin":[9.8,8,4.84]},"faces":{"north":{"uv":[16,1,0,12],"texture":"#1_6"},"east":{"uv":[2,0,0,11],"texture":"#1_6"},"south":{"uv":[16,0,0,11],"texture":"#1_6"},"west":{"uv":[2,0,0,11],"texture":"#1_6"},"up":{"uv":[16,0,0,2],"texture":"#1_6"},"down":{"uv":[16,0,0,2],"texture":"#1_6"}}},{"from":[10.2725,10.4975,0.9925],"to":[10.6775,10.7675,1.5325],"rotation":{"angle":0,"axis":"y","origin":[9.8,8,4.84]},"faces":{"north":{"uv":[16,1,0,12],"texture":"#7"},"east":{"uv":[2,0,0,11],"texture":"#7"},"south":{"uv":[16,0,0,11],"texture":"#7"},"west":{"uv":[2,0,0,11],"texture":"#7"},"up":{"uv":[16,0,0,2],"texture":"#7"},"down":{"uv":[16,0,0,2],"texture":"#7"}}},{"from":[10.6775,10.4975,1.06],"to":[10.88,10.7675,1.6],"rotation":{"angle":0,"axis":"y","origin":[9.8,8,4.84]},"faces":{"north":{"uv":[16,1,0,12],"texture":"#1_1"},"east":{"uv":[2,0,0,11],"texture":"#1_1"},"south":{"uv":[16,0,0,11],"texture":"#1_1"},"west":{"uv":[2,0,0,11],"texture":"#1_1"},"up":{"uv":[16,0,0,2],"texture":"#1_1"},"down":{"uv":[16,0,0,2],"texture":"#1_1"}}},{"from":[5.21,8.27,0.8575],"to":[10.07,10.3625,1.06],"rotation":{"angle":0,"axis":"y","origin":[5.48,8,4.84]},"faces":{"north":{"uv":[0,0,16,10],"texture":"#1_1"},"east":{"uv":[0,0,2,10],"texture":"#1_1"},"south":{"uv":[0,0,16,10],"texture":"#1_1"},"west":{"uv":[0,0,2,10],"texture":"#1_1"},"up":{"uv":[0,0,16,2],"texture":"#1_1"},"down":{"uv":[0,0,16,2],"texture":"#1_1"}}},{"from":[5.21,8.675,0.79],"to":[10.07,10.16,0.8575],"rotation":{"angle":0,"axis":"z","origin":[7.64,8.81,0.48625]},"faces":{"north":{"uv":[10.71515,10.62788,13.99273,11.58061],"texture":"#3"}}},{"from":[4.13,8.54,12.6025],"to":[11.15,11.79638,13.48],"rotation":{"angle":0,"axis":"y","origin":[5.48,8,5.38]},"faces":{"north":{"uv":[0,0,16,12.06066],"texture":"#1_1"},"east":{"uv":[0,0,2,12.06066],"texture":"#1_1"},"south":{"uv":[0,0,16,12.06066],"texture":"#1_1"},"west":{"uv":[0,0,2,12.06066],"texture":"#1_1"},"up":{"uv":[0,0,16,2],"texture":"#1_1"},"down":{"uv":[0,0,16,2],"texture":"#1_1"}}},{"from":[5.21,9.35,13.48],"to":[10.07,11.915,14.02],"rotation":{"angle":0,"axis":"y","origin":[5.48,8.27,5.38]},"faces":{"north":{"uv":[0,0,16,9.5],"texture":"#1_1"},"east":{"uv":[0,0,2,9.5],"texture":"#1_1"},"south":{"uv":[0,0,16,9.5],"texture":"#1_1"},"west":{"uv":[0,0,2,9.5],"texture":"#1_1"},"up":{"uv":[0,0,16,2],"texture":"#1_1"},"down":{"uv":[0,0,16,2],"texture":"#1_1"}}},{"from":[4.67,9.35,13.48],"to":[10.61,11.915,13.75],"rotation":{"angle":0,"axis":"y","origin":[5.48,8.27,5.38]},"faces":{"north":{"uv":[0,0,16,9.5],"texture":"#1_1"},"east":{"uv":[0,0,1,9.5],"texture":"#1_1"},"south":{"uv":[0,0,16,9.5],"texture":"#1_1"},"west":{"uv":[0,0,1,9.5],"texture":"#1_1"},"up":{"uv":[0,0,16,1],"texture":"#1_1"},"down":{"uv":[0,0,16,1],"texture":"#1_1"}}},{"from":[5.21,9.17265,12.60449],"to":[10.07,9.93632,13.14449],"rotation":{"angle":45,"axis":"x","origin":[7.64,8.58632,12.87449]},"faces":{"north":{"uv":[0,0,16,2.82843],"texture":"#1_1"},"east":{"uv":[0,0,2,2.82843],"texture":"#1_1"},"south":{"uv":[0,0,16,2.82843],"texture":"#1_1"},"west":{"uv":[0,0,2,2.82843],"texture":"#1_1"},"up":{"uv":[0,0,16,2],"texture":"#1_1"},"down":{"uv":[0,0,16,2],"texture":"#1_1"}}},{"from":[4.67,9.17265,12.60449],"to":[10.61,9.74541,12.95357],"rotation":{"angle":45,"axis":"x","origin":[7.64,8.58632,12.87449]},"faces":{"north":{"uv":[0,0,16,2.82843],"texture":"#1_1"},"east":{"uv":[0,0,2,2.82843],"texture":"#1_1"},"south":{"uv":[0,0,16,2.82843],"texture":"#1_1"},"west":{"uv":[0,0,2,2.82843],"texture":"#1_1"},"up":{"uv":[0,0,16,2],"texture":"#1_1"},"down":{"uv":[0,0,16,2],"texture":"#1_1"}}},{"from":[5.75,8.82357,11.87357],"to":[9.53,9.20541,12.41357],"rotation":{"angle":45,"axis":"x","origin":[7.64,7.58541,12.14357]},"faces":{"north":{"uv":[0,0,16,2.82843],"texture":"#1_1"},"east":{"uv":[0,0,2,2.82843],"texture":"#1_1"},"south":{"uv":[0,0,16,2.82843],"texture":"#1_1"},"west":{"uv":[0,0,2,2.82843],"texture":"#1_1"},"up":{"uv":[0,0,16,2],"texture":"#1_1"},"down":{"uv":[0,0,16,2],"texture":"#1_1"}}},{"from":[3.86,10.43,9.7],"to":[11.42,11.79638,12.94],"rotation":{"angle":0,"axis":"y","origin":[5.48,8,5.38]},"faces":{"north":{"uv":[0,0,16,5.06066],"texture":"#1_1"},"east":{"uv":[0,0,11,5.06066],"texture":"#1_1"},"south":{"uv":[0,0,16,5.06066],"texture":"#1_1"},"west":{"uv":[0,0,11,5.06066],"texture":"#1_1"},"up":{"uv":[0,0,16,11],"texture":"#1_1"},"down":{"uv":[0,0,16,11],"texture":"#1_1"}}},{"from":[6.02,8,1.87],"to":[9.26,10.7,4.84],"rotation":{"angle":0,"axis":"y","origin":[5.48,8,4.84]},"faces":{"north":{"uv":[0,0,12,10],"texture":"#1_1"},"east":{"uv":[0,0,11,10],"texture":"#1_1"},"south":{"uv":[0,0,12,10],"texture":"#1_1"},"west":{"uv":[0,0,11,10],"texture":"#1_1"},"up":{"uv":[0,0,12,11],"texture":"#1_1"},"down":{"uv":[0,0,12,11],"texture":"#1_1"}}},{"from":[5.75,8.27,9.7],"to":[9.53,10.7,13.21],"rotation":{"angle":0,"axis":"y","origin":[5.48,8,5.38]},"faces":{"north":{"uv":[0,0,14,9],"texture":"#1_1"},"east":{"uv":[0,0,12,9],"texture":"#1_1"},"south":{"uv":[0,0,14,9],"texture":"#1_1"},"west":{"uv":[0,0,12,9],"texture":"#1_1"},"up":{"uv":[0,0,14,12],"texture":"#1_1"},"down":{"uv":[0,0,14,12],"texture":"#1_1"}}},{"from":[3.86,8,9.15321],"to":[11.42,11.79638,9.7],"rotation":{"angle":0,"axis":"y","origin":[5.48,8,4.84]},"faces":{"north":{"uv":[0,0,16,14.06066],"texture":"#1_1"},"east":{"uv":[0,0,1.02513,14.06066],"texture":"#1_1"},"south":{"uv":[0,0,16,14.06066],"texture":"#1_1"},"west":{"uv":[0,0,1.02513,14.06066],"texture":"#1_1"},"up":{"uv":[0,0,16,1.02513],"texture":"#1_1"},"down":{"uv":[0,0,16,1.02513],"texture":"#1_1"}}},{"from":[4.4,8.67647,2.005],"to":[5.48,9.21353,2.545],"rotation":{"angle":-45,"axis":"x","origin":[4.94,8.945,3.355]},"faces":{"north":{"uv":[0,0,1,1],"texture":"#2"},"east":{"uv":[0,0,1,1],"texture":"#2"},"south":{"uv":[0,0,1,1],"texture":"#1_1"},"west":{"uv":[0,0,1,1],"texture":"#2"},"up":{"uv":[0,0,1,1],"texture":"#2"},"down":{"uv":[0,0,1,1],"texture":"#2"}}},{"from":[4.4,8.67647,2.005],"to":[5.48,9.21353,2.545],"rotation":{"angle":-22.5,"axis":"x","origin":[4.94,8.945,3.355]},"faces":{"north":{"uv":[0,0,1,1],"texture":"#2"},"east":{"uv":[0,0,1,1],"texture":"#2"},"south":{"uv":[0,0,1,1],"texture":"#1_1"},"west":{"uv":[0,0,1,1],"texture":"#2"},"up":{"uv":[0,0,1,1],"texture":"#2"},"down":{"uv":[0,0,1,1],"texture":"#2"}}},{"from":[4.4,8.67647,2.005],"to":[5.48,9.21353,2.545],"rotation":{"angle":0,"axis":"x","origin":[4.94,8.945,3.355]},"faces":{"north":{"uv":[0,0,1,1],"texture":"#2"},"east":{"uv":[0,0,1,1],"texture":"#2"},"south":{"uv":[0,0,1,1],"texture":"#1_1"},"west":{"uv":[0,0,1,1],"texture":"#2"},"up":{"uv":[0,0,1,1],"texture":"#2"},"down":{"uv":[0,0,1,1],"texture":"#2"}}},{"from":[4.4,8.67647,2.005],"to":[5.48,9.21353,2.545],"rotation":{"angle":22.5,"axis":"x","origin":[4.94,8.945,3.355]},"faces":{"north":{"uv":[0,0,1,1],"texture":"#2"},"east":{"uv":[0,0,1,1],"texture":"#2"},"south":{"uv":[0,0,1,1],"texture":"#1_1"},"west":{"uv":[0,0,1,1],"texture":"#2"},"up":{"uv":[0,0,1,1],"texture":"#2"},"down":{"uv":[0,0,1,1],"texture":"#2"}}},{"from":[4.4,8.67647,2.005],"to":[5.48,9.21353,2.545],"rotation":{"angle":45,"axis":"x","origin":[4.94,8.945,3.355]},"faces":{"north":{"uv":[0,0,1,1],"texture":"#2"},"east":{"uv":[0,0,1,1],"texture":"#2"},"south":{"uv":[0,0,1,1],"texture":"#1_1"},"west":{"uv":[0,0,1,1],"texture":"#2"},"up":{"uv":[0,0,1,1],"texture":"#2"},"down":{"uv":[0,0,1,1],"texture":"#2"}}},{"from":[4.4,8.67647,4.165],"to":[5.48,9.21353,4.705],"rotation":{"angle":-45,"axis":"x","origin":[4.94,8.945,3.355]},"faces":{"north":{"uv":[0,0,1,1],"texture":"#1_1"},"east":{"uv":[0,0,1,1],"texture":"#2"},"south":{"uv":[0,0,1,1],"texture":"#2"},"west":{"uv":[0,0,1,1],"texture":"#2"},"up":{"uv":[0,0,1,1],"texture":"#2"},"down":{"uv":[0,0,1,1],"texture":"#2"}}},{"from":[4.4,8.67647,4.165],"to":[5.48,9.21353,4.705],"rotation":{"angle":-22.5,"axis":"x","origin":[4.94,8.945,3.355]},"faces":{"north":{"uv":[0,0,1,1],"texture":"#1_1"},"east":{"uv":[0,0,1,1],"texture":"#2"},"south":{"uv":[0,0,1,1],"texture":"#2"},"west":{"uv":[0,0,1,1],"texture":"#2"},"up":{"uv":[0,0,1,1],"texture":"#2"},"down":{"uv":[0,0,1,1],"texture":"#2"}}},{"from":[4.4,8.67647,4.165],"to":[5.48,9.21353,4.705],"rotation":{"angle":0,"axis":"x","origin":[4.94,8.945,3.355]},"faces":{"north":{"uv":[0,0,1,1],"texture":"#1_1"},"east":{"uv":[0,0,1,1],"texture":"#2"},"south":{"uv":[0,0,1,1],"texture":"#2"},"west":{"uv":[0,0,1,1],"texture":"#2"},"up":{"uv":[0,0,1,1],"texture":"#2"},"down":{"uv":[0,0,1,1],"texture":"#2"}}},{"from":[4.4,8.67647,4.165],"to":[5.48,9.21353,4.705],"rotation":{"angle":22.5,"axis":"x","origin":[4.94,8.945,3.355]},"faces":{"north":{"uv":[0,0,1,1],"texture":"#1_1"},"east":{"uv":[0,0,1,1],"texture":"#2"},"south":{"uv":[0,0,1,1],"texture":"#2"},"west":{"uv":[0,0,1,1],"texture":"#2"},"up":{"uv":[0,0,1,1],"texture":"#2"},"down":{"uv":[0,0,1,1],"texture":"#2"}}},{"from":[4.4,8.67647,4.165],"to":[5.48,9.21353,4.705],"rotation":{"angle":45,"axis":"x","origin":[4.94,8.945,3.355]},"faces":{"north":{"uv":[0,0,1,1],"texture":"#1_1"},"east":{"uv":[0,0,1,1],"texture":"#2"},"south":{"uv":[0,0,1,1],"texture":"#2"},"west":{"uv":[0,0,1,1],"texture":"#2"},"up":{"uv":[0,0,1,1],"texture":"#2"},"down":{"uv":[0,0,1,1],"texture":"#2"}}},{"from":[4.4,7.595,3.08647],"to":[5.48,8.135,3.62353],"rotation":{"angle":-22.5,"axis":"x","origin":[4.94,8.945,3.355]},"faces":{"north":{"uv":[0,0,1,1],"texture":"#2"},"east":{"uv":[0,0,1,1],"texture":"#2"},"south":{"uv":[0,0,1,1],"texture":"#2"},"west":{"uv":[0,0,1,1],"texture":"#2"},"up":{"uv":[0,0,1,1],"texture":"#1_1"},"down":{"uv":[0,0,1,1],"texture":"#2"}}},{"from":[4.4,7.595,3.08647],"to":[5.48,8.135,3.62353],"rotation":{"angle":0,"axis":"x","origin":[4.94,8.945,3.355]},"faces":{"north":{"uv":[0,0,1,1],"texture":"#2"},"east":{"uv":[0,0,1,1],"texture":"#2"},"south":{"uv":[0,0,1,1],"texture":"#2"},"west":{"uv":[0,0,1,1],"texture":"#2"},"up":{"uv":[0,0,1,1],"texture":"#1_1"},"down":{"uv":[0,0,1,1],"texture":"#2"}}},{"from":[4.94,8.135,2.54647],"to":[5.48,9.755,4.16353],"rotation":{"angle":0,"axis":"x","origin":[4.94,8.945,3.355]},"faces":{"north":{"uv":[0,0,1,1],"texture":"#1_1"},"east":{"uv":[0,0,1,1],"texture":"#1_1"},"south":{"uv":[0,0,1,1],"texture":"#1_1"},"west":{"uv":[0,0,1,1],"texture":"#1_1"},"up":{"uv":[0,0,1,1],"texture":"#1_1"},"down":{"uv":[0,0,1,1],"texture":"#1_1"}}},{"from":[4.4,7.595,3.08647],"to":[5.48,8.135,3.62353],"rotation":{"angle":22.5,"axis":"x","origin":[4.94,8.945,3.355]},"faces":{"north":{"uv":[0,0,1,1],"texture":"#2"},"east":{"uv":[0,0,1,1],"texture":"#2"},"south":{"uv":[0,0,1,1],"texture":"#2"},"west":{"uv":[0,0,1,1],"texture":"#2"},"up":{"uv":[0,0,1,1],"texture":"#1_1"},"down":{"uv":[0,0,1,1],"texture":"#2"}}},{"from":[4.4,9.755,3.08647],"to":[5.48,10.295,3.62353],"rotation":{"angle":-22.5,"axis":"x","origin":[4.94,8.945,3.355]},"faces":{"north":{"uv":[0,0,1,1],"texture":"#2"},"east":{"uv":[0,0,1,1],"texture":"#2"},"south":{"uv":[0,0,1,1],"texture":"#2"},"west":{"uv":[0,0,1,1],"texture":"#2"},"up":{"uv":[0,0,1,1],"texture":"#2"},"down":{"uv":[0,0,1,1],"texture":"#1_1"}}},{"from":[4.4,9.755,3.08647],"to":[5.48,10.295,3.62353],"rotation":{"angle":0,"axis":"x","origin":[4.94,8.945,3.355]},"faces":{"north":{"uv":[0,0,1,1],"texture":"#2"},"east":{"uv":[0,0,1,1],"texture":"#2"},"south":{"uv":[0,0,1,1],"texture":"#2"},"west":{"uv":[0,0,1,1],"texture":"#2"},"up":{"uv":[0,0,1,1],"texture":"#2"},"down":{"uv":[0,0,1,1],"texture":"#1_1"}}},{"from":[4.4,9.755,3.08647],"to":[5.48,10.295,3.62353],"rotation":{"angle":22.5,"axis":"x","origin":[4.94,8.945,3.355]},"faces":{"north":{"uv":[0,0,1,1],"texture":"#2"},"east":{"uv":[0,0,1,1],"texture":"#2"},"south":{"uv":[0,0,1,1],"texture":"#2"},"west":{"uv":[0,0,1,1],"texture":"#2"},"up":{"uv":[0,0,1,1],"texture":"#2"},"down":{"uv":[0,0,1,1],"texture":"#1_1"}}},{"from":[4.4,8.67647,9.7675],"to":[5.48,9.21353,10.3075],"rotation":{"angle":-45,"axis":"x","origin":[4.94,8.945,11.1175]},"faces":{"north":{"uv":[0,0,1,1],"texture":"#2"},"east":{"uv":[0,0,1,1],"texture":"#2"},"south":{"uv":[0,0,1,1],"texture":"#1_1"},"west":{"uv":[0,0,1,1],"texture":"#2"},"up":{"uv":[0,0,1,1],"texture":"#2"},"down":{"uv":[0,0,1,1],"texture":"#2"}}},{"from":[4.4,8.67647,9.7675],"to":[5.48,9.21353,10.3075],"rotation":{"angle":-22.5,"axis":"x","origin":[4.94,8.945,11.1175]},"faces":{"north":{"uv":[0,0,1,1],"texture":"#2"},"east":{"uv":[0,0,1,1],"texture":"#2"},"south":{"uv":[0,0,1,1],"texture":"#1_1"},"west":{"uv":[0,0,1,1],"texture":"#2"},"up":{"uv":[0,0,1,1],"texture":"#2"},"down":{"uv":[0,0,1,1],"texture":"#2"}}},{"from":[4.4,8.67647,9.7675],"to":[5.48,9.21353,10.3075],"rotation":{"angle":0,"axis":"x","origin":[4.94,8.945,11.1175]},"faces":{"north":{"uv":[0,0,1,1],"texture":"#2"},"east":{"uv":[0,0,1,1],"texture":"#2"},"south":{"uv":[0,0,1,1],"texture":"#1_1"},"west":{"uv":[0,0,1,1],"texture":"#2"},"up":{"uv":[0,0,1,1],"texture":"#2"},"down":{"uv":[0,0,1,1],"texture":"#2"}}},{"from":[4.4,8.67647,9.7675],"to":[5.48,9.21353,10.3075],"rotation":{"angle":22.5,"axis":"x","origin":[4.94,8.945,11.1175]},"faces":{"north":{"uv":[0,0,1,1],"texture":"#2"},"east":{"uv":[0,0,1,1],"texture":"#2"},"south":{"uv":[0,0,1,1],"texture":"#1_1"},"west":{"uv":[0,0,1,1],"texture":"#2"},"up":{"uv":[0,0,1,1],"texture":"#2"},"down":{"uv":[0,0,1,1],"texture":"#2"}}},{"from":[4.4,8.67647,9.7675],"to":[5.48,9.21353,10.3075],"rotation":{"angle":45,"axis":"x","origin":[4.94,8.945,11.1175]},"faces":{"north":{"uv":[0,0,1,1],"texture":"#2"},"east":{"uv":[0,0,1,1],"texture":"#2"},"south":{"uv":[0,0,1,1],"texture":"#1_1"},"west":{"uv":[0,0,1,1],"texture":"#2"},"up":{"uv":[0,0,1,1],"texture":"#2"},"down":{"uv":[0,0,1,1],"texture":"#2"}}},{"from":[4.4,8.67647,11.9275],"to":[5.48,9.21353,12.4675],"rotation":{"angle":-45,"axis":"x","origin":[4.94,8.945,11.1175]},"faces":{"north":{"uv":[0,0,1,1],"texture":"#1_1"},"east":{"uv":[0,0,1,1],"texture":"#2"},"south":{"uv":[0,0,1,1],"texture":"#2"},"west":{"uv":[0,0,1,1],"texture":"#2"},"up":{"uv":[0,0,1,1],"texture":"#2"},"down":{"uv":[0,0,1,1],"texture":"#2"}}},{"from":[4.4,8.67647,11.9275],"to":[5.48,9.21353,12.4675],"rotation":{"angle":-22.5,"axis":"x","origin":[4.94,8.945,11.1175]},"faces":{"north":{"uv":[0,0,1,1],"texture":"#1_1"},"east":{"uv":[0,0,1,1],"texture":"#2"},"south":{"uv":[0,0,1,1],"texture":"#2"},"west":{"uv":[0,0,1,1],"texture":"#2"},"up":{"uv":[0,0,1,1],"texture":"#2"},"down":{"uv":[0,0,1,1],"texture":"#2"}}},{"from":[4.4,8.67647,11.9275],"to":[5.48,9.21353,12.4675],"rotation":{"angle":0,"axis":"x","origin":[4.94,8.945,11.1175]},"faces":{"north":{"uv":[0,0,1,1],"texture":"#1_1"},"east":{"uv":[0,0,1,1],"texture":"#2"},"south":{"uv":[0,0,1,1],"texture":"#2"},"west":{"uv":[0,0,1,1],"texture":"#2"},"up":{"uv":[0,0,1,1],"texture":"#2"},"down":{"uv":[0,0,1,1],"texture":"#2"}}},{"from":[4.4,8.67647,11.9275],"to":[5.48,9.21353,12.4675],"rotation":{"angle":22.5,"axis":"x","origin":[4.94,8.945,11.1175]},"faces":{"north":{"uv":[0,0,1,1],"texture":"#1_1"},"east":{"uv":[0,0,1,1],"texture":"#2"},"south":{"uv":[0,0,1,1],"texture":"#2"},"west":{"uv":[0,0,1,1],"texture":"#2"},"up":{"uv":[0,0,1,1],"texture":"#2"},"down":{"uv":[0,0,1,1],"texture":"#2"}}},{"from":[4.4,8.67647,11.9275],"to":[5.48,9.21353,12.4675],"rotation":{"angle":45,"axis":"x","origin":[4.94,8.945,11.1175]},"faces":{"north":{"uv":[0,0,1,1],"texture":"#1_1"},"east":{"uv":[0,0,1,1],"texture":"#2"},"south":{"uv":[0,0,1,1],"texture":"#2"},"west":{"uv":[0,0,1,1],"texture":"#2"},"up":{"uv":[0,0,1,1],"texture":"#2"},"down":{"uv":[0,0,1,1],"texture":"#2"}}},{"from":[4.4,7.595,10.84897],"to":[5.48,8.135,11.38603],"rotation":{"angle":-22.5,"axis":"x","origin":[4.94,8.945,11.1175]},"faces":{"north":{"uv":[0,0,1,1],"texture":"#2"},"east":{"uv":[0,0,1,1],"texture":"#2"},"south":{"uv":[0,0,1,1],"texture":"#2"},"west":{"uv":[0,0,1,1],"texture":"#2"},"up":{"uv":[0,0,1,1],"texture":"#1_1"},"down":{"uv":[0,0,1,1],"texture":"#2"}}},{"from":[4.4,7.595,10.84897],"to":[5.48,8.135,11.38603],"rotation":{"angle":0,"axis":"x","origin":[4.94,8.945,11.1175]},"faces":{"north":{"uv":[0,0,1,1],"texture":"#2"},"east":{"uv":[0,0,1,1],"texture":"#2"},"south":{"uv":[0,0,1,1],"texture":"#2"},"west":{"uv":[0,0,1,1],"texture":"#2"},"up":{"uv":[0,0,1,1],"texture":"#1_1"},"down":{"uv":[0,0,1,1],"texture":"#2"}}},{"from":[4.94,8.135,10.30897],"to":[5.48,9.755,11.92603],"rotation":{"angle":0,"axis":"x","origin":[4.94,8.945,11.1175]},"faces":{"north":{"uv":[0,0,1,1],"texture":"#1_1"},"east":{"uv":[0,0,1,1],"texture":"#1_1"},"south":{"uv":[0,0,1,1],"texture":"#1_1"},"west":{"uv":[0,0,1,1],"texture":"#1_1"},"up":{"uv":[0,0,1,1],"texture":"#1_1"},"down":{"uv":[0,0,1,1],"texture":"#1_1"}}},{"from":[4.4,7.595,10.84897],"to":[5.48,8.135,11.38603],"rotation":{"angle":22.5,"axis":"x","origin":[4.94,8.945,11.1175]},"faces":{"north":{"uv":[0,0,1,1],"texture":"#2"},"east":{"uv":[0,0,1,1],"texture":"#2"},"south":{"uv":[0,0,1,1],"texture":"#2"},"west":{"uv":[0,0,1,1],"texture":"#2"},"up":{"uv":[0,0,1,1],"texture":"#1_1"},"down":{"uv":[0,0,1,1],"texture":"#2"}}},{"from":[4.4,9.755,10.84897],"to":[5.48,10.295,11.38603],"rotation":{"angle":-22.5,"axis":"x","origin":[4.94,8.945,11.1175]},"faces":{"north":{"uv":[0,0,1,1],"texture":"#2"},"east":{"uv":[0,0,1,1],"texture":"#2"},"south":{"uv":[0,0,1,1],"texture":"#2"},"west":{"uv":[0,0,1,1],"texture":"#2"},"up":{"uv":[0,0,1,1],"texture":"#2"},"down":{"uv":[0,0,1,1],"texture":"#1_1"}}},{"from":[4.4,9.755,10.84897],"to":[5.48,10.295,11.38603],"rotation":{"angle":0,"axis":"x","origin":[4.94,8.945,11.1175]},"faces":{"north":{"uv":[0,0,1,1],"texture":"#2"},"east":{"uv":[0,0,1,1],"texture":"#2"},"south":{"uv":[0,0,1,1],"texture":"#2"},"west":{"uv":[0,0,1,1],"texture":"#2"},"up":{"uv":[0,0,1,1],"texture":"#2"},"down":{"uv":[0,0,1,1],"texture":"#1_1"}}},{"from":[4.4,9.755,10.84897],"to":[5.48,10.295,11.38603],"rotation":{"angle":22.5,"axis":"x","origin":[4.94,8.945,11.1175]},"faces":{"north":{"uv":[0,0,1,1],"texture":"#2"},"east":{"uv":[0,0,1,1],"texture":"#2"},"south":{"uv":[0,0,1,1],"texture":"#2"},"west":{"uv":[0,0,1,1],"texture":"#2"},"up":{"uv":[0,0,1,1],"texture":"#2"},"down":{"uv":[0,0,1,1],"texture":"#1_1"}}},{"from":[9.8,8.67647,2.005],"to":[10.88,9.21353,2.545],"rotation":{"angle":-45,"axis":"x","origin":[10.34,8.945,3.355]},"faces":{"north":{"uv":[1,0,0,1],"texture":"#2"},"east":{"uv":[1,0,0,1],"texture":"#2"},"south":{"uv":[1,0,0,1],"texture":"#1_1"},"west":{"uv":[1,0,0,1],"texture":"#2"},"up":{"uv":[1,0,0,1],"texture":"#2"},"down":{"uv":[1,0,0,1],"texture":"#2"}}},{"from":[9.8,8.67647,2.005],"to":[10.88,9.21353,2.545],"rotation":{"angle":-22.5,"axis":"x","origin":[10.34,8.945,3.355]},"faces":{"north":{"uv":[1,0,0,1],"texture":"#2"},"east":{"uv":[1,0,0,1],"texture":"#2"},"south":{"uv":[1,0,0,1],"texture":"#1_1"},"west":{"uv":[1,0,0,1],"texture":"#2"},"up":{"uv":[1,0,0,1],"texture":"#2"},"down":{"uv":[1,0,0,1],"texture":"#2"}}},{"from":[9.8,8.67647,2.005],"to":[10.88,9.21353,2.545],"rotation":{"angle":0,"axis":"x","origin":[10.34,8.945,3.355]},"faces":{"north":{"uv":[1,0,0,1],"texture":"#2"},"east":{"uv":[1,0,0,1],"texture":"#2"},"south":{"uv":[1,0,0,1],"texture":"#1_1"},"west":{"uv":[1,0,0,1],"texture":"#2"},"up":{"uv":[1,0,0,1],"texture":"#2"},"down":{"uv":[1,0,0,1],"texture":"#2"}}},{"from":[9.8,8.67647,2.005],"to":[10.88,9.21353,2.545],"rotation":{"angle":22.5,"axis":"x","origin":[10.34,8.945,3.355]},"faces":{"north":{"uv":[1,0,0,1],"texture":"#2"},"east":{"uv":[1,0,0,1],"texture":"#2"},"south":{"uv":[1,0,0,1],"texture":"#1_1"},"west":{"uv":[1,0,0,1],"texture":"#2"},"up":{"uv":[1,0,0,1],"texture":"#2"},"down":{"uv":[1,0,0,1],"texture":"#2"}}},{"from":[9.8,8.67647,2.005],"to":[10.88,9.21353,2.545],"rotation":{"angle":45,"axis":"x","origin":[10.34,8.945,3.355]},"faces":{"north":{"uv":[1,0,0,1],"texture":"#2"},"east":{"uv":[1,0,0,1],"texture":"#2"},"south":{"uv":[1,0,0,1],"texture":"#1_1"},"west":{"uv":[1,0,0,1],"texture":"#2"},"up":{"uv":[1,0,0,1],"texture":"#2"},"down":{"uv":[1,0,0,1],"texture":"#2"}}},{"from":[9.8,8.67647,4.165],"to":[10.88,9.21353,4.705],"rotation":{"angle":-45,"axis":"x","origin":[10.34,8.945,3.355]},"faces":{"north":{"uv":[1,0,0,1],"texture":"#1_1"},"east":{"uv":[1,0,0,1],"texture":"#2"},"south":{"uv":[1,0,0,1],"texture":"#2"},"west":{"uv":[1,0,0,1],"texture":"#2"},"up":{"uv":[1,0,0,1],"texture":"#2"},"down":{"uv":[1,0,0,1],"texture":"#2"}}},{"from":[9.8,8.67647,4.165],"to":[10.88,9.21353,4.705],"rotation":{"angle":-22.5,"axis":"x","origin":[10.34,8.945,3.355]},"faces":{"north":{"uv":[1,0,0,1],"texture":"#1_1"},"east":{"uv":[1,0,0,1],"texture":"#2"},"south":{"uv":[1,0,0,1],"texture":"#2"},"west":{"uv":[1,0,0,1],"texture":"#2"},"up":{"uv":[1,0,0,1],"texture":"#2"},"down":{"uv":[1,0,0,1],"texture":"#2"}}},{"from":[9.8,8.67647,4.165],"to":[10.88,9.21353,4.705],"rotation":{"angle":0,"axis":"x","origin":[10.34,8.945,3.355]},"faces":{"north":{"uv":[1,0,0,1],"texture":"#1_1"},"east":{"uv":[1,0,0,1],"texture":"#2"},"south":{"uv":[1,0,0,1],"texture":"#2"},"west":{"uv":[1,0,0,1],"texture":"#2"},"up":{"uv":[1,0,0,1],"texture":"#2"},"down":{"uv":[1,0,0,1],"texture":"#2"}}},{"from":[9.8,8.67647,4.165],"to":[10.88,9.21353,4.705],"rotation":{"angle":22.5,"axis":"x","origin":[10.34,8.945,3.355]},"faces":{"north":{"uv":[1,0,0,1],"texture":"#1_1"},"east":{"uv":[1,0,0,1],"texture":"#2"},"south":{"uv":[1,0,0,1],"texture":"#2"},"west":{"uv":[1,0,0,1],"texture":"#2"},"up":{"uv":[1,0,0,1],"texture":"#2"},"down":{"uv":[1,0,0,1],"texture":"#2"}}},{"from":[9.8,8.67647,4.165],"to":[10.88,9.21353,4.705],"rotation":{"angle":45,"axis":"x","origin":[10.34,8.945,3.355]},"faces":{"north":{"uv":[1,0,0,1],"texture":"#1_1"},"east":{"uv":[1,0,0,1],"texture":"#2"},"south":{"uv":[1,0,0,1],"texture":"#2"},"west":{"uv":[1,0,0,1],"texture":"#2"},"up":{"uv":[1,0,0,1],"texture":"#2"},"down":{"uv":[1,0,0,1],"texture":"#2"}}},{"from":[9.8,7.595,3.08647],"to":[10.88,8.135,3.62353],"rotation":{"angle":-22.5,"axis":"x","origin":[10.34,8.945,3.355]},"faces":{"north":{"uv":[1,0,0,1],"texture":"#2"},"east":{"uv":[1,0,0,1],"texture":"#2"},"south":{"uv":[1,0,0,1],"texture":"#2"},"west":{"uv":[1,0,0,1],"texture":"#2"},"up":{"uv":[1,0,0,1],"texture":"#1_1"},"down":{"uv":[1,0,0,1],"texture":"#2"}}},{"from":[9.8,7.595,3.08647],"to":[10.88,8.135,3.62353],"rotation":{"angle":0,"axis":"x","origin":[10.34,8.945,3.355]},"faces":{"north":{"uv":[1,0,0,1],"texture":"#2"},"east":{"uv":[1,0,0,1],"texture":"#2"},"south":{"uv":[1,0,0,1],"texture":"#2"},"west":{"uv":[1,0,0,1],"texture":"#2"},"up":{"uv":[1,0,0,1],"texture":"#1_1"},"down":{"uv":[1,0,0,1],"texture":"#2"}}},{"from":[9.8,8.135,2.54647],"to":[10.34,9.755,4.16353],"rotation":{"angle":0,"axis":"x","origin":[10.34,8.945,3.355]},"faces":{"north":{"uv":[1,0,0,1],"texture":"#1_1"},"east":{"uv":[1,0,0,1],"texture":"#1_1"},"south":{"uv":[1,0,0,1],"texture":"#1_1"},"west":{"uv":[1,0,0,1],"texture":"#1_1"},"up":{"uv":[1,0,0,1],"texture":"#1_1"},"down":{"uv":[1,0,0,1],"texture":"#1_1"}}},{"from":[9.8,7.595,3.08647],"to":[10.88,8.135,3.62353],"rotation":{"angle":22.5,"axis":"x","origin":[10.34,8.945,3.355]},"faces":{"north":{"uv":[1,0,0,1],"texture":"#2"},"east":{"uv":[1,0,0,1],"texture":"#2"},"south":{"uv":[1,0,0,1],"texture":"#2"},"west":{"uv":[1,0,0,1],"texture":"#2"},"up":{"uv":[1,0,0,1],"texture":"#1_1"},"down":{"uv":[1,0,0,1],"texture":"#2"}}},{"from":[9.8,9.755,3.08647],"to":[10.88,10.295,3.62353],"rotation":{"angle":-22.5,"axis":"x","origin":[10.34,8.945,3.355]},"faces":{"north":{"uv":[1,0,0,1],"texture":"#2"},"east":{"uv":[1,0,0,1],"texture":"#2"},"south":{"uv":[1,0,0,1],"texture":"#2"},"west":{"uv":[1,0,0,1],"texture":"#2"},"up":{"uv":[1,0,0,1],"texture":"#2"},"down":{"uv":[1,0,0,1],"texture":"#1_1"}}},{"from":[9.8,9.755,3.08647],"to":[10.88,10.295,3.62353],"rotation":{"angle":0,"axis":"x","origin":[10.34,8.945,3.355]},"faces":{"north":{"uv":[1,0,0,1],"texture":"#2"},"east":{"uv":[1,0,0,1],"texture":"#2"},"south":{"uv":[1,0,0,1],"texture":"#2"},"west":{"uv":[1,0,0,1],"texture":"#2"},"up":{"uv":[1,0,0,1],"texture":"#2"},"down":{"uv":[1,0,0,1],"texture":"#1_1"}}},{"from":[9.8,9.755,3.08647],"to":[10.88,10.295,3.62353],"rotation":{"angle":22.5,"axis":"x","origin":[10.34,8.945,3.355]},"faces":{"north":{"uv":[1,0,0,1],"texture":"#2"},"east":{"uv":[1,0,0,1],"texture":"#2"},"south":{"uv":[1,0,0,1],"texture":"#2"},"west":{"uv":[1,0,0,1],"texture":"#2"},"up":{"uv":[1,0,0,1],"texture":"#2"},"down":{"uv":[1,0,0,1],"texture":"#1_1"}}},{"from":[9.8,8.67647,9.7675],"to":[10.88,9.21353,10.3075],"rotation":{"angle":-45,"axis":"x","origin":[10.34,8.945,11.1175]},"faces":{"north":{"uv":[1,0,0,1],"texture":"#2"},"east":{"uv":[1,0,0,1],"texture":"#2"},"south":{"uv":[1,0,0,1],"texture":"#1_1"},"west":{"uv":[1,0,0,1],"texture":"#2"},"up":{"uv":[1,0,0,1],"texture":"#2"},"down":{"uv":[1,0,0,1],"texture":"#2"}}},{"from":[9.8,8.67647,9.7675],"to":[10.88,9.21353,10.3075],"rotation":{"angle":-22.5,"axis":"x","origin":[10.34,8.945,11.1175]},"faces":{"north":{"uv":[1,0,0,1],"texture":"#2"},"east":{"uv":[1,0,0,1],"texture":"#2"},"south":{"uv":[1,0,0,1],"texture":"#1_1"},"west":{"uv":[1,0,0,1],"texture":"#2"},"up":{"uv":[1,0,0,1],"texture":"#2"},"down":{"uv":[1,0,0,1],"texture":"#2"}}},{"from":[9.8,8.67647,9.7675],"to":[10.88,9.21353,10.3075],"rotation":{"angle":0,"axis":"x","origin":[10.34,8.945,11.1175]},"faces":{"north":{"uv":[1,0,0,1],"texture":"#2"},"east":{"uv":[1,0,0,1],"texture":"#2"},"south":{"uv":[1,0,0,1],"texture":"#1_1"},"west":{"uv":[1,0,0,1],"texture":"#2"},"up":{"uv":[1,0,0,1],"texture":"#2"},"down":{"uv":[1,0,0,1],"texture":"#2"}}},{"from":[9.8,8.67647,9.7675],"to":[10.88,9.21353,10.3075],"rotation":{"angle":22.5,"axis":"x","origin":[10.34,8.945,11.1175]},"faces":{"north":{"uv":[1,0,0,1],"texture":"#2"},"east":{"uv":[1,0,0,1],"texture":"#2"},"south":{"uv":[1,0,0,1],"texture":"#1_1"},"west":{"uv":[1,0,0,1],"texture":"#2"},"up":{"uv":[1,0,0,1],"texture":"#2"},"down":{"uv":[1,0,0,1],"texture":"#2"}}},{"from":[9.8,8.67647,9.7675],"to":[10.88,9.21353,10.3075],"rotation":{"angle":45,"axis":"x","origin":[10.34,8.945,11.1175]},"faces":{"north":{"uv":[1,0,0,1],"texture":"#2"},"east":{"uv":[1,0,0,1],"texture":"#2"},"south":{"uv":[1,0,0,1],"texture":"#1_1"},"west":{"uv":[1,0,0,1],"texture":"#2"},"up":{"uv":[1,0,0,1],"texture":"#2"},"down":{"uv":[1,0,0,1],"texture":"#2"}}},{"from":[9.8,8.67647,11.9275],"to":[10.88,9.21353,12.4675],"rotation":{"angle":-45,"axis":"x","origin":[10.34,8.945,11.1175]},"faces":{"north":{"uv":[1,0,0,1],"texture":"#1_1"},"east":{"uv":[1,0,0,1],"texture":"#2"},"south":{"uv":[1,0,0,1],"texture":"#2"},"west":{"uv":[1,0,0,1],"texture":"#2"},"up":{"uv":[1,0,0,1],"texture":"#2"},"down":{"uv":[1,0,0,1],"texture":"#2"}}},{"from":[9.8,8.67647,11.9275],"to":[10.88,9.21353,12.4675],"rotation":{"angle":-22.5,"axis":"x","origin":[10.34,8.945,11.1175]},"faces":{"north":{"uv":[1,0,0,1],"texture":"#1_1"},"east":{"uv":[1,0,0,1],"texture":"#2"},"south":{"uv":[1,0,0,1],"texture":"#2"},"west":{"uv":[1,0,0,1],"texture":"#2"},"up":{"uv":[1,0,0,1],"texture":"#2"},"down":{"uv":[1,0,0,1],"texture":"#2"}}},{"from":[9.8,8.67647,11.9275],"to":[10.88,9.21353,12.4675],"rotation":{"angle":0,"axis":"x","origin":[10.34,8.945,11.1175]},"faces":{"north":{"uv":[1,0,0,1],"texture":"#1_1"},"east":{"uv":[1,0,0,1],"texture":"#2"},"south":{"uv":[1,0,0,1],"texture":"#2"},"west":{"uv":[1,0,0,1],"texture":"#2"},"up":{"uv":[1,0,0,1],"texture":"#2"},"down":{"uv":[1,0,0,1],"texture":"#2"}}},{"from":[9.8,8.67647,11.9275],"to":[10.88,9.21353,12.4675],"rotation":{"angle":22.5,"axis":"x","origin":[10.34,8.945,11.1175]},"faces":{"north":{"uv":[1,0,0,1],"texture":"#1_1"},"east":{"uv":[1,0,0,1],"texture":"#2"},"south":{"uv":[1,0,0,1],"texture":"#2"},"west":{"uv":[1,0,0,1],"texture":"#2"},"up":{"uv":[1,0,0,1],"texture":"#2"},"down":{"uv":[1,0,0,1],"texture":"#2"}}},{"from":[9.8,8.67647,11.9275],"to":[10.88,9.21353,12.4675],"rotation":{"angle":45,"axis":"x","origin":[10.34,8.945,11.1175]},"faces":{"north":{"uv":[1,0,0,1],"texture":"#1_1"},"east":{"uv":[1,0,0,1],"texture":"#2"},"south":{"uv":[1,0,0,1],"texture":"#2"},"west":{"uv":[1,0,0,1],"texture":"#2"},"up":{"uv":[1,0,0,1],"texture":"#2"},"down":{"uv":[1,0,0,1],"texture":"#2"}}},{"from":[9.8,7.595,10.84897],"to":[10.88,8.135,11.38603],"rotation":{"angle":-22.5,"axis":"x","origin":[10.34,8.945,11.1175]},"faces":{"north":{"uv":[1,0,0,1],"texture":"#2"},"east":{"uv":[1,0,0,1],"texture":"#2"},"south":{"uv":[1,0,0,1],"texture":"#2"},"west":{"uv":[1,0,0,1],"texture":"#2"},"up":{"uv":[1,0,0,1],"texture":"#1_1"},"down":{"uv":[1,0,0,1],"texture":"#2"}}},{"from":[9.8,7.595,10.84897],"to":[10.88,8.135,11.38603],"rotation":{"angle":0,"axis":"x","origin":[10.34,8.945,11.1175]},"faces":{"north":{"uv":[1,0,0,1],"texture":"#2"},"east":{"uv":[1,0,0,1],"texture":"#2"},"south":{"uv":[1,0,0,1],"texture":"#2"},"west":{"uv":[1,0,0,1],"texture":"#2"},"up":{"uv":[1,0,0,1],"texture":"#1_1"},"down":{"uv":[1,0,0,1],"texture":"#2"}}},{"from":[9.8,8.135,10.30897],"to":[10.34,9.755,11.92603],"rotation":{"angle":0,"axis":"x","origin":[10.34,8.945,11.1175]},"faces":{"north":{"uv":[1,0,0,1],"texture":"#1_1"},"east":{"uv":[1,0,0,1],"texture":"#1_1"},"south":{"uv":[1,0,0,1],"texture":"#1_1"},"west":{"uv":[1,0,0,1],"texture":"#1_1"},"up":{"uv":[1,0,0,1],"texture":"#1_1"},"down":{"uv":[1,0,0,1],"texture":"#1_1"}}},{"from":[9.8,7.595,10.84897],"to":[10.88,8.135,11.38603],"rotation":{"angle":22.5,"axis":"x","origin":[10.34,8.945,11.1175]},"faces":{"north":{"uv":[1,0,0,1],"texture":"#2"},"east":{"uv":[1,0,0,1],"texture":"#2"},"south":{"uv":[1,0,0,1],"texture":"#2"},"west":{"uv":[1,0,0,1],"texture":"#2"},"up":{"uv":[1,0,0,1],"texture":"#1_1"},"down":{"uv":[1,0,0,1],"texture":"#2"}}},{"from":[9.8,9.755,10.84897],"to":[10.88,10.295,11.38603],"rotation":{"angle":-22.5,"axis":"x","origin":[10.34,8.945,11.1175]},"faces":{"north":{"uv":[1,0,0,1],"texture":"#2"},"east":{"uv":[1,0,0,1],"texture":"#2"},"south":{"uv":[1,0,0,1],"texture":"#2"},"west":{"uv":[1,0,0,1],"texture":"#2"},"up":{"uv":[1,0,0,1],"texture":"#2"},"down":{"uv":[1,0,0,1],"texture":"#1_1"}}},{"from":[9.8,9.755,10.84897],"to":[10.88,10.295,11.38603],"rotation":{"angle":0,"axis":"x","origin":[10.34,8.945,11.1175]},"faces":{"north":{"uv":[1,0,0,1],"texture":"#2"},"east":{"uv":[1,0,0,1],"texture":"#2"},"south":{"uv":[1,0,0,1],"texture":"#2"},"west":{"uv":[1,0,0,1],"texture":"#2"},"up":{"uv":[1,0,0,1],"texture":"#2"},"down":{"uv":[1,0,0,1],"texture":"#1_1"}}},{"from":[9.8,9.755,10.84897],"to":[10.88,10.295,11.38603],"rotation":{"angle":22.5,"axis":"x","origin":[10.34,8.945,11.1175]},"faces":{"north":{"uv":[1,0,0,1],"texture":"#2"},"east":{"uv":[1,0,0,1],"texture":"#2"},"south":{"uv":[1,0,0,1],"texture":"#2"},"west":{"uv":[1,0,0,1],"texture":"#2"},"up":{"uv":[1,0,0,1],"texture":"#2"},"down":{"uv":[1,0,0,1],"texture":"#1_1"}}},{"from":[4.13,8.59591,1.6],"to":[5.21,9.29409,1.87],"rotation":{"angle":22.5,"axis":"x","origin":[4.67,8.945,3.355]},"faces":{"north":{"uv":[0,0,1,1],"texture":"#1_1"},"east":{"uv":[0,0,1,1],"texture":"#1_1"},"south":{"uv":[0,0,1,1],"texture":"#1_1"},"west":{"uv":[0,0,1,1],"texture":"#1_1"},"up":{"uv":[0,0,1,1],"texture":"#1_1"},"down":{"uv":[0,0,1,1],"texture":"#1_1"}}},{"from":[4.13,8.59591,1.2625],"to":[5.21,9.29409,1.87],"rotation":{"angle":45,"axis":"x","origin":[4.67,8.945,3.355]},"faces":{"north":{"uv":[0,0,1,1],"texture":"#1_1"},"east":{"uv":[0,0,1,1],"texture":"#1_1"},"south":{"uv":[0,0,1,1],"texture":"#1_1"},"west":{"uv":[0,0,1,1],"texture":"#1_1"},"up":{"uv":[0,0,1,1],"texture":"#1_1"},"down":{"uv":[0,0,1,1],"texture":"#1_1"}}},{"from":[4.13,8.59591,4.84],"to":[5.21,9.29409,5.515],"rotation":{"angle":-45,"axis":"x","origin":[4.67,8.945,3.355]},"faces":{"north":{"uv":[0,0,1,1],"texture":"#1_1"},"east":{"uv":[0,0,1,1],"texture":"#1_1"},"south":{"uv":[0,0,1,1],"texture":"#1_1"},"west":{"uv":[0,0,1,1],"texture":"#1_1"},"up":{"uv":[0,0,1,1],"texture":"#1_1"},"down":{"uv":[0,0,1,1],"texture":"#1_1"}}},{"from":[4.13,8.59591,4.84],"to":[5.21,9.29409,5.11],"rotation":{"angle":-22.5,"axis":"x","origin":[4.67,8.945,3.355]},"faces":{"north":{"uv":[0,0,1,1],"texture":"#1_1"},"east":{"uv":[0,0,1,1],"texture":"#1_1"},"south":{"uv":[0,0,1,1],"texture":"#1_1"},"west":{"uv":[0,0,1,1],"texture":"#1_1"},"up":{"uv":[0,0,1,1],"texture":"#1_1"},"down":{"uv":[0,0,1,1],"texture":"#1_1"}}},{"from":[4.13,10.43,3.00591],"to":[5.21,10.7,3.70409],"rotation":{"angle":-22.5,"axis":"x","origin":[4.67,8.945,3.355]},"faces":{"north":{"uv":[0,0,1,1],"texture":"#1_1"},"east":{"uv":[0,0,1,1],"texture":"#1_1"},"south":{"uv":[0,0,1,1],"texture":"#1_1"},"west":{"uv":[0,0,1,1],"texture":"#1_1"},"up":{"uv":[0,0,1,1],"texture":"#1_1"},"down":{"uv":[0,0,1,1],"texture":"#1_1"}}},{"from":[4.13,10.43,3.00591],"to":[5.21,10.7,3.70409],"rotation":{"angle":22.5,"axis":"x","origin":[4.67,8.945,3.355]},"faces":{"north":{"uv":[0,0,1,1],"texture":"#1_1"},"east":{"uv":[0,0,1,1],"texture":"#1_1"},"south":{"uv":[0,0,1,1],"texture":"#1_1"},"west":{"uv":[0,0,1,1],"texture":"#1_1"},"up":{"uv":[0,0,1,1],"texture":"#1_1"},"down":{"uv":[0,0,1,1],"texture":"#1_1"}}},{"from":[4.13,8.59591,9.3625],"to":[5.21,9.29409,9.6325],"rotation":{"angle":22.5,"axis":"x","origin":[4.67,8.945,11.1175]},"faces":{"north":{"uv":[0,0,1,1],"texture":"#1_1"},"east":{"uv":[0,0,1,1],"texture":"#1_1"},"south":{"uv":[0,0,1,1],"texture":"#1_1"},"west":{"uv":[0,0,1,1],"texture":"#1_1"},"up":{"uv":[0,0,1,1],"texture":"#1_1"},"down":{"uv":[0,0,1,1],"texture":"#1_1"}}},{"from":[4.13,8.59591,9.025],"to":[5.21,9.29409,9.6325],"rotation":{"angle":45,"axis":"x","origin":[4.67,8.945,11.1175]},"faces":{"north":{"uv":[0,0,1,1],"texture":"#1_1"},"east":{"uv":[0,0,1,1],"texture":"#1_1"},"south":{"uv":[0,0,1,1],"texture":"#1_1"},"west":{"uv":[0,0,1,1],"texture":"#1_1"},"up":{"uv":[0,0,1,1],"texture":"#1_1"},"down":{"uv":[0,0,1,1],"texture":"#1_1"}}},{"from":[4.13,8.59591,12.6025],"to":[5.21,9.29409,13.2775],"rotation":{"angle":-45,"axis":"x","origin":[4.67,8.945,11.1175]},"faces":{"north":{"uv":[0,0,1,1],"texture":"#1_1"},"east":{"uv":[0,0,1,1],"texture":"#1_1"},"south":{"uv":[0,0,1,1],"texture":"#1_1"},"west":{"uv":[0,0,1,1],"texture":"#1_1"},"up":{"uv":[0,0,1,1],"texture":"#1_1"},"down":{"uv":[0,0,1,1],"texture":"#1_1"}}},{"from":[4.13,8.59591,12.6025],"to":[5.21,9.29409,12.8725],"rotation":{"angle":-22.5,"axis":"x","origin":[4.67,8.945,11.1175]},"faces":{"north":{"uv":[0,0,1,1],"texture":"#1_1"},"east":{"uv":[0,0,1,1],"texture":"#1_1"},"south":{"uv":[0,0,1,1],"texture":"#1_1"},"west":{"uv":[0,0,1,1],"texture":"#1_1"},"up":{"uv":[0,0,1,1],"texture":"#1_1"},"down":{"uv":[0,0,1,1],"texture":"#1_1"}}},{"from":[4.13,10.43,10.76841],"to":[5.21,10.7,11.46659],"rotation":{"angle":-22.5,"axis":"x","origin":[4.67,8.945,11.1175]},"faces":{"north":{"uv":[0,0,1,1],"texture":"#1_1"},"east":{"uv":[0,0,1,1],"texture":"#1_1"},"south":{"uv":[0,0,1,1],"texture":"#1_1"},"west":{"uv":[0,0,1,1],"texture":"#1_1"},"up":{"uv":[0,0,1,1],"texture":"#1_1"},"down":{"uv":[0,0,1,1],"texture":"#1_1"}}},{"from":[4.13,10.43,10.76841],"to":[5.21,10.7,11.46659],"rotation":{"angle":22.5,"axis":"x","origin":[4.67,8.945,11.1175]},"faces":{"north":{"uv":[0,0,1,1],"texture":"#1_1"},"east":{"uv":[0,0,1,1],"texture":"#1_1"},"south":{"uv":[0,0,1,1],"texture":"#1_1"},"west":{"uv":[0,0,1,1],"texture":"#1_1"},"up":{"uv":[0,0,1,1],"texture":"#1_1"},"down":{"uv":[0,0,1,1],"texture":"#1_1"}}},{"from":[10.07,8.59591,1.6],"to":[11.15,9.29409,1.87],"rotation":{"angle":22.5,"axis":"x","origin":[10.61,8.945,3.355]},"faces":{"north":{"uv":[1,0,0,1],"texture":"#1_1"},"east":{"uv":[1,0,0,1],"texture":"#1_1"},"south":{"uv":[1,0,0,1],"texture":"#1_1"},"west":{"uv":[1,0,0,1],"texture":"#1_1"},"up":{"uv":[1,0,0,1],"texture":"#1_1"},"down":{"uv":[1,0,0,1],"texture":"#1_1"}}},{"from":[10.07,8.59591,1.2625],"to":[11.15,9.29409,1.87],"rotation":{"angle":45,"axis":"x","origin":[10.61,8.945,3.355]},"faces":{"north":{"uv":[1,0,0,1],"texture":"#1_1"},"east":{"uv":[1,0,0,1],"texture":"#1_1"},"south":{"uv":[1,0,0,1],"texture":"#1_1"},"west":{"uv":[1,0,0,1],"texture":"#1_1"},"up":{"uv":[1,0,0,1],"texture":"#1_1"},"down":{"uv":[1,0,0,1],"texture":"#1_1"}}},{"from":[10.07,8.59591,4.84],"to":[11.15,9.29409,5.515],"rotation":{"angle":-45,"axis":"x","origin":[10.61,8.945,3.355]},"faces":{"north":{"uv":[1,0,0,1],"texture":"#1_1"},"east":{"uv":[1,0,0,1],"texture":"#1_1"},"south":{"uv":[1,0,0,1],"texture":"#1_1"},"west":{"uv":[1,0,0,1],"texture":"#1_1"},"up":{"uv":[1,0,0,1],"texture":"#1_1"},"down":{"uv":[1,0,0,1],"texture":"#1_1"}}},{"from":[10.07,8.59591,4.84],"to":[11.15,9.29409,5.11],"rotation":{"angle":-22.5,"axis":"x","origin":[10.61,8.945,3.355]},"faces":{"north":{"uv":[1,0,0,1],"texture":"#1_1"},"east":{"uv":[1,0,0,1],"texture":"#1_1"},"south":{"uv":[1,0,0,1],"texture":"#1_1"},"west":{"uv":[1,0,0,1],"texture":"#1_1"},"up":{"uv":[1,0,0,1],"texture":"#1_1"},"down":{"uv":[1,0,0,1],"texture":"#1_1"}}},{"from":[10.07,10.43,3.00591],"to":[11.15,10.7,3.70409],"rotation":{"angle":-22.5,"axis":"x","origin":[10.61,8.945,3.355]},"faces":{"north":{"uv":[1,0,0,1],"texture":"#1_1"},"east":{"uv":[1,0,0,1],"texture":"#1_1"},"south":{"uv":[1,0,0,1],"texture":"#1_1"},"west":{"uv":[1,0,0,1],"texture":"#1_1"},"up":{"uv":[1,0,0,1],"texture":"#1_1"},"down":{"uv":[1,0,0,1],"texture":"#1_1"}}},{"from":[10.07,10.43,3.00591],"to":[11.15,10.7,3.70409],"rotation":{"angle":22.5,"axis":"x","origin":[10.61,8.945,3.355]},"faces":{"north":{"uv":[1,0,0,1],"texture":"#1_1"},"east":{"uv":[1,0,0,1],"texture":"#1_1"},"south":{"uv":[1,0,0,1],"texture":"#1_1"},"west":{"uv":[1,0,0,1],"texture":"#1_1"},"up":{"uv":[1,0,0,1],"texture":"#1_1"},"down":{"uv":[1,0,0,1],"texture":"#1_1"}}},{"from":[10.07,8.59591,9.3625],"to":[11.15,9.29409,9.6325],"rotation":{"angle":22.5,"axis":"x","origin":[10.61,8.945,11.1175]},"faces":{"north":{"uv":[1,0,0,1],"texture":"#1_1"},"east":{"uv":[1,0,0,1],"texture":"#1_1"},"south":{"uv":[1,0,0,1],"texture":"#1_1"},"west":{"uv":[1,0,0,1],"texture":"#1_1"},"up":{"uv":[1,0,0,1],"texture":"#1_1"},"down":{"uv":[1,0,0,1],"texture":"#1_1"}}},{"from":[10.07,8.59591,9.025],"to":[11.15,9.29409,9.6325],"rotation":{"angle":45,"axis":"x","origin":[10.61,8.945,11.1175]},"faces":{"north":{"uv":[1,0,0,1],"texture":"#1_1"},"east":{"uv":[1,0,0,1],"texture":"#1_1"},"south":{"uv":[1,0,0,1],"texture":"#1_1"},"west":{"uv":[1,0,0,1],"texture":"#1_1"},"up":{"uv":[1,0,0,1],"texture":"#1_1"},"down":{"uv":[1,0,0,1],"texture":"#1_1"}}},{"from":[10.07,8.59591,12.6025],"to":[11.15,9.29409,13.2775],"rotation":{"angle":-45,"axis":"x","origin":[10.61,8.945,11.1175]},"faces":{"north":{"uv":[1,0,0,1],"texture":"#1_1"},"east":{"uv":[1,0,0,1],"texture":"#1_1"},"south":{"uv":[1,0,0,1],"texture":"#1_1"},"west":{"uv":[1,0,0,1],"texture":"#1_1"},"up":{"uv":[1,0,0,1],"texture":"#1_1"},"down":{"uv":[1,0,0,1],"texture":"#1_1"}}},{"from":[10.07,8.59591,12.6025],"to":[11.15,9.29409,12.8725],"rotation":{"angle":-22.5,"axis":"x","origin":[10.61,8.945,11.1175]},"faces":{"north":{"uv":[1,0,0,1],"texture":"#1_1"},"east":{"uv":[1,0,0,1],"texture":"#1_1"},"south":{"uv":[1,0,0,1],"texture":"#1_1"},"west":{"uv":[1,0,0,1],"texture":"#1_1"},"up":{"uv":[1,0,0,1],"texture":"#1_1"},"down":{"uv":[1,0,0,1],"texture":"#1_1"}}},{"from":[10.07,10.43,10.76841],"to":[11.15,10.7,11.46659],"rotation":{"angle":-22.5,"axis":"x","origin":[10.61,8.945,11.1175]},"faces":{"north":{"uv":[1,0,0,1],"texture":"#1_1"},"east":{"uv":[1,0,0,1],"texture":"#1_1"},"south":{"uv":[1,0,0,1],"texture":"#1_1"},"west":{"uv":[1,0,0,1],"texture":"#1_1"},"up":{"uv":[1,0,0,1],"texture":"#1_1"},"down":{"uv":[1,0,0,1],"texture":"#1_1"}}},{"from":[10.07,10.43,10.76841],"to":[11.15,10.7,11.46659],"rotation":{"angle":22.5,"axis":"x","origin":[10.61,8.945,11.1175]},"faces":{"north":{"uv":[1,0,0,1],"texture":"#1_1"},"east":{"uv":[1,0,0,1],"texture":"#1_1"},"south":{"uv":[1,0,0,1],"texture":"#1_1"},"west":{"uv":[1,0,0,1],"texture":"#1_1"},"up":{"uv":[1,0,0,1],"texture":"#1_1"},"down":{"uv":[1,0,0,1],"texture":"#1_1"}}},{"from":[7,2,7],"to":[8.25,8,9],"faces":{"north":{"uv":[4,6,5,7],"texture":"#14"},"east":{"uv":[4,6,5,7],"texture":"#14"},"south":{"uv":[4,6,5,7],"texture":"#14"},"west":{"uv":[4,6,5,7],"texture":"#14"},"up":{"uv":[4,6,5,7],"texture":"#14"},"down":{"uv":[4,6,5,7],"texture":"#14"}}},{"from":[4.25,7.25,2],"to":[5.75,7.75,14],"faces":{"north":{"uv":[4,6,5,7],"texture":"#14"},"east":{"uv":[4,6,5,7],"texture":"#14"},"south":{"uv":[4,6,5,7],"texture":"#14"},"west":{"uv":[4,6,5,7],"texture":"#14"},"up":{"uv":[4,6,5,7],"texture":"#14"},"down":{"uv":[4,6,5,7],"texture":"#14"}}},{"from":[9.75,7.25,2],"to":[11.25,7.75,14],"faces":{"north":{"uv":[4,6,5,7],"texture":"#14"},"east":{"uv":[4,6,5,7],"texture":"#14"},"south":{"uv":[4,6,5,7],"texture":"#14"},"west":{"uv":[4,6,5,7],"texture":"#14"},"up":{"uv":[4,6,5,7],"texture":"#14"},"down":{"uv":[4,6,5,7],"texture":"#14"}}},{"from":[5.75,7.25,6],"to":[9.75,7.75,10],"faces":{"north":{"uv":[4,6,5,7],"texture":"#14"},"east":{"uv":[4,6,5,7],"texture":"#14"},"south":{"uv":[4,6,5,7],"texture":"#14"},"west":{"uv":[4,6,5,7],"texture":"#14"},"up":{"uv":[4,6,5,7],"texture":"#14"},"down":{"uv":[4,6,5,7],"texture":"#14"}}}],"display":{"thirdperson_righthand":{"rotation":[2,151,0],"translation":[0,2.5,0],"scale":[0.4,0.4,0.4]},"thirdperson_lefthand":{"rotation":[2,107,0],"translation":[0,2.5,0],"scale":[0.4,0.4,0.4]},"firstperson_righthand":{"rotation":[2,151,0],"translation":[0,2.5,0],"scale":[0.4,0.4,0.4]},"firstperson_lefthand":{"rotation":[-1,107,0],"translation":[-0.5,4.25,1.25],"scale":[0.4,0.4,0.4]},"ground":{"scale":[0.5,0.5,0.5]},"gui":{"rotation":[17,-158,0],"translation":[0,-2,0.75],"scale":[0.5,0.5,0.5]},"head":{"translation":[0,-2.25,0],"scale":[0.5,0.5,0.5]},"fixed":{"rotation":[0,20,0],"translation":[0,-3.25,0.75],"scale":[0.8,0.8,0.8]}},"groups":[0,1,2,3,4,5,6,7,8,9,10,11,12,13,14,15,16,17,18,19,20,21,22,23,24,25,26,27,28,29,30,31,32,33,34,35,36,37,{"name":"lightning","origin":[8,8,8],"color":0,"nbt":"{}","children":[38,39,40,41,42,43,44,45,46,47,48,49,50,51,52,53,54,55,56,57,58,59,60,61,62,63,64,65,66,67,68,69,70,71,72,73,74,75,76,77,78,79,80,81,82,83,84,85,86,87,88,89,90,91,92,93,94,95,{"name":"hexadecagon","origin":[8,8,8],"color":0,"nbt":"{}","children":[96,97,98,99,100,101,102,103,104,105,106,107,108,109,110,111,112,113,114,115,116,117,118,119,120,121,122,123,124,125,126,127,128,129,130,131,132,133,134,135,136,137,138,139,140,141,142,143,144,145,146,147,148,149,150,151,152,153,154,155,156,157,158,159,160,161,162,163]},{"name":"hexadecagon","origin":[8,8,8],"color":0,"nbt":"{}","children":[164,165,166,167,168,169,170,171,172,173,174,175,176,177,178,179,180,181,182,183,184,185,186,187]}]},188,189,190,191]}