{"parent":"item/doll/figurines/10_cars_b","textures":{"1":"block/transparent","2":"block/black_concrete","3":"block/mcqueen_decals","4":"block/white_concrete","7":"block/light_orange","8":"block/transparent","13":"block/transparent","14":"block/transparent","15":"block/transparent","1_1":"block/red_concrete","1_5":"block/gray_concrete","1_6":"block/light_white","particle":"block/cars_textured"},"display":{"thirdperson_righthand":{"rotation":[2,151,0],"translation":[0,0.25,0],"scale":[0.6,0.6,0.6]},"thirdperson_lefthand":{"rotation":[2,107,0],"scale":[0.6,0.6,0.6]},"firstperson_righthand":{"rotation":[2,151,0],"translation":[0,2.25,0],"scale":[0.6,0.6,0.6]},"firstperson_lefthand":{"rotation":[-1,107,0],"translation":[-0.5,2.25,1.25],"scale":[0.6,0.6,0.6]},"ground":{"translation":[0,-3,0],"scale":[0.7,0.7,0.7]},"gui":{"rotation":[17,-158,0],"translation":[0,-2,0.75],"scale":[0.8,0.8,0.8]},"head":{"translation":[0,-2.25,0],"scale":[0.8,0.8,0.8]},"fixed":{"rotation":[0,20,0],"translation":[0,-3.25,0.75],"scale":[1.3,1.3,1.3]}}}