{"credit":"Made with Blockbench by Valvac","textures":{"1":"block/white_stained_glass","7":"block/skins/coco_miguel","8":"block/1","13":"block/black_wool","14":"block/orange_wool","15":"block/white_wool","particle":"block/skins/coco_miguel"},"elements":[{"from":[0,0,0],"to":[16,2,16],"rotation":{"angle":45,"axis":"y","origin":[8,1,8]},"faces":{"north":{"uv":[5,4,6,5],"texture":"#13"},"east":{"uv":[5,4,6,5],"texture":"#13"},"south":{"uv":[5,4,6,5],"texture":"#13"},"west":{"uv":[5,4,6,5],"texture":"#13"},"up":{"uv":[5,4,6,5],"texture":"#13"},"down":{"uv":[5,4,6,5],"texture":"#13"}}},{"from":[14.11807,22,0.15246],"to":[16.11807,24,16.15246],"rotation":{"angle":-45,"axis":"y","origin":[8.24307,12.125,7.93371]},"faces":{"north":{"uv":[5,4,6,5],"texture":"#13"},"east":{"uv":[5,4,6,5],"texture":"#13"},"south":{"uv":[5,4,6,5],"texture":"#13"},"west":{"uv":[5,4,6,5],"texture":"#13"},"up":{"uv":[5,4,6,5],"texture":"#13"},"down":{"uv":[5,4,6,5],"texture":"#13"}}},{"from":[0.11807,22,14.15246],"to":[14.11807,24,16.15246],"rotation":{"angle":-45,"axis":"y","origin":[8.24307,12.125,7.93371]},"faces":{"north":{"uv":[5,4,6,5],"texture":"#13"},"east":{"uv":[5,4,6,5],"texture":"#13"},"south":{"uv":[5,4,6,5],"texture":"#13"},"west":{"uv":[5,4,6,5],"texture":"#13"},"up":{"uv":[5,4,6,5],"texture":"#13"},"down":{"uv":[5,4,6,5],"texture":"#13"}}},{"from":[-1.8995,23,6.58578],"to":[17.89949,24,9.33578],"rotation":{"angle":0,"axis":"y","origin":[8.24307,12.125,7.93371]},"faces":{"north":{"uv":[5,4,6,5],"texture":"#13"},"east":{"uv":[5,4,6,5],"texture":"#13"},"south":{"uv":[5,4,6,5],"texture":"#13"},"west":{"uv":[5,4,6,5],"texture":"#13"},"up":{"uv":[5,4,6,5],"texture":"#13"},"down":{"uv":[5,4,6,5],"texture":"#13"}}},{"from":[0.788,23,9.33578],"to":[15.21199,24,12.08578],"rotation":{"angle":0,"axis":"y","origin":[8.24307,12.125,7.93371]},"faces":{"north":{"uv":[5,4,6,5],"texture":"#13"},"east":{"uv":[5,4,6,5],"texture":"#13"},"south":{"uv":[5,4,6,5],"texture":"#13"},"west":{"uv":[5,4,6,5],"texture":"#13"},"up":{"uv":[5,4,6,5],"texture":"#13"},"down":{"uv":[5,4,6,5],"texture":"#13"}}},{"from":[3.6005,23,12.08578],"to":[12.39949,24,14.83578],"rotation":{"angle":0,"axis":"y","origin":[8.24307,12.125,7.93371]},"faces":{"north":{"uv":[5,4,6,5],"texture":"#13"},"east":{"uv":[5,4,6,5],"texture":"#13"},"south":{"uv":[5,4,6,5],"texture":"#13"},"west":{"uv":[5,4,6,5],"texture":"#13"},"up":{"uv":[5,4,6,5],"texture":"#13"},"down":{"uv":[5,4,6,5],"texture":"#13"}}},{"from":[6.3505,23,14.83578],"to":[9.64949,24,17.58578],"rotation":{"angle":0,"axis":"y","origin":[8.24307,12.125,7.93371]},"faces":{"north":{"uv":[5,4,6,5],"texture":"#13"},"east":{"uv":[5,4,6,5],"texture":"#13"},"south":{"uv":[5,4,6,5],"texture":"#13"},"west":{"uv":[5,4,6,5],"texture":"#13"},"up":{"uv":[5,4,6,5],"texture":"#13"},"down":{"uv":[5,4,6,5],"texture":"#13"}}},{"from":[14.11807,2,0.15246],"to":[16.11807,12,2.15246],"rotation":{"angle":-45,"axis":"y","origin":[8.24307,12.125,7.93371]},"faces":{"north":{"uv":[5,4,6,5],"texture":"#13"},"east":{"uv":[5,4,6,5],"texture":"#13"},"south":{"uv":[5,4,6,5],"texture":"#13"},"west":{"uv":[5,4,6,5],"texture":"#13"},"up":{"uv":[5,4,6,5],"texture":"#13"},"down":{"uv":[5,4,6,5],"texture":"#13"}}},{"from":[5.11807,2,0.15246],"to":[14.11807,7,2.15246],"rotation":{"angle":-45,"axis":"y","origin":[8.24307,12.125,7.93371]},"faces":{"north":{"uv":[5,4,6,5],"texture":"#13"},"east":{"uv":[5,4,6,5],"texture":"#13"},"south":{"uv":[5,4,6,5],"texture":"#13"},"west":{"uv":[5,4,6,5],"texture":"#13"},"up":{"uv":[5,4,6,5],"texture":"#13"},"down":{"uv":[5,4,6,5],"texture":"#13"}}},{"from":[5.61807,0.5,-0.09754],"to":[15.61807,1,1.15246],"rotation":{"angle":-45,"axis":"y","origin":[8.24307,12.125,7.93371]},"faces":{"north":{"uv":[6,6,7,7],"texture":"#14"},"east":{"uv":[6,6,7,7],"texture":"#14"},"south":{"uv":[6,6,7,7],"texture":"#14"},"west":{"uv":[6,6,7,7],"texture":"#14"},"up":{"uv":[6,6,7,7],"texture":"#14"},"down":{"uv":[6,6,7,7],"texture":"#14"}}},{"from":[15.11807,1,-0.09754],"to":[15.61807,6,1.15246],"rotation":{"angle":-45,"axis":"y","origin":[8.24307,12.125,7.93371]},"faces":{"north":{"uv":[6,6,7,7],"texture":"#14"},"east":{"uv":[6,6,7,7],"texture":"#14"},"south":{"uv":[6,6,7,7],"texture":"#14"},"west":{"uv":[6,6,7,7],"texture":"#14"},"up":{"uv":[6,6,7,7],"texture":"#14"},"down":{"uv":[6,6,7,7],"texture":"#14"}}},{"from":[5.61807,1,-0.09754],"to":[6.11807,6,1.15246],"rotation":{"angle":-45,"axis":"y","origin":[8.24307,12.125,7.93371]},"faces":{"north":{"uv":[6,6,7,7],"texture":"#14"},"east":{"uv":[6,6,7,7],"texture":"#14"},"south":{"uv":[6,6,7,7],"texture":"#14"},"west":{"uv":[6,6,7,7],"texture":"#14"},"up":{"uv":[6,6,7,7],"texture":"#14"},"down":{"uv":[6,6,7,7],"texture":"#14"}}},{"from":[7.74307,1.375,-0.09754],"to":[13.49307,5.375,1.02746],"rotation":{"angle":-45,"axis":"y","origin":[8.24307,12.125,7.93371]},"faces":{"north":{"uv":[0,0,16,11],"texture":"#8"}}},{"from":[5.80557,1,0.08996],"to":[15.18057,6,1.21496],"rotation":{"angle":-45,"axis":"y","origin":[8.24307,12.125,7.93371]},"faces":{"north":{"uv":[0,0,1,1],"texture":"#15"},"east":{"uv":[0,0,1,1],"texture":"#15"},"south":{"uv":[0,0,1,1],"texture":"#15"},"west":{"uv":[0,0,1,1],"texture":"#15"},"up":{"uv":[0,0,1,1],"texture":"#15"},"down":{"uv":[0,0,1,1],"texture":"#15"}}},{"from":[5.61807,6,-0.09754],"to":[15.61807,6.5,1.15246],"rotation":{"angle":-45,"axis":"y","origin":[8.24307,12.125,7.93371]},"faces":{"north":{"uv":[6,6,7,7],"texture":"#14"},"east":{"uv":[6,6,7,7],"texture":"#14"},"south":{"uv":[6,6,7,7],"texture":"#14"},"west":{"uv":[6,6,7,7],"texture":"#14"},"up":{"uv":[6,6,7,7],"texture":"#14"},"down":{"uv":[6,6,7,7],"texture":"#14"}}},{"from":[0.11807,2,14.15246],"to":[2.11807,12,16.15246],"rotation":{"angle":-45,"axis":"y","origin":[8.24307,12.125,7.93371]},"faces":{"north":{"uv":[5,4,6,5],"texture":"#13"},"east":{"uv":[5,4,6,5],"texture":"#13"},"south":{"uv":[5,4,6,5],"texture":"#13"},"west":{"uv":[5,4,6,5],"texture":"#13"},"up":{"uv":[5,4,6,5],"texture":"#13"},"down":{"uv":[5,4,6,5],"texture":"#13"}}},{"from":[14.11807,2,14.15246],"to":[16.11807,12,16.15246],"rotation":{"angle":-45,"axis":"y","origin":[8.24307,12.125,7.93371]},"faces":{"north":{"uv":[5,4,6,5],"texture":"#13"},"east":{"uv":[5,4,6,5],"texture":"#13"},"south":{"uv":[5,4,6,5],"texture":"#13"},"west":{"uv":[5,4,6,5],"texture":"#13"},"up":{"uv":[5,4,6,5],"texture":"#13"},"down":{"uv":[5,4,6,5],"texture":"#13"}}},{"from":[14.11807,2,2.15246],"to":[16.11807,12,14.15246],"rotation":{"angle":-45,"axis":"y","origin":[8.24307,12.125,7.93371]},"faces":{"north":{"uv":[5,4,6,5],"texture":"#13"},"east":{"uv":[5,4,6,5],"texture":"#13"},"south":{"uv":[5,4,6,5],"texture":"#13"},"west":{"uv":[5,4,6,5],"texture":"#13"},"up":{"uv":[5,4,6,5],"texture":"#13"},"down":{"uv":[5,4,6,5],"texture":"#13"}}},{"from":[14.11807,12,2.15246],"to":[16.11807,22,14.15246],"rotation":{"angle":-45,"axis":"y","origin":[8.24307,12.125,7.93371]},"faces":{"north":{"uv":[5,4,6,5],"texture":"#13"},"east":{"uv":[5,4,6,5],"texture":"#13"},"south":{"uv":[5,4,6,5],"texture":"#13"},"west":{"uv":[5,4,6,5],"texture":"#13"},"up":{"uv":[5,4,6,5],"texture":"#13"},"down":{"uv":[5,4,6,5],"texture":"#13"}}},{"from":[14.11807,12,0.15246],"to":[16.11807,22,2.15246],"rotation":{"angle":-45,"axis":"y","origin":[8.24307,12.125,7.93371]},"faces":{"north":{"uv":[5,4,6,5],"texture":"#13"},"east":{"uv":[5,4,6,5],"texture":"#13"},"south":{"uv":[5,4,6,5],"texture":"#13"},"west":{"uv":[5,4,6,5],"texture":"#13"},"up":{"uv":[5,4,6,5],"texture":"#13"},"down":{"uv":[5,4,6,5],"texture":"#13"}}},{"from":[15.11807,7,-0.03504],"to":[15.61807,23,2.33996],"rotation":{"angle":-45,"axis":"y","origin":[8.24307,12.125,7.93371]},"faces":{"north":{"uv":[6,6,7,7],"texture":"#14"},"east":{"uv":[6,6,7,7],"texture":"#14"},"south":{"uv":[6,6,7,7],"texture":"#14"},"west":{"uv":[6,6,7,7],"texture":"#14"},"up":{"uv":[6,6,7,7],"texture":"#14"},"down":{"uv":[6,6,7,7],"texture":"#14"}}},{"from":[1.11807,0.5,-0.03504],"to":[5.11807,1,2.33996],"rotation":{"angle":-45,"axis":"y","origin":[8.24307,12.125,7.93371]},"faces":{"north":{"uv":[6,6,7,7],"rotation":270,"texture":"#14"},"east":{"uv":[6,6,7,7],"rotation":270,"texture":"#14"},"south":{"uv":[6,6,7,7],"rotation":270,"texture":"#14"},"west":{"uv":[6,6,7,7],"rotation":270,"texture":"#14"},"up":{"uv":[6,6,7,7],"rotation":270,"texture":"#14"},"down":{"uv":[6,6,7,7],"rotation":270,"texture":"#14"}}},{"from":[-0.06943,0.5,9.65246],"to":[2.30557,1,14.15246],"rotation":{"angle":-45,"axis":"y","origin":[8.24307,12.125,7.93371]},"faces":{"north":{"uv":[6,6,7,7],"rotation":270,"texture":"#14"},"east":{"uv":[6,6,7,7],"rotation":270,"texture":"#14"},"south":{"uv":[6,6,7,7],"rotation":270,"texture":"#14"},"west":{"uv":[6,6,7,7],"rotation":270,"texture":"#14"},"up":{"uv":[6,6,7,7],"rotation":270,"texture":"#14"},"down":{"uv":[6,6,7,7],"rotation":270,"texture":"#14"}}},{"from":[-0.06943,0.5,15.15246],"to":[2.30557,23,15.65246],"rotation":{"angle":-45,"axis":"y","origin":[8.24307,12.125,7.93371]},"faces":{"north":{"uv":[6,6,7,7],"texture":"#14"},"east":{"uv":[6,6,7,7],"texture":"#14"},"south":{"uv":[6,6,7,7],"texture":"#14"},"west":{"uv":[6,6,7,7],"texture":"#14"},"up":{"uv":[6,6,7,7],"texture":"#14"},"down":{"uv":[6,6,7,7],"texture":"#14"}}},{"from":[5.11807,7,1.15246],"to":[13.11807,8,2.15246],"rotation":{"angle":-45,"axis":"y","origin":[8.24307,12.125,7.93371]},"faces":{"north":{"uv":[1,15,10,16],"texture":"#1"},"south":{"uv":[1,15,10,16],"texture":"#1"},"up":{"uv":[1,15,10,16],"texture":"#1"},"down":{"uv":[1,15,10,16],"texture":"#1"}}},{"from":[13.11807,7,1.15246],"to":[14.11807,23,2.15246],"rotation":{"angle":-45,"axis":"y","origin":[8.24307,12.125,7.93371]},"faces":{"north":{"uv":[1,15,10,16],"texture":"#1"},"east":{"uv":[1,15,10,16],"texture":"#1"},"south":{"uv":[1,15,10,16],"texture":"#1"},"west":{"uv":[1,15,10,16],"texture":"#1"},"up":{"uv":[1,15,10,16],"texture":"#1"},"down":{"uv":[1,15,10,16],"texture":"#1"}}},{"from":[4.11807,3,1.15246],"to":[5.11807,7,2.15246],"rotation":{"angle":-45,"axis":"y","origin":[8.24307,12.125,7.93371]},"faces":{"north":{"uv":[0,10,1,16],"texture":"#1"},"east":{"uv":[0,10,1,16],"texture":"#1"},"south":{"uv":[0,10,1,16],"texture":"#1"},"west":{"uv":[0,10,1,16],"texture":"#1"},"down":{"uv":[0,10,1,16],"texture":"#1"}}},{"from":[2.11807,2,1.15246],"to":[4.11807,3,2.15246],"rotation":{"angle":-45,"axis":"y","origin":[8.24307,12.125,7.93371]},"faces":{"north":{"uv":[0,15,2,16],"texture":"#1"},"east":{"uv":[0,15,2,16],"texture":"#1"},"south":{"uv":[0,15,2,16],"texture":"#1"},"up":{"uv":[0,15,2,16],"texture":"#1"},"down":{"uv":[0,15,2,16],"texture":"#1"}}},{"from":[14.11807,12,14.15246],"to":[16.11807,22,16.15246],"rotation":{"angle":-45,"axis":"y","origin":[8.24307,12.125,7.93371]},"faces":{"north":{"uv":[5,4,6,5],"texture":"#13"},"east":{"uv":[5,4,6,5],"texture":"#13"},"south":{"uv":[5,4,6,5],"texture":"#13"},"west":{"uv":[5,4,6,5],"texture":"#13"},"up":{"uv":[5,4,6,5],"texture":"#13"},"down":{"uv":[5,4,6,5],"texture":"#13"}}},{"from":[2.11807,2,14.15246],"to":[14.11807,12,16.15246],"rotation":{"angle":-45,"axis":"y","origin":[8.24307,12.125,7.93371]},"faces":{"north":{"uv":[5,4,6,5],"texture":"#13"},"east":{"uv":[5,4,6,5],"texture":"#13"},"south":{"uv":[5,4,6,5],"texture":"#13"},"west":{"uv":[5,4,6,5],"texture":"#13"},"up":{"uv":[5,4,6,5],"texture":"#13"},"down":{"uv":[5,4,6,5],"texture":"#13"}}},{"from":[2.11807,12,14.15246],"to":[14.11807,22,16.15246],"rotation":{"angle":-45,"axis":"y","origin":[8.24307,12.125,7.93371]},"faces":{"north":{"uv":[5,4,6,5],"texture":"#13"},"east":{"uv":[5,4,6,5],"texture":"#13"},"south":{"uv":[5,4,6,5],"texture":"#13"},"west":{"uv":[5,4,6,5],"texture":"#13"},"up":{"uv":[5,4,6,5],"texture":"#13"},"down":{"uv":[5,4,6,5],"texture":"#13"}}},{"from":[0.11807,12,14.15246],"to":[2.11807,22,16.15246],"rotation":{"angle":-45,"axis":"y","origin":[8.24307,12.125,7.93371]},"faces":{"north":{"uv":[5,4,6,5],"texture":"#13"},"east":{"uv":[5,4,6,5],"texture":"#13"},"south":{"uv":[5,4,6,5],"texture":"#13"},"west":{"uv":[5,4,6,5],"texture":"#13"},"up":{"uv":[5,4,6,5],"texture":"#13"},"down":{"uv":[5,4,6,5],"texture":"#13"}}},{"from":[1.11807,2,2.15246],"to":[2.11807,3,13.15246],"rotation":{"angle":-45,"axis":"y","origin":[8.24307,12.125,7.93371]},"faces":{"east":{"uv":[3,15,15,16],"texture":"#1"},"west":{"uv":[3,15,15,16],"texture":"#1"},"up":{"uv":[3,15,15,16],"texture":"#1"},"down":{"uv":[3,15,15,16],"texture":"#1"}}},{"from":[1.11807,2,1.15246],"to":[2.11807,3,2.15246],"rotation":{"angle":-45,"axis":"y","origin":[8.24307,12.125,7.93371]},"faces":{"north":{"uv":[7,15,8,16],"texture":"#1"},"west":{"uv":[7,15,8,16],"texture":"#1"},"up":{"uv":[7,15,8,16],"texture":"#1"},"down":{"uv":[7,15,8,16],"texture":"#1"}}},{"from":[4.11807,2,1.15246],"to":[5.11807,3,2.15246],"rotation":{"angle":-45,"axis":"y","origin":[8.24307,12.125,7.93371]},"faces":{"north":{"uv":[7,15,8,16],"texture":"#1"},"east":{"uv":[7,15,8,16],"texture":"#1"},"south":{"uv":[7,15,8,16],"texture":"#1"},"down":{"uv":[7,15,8,16],"texture":"#1"}}},{"from":[4.11807,7,1.15246],"to":[5.11807,8,2.15246],"rotation":{"angle":-45,"axis":"y","origin":[8.24307,12.125,7.93371]},"faces":{"north":{"uv":[7,15,8,16],"texture":"#1"},"south":{"uv":[7,15,8,16],"texture":"#1"},"west":{"uv":[7,15,8,16],"texture":"#1"},"up":{"uv":[7,15,8,16],"texture":"#1"}}},{"from":[1.11807,2,13.15246],"to":[2.11807,23,14.15246],"rotation":{"angle":-45,"axis":"y","origin":[8.24307,12.125,7.93371]},"faces":{"north":{"uv":[7,15,8,16],"texture":"#1"},"east":{"uv":[7,15,8,16],"texture":"#1"},"south":{"uv":[7,15,8,16],"texture":"#1"},"west":{"uv":[7,15,8,16],"texture":"#1"},"up":{"uv":[7,15,8,16],"texture":"#1"},"down":{"uv":[7,15,8,16],"texture":"#1"}}},{"from":[-0.48528,22,6.58579],"to":[16.48528,23,7.58579],"rotation":{"angle":0,"axis":"y","origin":[8.24307,12.125,7.93371]},"faces":{"north":{"uv":[0,0,1,12],"texture":"#1"},"east":{"uv":[0,0,1,12],"texture":"#1"},"south":{"uv":[0,0,1,12],"texture":"#1"},"west":{"uv":[0,0,1,12],"texture":"#1"},"up":{"uv":[0,0,1,12],"texture":"#1"},"down":{"uv":[0,0,1,12],"texture":"#1"}}},{"from":[5.85847,9.2,5.32428],"to":[10.65847,16.4,7.72428],"rotation":{"angle":0,"axis":"y","origin":[8.24307,12.125,7.93371]},"faces":{"north":{"uv":[5,5,7,8],"texture":"#7"},"east":{"uv":[4,5,5,8],"texture":"#7"},"south":{"uv":[8,5,10,8],"texture":"#7"},"west":{"uv":[7,5,8,8],"texture":"#7"},"up":{"uv":[5,4,7,5],"rotation":180,"texture":"#7"},"down":{"uv":[7,5,9,4],"rotation":180,"texture":"#7"}}},{"from":[5.70847,9.05,5.17428],"to":[10.80847,16.55,7.87428],"rotation":{"angle":0,"axis":"y","origin":[8.24307,12.125,7.93371]},"faces":{"north":{"uv":[5,9,7,12],"texture":"#7"},"east":{"uv":[4,9,5,12],"texture":"#7"},"south":{"uv":[8,9,10,12],"texture":"#7"},"west":{"uv":[7,9,8,12],"texture":"#7"},"up":{"uv":[5,8,7,9],"rotation":180,"texture":"#7"},"down":{"uv":[7,9,9,8],"rotation":180,"texture":"#7"}}},{"from":[5.85847,2,5.32428],"to":[8.25847,9.2,7.72428],"rotation":{"angle":0,"axis":"y","origin":[8.24307,12.125,7.93371]},"faces":{"north":{"uv":[1,5,2,8],"texture":"#7"},"east":{"uv":[0,5,1,8],"texture":"#7"},"south":{"uv":[3,5,4,8],"texture":"#7"},"west":{"uv":[2,5,3,8],"texture":"#7"},"up":{"uv":[1,4,2,5],"rotation":180,"texture":"#7"},"down":{"uv":[2,5,3,4],"rotation":180,"texture":"#7"}}},{"from":[5.70847,1.85,5.17428],"to":[8.40847,9.35,7.87428],"rotation":{"angle":0,"axis":"y","origin":[8.24307,12.125,7.93371]},"faces":{"north":{"uv":[1,9,2,12],"texture":"#7"},"east":{"uv":[0,9,1,12],"texture":"#7"},"south":{"uv":[3,9,4,12],"texture":"#7"},"west":{"uv":[2,9,3,12],"texture":"#7"},"up":{"uv":[1,8,2,9],"rotation":180,"texture":"#7"},"down":{"uv":[2,9,3,8],"rotation":180,"texture":"#7"}}},{"from":[8.25847,2,5.32428],"to":[10.65847,9.2,7.72428],"rotation":{"angle":0,"axis":"y","origin":[8.24307,12.125,7.93371]},"faces":{"north":{"uv":[5,13,6,16],"texture":"#7"},"east":{"uv":[4,13,5,16],"texture":"#7"},"south":{"uv":[7,13,8,16],"texture":"#7"},"west":{"uv":[6,13,7,16],"texture":"#7"},"up":{"uv":[5,12,6,13],"rotation":180,"texture":"#7"},"down":{"uv":[6,13,7,12],"rotation":180,"texture":"#7"}}},{"from":[8.10847,1.85,5.17428],"to":[10.80847,9.35,7.87428],"rotation":{"angle":0,"axis":"y","origin":[8.24307,12.125,7.93371]},"faces":{"north":{"uv":[1,13,2,16],"texture":"#7"},"east":{"uv":[0,13,1,16],"texture":"#7"},"south":{"uv":[3,13,4,16],"texture":"#7"},"west":{"uv":[2,13,3,16],"texture":"#7"},"up":{"uv":[1,12,2,13],"rotation":180,"texture":"#7"},"down":{"uv":[2,13,3,12],"rotation":180,"texture":"#7"}}},{"from":[5.85847,16.1,4.12428],"to":[10.65847,20.9,8.92428],"rotation":{"angle":0,"axis":"y","origin":[8.24307,12.125,7.93371]},"faces":{"north":{"uv":[2,2,4,4],"texture":"#7"},"east":{"uv":[0,2,2,4],"texture":"#7"},"south":{"uv":[6,2,8,4],"texture":"#7"},"west":{"uv":[4,2,6,4],"texture":"#7"},"up":{"uv":[2,0,4,2],"rotation":180,"texture":"#7"},"down":{"uv":[4,2,6,0],"rotation":180,"texture":"#7"}}},{"from":[5.70847,15.95,3.97428],"to":[10.80847,21.05,9.07428],"rotation":{"angle":0,"axis":"y","origin":[8.24307,12.125,7.93371]},"faces":{"north":{"uv":[10,2,12,4],"texture":"#7"},"east":{"uv":[8,2,10,4],"texture":"#7"},"south":{"uv":[14,2,16,4],"texture":"#7"},"west":{"uv":[12,2,14,4],"texture":"#7"},"up":{"uv":[10,0,12,2],"rotation":180,"texture":"#7"},"down":{"uv":[12,2,14,0],"rotation":180,"texture":"#7"}}},{"from":[7.05847,16.7,4.11828],"to":[9.45847,19.1,8.92428],"rotation":{"angle":0,"axis":"y","origin":[8.24307,12.125,7.93371]},"faces":{"north":{"uv":[14,0,16,2],"texture":"#7"},"east":{"uv":[0,0,0,0],"texture":"#7"},"south":{"uv":[0,0,0,0],"texture":"#7"},"west":{"uv":[0,0,0,0],"texture":"#7"},"up":{"uv":[0,0,0,0],"texture":"#7"},"down":{"uv":[0,0,0,0],"texture":"#7"}}},{"from":[10.2771,13.69413,5.329],"to":[14.0571,16.21413,7.786],"rotation":{"angle":0,"axis":"y","origin":[13.32461,15.87874,6.5575]},"faces":{"north":{"uv":[8.718,13.282,8.032,14.75],"rotation":90,"texture":"#7"},"east":{"uv":[0.032,0.032,0.032,0.032],"rotation":90,"texture":"#7"},"south":{"uv":[11.468,13.282,10.782,14.75],"rotation":270,"texture":"#7"},"west":{"uv":[9.718,12.032,9.032,12.968],"rotation":180,"texture":"#7"},"up":{"uv":[9.718,13.282,8.782,14.75],"rotation":270,"texture":"#7"},"down":{"uv":[10.718,13.282,9.782,14.75],"rotation":270,"texture":"#7"}}},{"from":[13.28017,15.28593,5.2975],"to":[15.30017,19.06593,7.8175],"rotation":{"angle":-22.5,"axis":"z","origin":[13.32461,15.87874,6.5575]},"faces":{"north":{"uv":[10.782,15.968,11.468,14.5],"texture":"#7"},"east":{"uv":[9.782,15.968,10.718,14.5],"texture":"#7"},"south":{"uv":[8.782,15.968,9.718,14.5],"texture":"#7"},"west":{"uv":[8.718,14.5,8.032,15.968],"rotation":180,"texture":"#7"},"up":{"uv":[9.782,12.032,10.468,12.968],"texture":"#7"},"down":{"uv":[0,0,0,0],"rotation":270,"texture":"#7"}}},{"from":[12.30676,13.8313,5.31325],"to":[13.53526,16.3513,7.80175],"rotation":{"angle":45,"axis":"z","origin":[13.32461,15.87874,6.5575]},"faces":{"north":{"uv":[11.468,14.3,10.532,14.7],"rotation":90,"texture":"#7"},"east":{"uv":[0.032,0.032,0.032,0.032],"rotation":90,"texture":"#7"},"south":{"uv":[9.718,14.3,8.782,14.7],"rotation":270,"texture":"#7"},"west":{"uv":[0,0,0,0],"rotation":90,"texture":"#7"},"up":{"uv":[8.718,14.3,8.032,14.7],"rotation":270,"texture":"#7"},"down":{"uv":[10.718,14.3,9.782,14.7],"rotation":270,"texture":"#7"}}},{"from":[2.80172,13.39625,5.3665],"to":[5.32172,17.17625,7.8235],"rotation":{"angle":-45,"axis":"z","origin":[3.13711,14.12874,8.17]},"faces":{"north":{"uv":[8.718,13.282,8.032,14.75],"texture":"#7"},"east":{"uv":[10.718,13.282,9.782,14.75],"texture":"#7"},"south":{"uv":[9.718,13.282,8.782,14.75],"texture":"#7"},"west":{"uv":[11.468,13.282,10.782,14.75],"texture":"#7"},"up":{"uv":[9.032,12.968,9.718,12.032],"rotation":270,"texture":"#7"},"down":{"uv":[0.032,0.032,0.032,0.032],"rotation":180,"texture":"#7"}}},{"from":[-0.05008,12.15318,5.335],"to":[3.72992,14.67318,7.855],"rotation":{"angle":-22.5,"axis":"z","origin":[3.13711,14.12874,8.17]},"faces":{"north":{"uv":[8.782,15.968,9.718,14.5],"rotation":90,"texture":"#7"},"east":{"uv":[0,0,0,0],"texture":"#7"},"south":{"uv":[10.782,15.968,11.468,14.5],"rotation":270,"texture":"#7"},"west":{"uv":[9.782,12.032,10.468,12.968],"rotation":90,"texture":"#7"},"up":{"uv":[8.032,15.968,8.718,14.5],"rotation":270,"texture":"#7"},"down":{"uv":[10.718,14.5,9.782,15.968],"rotation":90,"texture":"#7"}}},{"from":[2.92646,12.0813,5.35075],"to":[4.15496,14.6013,7.83925],"rotation":{"angle":0,"axis":"y","origin":[3.13711,14.12874,8.17]},"faces":{"north":{"uv":[9.718,14.3,8.782,14.7],"rotation":270,"texture":"#7"},"east":{"uv":[0,0,0,0],"rotation":270,"texture":"#7"},"south":{"uv":[11.468,14.3,10.782,14.7],"rotation":90,"texture":"#7"},"west":{"uv":[0.032,0.032,0.032,0.032],"rotation":270,"texture":"#7"},"up":{"uv":[8.718,14.3,8.032,14.7],"rotation":90,"texture":"#7"},"down":{"uv":[10.718,14.3,9.782,14.7],"rotation":90,"texture":"#7"}}}],"display":{"thirdperson_righthand":{"rotation":[2,151,0],"translation":[0,2.5,0],"scale":[0.4,0.4,0.4]},"thirdperson_lefthand":{"rotation":[2,107,0],"translation":[0,2.5,0],"scale":[0.4,0.4,0.4]},"firstperson_righthand":{"rotation":[2,151,0],"translation":[0,2.5,0],"scale":[0.4,0.4,0.4]},"firstperson_lefthand":{"rotation":[-1,107,0],"translation":[-0.5,4.25,1.25],"scale":[0.4,0.4,0.4]},"ground":{"scale":[0.5,0.5,0.5]},"gui":{"rotation":[17,-158,0],"translation":[0,-2,0.75],"scale":[0.5,0.5,0.5]},"head":{"translation":[0,-2.25,0],"scale":[0.5,0.5,0.5]},"fixed":{"rotation":[0,20,0],"translation":[0,-3.25,0.75],"scale":[0.8,0.8,0.8]}}}