{"credit":"Made with Blockbench by Valvac","textures":{"0":"block/gray_concrete","1":"block/white_stained_glass","2":"block/white_concrete","6":"block/red_concrete","8":"block/6","particle":"block/gray_concrete","1_0":"block/skins/pluto_original"},"elements":[{"from":[0,0,0],"to":[16,2,16],"rotation":{"angle":45,"axis":"y","origin":[8,1,8]},"faces":{"north":{"uv":[0,0,16,2],"texture":"#0"},"east":{"uv":[0,0,16,2],"texture":"#0"},"south":{"uv":[0,0,16,2],"texture":"#0"},"west":{"uv":[0,0,16,2],"texture":"#0"},"up":{"uv":[0,0,16,16],"texture":"#0"},"down":{"uv":[0,0,16,16],"texture":"#0"}}},{"from":[14.11807,22,0.15246],"to":[16.11807,24,16.15246],"rotation":{"angle":-45,"axis":"y","origin":[8.24307,12.125,7.93371]},"faces":{"north":{"uv":[0,0,2,2],"texture":"#0"},"east":{"uv":[0,0,16,2],"texture":"#0"},"south":{"uv":[0,0,2,2],"texture":"#0"},"west":{"uv":[0,0,16,2],"texture":"#0"},"up":{"uv":[0,0,2,16],"texture":"#0"},"down":{"uv":[0,0,2,16],"texture":"#0"}}},{"from":[0.11807,22,14.15246],"to":[14.11807,24,16.15246],"rotation":{"angle":-45,"axis":"y","origin":[8.24307,12.125,7.93371]},"faces":{"north":{"uv":[0,0,14,2],"texture":"#0"},"east":{"uv":[0,0,2,2],"texture":"#0"},"south":{"uv":[0,0,14,2],"texture":"#0"},"west":{"uv":[0,0,2,2],"texture":"#0"},"up":{"uv":[0,0,14,2],"texture":"#0"},"down":{"uv":[0,0,14,2],"texture":"#0"}}},{"from":[-1.8995,23,6.58578],"to":[17.89949,24,9.33578],"rotation":{"angle":0,"axis":"y","origin":[8.24307,12.125,7.93371]},"faces":{"north":{"uv":[0,0,16,1],"texture":"#0"},"east":{"uv":[0,0,2.75,1],"texture":"#0"},"south":{"uv":[0,0,16,1],"texture":"#0"},"west":{"uv":[0,0,2.75,1],"texture":"#0"},"up":{"uv":[0,0,16,2.75],"texture":"#0"},"down":{"uv":[0,0,16,2.75],"texture":"#0"}}},{"from":[0.788,23,9.33578],"to":[15.21199,24,12.08578],"rotation":{"angle":0,"axis":"y","origin":[8.24307,12.125,7.93371]},"faces":{"north":{"uv":[0,0,14.42399,1],"texture":"#0"},"east":{"uv":[0,0,2.75,1],"texture":"#0"},"south":{"uv":[0,0,14.42399,1],"texture":"#0"},"west":{"uv":[0,0,2.75,1],"texture":"#0"},"up":{"uv":[0,0,14.42399,2.75],"texture":"#0"},"down":{"uv":[0,0,14.42399,2.75],"texture":"#0"}}},{"from":[3.6005,23,12.08578],"to":[12.39949,24,14.83578],"rotation":{"angle":0,"axis":"y","origin":[8.24307,12.125,7.93371]},"faces":{"north":{"uv":[0,0,8.79899,1],"texture":"#0"},"east":{"uv":[0,0,2.75,1],"texture":"#0"},"south":{"uv":[0,0,8.79899,1],"texture":"#0"},"west":{"uv":[0,0,2.75,1],"texture":"#0"},"up":{"uv":[0,0,8.79899,2.75],"texture":"#0"},"down":{"uv":[0,0,8.79899,2.75],"texture":"#0"}}},{"from":[6.3505,23,14.83578],"to":[9.64949,24,17.58578],"rotation":{"angle":0,"axis":"y","origin":[8.24307,12.125,7.93371]},"faces":{"north":{"uv":[0,0,3.29899,1],"texture":"#0"},"east":{"uv":[0,0,2.75,1],"texture":"#0"},"south":{"uv":[0,0,3.29899,1],"texture":"#0"},"west":{"uv":[0,0,2.75,1],"texture":"#0"},"up":{"uv":[0,0,3.29899,2.75],"texture":"#0"},"down":{"uv":[0,0,3.29899,2.75],"texture":"#0"}}},{"from":[14.11807,2,0.15246],"to":[16.11807,12,2.15246],"rotation":{"angle":-45,"axis":"y","origin":[8.24307,12.125,7.93371]},"faces":{"north":{"uv":[0,0,2,10],"texture":"#0"},"east":{"uv":[0,0,2,10],"texture":"#0"},"south":{"uv":[0,0,2,10],"texture":"#0"},"west":{"uv":[0,0,2,10],"texture":"#0"},"up":{"uv":[0,0,2,2],"texture":"#0"},"down":{"uv":[0,0,2,2],"texture":"#0"}}},{"from":[5.11807,2,0.15246],"to":[14.11807,7,2.15246],"rotation":{"angle":-45,"axis":"y","origin":[8.24307,12.125,7.93371]},"faces":{"north":{"uv":[0,0,9,5],"texture":"#0"},"east":{"uv":[0,0,2,5],"texture":"#0"},"south":{"uv":[0,0,9,5],"texture":"#0"},"west":{"uv":[0,0,2,5],"texture":"#0"},"up":{"uv":[0,0,9,2],"texture":"#0"},"down":{"uv":[0,0,9,2],"texture":"#0"}}},{"from":[5.61807,0.5,-0.09754],"to":[15.61807,1,1.15246],"rotation":{"angle":-45,"axis":"y","origin":[8.24307,12.125,7.93371]},"faces":{"north":{"uv":[0,0,10,0.5],"texture":"#6"},"east":{"uv":[0,0,1.25,0.5],"texture":"#6"},"south":{"uv":[0,0,10,0.5],"texture":"#6"},"west":{"uv":[0,0,1.25,0.5],"texture":"#6"},"up":{"uv":[0,0,10,1.25],"texture":"#6"},"down":{"uv":[0,0,10,1.25],"texture":"#6"}}},{"from":[15.11807,1,-0.09754],"to":[15.61807,6,1.15246],"rotation":{"angle":-45,"axis":"y","origin":[8.24307,12.125,7.93371]},"faces":{"north":{"uv":[0,0,0.5,5],"texture":"#6"},"east":{"uv":[0,0,1.25,5],"texture":"#6"},"south":{"uv":[0,0,0.5,5],"texture":"#6"},"west":{"uv":[0,0,1.25,5],"texture":"#6"},"up":{"uv":[0,0,0.5,1.25],"texture":"#6"},"down":{"uv":[0,0,0.5,1.25],"texture":"#6"}}},{"from":[5.61807,1,-0.09754],"to":[6.11807,6,1.15246],"rotation":{"angle":-45,"axis":"y","origin":[8.24307,12.125,7.93371]},"faces":{"north":{"uv":[0,0,0.5,5],"texture":"#6"},"east":{"uv":[0,0,1.25,5],"texture":"#6"},"south":{"uv":[0,0,0.5,5],"texture":"#6"},"west":{"uv":[0,0,1.25,5],"texture":"#6"},"up":{"uv":[0,0,0.5,1.25],"texture":"#6"},"down":{"uv":[0,0,0.5,1.25],"texture":"#6"}}},{"from":[7.74307,1.375,-0.09754],"to":[13.49307,5.375,1.02746],"rotation":{"angle":-45,"axis":"y","origin":[8.24307,12.125,7.93371]},"faces":{"north":{"uv":[0,0,16,11],"texture":"#8"}}},{"from":[5.80557,1,0.08996],"to":[15.18057,6,1.21496],"rotation":{"angle":-45,"axis":"y","origin":[8.24307,12.125,7.93371]},"faces":{"north":{"uv":[0,0,16,11],"texture":"#2"},"east":{"uv":[0,0,16,11],"texture":"#2"},"south":{"uv":[0,0,16,11],"texture":"#2"},"west":{"uv":[0,0,16,11],"texture":"#2"},"up":{"uv":[0,0,16,11],"texture":"#2"},"down":{"uv":[0,0,16,11],"texture":"#2"}}},{"from":[5.61807,6,-0.09754],"to":[15.61807,6.5,1.15246],"rotation":{"angle":-45,"axis":"y","origin":[8.24307,12.125,7.93371]},"faces":{"north":{"uv":[0,0,10,0.5],"texture":"#6"},"east":{"uv":[0,0,1.25,0.5],"texture":"#6"},"south":{"uv":[0,0,10,0.5],"texture":"#6"},"west":{"uv":[0,0,1.25,0.5],"texture":"#6"},"up":{"uv":[0,0,10,1.25],"texture":"#6"},"down":{"uv":[0,0,10,1.25],"texture":"#6"}}},{"from":[0.11807,2,14.15246],"to":[2.11807,12,16.15246],"rotation":{"angle":-45,"axis":"y","origin":[8.24307,12.125,7.93371]},"faces":{"north":{"uv":[0,0,2,10],"texture":"#0"},"east":{"uv":[0,0,2,10],"texture":"#0"},"south":{"uv":[0,0,2,10],"texture":"#0"},"west":{"uv":[0,0,2,10],"texture":"#0"},"up":{"uv":[0,0,2,2],"texture":"#0"},"down":{"uv":[0,0,2,2],"texture":"#0"}}},{"from":[14.11807,2,14.15246],"to":[16.11807,12,16.15246],"rotation":{"angle":-45,"axis":"y","origin":[8.24307,12.125,7.93371]},"faces":{"north":{"uv":[0,0,2,10],"texture":"#0"},"east":{"uv":[0,0,2,10],"texture":"#0"},"south":{"uv":[0,0,2,10],"texture":"#0"},"west":{"uv":[0,0,2,10],"texture":"#0"},"up":{"uv":[0,0,2,2],"texture":"#0"},"down":{"uv":[0,0,2,2],"texture":"#0"}}},{"from":[14.11807,2,2.15246],"to":[16.11807,12,14.15246],"rotation":{"angle":-45,"axis":"y","origin":[8.24307,12.125,7.93371]},"faces":{"north":{"uv":[0,0,2,10],"texture":"#0"},"east":{"uv":[0,0,12,10],"texture":"#0"},"south":{"uv":[0,0,2,10],"texture":"#0"},"west":{"uv":[0,0,12,10],"texture":"#0"},"up":{"uv":[0,0,2,12],"texture":"#0"},"down":{"uv":[0,0,2,12],"texture":"#0"}}},{"from":[14.11807,12,2.15246],"to":[16.11807,22,14.15246],"rotation":{"angle":-45,"axis":"y","origin":[8.24307,12.125,7.93371]},"faces":{"north":{"uv":[0,0,2,10],"texture":"#0"},"east":{"uv":[0,0,12,10],"texture":"#0"},"south":{"uv":[0,0,2,10],"texture":"#0"},"west":{"uv":[0,0,12,10],"texture":"#0"},"up":{"uv":[0,0,2,12],"texture":"#0"},"down":{"uv":[0,0,2,12],"texture":"#0"}}},{"from":[14.11807,12,0.15246],"to":[16.11807,22,2.15246],"rotation":{"angle":-45,"axis":"y","origin":[8.24307,12.125,7.93371]},"faces":{"north":{"uv":[0,0,2,10],"texture":"#0"},"east":{"uv":[0,0,2,10],"texture":"#0"},"south":{"uv":[0,0,2,10],"texture":"#0"},"west":{"uv":[0,0,2,10],"texture":"#0"},"up":{"uv":[0,0,2,2],"texture":"#0"},"down":{"uv":[0,0,2,2],"texture":"#0"}}},{"from":[15.11807,7,-0.03504],"to":[15.61807,23,2.33996],"rotation":{"angle":-45,"axis":"y","origin":[8.24307,12.125,7.93371]},"faces":{"north":{"uv":[0,0,2,10],"texture":"#6"},"east":{"uv":[0,0,2,10],"texture":"#6"},"south":{"uv":[0,0,2,10],"texture":"#6"},"west":{"uv":[0,0,2,10],"texture":"#6"},"up":{"uv":[0,0,2,2],"texture":"#6"},"down":{"uv":[0,0,2,2],"texture":"#6"}}},{"from":[1.11807,0.5,-0.03504],"to":[5.11807,1,2.33996],"rotation":{"angle":-45,"axis":"y","origin":[8.24307,12.125,7.93371]},"faces":{"north":{"uv":[0,0,2,10],"rotation":90,"texture":"#6"},"east":{"uv":[0,0,2,2],"rotation":270,"texture":"#6"},"south":{"uv":[0,0,2,10],"rotation":270,"texture":"#6"},"west":{"uv":[0,0,2,2],"rotation":270,"texture":"#6"},"up":{"uv":[0,0,2,10],"rotation":270,"texture":"#6"},"down":{"uv":[0,0,2,10],"rotation":270,"texture":"#6"}}},{"from":[-0.06943,0.5,9.65246],"to":[2.30557,1,14.15246],"rotation":{"angle":-45,"axis":"y","origin":[8.24307,12.125,7.93371]},"faces":{"north":{"uv":[0,0,2,2],"rotation":270,"texture":"#6"},"east":{"uv":[0,0,2,10],"rotation":90,"texture":"#6"},"south":{"uv":[0,0,2,2],"rotation":270,"texture":"#6"},"west":{"uv":[0,0,2,10],"rotation":270,"texture":"#6"},"up":{"uv":[0,0,2,10],"texture":"#6"},"down":{"uv":[0,0,2,10],"rotation":180,"texture":"#6"}}},{"from":[-0.06943,0.5,15.15246],"to":[2.30557,23,15.65246],"rotation":{"angle":-45,"axis":"y","origin":[8.24307,12.125,7.93371]},"faces":{"north":{"uv":[0,0,2,10],"texture":"#6"},"east":{"uv":[0,0,2,10],"texture":"#6"},"south":{"uv":[0,0,2,10],"texture":"#6"},"west":{"uv":[0,0,2,10],"texture":"#6"},"up":{"uv":[0,0,2,2],"rotation":90,"texture":"#6"},"down":{"uv":[0,0,2,2],"rotation":270,"texture":"#6"}}},{"from":[5.11807,7,1.15246],"to":[13.11807,8,2.15246],"rotation":{"angle":-45,"axis":"y","origin":[8.24307,12.125,7.93371]},"faces":{"north":{"uv":[1,15,10,16],"texture":"#1"},"south":{"uv":[1,15,10,16],"texture":"#1"},"up":{"uv":[1,15,10,16],"texture":"#1"},"down":{"uv":[1,15,10,16],"texture":"#1"}}},{"from":[13.11807,7,1.15246],"to":[14.11807,23,2.15246],"rotation":{"angle":-45,"axis":"y","origin":[8.24307,12.125,7.93371]},"faces":{"north":{"uv":[1,15,10,16],"texture":"#1"},"east":{"uv":[1,15,10,16],"texture":"#1"},"south":{"uv":[1,15,10,16],"texture":"#1"},"west":{"uv":[1,15,10,16],"texture":"#1"},"up":{"uv":[1,15,10,16],"texture":"#1"},"down":{"uv":[1,15,10,16],"texture":"#1"}}},{"from":[4.11807,3,1.15246],"to":[5.11807,7,2.15246],"rotation":{"angle":-45,"axis":"y","origin":[8.24307,12.125,7.93371]},"faces":{"north":{"uv":[0,10,1,16],"texture":"#1"},"east":{"uv":[0,10,1,16],"texture":"#1"},"south":{"uv":[0,10,1,16],"texture":"#1"},"west":{"uv":[0,10,1,16],"texture":"#1"},"down":{"uv":[0,10,1,16],"texture":"#1"}}},{"from":[2.11807,2,1.15246],"to":[4.11807,3,2.15246],"rotation":{"angle":-45,"axis":"y","origin":[8.24307,12.125,7.93371]},"faces":{"north":{"uv":[0,15,2,16],"texture":"#1"},"east":{"uv":[0,15,2,16],"texture":"#1"},"south":{"uv":[0,15,2,16],"texture":"#1"},"up":{"uv":[0,15,2,16],"texture":"#1"},"down":{"uv":[0,15,2,16],"texture":"#1"}}},{"from":[14.11807,12,14.15246],"to":[16.11807,22,16.15246],"rotation":{"angle":-45,"axis":"y","origin":[8.24307,12.125,7.93371]},"faces":{"north":{"uv":[0,0,2,10],"texture":"#0"},"east":{"uv":[0,0,2,10],"texture":"#0"},"south":{"uv":[0,0,2,10],"texture":"#0"},"west":{"uv":[0,0,2,10],"texture":"#0"},"up":{"uv":[0,0,2,2],"texture":"#0"},"down":{"uv":[0,0,2,2],"texture":"#0"}}},{"from":[2.11807,2,14.15246],"to":[14.11807,12,16.15246],"rotation":{"angle":-45,"axis":"y","origin":[8.24307,12.125,7.93371]},"faces":{"north":{"uv":[0,0,12,10],"texture":"#0"},"east":{"uv":[0,0,2,10],"texture":"#0"},"south":{"uv":[0,0,12,10],"texture":"#0"},"west":{"uv":[0,0,2,10],"texture":"#0"},"up":{"uv":[0,0,12,2],"texture":"#0"},"down":{"uv":[0,0,12,2],"texture":"#0"}}},{"from":[2.11807,12,14.15246],"to":[14.11807,22,16.15246],"rotation":{"angle":-45,"axis":"y","origin":[8.24307,12.125,7.93371]},"faces":{"north":{"uv":[0,0,12,10],"texture":"#0"},"east":{"uv":[0,0,2,10],"texture":"#0"},"south":{"uv":[0,0,12,10],"texture":"#0"},"west":{"uv":[0,0,2,10],"texture":"#0"},"up":{"uv":[0,0,12,2],"texture":"#0"},"down":{"uv":[0,0,12,2],"texture":"#0"}}},{"from":[0.11807,12,14.15246],"to":[2.11807,22,16.15246],"rotation":{"angle":-45,"axis":"y","origin":[8.24307,12.125,7.93371]},"faces":{"north":{"uv":[0,0,2,10],"texture":"#0"},"east":{"uv":[0,0,2,10],"texture":"#0"},"south":{"uv":[0,0,2,10],"texture":"#0"},"west":{"uv":[0,0,2,10],"texture":"#0"},"up":{"uv":[0,0,2,2],"texture":"#0"},"down":{"uv":[0,0,2,2],"texture":"#0"}}},{"from":[1.11807,2,2.15246],"to":[2.11807,3,13.15246],"rotation":{"angle":-45,"axis":"y","origin":[8.24307,12.125,7.93371]},"faces":{"east":{"uv":[3,15,15,16],"texture":"#1"},"west":{"uv":[3,15,15,16],"texture":"#1"},"up":{"uv":[3,15,15,16],"texture":"#1"},"down":{"uv":[3,15,15,16],"texture":"#1"}}},{"from":[1.11807,2,1.15246],"to":[2.11807,3,2.15246],"rotation":{"angle":-45,"axis":"y","origin":[8.24307,12.125,7.93371]},"faces":{"north":{"uv":[7,15,8,16],"texture":"#1"},"west":{"uv":[7,15,8,16],"texture":"#1"},"up":{"uv":[7,15,8,16],"texture":"#1"},"down":{"uv":[7,15,8,16],"texture":"#1"}}},{"from":[4.11807,2,1.15246],"to":[5.11807,3,2.15246],"rotation":{"angle":-45,"axis":"y","origin":[8.24307,12.125,7.93371]},"faces":{"north":{"uv":[7,15,8,16],"texture":"#1"},"east":{"uv":[7,15,8,16],"texture":"#1"},"south":{"uv":[7,15,8,16],"texture":"#1"},"down":{"uv":[7,15,8,16],"texture":"#1"}}},{"from":[4.11807,7,1.15246],"to":[5.11807,8,2.15246],"rotation":{"angle":-45,"axis":"y","origin":[8.24307,12.125,7.93371]},"faces":{"north":{"uv":[7,15,8,16],"texture":"#1"},"south":{"uv":[7,15,8,16],"texture":"#1"},"west":{"uv":[7,15,8,16],"texture":"#1"},"up":{"uv":[7,15,8,16],"texture":"#1"}}},{"from":[1.11807,2,13.15246],"to":[2.11807,23,14.15246],"rotation":{"angle":-45,"axis":"y","origin":[8.24307,12.125,7.93371]},"faces":{"north":{"uv":[7,15,8,16],"texture":"#1"},"east":{"uv":[7,15,8,16],"texture":"#1"},"south":{"uv":[7,15,8,16],"texture":"#1"},"west":{"uv":[7,15,8,16],"texture":"#1"},"up":{"uv":[7,15,8,16],"texture":"#1"},"down":{"uv":[7,15,8,16],"texture":"#1"}}},{"from":[-0.48528,22,6.58579],"to":[16.48528,23,7.58579],"rotation":{"angle":0,"axis":"y","origin":[8.24307,12.125,7.93371]},"faces":{"north":{"uv":[0,0,1,12],"texture":"#1"},"east":{"uv":[0,0,1,12],"texture":"#1"},"south":{"uv":[0,0,1,12],"texture":"#1"},"west":{"uv":[0,0,1,12],"texture":"#1"},"up":{"uv":[0,0,1,12],"texture":"#1"},"down":{"uv":[0,0,1,12],"texture":"#1"}}},{"from":[5.85847,9.2,5.32428],"to":[10.65847,16.4,7.72428],"rotation":{"angle":0,"axis":"y","origin":[8.24307,12.125,7.93371]},"faces":{"north":{"uv":[5.032,5.032,6.968,7.968],"texture":"#1_0"},"east":{"uv":[4.032,5.032,4.968,7.968],"texture":"#1_0"},"south":{"uv":[8.032,5.032,9.968,7.968],"texture":"#1_0"},"west":{"uv":[7.032,5.032,7.968,7.968],"texture":"#1_0"},"up":{"uv":[5.032,4.032,6.968,4.968],"rotation":180,"texture":"#1_0"},"down":{"uv":[7.032,4.968,8.968,4.032],"rotation":180,"texture":"#1_0"}}},{"from":[5.70847,9.05,5.17428],"to":[10.80847,16.55,7.87428],"rotation":{"angle":0,"axis":"y","origin":[8.24307,12.125,7.93371]},"faces":{"north":{"uv":[5.032,9.032,6.968,11.968],"texture":"#1_0"},"east":{"uv":[4.032,9.032,4.968,11.968],"texture":"#1_0"},"south":{"uv":[8.032,9.032,9.968,11.968],"texture":"#1_0"},"west":{"uv":[7.032,9.032,7.968,11.968],"texture":"#1_0"},"up":{"uv":[5.032,8.032,6.968,8.968],"rotation":180,"texture":"#1_0"},"down":{"uv":[7.032,8.968,8.968,8.032],"rotation":180,"texture":"#1_0"}}},{"from":[5.85847,2,5.32428],"to":[8.25847,9.2,7.72428],"rotation":{"angle":0,"axis":"y","origin":[8.24307,12.125,7.93371]},"faces":{"north":{"uv":[1.032,5.032,1.968,7.968],"texture":"#1_0"},"east":{"uv":[0.032,5.032,0.968,7.968],"texture":"#1_0"},"south":{"uv":[3.032,5.032,3.968,7.968],"texture":"#1_0"},"west":{"uv":[2.032,5.032,2.968,7.968],"texture":"#1_0"},"up":{"uv":[1.032,4.032,1.968,4.968],"rotation":180,"texture":"#1_0"},"down":{"uv":[2.032,4.968,2.968,4.032],"rotation":180,"texture":"#1_0"}}},{"from":[5.70847,1.85,5.17428],"to":[8.40847,9.35,7.87428],"rotation":{"angle":0,"axis":"y","origin":[8.24307,12.125,7.93371]},"faces":{"north":{"uv":[1.032,9.032,1.968,11.968],"texture":"#1_0"},"east":{"uv":[0.032,9.032,0.968,11.968],"texture":"#1_0"},"south":{"uv":[3.032,9.032,3.968,11.968],"texture":"#1_0"},"west":{"uv":[2.032,9.032,2.968,11.968],"texture":"#1_0"},"up":{"uv":[1.032,8.032,1.968,8.968],"rotation":180,"texture":"#1_0"},"down":{"uv":[2.032,8.968,2.968,8.032],"rotation":180,"texture":"#1_0"}}},{"from":[8.25847,2,5.32428],"to":[10.65847,9.2,7.72428],"rotation":{"angle":0,"axis":"y","origin":[8.24307,12.125,7.93371]},"faces":{"north":{"uv":[5.032,13.032,5.968,15.968],"texture":"#1_0"},"east":{"uv":[4.032,13.032,4.968,15.968],"texture":"#1_0"},"south":{"uv":[7.032,13.032,7.968,15.968],"texture":"#1_0"},"west":{"uv":[6.032,13.032,6.968,15.968],"texture":"#1_0"},"up":{"uv":[5.032,12.032,5.968,12.968],"rotation":180,"texture":"#1_0"},"down":{"uv":[6.032,12.968,6.968,12.032],"rotation":180,"texture":"#1_0"}}},{"from":[8.10847,1.85,5.17428],"to":[10.80847,9.35,7.87428],"rotation":{"angle":0,"axis":"y","origin":[8.24307,12.125,7.93371]},"faces":{"north":{"uv":[1.032,13.032,1.968,15.968],"texture":"#1_0"},"east":{"uv":[0.032,13.032,0.968,15.968],"texture":"#1_0"},"south":{"uv":[3.032,13.032,3.968,15.968],"texture":"#1_0"},"west":{"uv":[2.032,13.032,2.968,15.968],"texture":"#1_0"},"up":{"uv":[1.032,12.032,1.968,12.968],"rotation":180,"texture":"#1_0"},"down":{"uv":[2.032,12.968,2.968,12.032],"rotation":180,"texture":"#1_0"}}},{"from":[5.79597,16.0375,4.06178],"to":[10.72097,20.9625,8.98678],"rotation":{"angle":0,"axis":"y","origin":[8.24307,12.125,7.93371]},"faces":{"north":{"uv":[2.032,2.032,3.968,3.968],"texture":"#1_0"},"east":{"uv":[0.032,2.032,1.968,3.968],"texture":"#1_0"},"south":{"uv":[6.032,2.032,7.968,3.968],"texture":"#1_0"},"west":{"uv":[4.032,2.032,5.968,3.968],"texture":"#1_0"},"up":{"uv":[2.032,0.032,3.968,1.968],"rotation":180,"texture":"#1_0"},"down":{"uv":[4.032,1.968,5.968,0.032],"rotation":180,"texture":"#1_0"}}},{"from":[5.64597,15.8875,3.91178],"to":[10.87097,21.1125,9.13678],"rotation":{"angle":0,"axis":"y","origin":[8.24307,12.125,7.93371]},"faces":{"north":{"uv":[10.032,2.032,11.968,3.968],"texture":"#1_0"},"east":{"uv":[8.032,2.032,9.968,3.968],"texture":"#1_0"},"south":{"uv":[14.032,2.032,15.968,3.968],"texture":"#1_0"},"west":{"uv":[12.032,2.032,13.968,3.968],"texture":"#1_0"},"up":{"uv":[10.032,0.032,11.968,1.968],"rotation":180,"texture":"#1_0"},"down":{"uv":[12.032,1.968,13.968,0.032],"rotation":180,"texture":"#1_0"}}},{"from":[6.99597,16.6375,4.05578],"to":[9.52097,19.1625,8.98678],"rotation":{"angle":0,"axis":"y","origin":[8.24307,12.125,7.93371]},"faces":{"north":{"uv":[14.032,0.032,15.968,1.968],"texture":"#1_0"}}},{"from":[3.43439,12.27125,5.89711],"to":[5.89139,16.05125,8.41711],"rotation":{"angle":-22.5,"axis":"x","origin":[4.66289,13.00374,6.2325]},"faces":{"north":{"uv":[9.032,13.032,9.968,14.5],"texture":"#1_0"},"east":{"uv":[8.032,13.032,8.968,14.5],"texture":"#1_0"},"south":{"uv":[11.032,13.032,11.968,14.5],"texture":"#1_0"},"west":{"uv":[10.032,13.032,10.968,14.5],"texture":"#1_0"},"up":{"uv":[9.032,12.032,9.968,12.968],"rotation":180,"texture":"#1_0"},"down":{"uv":[0.032,0.032,0.032,0.032],"rotation":270,"texture":"#1_0"}}},{"from":[3.40289,9.81655,5.68806],"to":[5.92289,13.59655,8.20806],"rotation":{"angle":45,"axis":"x","origin":[4.66289,13.00374,6.2325]},"faces":{"north":{"uv":[8.032,14.5,8.968,15.968],"texture":"#1_0"},"east":{"uv":[11.032,14.5,11.968,15.968],"texture":"#1_0"},"south":{"uv":[10.968,15.968,10.032,14.5],"rotation":180,"texture":"#1_0"},"west":{"uv":[9.032,14.5,9.968,15.968],"texture":"#1_0"},"down":{"uv":[10.032,12.968,10.968,12.032],"rotation":270,"texture":"#1_0"}}},{"from":[3.41864,12.79309,5.75995],"to":[5.90714,14.02159,8.27995],"rotation":{"angle":22.5,"axis":"x","origin":[4.66289,13.00374,6.2325]},"faces":{"north":{"uv":[8.032,14.3,8.968,14.7],"texture":"#1_0"},"east":{"uv":[11.032,14.3,11.968,14.7],"texture":"#1_0"},"south":{"uv":[10.032,14.3,10.968,14.7],"texture":"#1_0"},"west":{"uv":[9.032,14.3,9.968,14.7],"texture":"#1_0"},"down":{"uv":[0.032,0.032,0.032,0.032],"rotation":270,"texture":"#1_0"}}},{"from":[10.63961,9.81655,5.68806],"to":[13.15961,13.59655,8.20806],"rotation":{"angle":45,"axis":"x","origin":[11.89961,13.00374,6.2325]},"faces":{"north":{"uv":[8.968,14.5,8.032,15.968],"texture":"#1_0"},"east":{"uv":[9.968,14.5,9.032,15.968],"texture":"#1_0"},"south":{"uv":[10.032,15.968,10.968,14.5],"rotation":180,"texture":"#1_0"},"west":{"uv":[11.968,14.5,11.032,15.968],"texture":"#1_0"},"down":{"uv":[10.032,12.032,10.968,12.968],"rotation":270,"texture":"#1_0"}}},{"from":[10.65536,12.79309,5.75995],"to":[13.14386,14.02159,8.27995],"rotation":{"angle":22.5,"axis":"x","origin":[11.89961,13.00374,6.2325]},"faces":{"north":{"uv":[8.968,14.3,8.032,14.7],"texture":"#1_0"},"east":{"uv":[9.968,14.3,9.032,14.7],"texture":"#1_0"},"south":{"uv":[10.968,14.3,10.032,14.7],"texture":"#1_0"},"west":{"uv":[11.968,14.3,11.032,14.7],"texture":"#1_0"},"down":{"uv":[0.032,0.032,0.032,0.032],"rotation":270,"texture":"#1_0"}}},{"from":[10.67111,12.27125,5.89711],"to":[13.12811,16.05125,8.41711],"rotation":{"angle":-22.5,"axis":"x","origin":[11.89961,13.00374,6.2325]},"faces":{"north":{"uv":[9.968,13.032,9.032,14.5],"texture":"#1_0"},"east":{"uv":[10.968,13.032,10.032,14.5],"texture":"#1_0"},"south":{"uv":[11.968,13.032,11.032,14.5],"texture":"#1_0"},"west":{"uv":[8.968,13.032,8.032,14.5],"texture":"#1_0"},"up":{"uv":[9.968,12.032,9.032,12.968],"rotation":180,"texture":"#1_0"},"down":{"uv":[0.032,0.032,0.032,0.032],"rotation":270,"texture":"#1_0"}}}],"display":{"thirdperson_righthand":{"rotation":[2,151,0],"translation":[0,2.5,0],"scale":[0.4,0.4,0.4]},"thirdperson_lefthand":{"rotation":[2,107,0],"translation":[0,2.5,0],"scale":[0.4,0.4,0.4]},"firstperson_righthand":{"rotation":[2,151,0],"translation":[0,2.5,0],"scale":[0.4,0.4,0.4]},"firstperson_lefthand":{"rotation":[-1,107,0],"translation":[-0.5,4.25,1.25],"scale":[0.4,0.4,0.4]},"ground":{"scale":[0.5,0.5,0.5]},"gui":{"rotation":[17,-158,0],"translation":[0,-2,0.75],"scale":[0.5,0.5,0.5]},"head":{"translation":[0,-2.25,0],"scale":[0.5,0.5,0.5]},"fixed":{"rotation":[0,20,0],"translation":[0,-3.25,0.75],"scale":[0.8,0.8,0.8]}},"groups":[0,1,2,3,4,5,6,7,8,9,10,11,12,13,14,15,16,17,18,19,20,21,22,23,24,25,26,27,28,29,30,31,32,33,34,35,36,37,{"name":"player_all","origin":[8,8,8],"color":0,"nbt":"{}","armAnimationEnabled":false,"children":[38,39,40,41,42,43,44,45,46]},{"name":"player_left_arm_bent","origin":[8,8,8],"color":0,"nbt":"{}","armAnimationEnabled":false,"children":[47,48,49,50,51,52]},{"name":"player_right_arm_bent","origin":[8,8,8],"color":0,"nbt":"{}","armAnimationEnabled":false,"children":[]}]}