{"credit":"Made with Blockbench by Valvac","textures":{"1":"block/white_stained_glass","2":"block/white_concrete","5":"block/black_concrete","6":"block/orange_concrete","7":"block/light_blue_concrete","8":"block/2","9":"block/white_concrete_powder","particle":"block/white_concrete"},"elements":[{"from":[0,0,0],"to":[16,2,16],"rotation":{"angle":45,"axis":"y","origin":[8,1,8]},"faces":{"north":{"uv":[0,0,16,2],"texture":"#2"},"east":{"uv":[0,0,16,2],"texture":"#2"},"south":{"uv":[0,0,16,2],"texture":"#2"},"west":{"uv":[0,0,16,2],"texture":"#2"},"up":{"uv":[0,0,16,16],"texture":"#2"},"down":{"uv":[0,0,16,16],"texture":"#2"}}},{"from":[14.11807,22,0.15246],"to":[16.11807,24,16.15246],"rotation":{"angle":-45,"axis":"y","origin":[8.24307,12.125,7.93371]},"faces":{"north":{"uv":[0,0,2,2],"texture":"#2"},"east":{"uv":[0,0,16,2],"texture":"#2"},"south":{"uv":[0,0,2,2],"texture":"#2"},"west":{"uv":[0,0,16,2],"texture":"#2"},"up":{"uv":[0,0,2,16],"texture":"#2"},"down":{"uv":[0,0,2,16],"texture":"#2"}}},{"from":[0.11807,22,14.15246],"to":[14.11807,24,16.15246],"rotation":{"angle":-45,"axis":"y","origin":[8.24307,12.125,7.93371]},"faces":{"north":{"uv":[0,0,14,2],"texture":"#2"},"east":{"uv":[0,0,2,2],"texture":"#2"},"south":{"uv":[0,0,14,2],"texture":"#2"},"west":{"uv":[0,0,2,2],"texture":"#2"},"up":{"uv":[0,0,14,2],"texture":"#2"},"down":{"uv":[0,0,14,2],"texture":"#2"}}},{"from":[-1.8995,23,6.58578],"to":[17.89949,24,9.33578],"rotation":{"angle":0,"axis":"y","origin":[8.24307,12.125,7.93371]},"faces":{"north":{"uv":[0,0,16,1],"texture":"#2"},"east":{"uv":[0,0,2.75,1],"texture":"#2"},"south":{"uv":[0,0,16,1],"texture":"#2"},"west":{"uv":[0,0,2.75,1],"texture":"#2"},"up":{"uv":[0,0,16,2.75],"texture":"#2"},"down":{"uv":[0,0,16,2.75],"texture":"#2"}}},{"from":[0.788,23,9.33578],"to":[15.21199,24,12.08578],"rotation":{"angle":0,"axis":"y","origin":[8.24307,12.125,7.93371]},"faces":{"north":{"uv":[0,0,14.42399,1],"texture":"#2"},"east":{"uv":[0,0,2.75,1],"texture":"#2"},"south":{"uv":[0,0,14.42399,1],"texture":"#2"},"west":{"uv":[0,0,2.75,1],"texture":"#2"},"up":{"uv":[0,0,14.42399,2.75],"texture":"#2"},"down":{"uv":[0,0,14.42399,2.75],"texture":"#2"}}},{"from":[3.6005,23,12.08578],"to":[12.39949,24,14.83578],"rotation":{"angle":0,"axis":"y","origin":[8.24307,12.125,7.93371]},"faces":{"north":{"uv":[0,0,8.79899,1],"texture":"#2"},"east":{"uv":[0,0,2.75,1],"texture":"#2"},"south":{"uv":[0,0,8.79899,1],"texture":"#2"},"west":{"uv":[0,0,2.75,1],"texture":"#2"},"up":{"uv":[0,0,8.79899,2.75],"texture":"#2"},"down":{"uv":[0,0,8.79899,2.75],"texture":"#2"}}},{"from":[6.3505,23,14.83578],"to":[9.64949,24,17.58578],"rotation":{"angle":0,"axis":"y","origin":[8.24307,12.125,7.93371]},"faces":{"north":{"uv":[0,0,3.29899,1],"texture":"#2"},"east":{"uv":[0,0,2.75,1],"texture":"#2"},"south":{"uv":[0,0,3.29899,1],"texture":"#2"},"west":{"uv":[0,0,2.75,1],"texture":"#2"},"up":{"uv":[0,0,3.29899,2.75],"texture":"#2"},"down":{"uv":[0,0,3.29899,2.75],"texture":"#2"}}},{"from":[14.11807,2,0.15246],"to":[16.11807,12,2.15246],"rotation":{"angle":-45,"axis":"y","origin":[8.24307,12.125,7.93371]},"faces":{"north":{"uv":[0,0,2,10],"texture":"#2"},"east":{"uv":[0,0,2,10],"texture":"#2"},"south":{"uv":[0,0,2,10],"texture":"#2"},"west":{"uv":[0,0,2,10],"texture":"#2"},"up":{"uv":[0,0,2,2],"texture":"#2"},"down":{"uv":[0,0,2,2],"texture":"#2"}}},{"from":[5.11807,2,0.15246],"to":[14.11807,7,2.15246],"rotation":{"angle":-45,"axis":"y","origin":[8.24307,12.125,7.93371]},"faces":{"north":{"uv":[0,0,9,5],"texture":"#2"},"east":{"uv":[0,0,2,5],"texture":"#2"},"south":{"uv":[0,0,9,5],"texture":"#2"},"west":{"uv":[0,0,2,5],"texture":"#2"},"up":{"uv":[0,0,9,2],"texture":"#2"},"down":{"uv":[0,0,9,2],"texture":"#2"}}},{"from":[5.61807,0.5,-0.09754],"to":[15.61807,1,1.15246],"rotation":{"angle":-45,"axis":"y","origin":[8.24307,12.125,7.93371]},"faces":{"north":{"uv":[0,0,10,0.5],"texture":"#6"},"east":{"uv":[0,0,1.25,0.5],"texture":"#6"},"south":{"uv":[0,0,10,0.5],"texture":"#6"},"west":{"uv":[0,0,1.25,0.5],"texture":"#6"},"up":{"uv":[0,0,10,1.25],"texture":"#6"},"down":{"uv":[0,0,10,1.25],"texture":"#6"}}},{"from":[15.11807,1,-0.09754],"to":[15.61807,6,1.15246],"rotation":{"angle":-45,"axis":"y","origin":[8.24307,12.125,7.93371]},"faces":{"north":{"uv":[0,0,0.5,5],"texture":"#6"},"east":{"uv":[0,0,1.25,5],"texture":"#6"},"south":{"uv":[0,0,0.5,5],"texture":"#6"},"west":{"uv":[0,0,1.25,5],"texture":"#6"},"up":{"uv":[0,0,0.5,1.25],"texture":"#6"},"down":{"uv":[0,0,0.5,1.25],"texture":"#6"}}},{"from":[5.61807,1,-0.09754],"to":[6.11807,6,1.15246],"rotation":{"angle":-45,"axis":"y","origin":[8.24307,12.125,7.93371]},"faces":{"north":{"uv":[0,0,0.5,5],"texture":"#6"},"east":{"uv":[0,0,1.25,5],"texture":"#6"},"south":{"uv":[0,0,0.5,5],"texture":"#6"},"west":{"uv":[0,0,1.25,5],"texture":"#6"},"up":{"uv":[0,0,0.5,1.25],"texture":"#6"},"down":{"uv":[0,0,0.5,1.25],"texture":"#6"}}},{"from":[7.74307,1.375,-0.09754],"to":[13.49307,5.375,1.02746],"rotation":{"angle":-45,"axis":"y","origin":[8.24307,12.125,7.93371]},"faces":{"north":{"uv":[0,0,16,11],"texture":"#8"}}},{"from":[5.80557,1,0.08996],"to":[15.18057,6,1.21496],"rotation":{"angle":-45,"axis":"y","origin":[8.24307,12.125,7.93371]},"faces":{"north":{"uv":[0,0,16,11],"texture":"#2"},"east":{"uv":[0,0,16,11],"texture":"#2"},"south":{"uv":[0,0,16,11],"texture":"#2"},"west":{"uv":[0,0,16,11],"texture":"#2"},"up":{"uv":[0,0,16,11],"texture":"#2"},"down":{"uv":[0,0,16,11],"texture":"#2"}}},{"from":[5.61807,6,-0.09754],"to":[15.61807,6.5,1.15246],"rotation":{"angle":-45,"axis":"y","origin":[8.24307,12.125,7.93371]},"faces":{"north":{"uv":[0,0,10,0.5],"texture":"#6"},"east":{"uv":[0,0,1.25,0.5],"texture":"#6"},"south":{"uv":[0,0,10,0.5],"texture":"#6"},"west":{"uv":[0,0,1.25,0.5],"texture":"#6"},"up":{"uv":[0,0,10,1.25],"texture":"#6"},"down":{"uv":[0,0,10,1.25],"texture":"#6"}}},{"from":[0.11807,2,14.15246],"to":[2.11807,12,16.15246],"rotation":{"angle":-45,"axis":"y","origin":[8.24307,12.125,7.93371]},"faces":{"north":{"uv":[0,0,2,10],"texture":"#2"},"east":{"uv":[0,0,2,10],"texture":"#2"},"south":{"uv":[0,0,2,10],"texture":"#2"},"west":{"uv":[0,0,2,10],"texture":"#2"},"up":{"uv":[0,0,2,2],"texture":"#2"},"down":{"uv":[0,0,2,2],"texture":"#2"}}},{"from":[14.11807,2,14.15246],"to":[16.11807,12,16.15246],"rotation":{"angle":-45,"axis":"y","origin":[8.24307,12.125,7.93371]},"faces":{"north":{"uv":[0,0,2,10],"texture":"#2"},"east":{"uv":[0,0,2,10],"texture":"#2"},"south":{"uv":[0,0,2,10],"texture":"#2"},"west":{"uv":[0,0,2,10],"texture":"#2"},"up":{"uv":[0,0,2,2],"texture":"#2"},"down":{"uv":[0,0,2,2],"texture":"#2"}}},{"from":[14.11807,2,2.15246],"to":[16.11807,12,14.15246],"rotation":{"angle":-45,"axis":"y","origin":[8.24307,12.125,7.93371]},"faces":{"north":{"uv":[0,0,2,10],"texture":"#2"},"east":{"uv":[0,0,12,10],"texture":"#2"},"south":{"uv":[0,0,2,10],"texture":"#2"},"west":{"uv":[0,0,12,10],"texture":"#2"},"up":{"uv":[0,0,2,12],"texture":"#2"},"down":{"uv":[0,0,2,12],"texture":"#2"}}},{"from":[14.11807,12,2.15246],"to":[16.11807,22,14.15246],"rotation":{"angle":-45,"axis":"y","origin":[8.24307,12.125,7.93371]},"faces":{"north":{"uv":[0,0,2,10],"texture":"#2"},"east":{"uv":[0,0,12,10],"texture":"#2"},"south":{"uv":[0,0,2,10],"texture":"#2"},"west":{"uv":[0,0,12,10],"texture":"#2"},"up":{"uv":[0,0,2,12],"texture":"#2"},"down":{"uv":[0,0,2,12],"texture":"#2"}}},{"from":[14.11807,12,0.15246],"to":[16.11807,22,2.15246],"rotation":{"angle":-45,"axis":"y","origin":[8.24307,12.125,7.93371]},"faces":{"north":{"uv":[0,0,2,10],"texture":"#2"},"east":{"uv":[0,0,2,10],"texture":"#2"},"south":{"uv":[0,0,2,10],"texture":"#2"},"west":{"uv":[0,0,2,10],"texture":"#2"},"up":{"uv":[0,0,2,2],"texture":"#2"},"down":{"uv":[0,0,2,2],"texture":"#2"}}},{"from":[15.11807,7,-0.03504],"to":[15.61807,23,2.33996],"rotation":{"angle":-45,"axis":"y","origin":[8.24307,12.125,7.93371]},"faces":{"north":{"uv":[0,0,2,10],"texture":"#6"},"east":{"uv":[0,0,2,10],"texture":"#6"},"south":{"uv":[0,0,2,10],"texture":"#6"},"west":{"uv":[0,0,2,10],"texture":"#6"},"up":{"uv":[0,0,2,2],"texture":"#6"},"down":{"uv":[0,0,2,2],"texture":"#6"}}},{"from":[1.11807,0.5,-0.03504],"to":[5.11807,1,2.33996],"rotation":{"angle":-45,"axis":"y","origin":[8.24307,12.125,7.93371]},"faces":{"north":{"uv":[0,0,2,10],"rotation":90,"texture":"#6"},"east":{"uv":[0,0,2,2],"rotation":270,"texture":"#6"},"south":{"uv":[0,0,2,10],"rotation":270,"texture":"#6"},"west":{"uv":[0,0,2,2],"rotation":270,"texture":"#6"},"up":{"uv":[0,0,2,10],"rotation":270,"texture":"#6"},"down":{"uv":[0,0,2,10],"rotation":270,"texture":"#6"}}},{"from":[-0.06943,0.5,9.65246],"to":[2.30557,1,14.15246],"rotation":{"angle":-45,"axis":"y","origin":[8.24307,12.125,7.93371]},"faces":{"north":{"uv":[0,0,2,2],"rotation":270,"texture":"#6"},"east":{"uv":[0,0,2,10],"rotation":90,"texture":"#6"},"south":{"uv":[0,0,2,2],"rotation":270,"texture":"#6"},"west":{"uv":[0,0,2,10],"rotation":270,"texture":"#6"},"up":{"uv":[0,0,2,10],"texture":"#6"},"down":{"uv":[0,0,2,10],"rotation":180,"texture":"#6"}}},{"from":[-0.06943,0.5,15.15246],"to":[2.30557,23,15.65246],"rotation":{"angle":-45,"axis":"y","origin":[8.24307,12.125,7.93371]},"faces":{"north":{"uv":[0,0,2,10],"texture":"#6"},"east":{"uv":[0,0,2,10],"texture":"#6"},"south":{"uv":[0,0,2,10],"texture":"#6"},"west":{"uv":[0,0,2,10],"texture":"#6"},"up":{"uv":[0,0,2,2],"rotation":90,"texture":"#6"},"down":{"uv":[0,0,2,2],"rotation":270,"texture":"#6"}}},{"from":[5.11807,7,1.15246],"to":[13.11807,8,2.15246],"rotation":{"angle":-45,"axis":"y","origin":[8.24307,12.125,7.93371]},"faces":{"north":{"uv":[1,15,10,16],"texture":"#1"},"east":{"uv":[1,15,10,16],"texture":"#1"},"south":{"uv":[1,15,10,16],"texture":"#1"},"west":{"uv":[1,15,10,16],"texture":"#1"},"up":{"uv":[1,15,10,16],"texture":"#1"},"down":{"uv":[1,15,10,16],"texture":"#1"}}},{"from":[13.11807,7,1.15246],"to":[14.11807,23,2.15246],"rotation":{"angle":-45,"axis":"y","origin":[8.24307,12.125,7.93371]},"faces":{"north":{"uv":[1,15,10,16],"texture":"#1"},"east":{"uv":[1,15,10,16],"texture":"#1"},"south":{"uv":[1,15,10,16],"texture":"#1"},"west":{"uv":[1,15,10,16],"texture":"#1"},"up":{"uv":[1,15,10,16],"texture":"#1"},"down":{"uv":[1,15,10,16],"texture":"#1"}}},{"from":[4.11807,3,1.15246],"to":[5.11807,7,2.15246],"rotation":{"angle":-45,"axis":"y","origin":[8.24307,12.125,7.93371]},"faces":{"north":{"uv":[0,10,1,16],"texture":"#1"},"east":{"uv":[0,10,1,16],"texture":"#1"},"south":{"uv":[0,10,1,16],"texture":"#1"},"west":{"uv":[0,10,1,16],"texture":"#1"},"down":{"uv":[0,10,1,16],"texture":"#1"}}},{"from":[2.11807,2,1.15246],"to":[4.11807,3,2.15246],"rotation":{"angle":-45,"axis":"y","origin":[8.24307,12.125,7.93371]},"faces":{"north":{"uv":[0,15,2,16],"texture":"#1"},"east":{"uv":[0,15,2,16],"texture":"#1"},"south":{"uv":[0,15,2,16],"texture":"#1"},"up":{"uv":[0,15,2,16],"texture":"#1"},"down":{"uv":[0,15,2,16],"texture":"#1"}}},{"from":[14.11807,12,14.15246],"to":[16.11807,22,16.15246],"rotation":{"angle":-45,"axis":"y","origin":[8.24307,12.125,7.93371]},"faces":{"north":{"uv":[0,0,2,10],"texture":"#2"},"east":{"uv":[0,0,2,10],"texture":"#2"},"south":{"uv":[0,0,2,10],"texture":"#2"},"west":{"uv":[0,0,2,10],"texture":"#2"},"up":{"uv":[0,0,2,2],"texture":"#2"},"down":{"uv":[0,0,2,2],"texture":"#2"}}},{"from":[2.11807,2,14.15246],"to":[14.11807,12,16.15246],"rotation":{"angle":-45,"axis":"y","origin":[8.24307,12.125,7.93371]},"faces":{"north":{"uv":[0,0,12,10],"texture":"#2"},"east":{"uv":[0,0,2,10],"texture":"#2"},"south":{"uv":[0,0,12,10],"texture":"#2"},"west":{"uv":[0,0,2,10],"texture":"#2"},"up":{"uv":[0,0,12,2],"texture":"#2"},"down":{"uv":[0,0,12,2],"texture":"#2"}}},{"from":[2.11807,12,14.15246],"to":[14.11807,22,16.15246],"rotation":{"angle":-45,"axis":"y","origin":[8.24307,12.125,7.93371]},"faces":{"north":{"uv":[0,0,12,10],"texture":"#2"},"east":{"uv":[0,0,2,10],"texture":"#2"},"south":{"uv":[0,0,12,10],"texture":"#2"},"west":{"uv":[0,0,2,10],"texture":"#2"},"up":{"uv":[0,0,12,2],"texture":"#2"},"down":{"uv":[0,0,12,2],"texture":"#2"}}},{"from":[0.11807,12,14.15246],"to":[2.11807,22,16.15246],"rotation":{"angle":-45,"axis":"y","origin":[8.24307,12.125,7.93371]},"faces":{"north":{"uv":[0,0,2,10],"texture":"#2"},"east":{"uv":[0,0,2,10],"texture":"#2"},"south":{"uv":[0,0,2,10],"texture":"#2"},"west":{"uv":[0,0,2,10],"texture":"#2"},"up":{"uv":[0,0,2,2],"texture":"#2"},"down":{"uv":[0,0,2,2],"texture":"#2"}}},{"from":[1.11807,2,2.15246],"to":[2.11807,3,13.15246],"rotation":{"angle":-45,"axis":"y","origin":[8.24307,12.125,7.93371]},"faces":{"east":{"uv":[3,15,15,16],"texture":"#1"},"west":{"uv":[3,15,15,16],"texture":"#1"},"up":{"uv":[3,15,15,16],"texture":"#1"},"down":{"uv":[3,15,15,16],"texture":"#1"}}},{"from":[1.11807,2,1.15246],"to":[2.11807,3,2.15246],"rotation":{"angle":-45,"axis":"y","origin":[8.24307,12.125,7.93371]},"faces":{"north":{"uv":[7,15,8,16],"texture":"#1"},"west":{"uv":[7,15,8,16],"texture":"#1"},"up":{"uv":[7,15,8,16],"texture":"#1"},"down":{"uv":[7,15,8,16],"texture":"#1"}}},{"from":[4.11807,2,1.15246],"to":[5.11807,3,2.15246],"rotation":{"angle":-45,"axis":"y","origin":[8.24307,12.125,7.93371]},"faces":{"north":{"uv":[7,15,8,16],"texture":"#1"},"east":{"uv":[7,15,8,16],"texture":"#1"},"south":{"uv":[7,15,8,16],"texture":"#1"},"down":{"uv":[7,15,8,16],"texture":"#1"}}},{"from":[4.11807,7,1.15246],"to":[5.11807,8,2.15246],"rotation":{"angle":-45,"axis":"y","origin":[8.24307,12.125,7.93371]},"faces":{"north":{"uv":[7,15,8,16],"texture":"#1"},"south":{"uv":[7,15,8,16],"texture":"#1"},"west":{"uv":[7,15,8,16],"texture":"#1"},"up":{"uv":[7,15,8,16],"texture":"#1"}}},{"from":[1.11807,2,13.15246],"to":[2.11807,23,14.15246],"rotation":{"angle":-45,"axis":"y","origin":[8.24307,12.125,7.93371]},"faces":{"north":{"uv":[7,15,8,16],"texture":"#1"},"east":{"uv":[7,15,8,16],"texture":"#1"},"south":{"uv":[7,15,8,16],"texture":"#1"},"west":{"uv":[7,15,8,16],"texture":"#1"},"up":{"uv":[7,15,8,16],"texture":"#1"},"down":{"uv":[7,15,8,16],"texture":"#1"}}},{"from":[-0.48528,22,6.58579],"to":[16.48528,23,7.58579],"rotation":{"angle":0,"axis":"y","origin":[8.24307,12.125,7.93371]},"faces":{"north":{"uv":[0,0,1,12],"texture":"#1"},"east":{"uv":[0,0,1,12],"texture":"#1"},"south":{"uv":[0,0,1,12],"texture":"#1"},"west":{"uv":[0,0,1,12],"texture":"#1"},"up":{"uv":[0,0,1,12],"texture":"#1"},"down":{"uv":[0,0,1,12],"texture":"#1"}}},{"from":[6.94922,16.33391,3.77785],"to":[8.44984,16.82524,8.87379],"rotation":{"angle":22.5,"axis":"y","origin":[7.28331,17.6021,6.61454]},"faces":{"north":{"uv":[1,0,0,1],"rotation":90,"texture":"#5"},"east":{"uv":[1,0,0,1],"rotation":270,"texture":"#5"},"south":{"uv":[1,0,0,1],"rotation":270,"texture":"#5"},"west":{"uv":[1,0,0,1],"rotation":270,"texture":"#5"},"up":{"uv":[0,1,1,0],"rotation":90,"texture":"#5"},"down":{"uv":[0,1,1,0],"rotation":90,"texture":"#5"}}},{"from":[7.3443,16.62641,3.86421],"to":[8.07419,17.70274,4.81176],"rotation":{"angle":45,"axis":"y","origin":[7.28331,17.6021,6.61454]},"faces":{"north":{"uv":[1,0,0,1],"rotation":90,"texture":"#5"},"east":{"uv":[1,0,0,1],"rotation":270,"texture":"#5"},"south":{"uv":[1,0,0,1],"rotation":270,"texture":"#5"},"west":{"uv":[1,0,0,1],"rotation":270,"texture":"#5"},"up":{"uv":[0,1,1,0],"rotation":90,"texture":"#5"},"down":{"uv":[0,1,1,0],"rotation":90,"texture":"#5"}}},{"from":[7.67243,18.20699,4.37419],"to":[7.95008,18.81617,6.13794],"rotation":{"angle":45,"axis":"y","origin":[7.28331,17.6021,6.61454]},"faces":{"north":{"uv":[1,0,0,1],"rotation":90,"texture":"#5"},"east":{"uv":[1,0,0,1],"rotation":270,"texture":"#5"},"south":{"uv":[1,0,0,1],"rotation":270,"texture":"#5"},"west":{"uv":[1,0,0,1],"rotation":270,"texture":"#5"},"up":{"uv":[0,1,1,0],"rotation":90,"texture":"#5"},"down":{"uv":[0,1,1,0],"rotation":90,"texture":"#5"}}},{"from":[7.56301,17.33649,4.16597],"to":[7.9915,18.47886,4.50999],"rotation":{"angle":45,"axis":"y","origin":[7.28331,17.6021,6.61454]},"faces":{"north":{"uv":[1,0,0,1],"rotation":90,"texture":"#5"},"east":{"uv":[1,0,0,1],"rotation":270,"texture":"#5"},"south":{"uv":[1,0,0,1],"rotation":270,"texture":"#5"},"west":{"uv":[1,0,0,1],"rotation":270,"texture":"#5"},"up":{"uv":[0,1,1,0],"rotation":90,"texture":"#5"},"down":{"uv":[0,1,1,0],"rotation":90,"texture":"#5"}}},{"from":[7.50429,16.62641,2.80188],"to":[8.23418,17.70274,7.89782],"rotation":{"angle":-45,"axis":"y","origin":[7.28331,17.6021,6.61454]},"faces":{"north":{"uv":[1,0,0,1],"rotation":90,"texture":"#5"},"east":{"uv":[1,0,0,1],"rotation":270,"texture":"#5"},"south":{"uv":[1,0,0,1],"rotation":270,"texture":"#5"},"west":{"uv":[1,0,0,1],"rotation":270,"texture":"#5"},"up":{"uv":[0,1,1,0],"rotation":90,"texture":"#5"},"down":{"uv":[0,1,1,0],"rotation":90,"texture":"#5"}}},{"from":[7.63744,17.33649,3.10365],"to":[8.06593,18.47886,7.59605],"rotation":{"angle":-45,"axis":"y","origin":[7.28331,17.6021,6.61454]},"faces":{"north":{"uv":[1,0,0,1],"rotation":90,"texture":"#5"},"east":{"uv":[1,0,0,1],"rotation":270,"texture":"#5"},"south":{"uv":[1,0,0,1],"rotation":270,"texture":"#5"},"west":{"uv":[1,0,0,1],"rotation":270,"texture":"#5"},"up":{"uv":[0,1,1,0],"rotation":90,"texture":"#5"},"down":{"uv":[0,1,1,0],"rotation":90,"texture":"#5"}}},{"from":[7.67886,18.20699,3.31187],"to":[7.95651,18.81617,9.224],"rotation":{"angle":-45,"axis":"y","origin":[7.28331,17.6021,6.61454]},"faces":{"north":{"uv":[1,0,0,1],"rotation":90,"texture":"#5"},"east":{"uv":[1,0,0,1],"rotation":270,"texture":"#5"},"south":{"uv":[1,0,0,1],"rotation":270,"texture":"#5"},"west":{"uv":[1,0,0,1],"rotation":270,"texture":"#5"},"up":{"uv":[0,1,1,0],"rotation":90,"texture":"#5"},"down":{"uv":[0,1,1,0],"rotation":90,"texture":"#5"}}},{"from":[6.94922,16.33391,6.26688],"to":[8.44984,17.67191,11.34468],"rotation":{"angle":22.5,"axis":"y","origin":[7.28331,17.6021,6.61454]},"faces":{"north":{"uv":[1,0,0,1],"rotation":90,"texture":"#9"},"east":{"uv":[1,0,0,1],"rotation":90,"texture":"#9"},"south":{"uv":[1,0,0,1],"rotation":90,"texture":"#9"},"west":{"uv":[1,0,0,1],"rotation":90,"texture":"#9"},"up":{"uv":[1,0,0,1],"rotation":90,"texture":"#9"},"down":{"uv":[1,0,0,1],"rotation":90,"texture":"#9"}}},{"from":[7.28417,16.33391,6.03467],"to":[8.7848,17.67191,11.11247],"rotation":{"angle":0,"axis":"y","origin":[7.28331,17.6021,6.61454]},"faces":{"north":{"uv":[1,0,0,1],"rotation":90,"texture":"#9"},"east":{"uv":[1,0,0,1],"rotation":90,"texture":"#9"},"south":{"uv":[1,0,0,1],"rotation":90,"texture":"#9"},"west":{"uv":[1,0,0,1],"rotation":90,"texture":"#9"},"up":{"uv":[1,0,0,1],"rotation":90,"texture":"#9"},"down":{"uv":[1,0,0,1],"rotation":90,"texture":"#9"}}},{"from":[7.50476,16.33391,5.69196],"to":[9.00539,17.67191,10.76976],"rotation":{"angle":-22.5,"axis":"y","origin":[7.28331,17.6021,6.61454]},"faces":{"north":{"uv":[1,0,0,1],"rotation":90,"texture":"#9"},"east":{"uv":[1,0,0,1],"rotation":90,"texture":"#9"},"south":{"uv":[1,0,0,1],"rotation":90,"texture":"#9"},"west":{"uv":[1,0,0,1],"rotation":90,"texture":"#9"},"up":{"uv":[1,0,0,1],"rotation":90,"texture":"#9"},"down":{"uv":[1,0,0,1],"rotation":90,"texture":"#9"}}},{"from":[7.56479,17.33649,5.99372],"to":[8.94537,18.44741,10.46799],"rotation":{"angle":-22.5,"axis":"y","origin":[7.28331,17.6021,6.61454]},"faces":{"north":{"uv":[1,0,0,1],"rotation":90,"texture":"#9"},"east":{"uv":[1,0,0,1],"rotation":90,"texture":"#9"},"south":{"uv":[1,0,0,1],"rotation":90,"texture":"#9"},"west":{"uv":[1,0,0,1],"rotation":90,"texture":"#9"},"up":{"uv":[1,0,0,1],"rotation":90,"texture":"#9"},"down":{"uv":[1,0,0,1],"rotation":90,"texture":"#9"}}},{"from":[7.3442,17.33649,6.33644],"to":[8.72477,18.44741,10.81071],"rotation":{"angle":0,"axis":"y","origin":[7.28331,17.6021,6.61454]},"faces":{"north":{"uv":[1,0,0,1],"rotation":90,"texture":"#9"},"east":{"uv":[1,0,0,1],"rotation":90,"texture":"#9"},"south":{"uv":[1,0,0,1],"rotation":90,"texture":"#9"},"west":{"uv":[1,0,0,1],"rotation":90,"texture":"#9"},"up":{"uv":[1,0,0,1],"rotation":90,"texture":"#9"},"down":{"uv":[1,0,0,1],"rotation":90,"texture":"#9"}}},{"from":[7.00924,17.33649,6.56865],"to":[8.38982,18.44741,11.04292],"rotation":{"angle":22.5,"axis":"y","origin":[7.28331,17.6021,6.61454]},"faces":{"north":{"uv":[1,0,0,1],"rotation":90,"texture":"#9"},"east":{"uv":[1,0,0,1],"rotation":90,"texture":"#9"},"south":{"uv":[1,0,0,1],"rotation":90,"texture":"#9"},"west":{"uv":[1,0,0,1],"rotation":90,"texture":"#9"},"up":{"uv":[1,0,0,1],"rotation":90,"texture":"#9"},"down":{"uv":[1,0,0,1],"rotation":90,"texture":"#9"}}},{"from":[7.05066,18.20699,6.77687],"to":[8.3484,19.07722,10.8347],"rotation":{"angle":22.5,"axis":"y","origin":[7.28331,17.6021,6.61454]},"faces":{"north":{"uv":[1,0,0,1],"rotation":90,"texture":"#9"},"east":{"uv":[1,0,0,1],"rotation":90,"texture":"#9"},"south":{"uv":[1,0,0,1],"rotation":90,"texture":"#9"},"west":{"uv":[1,0,0,1],"rotation":90,"texture":"#9"},"up":{"uv":[1,0,0,1],"rotation":90,"texture":"#9"},"down":{"uv":[1,0,0,1],"rotation":90,"texture":"#9"}}},{"from":[7.38561,18.20699,6.54466],"to":[8.68335,19.07722,10.60249],"rotation":{"angle":0,"axis":"y","origin":[7.28331,17.6021,6.61454]},"faces":{"north":{"uv":[1,0,0,1],"rotation":90,"texture":"#9"},"east":{"uv":[1,0,0,1],"rotation":90,"texture":"#9"},"south":{"uv":[1,0,0,1],"rotation":90,"texture":"#9"},"west":{"uv":[1,0,0,1],"rotation":90,"texture":"#9"},"up":{"uv":[1,0,0,1],"rotation":90,"texture":"#9"},"down":{"uv":[1,0,0,1],"rotation":90,"texture":"#9"}}},{"from":[7.60621,18.20699,6.20194],"to":[8.90395,19.07722,10.25977],"rotation":{"angle":-22.5,"axis":"y","origin":[7.28331,17.6021,6.61454]},"faces":{"north":{"uv":[1,0,0,1],"rotation":90,"texture":"#9"},"east":{"uv":[1,0,0,1],"rotation":90,"texture":"#9"},"south":{"uv":[1,0,0,1],"rotation":90,"texture":"#9"},"west":{"uv":[1,0,0,1],"rotation":90,"texture":"#9"},"up":{"uv":[1,0,0,1],"rotation":90,"texture":"#9"},"down":{"uv":[1,0,0,1],"rotation":90,"texture":"#9"}}},{"from":[7.65812,18.69282,3.99655],"to":[8.85204,19.49342,9.99881],"rotation":{"angle":-22.5,"axis":"y","origin":[7.28331,17.6021,6.61454]},"faces":{"north":{"uv":[1,0,0,1],"rotation":90,"texture":"#9"},"east":{"uv":[1,0,0,1],"rotation":90,"texture":"#9"},"south":{"uv":[1,0,0,1],"rotation":90,"texture":"#9"},"west":{"uv":[1,0,0,1],"rotation":90,"texture":"#9"},"up":{"uv":[1,0,0,1],"rotation":90,"texture":"#9"},"down":{"uv":[1,0,0,1],"rotation":90,"texture":"#9"}}},{"from":[7.43752,18.69282,4.33927],"to":[8.63145,19.49342,10.34152],"rotation":{"angle":0,"axis":"y","origin":[7.28331,17.6021,6.61454]},"faces":{"north":{"uv":[1,0,0,1],"rotation":90,"texture":"#9"},"east":{"uv":[1,0,0,1],"rotation":90,"texture":"#9"},"south":{"uv":[1,0,0,1],"rotation":90,"texture":"#9"},"west":{"uv":[1,0,0,1],"rotation":90,"texture":"#9"},"up":{"uv":[1,0,0,1],"rotation":90,"texture":"#9"},"down":{"uv":[1,0,0,1],"rotation":90,"texture":"#9"}}},{"from":[7.10257,18.69282,4.57148],"to":[8.29649,19.49342,10.57373],"rotation":{"angle":22.5,"axis":"y","origin":[7.28331,17.6021,6.61454]},"faces":{"north":{"uv":[1,0,0,1],"rotation":90,"texture":"#9"},"east":{"uv":[1,0,0,1],"rotation":90,"texture":"#9"},"south":{"uv":[1,0,0,1],"rotation":90,"texture":"#9"},"west":{"uv":[1,0,0,1],"rotation":90,"texture":"#9"},"up":{"uv":[1,0,0,1],"rotation":90,"texture":"#9"},"down":{"uv":[1,0,0,1],"rotation":90,"texture":"#9"}}},{"from":[3.92745,16.06878,6.82229],"to":[11.47161,16.37707,8.32292],"rotation":{"angle":22.5,"axis":"y","origin":[7.28331,17.6021,6.61454]},"faces":{"north":{"uv":[1,0,0,1],"rotation":90,"texture":"#9"},"east":{"uv":[1,0,0,1],"rotation":90,"texture":"#9"},"south":{"uv":[1,0,0,1],"rotation":90,"texture":"#9"},"west":{"uv":[1,0,0,1],"rotation":90,"texture":"#9"},"up":{"uv":[1,0,0,1],"rotation":90,"texture":"#9"},"down":{"uv":[1,0,0,1],"rotation":90,"texture":"#9"}}},{"from":[4.2624,16.06878,6.59008],"to":[11.80656,16.37707,8.09071],"rotation":{"angle":0,"axis":"y","origin":[7.28331,17.6021,6.61454]},"faces":{"north":{"uv":[1,0,0,1],"rotation":90,"texture":"#9"},"east":{"uv":[1,0,0,1],"rotation":90,"texture":"#9"},"south":{"uv":[1,0,0,1],"rotation":90,"texture":"#9"},"west":{"uv":[1,0,0,1],"rotation":90,"texture":"#9"},"up":{"uv":[1,0,0,1],"rotation":90,"texture":"#9"},"down":{"uv":[1,0,0,1],"rotation":90,"texture":"#9"}}},{"from":[4.483,16.06878,6.24736],"to":[12.02716,16.37707,7.74799],"rotation":{"angle":-22.5,"axis":"y","origin":[7.28331,17.6021,6.61454]},"faces":{"north":{"uv":[1,0,0,1],"rotation":90,"texture":"#9"},"east":{"uv":[1,0,0,1],"rotation":90,"texture":"#9"},"south":{"uv":[1,0,0,1],"rotation":90,"texture":"#9"},"west":{"uv":[1,0,0,1],"rotation":90,"texture":"#9"},"up":{"uv":[1,0,0,1],"rotation":90,"texture":"#9"},"down":{"uv":[1,0,0,1],"rotation":90,"texture":"#9"}}},{"from":[6.5509,16.06878,3.88688],"to":[8.05152,16.37707,11.43104],"rotation":{"angle":45,"axis":"y","origin":[7.28331,17.6021,6.61454]},"faces":{"north":{"uv":[1,0,0,1],"rotation":90,"texture":"#9"},"east":{"uv":[1,0,0,1],"rotation":90,"texture":"#9"},"south":{"uv":[1,0,0,1],"rotation":90,"texture":"#9"},"west":{"uv":[1,0,0,1],"rotation":90,"texture":"#9"},"up":{"uv":[1,0,0,1],"rotation":90,"texture":"#9"},"down":{"uv":[1,0,0,1],"rotation":90,"texture":"#9"}}},{"from":[6.94922,16.06878,3.80052],"to":[8.44984,16.37707,11.34468],"rotation":{"angle":22.5,"axis":"y","origin":[7.28331,17.6021,6.61454]},"faces":{"north":{"uv":[1,0,0,1],"rotation":90,"texture":"#9"},"east":{"uv":[1,0,0,1],"rotation":90,"texture":"#9"},"south":{"uv":[1,0,0,1],"rotation":90,"texture":"#9"},"west":{"uv":[1,0,0,1],"rotation":90,"texture":"#9"},"up":{"uv":[1,0,0,1],"rotation":90,"texture":"#9"},"down":{"uv":[1,0,0,1],"rotation":90,"texture":"#9"}}},{"from":[7.28417,16.06878,3.56831],"to":[8.7848,16.37707,11.11247],"rotation":{"angle":0,"axis":"y","origin":[7.28331,17.6021,6.61454]},"faces":{"north":{"uv":[1,0,0,1],"rotation":90,"texture":"#9"},"east":{"uv":[1,0,0,1],"rotation":90,"texture":"#9"},"south":{"uv":[1,0,0,1],"rotation":90,"texture":"#9"},"west":{"uv":[1,0,0,1],"rotation":90,"texture":"#9"},"up":{"uv":[1,0,0,1],"rotation":90,"texture":"#9"},"down":{"uv":[1,0,0,1],"rotation":90,"texture":"#9"}}},{"from":[7.50476,16.06878,3.2256],"to":[9.00539,16.37707,10.76976],"rotation":{"angle":-22.5,"axis":"y","origin":[7.28331,17.6021,6.61454]},"faces":{"north":{"uv":[1,0,0,1],"rotation":90,"texture":"#9"},"east":{"uv":[1,0,0,1],"rotation":90,"texture":"#9"},"south":{"uv":[1,0,0,1],"rotation":90,"texture":"#9"},"west":{"uv":[1,0,0,1],"rotation":90,"texture":"#9"},"up":{"uv":[1,0,0,1],"rotation":90,"texture":"#9"},"down":{"uv":[1,0,0,1],"rotation":90,"texture":"#9"}}},{"from":[7.57741,16.06878,2.82455],"to":[9.07804,16.37707,10.36871],"rotation":{"angle":-45,"axis":"y","origin":[7.28331,17.6021,6.61454]},"faces":{"north":{"uv":[1,0,0,1],"rotation":90,"texture":"#9"},"east":{"uv":[1,0,0,1],"rotation":90,"texture":"#9"},"south":{"uv":[1,0,0,1],"rotation":90,"texture":"#9"},"west":{"uv":[1,0,0,1],"rotation":90,"texture":"#9"},"up":{"uv":[1,0,0,1],"rotation":90,"texture":"#9"},"down":{"uv":[1,0,0,1],"rotation":90,"texture":"#9"}}},{"from":[6.08547,19.7018,7.26805],"to":[9.46689,20.18241,7.94066],"rotation":{"angle":22.5,"axis":"y","origin":[7.28331,17.6021,6.61454]},"faces":{"north":{"uv":[1,0,0,1],"rotation":90,"texture":"#9"},"east":{"uv":[1,0,0,1],"rotation":90,"texture":"#9"},"south":{"uv":[1,0,0,1],"rotation":90,"texture":"#9"},"west":{"uv":[1,0,0,1],"rotation":90,"texture":"#9"},"up":{"uv":[1,0,0,1],"rotation":90,"texture":"#9"},"down":{"uv":[1,0,0,1],"rotation":90,"texture":"#9"}}},{"from":[6.42674,19.7018,7.00409],"to":[9.80816,20.18241,7.6767],"rotation":{"angle":0,"axis":"y","origin":[7.28331,17.6021,6.61454]},"faces":{"north":{"uv":[1,0,0,1],"rotation":90,"texture":"#9"},"east":{"uv":[1,0,0,1],"rotation":90,"texture":"#9"},"south":{"uv":[1,0,0,1],"rotation":90,"texture":"#9"},"west":{"uv":[1,0,0,1],"rotation":90,"texture":"#9"},"up":{"uv":[1,0,0,1],"rotation":90,"texture":"#9"},"down":{"uv":[1,0,0,1],"rotation":90,"texture":"#9"}}},{"from":[6.64102,19.7018,6.62962],"to":[10.02244,20.18241,7.30223],"rotation":{"angle":-22.5,"axis":"y","origin":[7.28331,17.6021,6.61454]},"faces":{"north":{"uv":[1,0,0,1],"rotation":90,"texture":"#9"},"east":{"uv":[1,0,0,1],"rotation":90,"texture":"#9"},"south":{"uv":[1,0,0,1],"rotation":90,"texture":"#9"},"west":{"uv":[1,0,0,1],"rotation":90,"texture":"#9"},"up":{"uv":[1,0,0,1],"rotation":90,"texture":"#9"},"down":{"uv":[1,0,0,1],"rotation":90,"texture":"#9"}}},{"from":[7.02357,19.7018,6.02691],"to":[7.69618,20.18241,9.40833],"rotation":{"angle":45,"axis":"y","origin":[7.28331,17.6021,6.61454]},"faces":{"north":{"uv":[1,0,0,1],"rotation":90,"texture":"#9"},"east":{"uv":[1,0,0,1],"rotation":90,"texture":"#9"},"south":{"uv":[1,0,0,1],"rotation":90,"texture":"#9"},"west":{"uv":[1,0,0,1],"rotation":90,"texture":"#9"},"up":{"uv":[1,0,0,1],"rotation":90,"texture":"#9"},"down":{"uv":[1,0,0,1],"rotation":90,"texture":"#9"}}},{"from":[7.43988,19.7018,5.91364],"to":[8.11249,20.18241,9.29506],"rotation":{"angle":22.5,"axis":"y","origin":[7.28331,17.6021,6.61454]},"faces":{"north":{"uv":[1,0,0,1],"rotation":90,"texture":"#9"},"east":{"uv":[1,0,0,1],"rotation":90,"texture":"#9"},"south":{"uv":[1,0,0,1],"rotation":90,"texture":"#9"},"west":{"uv":[1,0,0,1],"rotation":90,"texture":"#9"},"up":{"uv":[1,0,0,1],"rotation":90,"texture":"#9"},"down":{"uv":[1,0,0,1],"rotation":90,"texture":"#9"}}},{"from":[7.78115,19.7018,5.64968],"to":[8.45375,20.18241,9.0311],"rotation":{"angle":0,"axis":"y","origin":[7.28331,17.6021,6.61454]},"faces":{"north":{"uv":[1,0,0,1],"rotation":90,"texture":"#9"},"east":{"uv":[1,0,0,1],"rotation":90,"texture":"#9"},"south":{"uv":[1,0,0,1],"rotation":90,"texture":"#9"},"west":{"uv":[1,0,0,1],"rotation":90,"texture":"#9"},"up":{"uv":[1,0,0,1],"rotation":90,"texture":"#9"},"down":{"uv":[1,0,0,1],"rotation":90,"texture":"#9"}}},{"from":[7.99543,19.7018,5.27522],"to":[8.66803,20.18241,8.65664],"rotation":{"angle":-22.5,"axis":"y","origin":[7.28331,17.6021,6.61454]},"faces":{"north":{"uv":[1,0,0,1],"rotation":90,"texture":"#9"},"east":{"uv":[1,0,0,1],"rotation":90,"texture":"#9"},"south":{"uv":[1,0,0,1],"rotation":90,"texture":"#9"},"west":{"uv":[1,0,0,1],"rotation":90,"texture":"#9"},"up":{"uv":[1,0,0,1],"rotation":90,"texture":"#9"},"down":{"uv":[1,0,0,1],"rotation":90,"texture":"#9"}}},{"from":[8.05009,19.7018,4.84726],"to":[8.7227,20.18241,8.22868],"rotation":{"angle":-45,"axis":"y","origin":[7.28331,17.6021,6.61454]},"faces":{"north":{"uv":[1,0,0,1],"rotation":90,"texture":"#9"},"east":{"uv":[1,0,0,1],"rotation":90,"texture":"#9"},"south":{"uv":[1,0,0,1],"rotation":90,"texture":"#9"},"west":{"uv":[1,0,0,1],"rotation":90,"texture":"#9"},"up":{"uv":[1,0,0,1],"rotation":90,"texture":"#9"},"down":{"uv":[1,0,0,1],"rotation":90,"texture":"#9"}}},{"from":[5.08855,19.25611,7.05325],"to":[10.31051,19.82685,8.09196],"rotation":{"angle":22.5,"axis":"y","origin":[7.28331,17.6021,6.61454]},"faces":{"north":{"uv":[1,0,0,1],"rotation":90,"texture":"#9"},"east":{"uv":[1,0,0,1],"rotation":90,"texture":"#9"},"south":{"uv":[1,0,0,1],"rotation":90,"texture":"#9"},"west":{"uv":[1,0,0,1],"rotation":90,"texture":"#9"},"up":{"uv":[1,0,0,1],"rotation":90,"texture":"#9"},"down":{"uv":[1,0,0,1],"rotation":90,"texture":"#9"}}},{"from":[5.4235,19.25611,6.82104],"to":[10.64546,19.82685,7.85975],"rotation":{"angle":0,"axis":"y","origin":[7.28331,17.6021,6.61454]},"faces":{"north":{"uv":[1,0,0,1],"rotation":90,"texture":"#9"},"east":{"uv":[1,0,0,1],"rotation":90,"texture":"#9"},"south":{"uv":[1,0,0,1],"rotation":90,"texture":"#9"},"west":{"uv":[1,0,0,1],"rotation":90,"texture":"#9"},"up":{"uv":[1,0,0,1],"rotation":90,"texture":"#9"},"down":{"uv":[1,0,0,1],"rotation":90,"texture":"#9"}}},{"from":[5.6441,19.25611,6.47832],"to":[10.86606,19.82685,7.51703],"rotation":{"angle":-22.5,"axis":"y","origin":[7.28331,17.6021,6.61454]},"faces":{"north":{"uv":[1,0,0,1],"rotation":90,"texture":"#9"},"east":{"uv":[1,0,0,1],"rotation":90,"texture":"#9"},"south":{"uv":[1,0,0,1],"rotation":90,"texture":"#9"},"west":{"uv":[1,0,0,1],"rotation":90,"texture":"#9"},"up":{"uv":[1,0,0,1],"rotation":90,"texture":"#9"},"down":{"uv":[1,0,0,1],"rotation":90,"texture":"#9"}}},{"from":[6.78185,19.25611,5.04798],"to":[7.82057,19.82685,10.26994],"rotation":{"angle":45,"axis":"y","origin":[7.28331,17.6021,6.61454]},"faces":{"north":{"uv":[1,0,0,1],"rotation":90,"texture":"#9"},"east":{"uv":[1,0,0,1],"rotation":90,"texture":"#9"},"south":{"uv":[1,0,0,1],"rotation":90,"texture":"#9"},"west":{"uv":[1,0,0,1],"rotation":90,"texture":"#9"},"up":{"uv":[1,0,0,1],"rotation":90,"texture":"#9"},"down":{"uv":[1,0,0,1],"rotation":90,"texture":"#9"}}},{"from":[7.18017,19.25611,4.96162],"to":[8.21889,19.82685,10.18358],"rotation":{"angle":22.5,"axis":"y","origin":[7.28331,17.6021,6.61454]},"faces":{"north":{"uv":[1,0,0,1],"rotation":90,"texture":"#9"},"east":{"uv":[1,0,0,1],"rotation":90,"texture":"#9"},"south":{"uv":[1,0,0,1],"rotation":90,"texture":"#9"},"west":{"uv":[1,0,0,1],"rotation":90,"texture":"#9"},"up":{"uv":[1,0,0,1],"rotation":90,"texture":"#9"},"down":{"uv":[1,0,0,1],"rotation":90,"texture":"#9"}}},{"from":[7.51513,19.25611,4.72941],"to":[8.55384,19.82685,9.95137],"rotation":{"angle":0,"axis":"y","origin":[7.28331,17.6021,6.61454]},"faces":{"north":{"uv":[1,0,0,1],"rotation":90,"texture":"#9"},"east":{"uv":[1,0,0,1],"rotation":90,"texture":"#9"},"south":{"uv":[1,0,0,1],"rotation":90,"texture":"#9"},"west":{"uv":[1,0,0,1],"rotation":90,"texture":"#9"},"up":{"uv":[1,0,0,1],"rotation":90,"texture":"#9"},"down":{"uv":[1,0,0,1],"rotation":90,"texture":"#9"}}},{"from":[7.73572,19.25611,4.3867],"to":[8.77443,19.82685,9.60866],"rotation":{"angle":-22.5,"axis":"y","origin":[7.28331,17.6021,6.61454]},"faces":{"north":{"uv":[1,0,0,1],"rotation":90,"texture":"#9"},"east":{"uv":[1,0,0,1],"rotation":90,"texture":"#9"},"south":{"uv":[1,0,0,1],"rotation":90,"texture":"#9"},"west":{"uv":[1,0,0,1],"rotation":90,"texture":"#9"},"up":{"uv":[1,0,0,1],"rotation":90,"texture":"#9"},"down":{"uv":[1,0,0,1],"rotation":90,"texture":"#9"}}},{"from":[7.80837,19.25611,3.98565],"to":[8.84708,19.82685,9.20761],"rotation":{"angle":-45,"axis":"y","origin":[7.28331,17.6021,6.61454]},"faces":{"north":{"uv":[1,0,0,1],"rotation":90,"texture":"#9"},"east":{"uv":[1,0,0,1],"rotation":90,"texture":"#9"},"south":{"uv":[1,0,0,1],"rotation":90,"texture":"#9"},"west":{"uv":[1,0,0,1],"rotation":90,"texture":"#9"},"up":{"uv":[1,0,0,1],"rotation":90,"texture":"#9"},"down":{"uv":[1,0,0,1],"rotation":90,"texture":"#9"}}},{"from":[7.80837,15.30736,3.98565],"to":[8.84708,16.02435,9.20761],"rotation":{"angle":-45,"axis":"y","origin":[7.28331,17.6021,6.61454]},"faces":{"north":{"uv":[1,0,0,1],"rotation":90,"texture":"#9"},"east":{"uv":[1,0,0,1],"rotation":90,"texture":"#9"},"south":{"uv":[1,0,0,1],"rotation":90,"texture":"#9"},"west":{"uv":[1,0,0,1],"rotation":90,"texture":"#9"},"up":{"uv":[1,0,0,1],"rotation":90,"texture":"#9"},"down":{"uv":[1,0,0,1],"rotation":90,"texture":"#9"}}},{"from":[5.4235,15.30736,6.82104],"to":[10.64546,16.02435,7.85975],"rotation":{"angle":0,"axis":"y","origin":[7.28331,17.6021,6.61454]},"faces":{"north":{"uv":[1,0,0,1],"rotation":270,"texture":"#9"},"east":{"uv":[1,0,0,1],"rotation":270,"texture":"#9"},"south":{"uv":[1,0,0,1],"rotation":270,"texture":"#9"},"west":{"uv":[1,0,0,1],"rotation":270,"texture":"#9"},"up":{"uv":[1,0,0,1],"rotation":270,"texture":"#9"},"down":{"uv":[1,0,0,1],"rotation":270,"texture":"#9"}}},{"from":[7.73572,15.30736,4.3867],"to":[8.77443,16.02435,9.60866],"rotation":{"angle":-22.5,"axis":"y","origin":[7.28331,17.6021,6.61454]},"faces":{"north":{"uv":[1,0,0,1],"rotation":90,"texture":"#9"},"east":{"uv":[1,0,0,1],"rotation":90,"texture":"#9"},"south":{"uv":[1,0,0,1],"rotation":90,"texture":"#9"},"west":{"uv":[1,0,0,1],"rotation":90,"texture":"#9"},"up":{"uv":[1,0,0,1],"rotation":90,"texture":"#9"},"down":{"uv":[1,0,0,1],"rotation":90,"texture":"#9"}}},{"from":[7.51513,15.30736,4.72941],"to":[8.55384,16.02435,9.95137],"rotation":{"angle":0,"axis":"y","origin":[7.28331,17.6021,6.61454]},"faces":{"north":{"uv":[1,0,0,1],"rotation":90,"texture":"#9"},"east":{"uv":[1,0,0,1],"rotation":90,"texture":"#9"},"south":{"uv":[1,0,0,1],"rotation":90,"texture":"#9"},"west":{"uv":[1,0,0,1],"rotation":90,"texture":"#9"},"up":{"uv":[1,0,0,1],"rotation":90,"texture":"#9"},"down":{"uv":[1,0,0,1],"rotation":90,"texture":"#9"}}},{"from":[7.18017,15.30736,4.96162],"to":[8.21889,16.02435,10.18358],"rotation":{"angle":22.5,"axis":"y","origin":[7.28331,17.6021,6.61454]},"faces":{"north":{"uv":[1,0,0,1],"rotation":90,"texture":"#9"},"east":{"uv":[1,0,0,1],"rotation":90,"texture":"#9"},"south":{"uv":[1,0,0,1],"rotation":90,"texture":"#9"},"west":{"uv":[1,0,0,1],"rotation":90,"texture":"#9"},"up":{"uv":[1,0,0,1],"rotation":90,"texture":"#9"},"down":{"uv":[1,0,0,1],"rotation":90,"texture":"#9"}}},{"from":[6.78185,15.30736,5.04798],"to":[7.82057,16.02435,10.26994],"rotation":{"angle":45,"axis":"y","origin":[7.28331,17.6021,6.61454]},"faces":{"north":{"uv":[1,0,0,1],"rotation":90,"texture":"#9"},"east":{"uv":[1,0,0,1],"rotation":90,"texture":"#9"},"south":{"uv":[1,0,0,1],"rotation":90,"texture":"#9"},"west":{"uv":[1,0,0,1],"rotation":90,"texture":"#9"},"up":{"uv":[1,0,0,1],"rotation":90,"texture":"#9"},"down":{"uv":[1,0,0,1],"rotation":90,"texture":"#9"}}},{"from":[5.6441,15.30736,6.47832],"to":[10.86606,16.02435,7.51703],"rotation":{"angle":-22.5,"axis":"y","origin":[7.28331,17.6021,6.61454]},"faces":{"north":{"uv":[1,0,0,1],"rotation":90,"texture":"#9"},"east":{"uv":[1,0,0,1],"rotation":90,"texture":"#9"},"south":{"uv":[1,0,0,1],"rotation":90,"texture":"#9"},"west":{"uv":[1,0,0,1],"rotation":90,"texture":"#9"},"up":{"uv":[1,0,0,1],"rotation":90,"texture":"#9"},"down":{"uv":[1,0,0,1],"rotation":90,"texture":"#9"}}},{"from":[5.08855,15.30736,7.05325],"to":[10.31051,16.02435,8.09196],"rotation":{"angle":22.5,"axis":"y","origin":[7.28331,17.6021,6.61454]},"faces":{"north":{"uv":[1,0,0,1],"rotation":90,"texture":"#9"},"east":{"uv":[1,0,0,1],"rotation":90,"texture":"#9"},"south":{"uv":[1,0,0,1],"rotation":90,"texture":"#9"},"west":{"uv":[1,0,0,1],"rotation":90,"texture":"#9"},"up":{"uv":[1,0,0,1],"rotation":90,"texture":"#9"},"down":{"uv":[1,0,0,1],"rotation":90,"texture":"#9"}}},{"from":[8.05009,15.0218,4.84726],"to":[8.7227,15.50241,8.22868],"rotation":{"angle":-45,"axis":"y","origin":[7.28331,17.6021,6.61454]},"faces":{"north":{"uv":[1,0,0,1],"rotation":90,"texture":"#9"},"east":{"uv":[1,0,0,1],"rotation":90,"texture":"#9"},"south":{"uv":[1,0,0,1],"rotation":90,"texture":"#9"},"west":{"uv":[1,0,0,1],"rotation":90,"texture":"#9"},"up":{"uv":[1,0,0,1],"rotation":90,"texture":"#9"},"down":{"uv":[1,0,0,1],"rotation":90,"texture":"#9"}}},{"from":[7.99543,15.0218,5.27522],"to":[8.66803,15.50241,8.65664],"rotation":{"angle":-22.5,"axis":"y","origin":[7.28331,17.6021,6.61454]},"faces":{"north":{"uv":[1,0,0,1],"rotation":90,"texture":"#9"},"east":{"uv":[1,0,0,1],"rotation":90,"texture":"#9"},"south":{"uv":[1,0,0,1],"rotation":90,"texture":"#9"},"west":{"uv":[1,0,0,1],"rotation":90,"texture":"#9"},"up":{"uv":[1,0,0,1],"rotation":90,"texture":"#9"},"down":{"uv":[1,0,0,1],"rotation":90,"texture":"#9"}}},{"from":[7.78115,15.0218,5.64968],"to":[8.45375,15.50241,9.0311],"rotation":{"angle":0,"axis":"y","origin":[7.28331,17.6021,6.61454]},"faces":{"north":{"uv":[1,0,0,1],"rotation":90,"texture":"#9"},"east":{"uv":[1,0,0,1],"rotation":90,"texture":"#9"},"south":{"uv":[1,0,0,1],"rotation":90,"texture":"#9"},"west":{"uv":[1,0,0,1],"rotation":90,"texture":"#9"},"up":{"uv":[1,0,0,1],"rotation":90,"texture":"#9"},"down":{"uv":[1,0,0,1],"rotation":90,"texture":"#9"}}},{"from":[7.43988,15.0218,5.91364],"to":[8.11249,15.50241,9.29506],"rotation":{"angle":22.5,"axis":"y","origin":[7.28331,17.6021,6.61454]},"faces":{"north":{"uv":[1,0,0,1],"rotation":90,"texture":"#9"},"east":{"uv":[1,0,0,1],"rotation":90,"texture":"#9"},"south":{"uv":[1,0,0,1],"rotation":90,"texture":"#9"},"west":{"uv":[1,0,0,1],"rotation":90,"texture":"#9"},"up":{"uv":[1,0,0,1],"rotation":90,"texture":"#9"},"down":{"uv":[1,0,0,1],"rotation":90,"texture":"#9"}}},{"from":[7.02357,15.0218,6.02691],"to":[7.69618,15.50241,9.40833],"rotation":{"angle":45,"axis":"y","origin":[7.28331,17.6021,6.61454]},"faces":{"north":{"uv":[1,0,0,1],"rotation":90,"texture":"#9"},"east":{"uv":[1,0,0,1],"rotation":90,"texture":"#9"},"south":{"uv":[1,0,0,1],"rotation":90,"texture":"#9"},"west":{"uv":[1,0,0,1],"rotation":90,"texture":"#9"},"up":{"uv":[1,0,0,1],"rotation":90,"texture":"#9"},"down":{"uv":[1,0,0,1],"rotation":90,"texture":"#9"}}},{"from":[6.64102,15.0218,6.62962],"to":[10.02244,15.50241,7.30223],"rotation":{"angle":-22.5,"axis":"y","origin":[7.28331,17.6021,6.61454]},"faces":{"north":{"uv":[1,0,0,1],"rotation":90,"texture":"#9"},"east":{"uv":[1,0,0,1],"rotation":90,"texture":"#9"},"south":{"uv":[1,0,0,1],"rotation":90,"texture":"#9"},"west":{"uv":[1,0,0,1],"rotation":90,"texture":"#9"},"up":{"uv":[1,0,0,1],"rotation":90,"texture":"#9"},"down":{"uv":[1,0,0,1],"rotation":90,"texture":"#9"}}},{"from":[6.42674,15.0218,7.00409],"to":[9.80816,15.50241,7.6767],"rotation":{"angle":0,"axis":"y","origin":[7.28331,17.6021,6.61454]},"faces":{"north":{"uv":[1,0,0,1],"rotation":90,"texture":"#9"},"east":{"uv":[1,0,0,1],"rotation":90,"texture":"#9"},"south":{"uv":[1,0,0,1],"rotation":90,"texture":"#9"},"west":{"uv":[1,0,0,1],"rotation":90,"texture":"#9"},"up":{"uv":[1,0,0,1],"rotation":90,"texture":"#9"},"down":{"uv":[1,0,0,1],"rotation":90,"texture":"#9"}}},{"from":[6.08547,15.0218,7.26805],"to":[9.46689,15.50241,7.94066],"rotation":{"angle":22.5,"axis":"y","origin":[7.28331,17.6021,6.61454]},"faces":{"north":{"uv":[1,0,0,1],"rotation":90,"texture":"#9"},"east":{"uv":[1,0,0,1],"rotation":90,"texture":"#9"},"south":{"uv":[1,0,0,1],"rotation":90,"texture":"#9"},"west":{"uv":[1,0,0,1],"rotation":90,"texture":"#9"},"up":{"uv":[1,0,0,1],"rotation":90,"texture":"#9"},"down":{"uv":[1,0,0,1],"rotation":90,"texture":"#9"}}},{"from":[4.22922,17.33649,6.88232],"to":[11.16984,18.44741,8.26289],"rotation":{"angle":22.5,"axis":"y","origin":[7.28331,17.6021,6.61454]},"faces":{"north":{"uv":[1,0,0,1],"rotation":90,"texture":"#9"},"east":{"uv":[1,0,0,1],"rotation":90,"texture":"#9"},"south":{"uv":[1,0,0,1],"rotation":90,"texture":"#9"},"west":{"uv":[1,0,0,1],"rotation":90,"texture":"#9"},"up":{"uv":[1,0,0,1],"rotation":90,"texture":"#9"},"down":{"uv":[1,0,0,1],"rotation":90,"texture":"#9"}}},{"from":[4.56417,17.33649,6.65011],"to":[11.5048,18.44741,8.03068],"rotation":{"angle":0,"axis":"y","origin":[7.28331,17.6021,6.61454]},"faces":{"north":{"uv":[1,0,0,1],"rotation":90,"texture":"#9"},"east":{"uv":[1,0,0,1],"rotation":90,"texture":"#9"},"south":{"uv":[1,0,0,1],"rotation":90,"texture":"#9"},"west":{"uv":[1,0,0,1],"rotation":90,"texture":"#9"},"up":{"uv":[1,0,0,1],"rotation":90,"texture":"#9"},"down":{"uv":[1,0,0,1],"rotation":90,"texture":"#9"}}},{"from":[4.78476,17.33649,6.30739],"to":[11.72539,18.44741,7.68797],"rotation":{"angle":-22.5,"axis":"y","origin":[7.28331,17.6021,6.61454]},"faces":{"north":{"uv":[1,0,0,1],"rotation":90,"texture":"#9"},"east":{"uv":[1,0,0,1],"rotation":90,"texture":"#9"},"south":{"uv":[1,0,0,1],"rotation":90,"texture":"#9"},"west":{"uv":[1,0,0,1],"rotation":90,"texture":"#9"},"up":{"uv":[1,0,0,1],"rotation":90,"texture":"#9"},"down":{"uv":[1,0,0,1],"rotation":90,"texture":"#9"}}},{"from":[6.61092,17.33649,4.18864],"to":[7.9915,18.44741,11.12927],"rotation":{"angle":45,"axis":"y","origin":[7.28331,17.6021,6.61454]},"faces":{"north":{"uv":[1,0,0,1],"rotation":90,"texture":"#9"},"east":{"uv":[1,0,0,1],"rotation":90,"texture":"#9"},"south":{"uv":[1,0,0,1],"rotation":90,"texture":"#9"},"west":{"uv":[1,0,0,1],"rotation":90,"texture":"#9"},"up":{"uv":[1,0,0,1],"rotation":90,"texture":"#9"},"down":{"uv":[1,0,0,1],"rotation":90,"texture":"#9"}}},{"from":[7.00924,17.33649,4.07962],"to":[8.38982,18.47886,8.57202],"rotation":{"angle":22.5,"axis":"y","origin":[7.28331,17.6021,6.61454]},"faces":{"north":{"uv":[1,0,0,1],"rotation":90,"texture":"#5"},"east":{"uv":[1,0,0,1],"rotation":270,"texture":"#5"},"south":{"uv":[1,0,0,1],"rotation":270,"texture":"#5"},"west":{"uv":[1,0,0,1],"rotation":270,"texture":"#5"},"up":{"uv":[0,1,1,0],"rotation":90,"texture":"#5"},"down":{"uv":[0,1,1,0],"rotation":90,"texture":"#5"}}},{"from":[7.3442,17.33649,3.84741],"to":[8.72477,18.47886,8.33981],"rotation":{"angle":0,"axis":"y","origin":[7.28331,17.6021,6.61454]},"faces":{"north":{"uv":[1,0,0,1],"rotation":90,"texture":"#5"},"east":{"uv":[1,0,0,1],"rotation":270,"texture":"#5"},"south":{"uv":[1,0,0,1],"rotation":270,"texture":"#5"},"west":{"uv":[1,0,0,1],"rotation":270,"texture":"#5"},"up":{"uv":[0,1,1,0],"rotation":90,"texture":"#5"},"down":{"uv":[0,1,1,0],"rotation":90,"texture":"#5"}}},{"from":[7.56479,17.33649,3.5047],"to":[8.94537,18.47886,7.9971],"rotation":{"angle":-22.5,"axis":"y","origin":[7.28331,17.6021,6.61454]},"faces":{"north":{"uv":[1,0,0,1],"rotation":90,"texture":"#5"},"east":{"uv":[1,0,0,1],"rotation":270,"texture":"#5"},"south":{"uv":[1,0,0,1],"rotation":270,"texture":"#5"},"west":{"uv":[1,0,0,1],"rotation":270,"texture":"#5"},"up":{"uv":[0,1,1,0],"rotation":90,"texture":"#5"},"down":{"uv":[0,1,1,0],"rotation":90,"texture":"#5"}}},{"from":[7.63744,17.33649,3.12632],"to":[9.01802,18.44741,10.06695],"rotation":{"angle":-45,"axis":"y","origin":[7.28331,17.6021,6.61454]},"faces":{"north":{"uv":[1,0,0,1],"rotation":90,"texture":"#9"},"east":{"uv":[1,0,0,1],"rotation":90,"texture":"#9"},"south":{"uv":[1,0,0,1],"rotation":90,"texture":"#9"},"west":{"uv":[1,0,0,1],"rotation":90,"texture":"#9"},"up":{"uv":[1,0,0,1],"rotation":90,"texture":"#9"},"down":{"uv":[1,0,0,1],"rotation":90,"texture":"#9"}}},{"from":[4.6984,18.69282,6.97564],"to":[10.70066,19.49342,8.16956],"rotation":{"angle":22.5,"axis":"y","origin":[7.28331,17.6021,6.61454]},"faces":{"north":{"uv":[1,0,0,1],"rotation":90,"texture":"#9"},"east":{"uv":[1,0,0,1],"rotation":90,"texture":"#9"},"south":{"uv":[1,0,0,1],"rotation":90,"texture":"#9"},"west":{"uv":[1,0,0,1],"rotation":90,"texture":"#9"},"up":{"uv":[1,0,0,1],"rotation":90,"texture":"#9"},"down":{"uv":[1,0,0,1],"rotation":90,"texture":"#9"}}},{"from":[5.03336,18.69282,6.74343],"to":[11.03561,19.49342,7.93735],"rotation":{"angle":0,"axis":"y","origin":[7.28331,17.6021,6.61454]},"faces":{"north":{"uv":[1,0,0,1],"rotation":90,"texture":"#9"},"east":{"uv":[1,0,0,1],"rotation":90,"texture":"#9"},"south":{"uv":[1,0,0,1],"rotation":90,"texture":"#9"},"west":{"uv":[1,0,0,1],"rotation":90,"texture":"#9"},"up":{"uv":[1,0,0,1],"rotation":90,"texture":"#9"},"down":{"uv":[1,0,0,1],"rotation":90,"texture":"#9"}}},{"from":[5.25395,18.69282,6.40072],"to":[11.2562,19.49342,7.59464],"rotation":{"angle":-22.5,"axis":"y","origin":[7.28331,17.6021,6.61454]},"faces":{"north":{"uv":[1,0,0,1],"rotation":90,"texture":"#9"},"east":{"uv":[1,0,0,1],"rotation":90,"texture":"#9"},"south":{"uv":[1,0,0,1],"rotation":90,"texture":"#9"},"west":{"uv":[1,0,0,1],"rotation":90,"texture":"#9"},"up":{"uv":[1,0,0,1],"rotation":90,"texture":"#9"},"down":{"uv":[1,0,0,1],"rotation":90,"texture":"#9"}}},{"from":[6.70425,18.69282,4.65783],"to":[7.89817,19.49342,10.66008],"rotation":{"angle":45,"axis":"y","origin":[7.28331,17.6021,6.61454]},"faces":{"north":{"uv":[1,0,0,1],"rotation":90,"texture":"#9"},"east":{"uv":[1,0,0,1],"rotation":90,"texture":"#9"},"south":{"uv":[1,0,0,1],"rotation":90,"texture":"#9"},"west":{"uv":[1,0,0,1],"rotation":90,"texture":"#9"},"up":{"uv":[1,0,0,1],"rotation":90,"texture":"#9"},"down":{"uv":[1,0,0,1],"rotation":90,"texture":"#9"}}},{"from":[7.73077,18.69282,3.59551],"to":[8.92469,19.49342,9.59776],"rotation":{"angle":-45,"axis":"y","origin":[7.28331,17.6021,6.61454]},"faces":{"north":{"uv":[1,0,0,1],"rotation":90,"texture":"#9"},"east":{"uv":[1,0,0,1],"rotation":90,"texture":"#9"},"south":{"uv":[1,0,0,1],"rotation":90,"texture":"#9"},"west":{"uv":[1,0,0,1],"rotation":90,"texture":"#9"},"up":{"uv":[1,0,0,1],"rotation":90,"texture":"#9"},"down":{"uv":[1,0,0,1],"rotation":90,"texture":"#9"}}},{"from":[4.43744,18.20699,6.92373],"to":[10.96162,19.07722,8.22147],"rotation":{"angle":22.5,"axis":"y","origin":[7.28331,17.6021,6.61454]},"faces":{"north":{"uv":[1,0,0,1],"rotation":90,"texture":"#9"},"east":{"uv":[1,0,0,1],"rotation":90,"texture":"#9"},"south":{"uv":[1,0,0,1],"rotation":90,"texture":"#9"},"west":{"uv":[1,0,0,1],"rotation":90,"texture":"#9"},"up":{"uv":[1,0,0,1],"rotation":90,"texture":"#9"},"down":{"uv":[1,0,0,1],"rotation":90,"texture":"#9"}}},{"from":[4.77239,18.20699,6.69152],"to":[11.29658,19.07722,7.98926],"rotation":{"angle":0,"axis":"y","origin":[7.28331,17.6021,6.61454]},"faces":{"north":{"uv":[1,0,0,1],"rotation":90,"texture":"#9"},"east":{"uv":[1,0,0,1],"rotation":90,"texture":"#9"},"south":{"uv":[1,0,0,1],"rotation":90,"texture":"#9"},"west":{"uv":[1,0,0,1],"rotation":90,"texture":"#9"},"up":{"uv":[1,0,0,1],"rotation":90,"texture":"#9"},"down":{"uv":[1,0,0,1],"rotation":90,"texture":"#9"}}},{"from":[4.99298,18.20699,6.34881],"to":[11.51717,19.07722,7.64655],"rotation":{"angle":-22.5,"axis":"y","origin":[7.28331,17.6021,6.61454]},"faces":{"north":{"uv":[1,0,0,1],"rotation":90,"texture":"#9"},"east":{"uv":[1,0,0,1],"rotation":90,"texture":"#9"},"south":{"uv":[1,0,0,1],"rotation":90,"texture":"#9"},"west":{"uv":[1,0,0,1],"rotation":90,"texture":"#9"},"up":{"uv":[1,0,0,1],"rotation":90,"texture":"#9"},"down":{"uv":[1,0,0,1],"rotation":90,"texture":"#9"}}},{"from":[6.65234,18.20699,4.39686],"to":[7.95008,19.07722,10.92105],"rotation":{"angle":45,"axis":"y","origin":[7.28331,17.6021,6.61454]},"faces":{"north":{"uv":[1,0,0,1],"rotation":90,"texture":"#9"},"east":{"uv":[1,0,0,1],"rotation":90,"texture":"#9"},"south":{"uv":[1,0,0,1],"rotation":90,"texture":"#9"},"west":{"uv":[1,0,0,1],"rotation":90,"texture":"#9"},"up":{"uv":[1,0,0,1],"rotation":90,"texture":"#9"},"down":{"uv":[1,0,0,1],"rotation":90,"texture":"#9"}}},{"from":[7.05066,18.20699,4.28784],"to":[8.3484,19.10867,8.3638],"rotation":{"angle":22.5,"axis":"y","origin":[7.28331,17.6021,6.61454]},"faces":{"north":{"uv":[1,0,0,1],"rotation":90,"texture":"#5"},"east":{"uv":[1,0,0,1],"rotation":270,"texture":"#5"},"south":{"uv":[1,0,0,1],"rotation":270,"texture":"#5"},"west":{"uv":[1,0,0,1],"rotation":270,"texture":"#5"},"up":{"uv":[0,1,1,0],"rotation":90,"texture":"#5"},"down":{"uv":[0,1,1,0],"rotation":90,"texture":"#5"}}},{"from":[7.38561,18.20699,4.05563],"to":[8.68335,19.10867,8.13159],"rotation":{"angle":0,"axis":"y","origin":[7.28331,17.6021,6.61454]},"faces":{"north":{"uv":[1,0,0,1],"rotation":90,"texture":"#5"},"east":{"uv":[1,0,0,1],"rotation":270,"texture":"#5"},"south":{"uv":[1,0,0,1],"rotation":270,"texture":"#5"},"west":{"uv":[1,0,0,1],"rotation":270,"texture":"#5"},"up":{"uv":[0,1,1,0],"rotation":90,"texture":"#5"},"down":{"uv":[0,1,1,0],"rotation":90,"texture":"#5"}}},{"from":[7.60621,18.20699,3.71291],"to":[8.90395,19.10867,7.78888],"rotation":{"angle":-22.5,"axis":"y","origin":[7.28331,17.6021,6.61454]},"faces":{"north":{"uv":[1,0,0,1],"rotation":90,"texture":"#5"},"east":{"uv":[1,0,0,1],"rotation":270,"texture":"#5"},"south":{"uv":[1,0,0,1],"rotation":270,"texture":"#5"},"west":{"uv":[1,0,0,1],"rotation":270,"texture":"#5"},"up":{"uv":[0,1,1,0],"rotation":90,"texture":"#5"},"down":{"uv":[0,1,1,0],"rotation":90,"texture":"#5"}}},{"from":[7.67886,18.20699,3.33454],"to":[8.9766,19.07722,9.85873],"rotation":{"angle":-45,"axis":"y","origin":[7.28331,17.6021,6.61454]},"faces":{"north":{"uv":[1,0,0,1],"rotation":90,"texture":"#9"},"east":{"uv":[1,0,0,1],"rotation":90,"texture":"#9"},"south":{"uv":[1,0,0,1],"rotation":90,"texture":"#9"},"west":{"uv":[1,0,0,1],"rotation":90,"texture":"#9"},"up":{"uv":[1,0,0,1],"rotation":90,"texture":"#9"},"down":{"uv":[1,0,0,1],"rotation":90,"texture":"#9"}}},{"from":[7.67886,15.57449,3.33454],"to":[8.9766,16.44472,9.85873],"rotation":{"angle":-45,"axis":"y","origin":[7.28331,17.6021,6.61454]},"faces":{"north":{"uv":[1,0,0,1],"rotation":90,"texture":"#9"},"east":{"uv":[1,0,0,1],"rotation":90,"texture":"#9"},"south":{"uv":[1,0,0,1],"rotation":90,"texture":"#9"},"west":{"uv":[1,0,0,1],"rotation":90,"texture":"#9"},"up":{"uv":[1,0,0,1],"rotation":90,"texture":"#9"},"down":{"uv":[1,0,0,1],"rotation":90,"texture":"#9"}}},{"from":[6.65234,15.57449,4.39686],"to":[7.95008,16.44472,10.92105],"rotation":{"angle":45,"axis":"y","origin":[7.28331,17.6021,6.61454]},"faces":{"north":{"uv":[1,0,0,1],"rotation":90,"texture":"#9"},"east":{"uv":[1,0,0,1],"rotation":90,"texture":"#9"},"south":{"uv":[1,0,0,1],"rotation":90,"texture":"#9"},"west":{"uv":[1,0,0,1],"rotation":90,"texture":"#9"},"up":{"uv":[1,0,0,1],"rotation":90,"texture":"#9"},"down":{"uv":[1,0,0,1],"rotation":90,"texture":"#9"}}},{"from":[4.99298,15.57449,6.34881],"to":[11.51717,16.44472,7.64655],"rotation":{"angle":-22.5,"axis":"y","origin":[7.28331,17.6021,6.61454]},"faces":{"north":{"uv":[1,0,0,1],"rotation":90,"texture":"#9"},"east":{"uv":[1,0,0,1],"rotation":90,"texture":"#9"},"south":{"uv":[1,0,0,1],"rotation":90,"texture":"#9"},"west":{"uv":[1,0,0,1],"rotation":90,"texture":"#9"},"up":{"uv":[1,0,0,1],"rotation":90,"texture":"#9"},"down":{"uv":[1,0,0,1],"rotation":90,"texture":"#9"}}},{"from":[4.77239,15.57449,6.69152],"to":[11.29658,16.44472,7.98926],"rotation":{"angle":0,"axis":"y","origin":[7.28331,17.6021,6.61454]},"faces":{"north":{"uv":[1,0,0,1],"rotation":90,"texture":"#9"},"east":{"uv":[1,0,0,1],"rotation":90,"texture":"#9"},"south":{"uv":[1,0,0,1],"rotation":90,"texture":"#9"},"west":{"uv":[1,0,0,1],"rotation":90,"texture":"#9"},"up":{"uv":[1,0,0,1],"rotation":90,"texture":"#9"},"down":{"uv":[1,0,0,1],"rotation":90,"texture":"#9"}}},{"from":[4.43744,15.57449,6.92373],"to":[10.96162,16.44472,8.22147],"rotation":{"angle":22.5,"axis":"y","origin":[7.28331,17.6021,6.61454]},"faces":{"north":{"uv":[1,0,0,1],"rotation":90,"texture":"#9"},"east":{"uv":[1,0,0,1],"rotation":90,"texture":"#9"},"south":{"uv":[1,0,0,1],"rotation":90,"texture":"#9"},"west":{"uv":[1,0,0,1],"rotation":90,"texture":"#9"},"up":{"uv":[1,0,0,1],"rotation":90,"texture":"#9"},"down":{"uv":[1,0,0,1],"rotation":90,"texture":"#9"}}},{"from":[7.60621,15.57449,3.73558],"to":[8.90395,16.44472,10.25977],"rotation":{"angle":-22.5,"axis":"y","origin":[7.28331,17.6021,6.61454]},"faces":{"north":{"uv":[1,0,0,1],"rotation":90,"texture":"#9"},"east":{"uv":[1,0,0,1],"rotation":90,"texture":"#9"},"south":{"uv":[1,0,0,1],"rotation":90,"texture":"#9"},"west":{"uv":[1,0,0,1],"rotation":90,"texture":"#9"},"up":{"uv":[1,0,0,1],"rotation":90,"texture":"#9"},"down":{"uv":[1,0,0,1],"rotation":90,"texture":"#9"}}},{"from":[7.38561,15.57449,4.0783],"to":[8.68335,16.44472,10.60249],"rotation":{"angle":0,"axis":"y","origin":[7.28331,17.6021,6.61454]},"faces":{"north":{"uv":[1,0,0,1],"rotation":90,"texture":"#9"},"east":{"uv":[1,0,0,1],"rotation":90,"texture":"#9"},"south":{"uv":[1,0,0,1],"rotation":90,"texture":"#9"},"west":{"uv":[1,0,0,1],"rotation":90,"texture":"#9"},"up":{"uv":[1,0,0,1],"rotation":90,"texture":"#9"},"down":{"uv":[1,0,0,1],"rotation":90,"texture":"#9"}}},{"from":[7.05066,15.57449,4.31051],"to":[8.3484,16.44472,10.8347],"rotation":{"angle":22.5,"axis":"y","origin":[7.28331,17.6021,6.61454]},"faces":{"north":{"uv":[1,0,0,1],"rotation":90,"texture":"#9"},"east":{"uv":[1,0,0,1],"rotation":90,"texture":"#9"},"south":{"uv":[1,0,0,1],"rotation":90,"texture":"#9"},"west":{"uv":[1,0,0,1],"rotation":90,"texture":"#9"},"up":{"uv":[1,0,0,1],"rotation":90,"texture":"#9"},"down":{"uv":[1,0,0,1],"rotation":90,"texture":"#9"}}},{"from":[3.92745,16.33391,6.82229],"to":[11.47161,17.67191,8.32292],"rotation":{"angle":22.5,"axis":"y","origin":[7.28331,17.6021,6.61454]},"faces":{"north":{"uv":[1,0,0,1],"rotation":90,"texture":"#9"},"east":{"uv":[1,0,0,1],"rotation":90,"texture":"#9"},"south":{"uv":[1,0,0,1],"rotation":90,"texture":"#9"},"west":{"uv":[1,0,0,1],"rotation":90,"texture":"#9"},"up":{"uv":[1,0,0,1],"rotation":90,"texture":"#9"},"down":{"uv":[1,0,0,1],"rotation":90,"texture":"#9"}}},{"from":[4.2624,16.33391,6.59008],"to":[11.80656,17.67191,8.09071],"rotation":{"angle":0,"axis":"y","origin":[7.28331,17.6021,6.61454]},"faces":{"north":{"uv":[1,0,0,1],"rotation":90,"texture":"#9"},"east":{"uv":[1,0,0,1],"rotation":90,"texture":"#9"},"south":{"uv":[1,0,0,1],"rotation":90,"texture":"#9"},"west":{"uv":[1,0,0,1],"rotation":90,"texture":"#9"},"up":{"uv":[1,0,0,1],"rotation":90,"texture":"#9"},"down":{"uv":[1,0,0,1],"rotation":90,"texture":"#9"}}},{"from":[4.483,16.33391,6.24736],"to":[12.02716,17.67191,7.74799],"rotation":{"angle":-22.5,"axis":"y","origin":[7.28331,17.6021,6.61454]},"faces":{"north":{"uv":[1,0,0,1],"rotation":90,"texture":"#9"},"east":{"uv":[1,0,0,1],"rotation":90,"texture":"#9"},"south":{"uv":[1,0,0,1],"rotation":90,"texture":"#9"},"west":{"uv":[1,0,0,1],"rotation":90,"texture":"#9"},"up":{"uv":[1,0,0,1],"rotation":90,"texture":"#9"},"down":{"uv":[1,0,0,1],"rotation":90,"texture":"#9"}}},{"from":[6.5509,16.33391,3.88688],"to":[8.05152,17.67191,11.43104],"rotation":{"angle":45,"axis":"y","origin":[7.28331,17.6021,6.61454]},"faces":{"north":{"uv":[1,0,0,1],"rotation":90,"texture":"#9"},"east":{"uv":[1,0,0,1],"rotation":90,"texture":"#9"},"south":{"uv":[1,0,0,1],"rotation":90,"texture":"#9"},"west":{"uv":[1,0,0,1],"rotation":90,"texture":"#9"},"up":{"uv":[1,0,0,1],"rotation":90,"texture":"#9"},"down":{"uv":[1,0,0,1],"rotation":90,"texture":"#9"}}},{"from":[7.28417,16.33391,3.54564],"to":[8.7848,16.82524,8.64158],"rotation":{"angle":0,"axis":"y","origin":[7.28331,17.6021,6.61454]},"faces":{"north":{"uv":[1,0,0,1],"rotation":90,"texture":"#5"},"east":{"uv":[1,0,0,1],"rotation":270,"texture":"#5"},"south":{"uv":[1,0,0,1],"rotation":270,"texture":"#5"},"west":{"uv":[1,0,0,1],"rotation":270,"texture":"#5"},"up":{"uv":[0,1,1,0],"rotation":90,"texture":"#5"},"down":{"uv":[0,1,1,0],"rotation":90,"texture":"#5"}}},{"from":[7.50476,16.33391,3.20293],"to":[9.00539,16.82524,8.29886],"rotation":{"angle":-22.5,"axis":"y","origin":[7.28331,17.6021,6.61454]},"faces":{"north":{"uv":[1,0,0,1],"rotation":90,"texture":"#5"},"east":{"uv":[1,0,0,1],"rotation":270,"texture":"#5"},"south":{"uv":[1,0,0,1],"rotation":270,"texture":"#5"},"west":{"uv":[1,0,0,1],"rotation":270,"texture":"#5"},"up":{"uv":[0,1,1,0],"rotation":90,"texture":"#5"},"down":{"uv":[0,1,1,0],"rotation":90,"texture":"#5"}}},{"from":[6.89325,16.77266,3.91297],"to":[8.39388,17.33711,9.00891],"rotation":{"angle":22.5,"axis":"y","origin":[7.28331,17.6021,6.61454]},"faces":{"north":{"uv":[1,0,0,1],"rotation":90,"texture":"#5"},"east":{"uv":[1,0,0,1],"rotation":270,"texture":"#5"},"south":{"uv":[1,0,0,1],"rotation":270,"texture":"#5"},"west":{"uv":[1,0,0,1],"rotation":270,"texture":"#5"},"up":{"uv":[0,1,1,0],"rotation":90,"texture":"#5"},"down":{"uv":[0,1,1,0],"rotation":90,"texture":"#5"}}},{"from":[7.28417,16.77266,3.69189],"to":[8.7848,17.33711,8.78783],"rotation":{"angle":0,"axis":"y","origin":[7.28331,17.6021,6.61454]},"faces":{"north":{"uv":[1,0,0,1],"rotation":90,"texture":"#5"},"east":{"uv":[1,0,0,1],"rotation":270,"texture":"#5"},"south":{"uv":[1,0,0,1],"rotation":270,"texture":"#5"},"west":{"uv":[1,0,0,1],"rotation":270,"texture":"#5"},"up":{"uv":[0,1,1,0],"rotation":90,"texture":"#5"},"down":{"uv":[0,1,1,0],"rotation":90,"texture":"#5"}}},{"from":[7.56073,16.77266,3.33805],"to":[9.06136,17.33711,8.43398],"rotation":{"angle":-22.5,"axis":"y","origin":[7.28331,17.6021,6.61454]},"faces":{"north":{"uv":[1,0,0,1],"rotation":90,"texture":"#5"},"east":{"uv":[1,0,0,1],"rotation":270,"texture":"#5"},"south":{"uv":[1,0,0,1],"rotation":270,"texture":"#5"},"west":{"uv":[1,0,0,1],"rotation":270,"texture":"#5"},"up":{"uv":[0,1,1,0],"rotation":90,"texture":"#5"},"down":{"uv":[0,1,1,0],"rotation":90,"texture":"#5"}}},{"from":[6.83728,17.28453,4.04809],"to":[8.33791,17.84899,9.14402],"rotation":{"angle":22.5,"axis":"y","origin":[7.28331,17.6021,6.61454]},"faces":{"north":{"uv":[1,0,0,1],"rotation":90,"texture":"#5"},"east":{"uv":[1,0,0,1],"rotation":270,"texture":"#5"},"south":{"uv":[1,0,0,1],"rotation":270,"texture":"#5"},"west":{"uv":[1,0,0,1],"rotation":270,"texture":"#5"},"up":{"uv":[0,1,1,0],"rotation":90,"texture":"#5"},"down":{"uv":[0,1,1,0],"rotation":90,"texture":"#5"}}},{"from":[7.28417,17.28453,3.83814],"to":[8.7848,17.84899,8.93408],"rotation":{"angle":0,"axis":"y","origin":[7.28331,17.6021,6.61454]},"faces":{"north":{"uv":[1,0,0,1],"rotation":90,"texture":"#5"},"east":{"uv":[1,0,0,1],"rotation":270,"texture":"#5"},"south":{"uv":[1,0,0,1],"rotation":270,"texture":"#5"},"west":{"uv":[1,0,0,1],"rotation":270,"texture":"#5"},"up":{"uv":[0,1,1,0],"rotation":90,"texture":"#5"},"down":{"uv":[0,1,1,0],"rotation":90,"texture":"#5"}}},{"from":[7.6167,17.28453,3.47316],"to":[9.11733,17.84899,8.5691],"rotation":{"angle":-22.5,"axis":"y","origin":[7.28331,17.6021,6.61454]},"faces":{"north":{"uv":[1,0,0,1],"rotation":90,"texture":"#5"},"east":{"uv":[1,0,0,1],"rotation":270,"texture":"#5"},"south":{"uv":[1,0,0,1],"rotation":270,"texture":"#5"},"west":{"uv":[1,0,0,1],"rotation":270,"texture":"#5"},"up":{"uv":[0,1,1,0],"rotation":90,"texture":"#5"},"down":{"uv":[0,1,1,0],"rotation":90,"texture":"#5"}}},{"from":[7.06748,17.72328,3.84541],"to":[8.42186,17.92211,8.94135],"rotation":{"angle":22.5,"axis":"y","origin":[7.28331,17.6021,6.61454]},"faces":{"north":{"uv":[1,0,0,1],"rotation":90,"texture":"#7"},"east":{"uv":[1,0,0,1],"rotation":270,"texture":"#7"},"south":{"uv":[1,0,0,1],"rotation":270,"texture":"#7"},"west":{"uv":[1,0,0,1],"rotation":270,"texture":"#7"},"up":{"uv":[0,1,1,0],"rotation":90,"texture":"#7"},"down":{"uv":[0,1,1,0],"rotation":90,"texture":"#7"}}},{"from":[7.21373,18.01578,3.84541],"to":[8.27561,18.21461,8.94135],"rotation":{"angle":22.5,"axis":"y","origin":[7.28331,17.6021,6.61454]},"faces":{"north":{"uv":[1,0,0,1],"rotation":90,"texture":"#7"},"east":{"uv":[1,0,0,1],"rotation":270,"texture":"#7"},"south":{"uv":[1,0,0,1],"rotation":270,"texture":"#7"},"west":{"uv":[1,0,0,1],"rotation":270,"texture":"#7"},"up":{"uv":[0,1,1,0],"rotation":90,"texture":"#7"},"down":{"uv":[0,1,1,0],"rotation":90,"texture":"#7"}}},{"from":[7.43311,18.30828,3.99166],"to":[8.05623,18.50711,9.0876],"rotation":{"angle":22.5,"axis":"y","origin":[7.28331,17.6021,6.61454]},"faces":{"north":{"uv":[1,0,0,1],"rotation":90,"texture":"#7"},"east":{"uv":[1,0,0,1],"rotation":270,"texture":"#7"},"south":{"uv":[1,0,0,1],"rotation":270,"texture":"#7"},"west":{"uv":[1,0,0,1],"rotation":270,"texture":"#7"},"up":{"uv":[0,1,1,0],"rotation":90,"texture":"#7"},"down":{"uv":[0,1,1,0],"rotation":90,"texture":"#7"}}},{"from":[7.21373,17.43078,3.84541],"to":[8.27561,17.62961,8.94135],"rotation":{"angle":22.5,"axis":"y","origin":[7.28331,17.6021,6.61454]},"faces":{"north":{"uv":[1,0,0,1],"rotation":90,"texture":"#7"},"east":{"uv":[1,0,0,1],"rotation":270,"texture":"#7"},"south":{"uv":[1,0,0,1],"rotation":270,"texture":"#7"},"west":{"uv":[1,0,0,1],"rotation":270,"texture":"#7"},"up":{"uv":[0,1,1,0],"rotation":90,"texture":"#7"},"down":{"uv":[0,1,1,0],"rotation":90,"texture":"#7"}}},{"from":[7.88447,18.30828,3.44974],"to":[8.5076,18.50711,8.54568],"rotation":{"angle":-22.5,"axis":"y","origin":[7.28331,17.6021,6.61454]},"faces":{"north":{"uv":[1,1,0,0],"rotation":90,"texture":"#7"},"east":{"uv":[1,1,0,0],"rotation":270,"texture":"#7"},"south":{"uv":[1,1,0,0],"rotation":270,"texture":"#7"},"west":{"uv":[1,1,0,0],"rotation":270,"texture":"#7"},"up":{"uv":[0,0,1,1],"rotation":90,"texture":"#7"},"down":{"uv":[0,0,1,1],"rotation":90,"texture":"#7"}}},{"from":[7.66509,18.01578,3.30349],"to":[8.72697,18.21461,8.39943],"rotation":{"angle":-22.5,"axis":"y","origin":[7.28331,17.6021,6.61454]},"faces":{"north":{"uv":[1,1,0,0],"rotation":90,"texture":"#7"},"east":{"uv":[1,1,0,0],"rotation":270,"texture":"#7"},"south":{"uv":[1,1,0,0],"rotation":270,"texture":"#7"},"west":{"uv":[1,1,0,0],"rotation":270,"texture":"#7"},"up":{"uv":[0,0,1,1],"rotation":90,"texture":"#7"},"down":{"uv":[0,0,1,1],"rotation":90,"texture":"#7"}}},{"from":[7.51884,17.72328,3.30349],"to":[8.87322,17.92211,8.39943],"rotation":{"angle":-22.5,"axis":"y","origin":[7.28331,17.6021,6.61454]},"faces":{"north":{"uv":[1,1,0,0],"rotation":90,"texture":"#7"},"east":{"uv":[1,1,0,0],"rotation":270,"texture":"#7"},"south":{"uv":[1,1,0,0],"rotation":270,"texture":"#7"},"west":{"uv":[1,1,0,0],"rotation":270,"texture":"#7"},"up":{"uv":[0,0,1,1],"rotation":90,"texture":"#7"},"down":{"uv":[0,0,1,1],"rotation":90,"texture":"#7"}}},{"from":[7.66509,17.43078,3.30349],"to":[8.72697,17.62961,8.39943],"rotation":{"angle":-22.5,"axis":"y","origin":[7.28331,17.6021,6.61454]},"faces":{"north":{"uv":[1,1,0,0],"rotation":90,"texture":"#7"},"east":{"uv":[1,1,0,0],"rotation":270,"texture":"#7"},"south":{"uv":[1,1,0,0],"rotation":270,"texture":"#7"},"west":{"uv":[1,1,0,0],"rotation":270,"texture":"#7"},"up":{"uv":[0,0,1,1],"rotation":90,"texture":"#7"},"down":{"uv":[0,0,1,1],"rotation":90,"texture":"#7"}}},{"from":[7.57741,16.33391,2.82455],"to":[9.07804,17.67191,10.36871],"rotation":{"angle":-45,"axis":"y","origin":[7.28331,17.6021,6.61454]},"faces":{"north":{"uv":[1,0,0,1],"rotation":90,"texture":"#9"},"east":{"uv":[1,0,0,1],"rotation":90,"texture":"#9"},"south":{"uv":[1,0,0,1],"rotation":90,"texture":"#9"},"west":{"uv":[1,0,0,1],"rotation":90,"texture":"#9"},"up":{"uv":[1,0,0,1],"rotation":90,"texture":"#9"},"down":{"uv":[1,0,0,1],"rotation":90,"texture":"#9"}}},{"from":[7.36378,9.96,3.59373],"to":[8.85065,14.38,5.08873],"rotation":{"angle":-22.5,"axis":"y","origin":[8.10722,11.65,7.33123]},"faces":{"north":{"uv":[0,0,1,1],"rotation":90,"texture":"#9"},"east":{"uv":[0,0,1,1],"rotation":90,"texture":"#9"},"south":{"uv":[0,0,1,1],"rotation":90,"texture":"#9"},"west":{"uv":[0,0,1,1],"rotation":90,"texture":"#9"},"up":{"uv":[0,0,1,1],"rotation":90,"texture":"#9"},"down":{"uv":[0,0,1,1],"rotation":90,"texture":"#9"}}},{"from":[7.36378,9.96,3.59373],"to":[8.85065,14.38,5.08873],"rotation":{"angle":0,"axis":"y","origin":[8.10722,11.65,7.33123]},"faces":{"north":{"uv":[0,0,1,1],"rotation":90,"texture":"#9"},"east":{"uv":[0,0,1,1],"rotation":90,"texture":"#9"},"south":{"uv":[0,0,1,1],"rotation":90,"texture":"#9"},"west":{"uv":[0,0,1,1],"rotation":90,"texture":"#9"},"up":{"uv":[0,0,1,1],"rotation":90,"texture":"#9"},"down":{"uv":[0,0,1,1],"rotation":90,"texture":"#9"}}},{"from":[7.36378,9.96,3.59373],"to":[8.85065,14.38,5.08873],"rotation":{"angle":22.5,"axis":"y","origin":[8.10722,11.65,7.33123]},"faces":{"north":{"uv":[0,0,1,1],"rotation":90,"texture":"#9"},"east":{"uv":[0,0,1,1],"rotation":90,"texture":"#9"},"south":{"uv":[0,0,1,1],"rotation":90,"texture":"#9"},"west":{"uv":[0,0,1,1],"rotation":90,"texture":"#9"},"up":{"uv":[0,0,1,1],"rotation":90,"texture":"#9"},"down":{"uv":[0,0,1,1],"rotation":90,"texture":"#9"}}},{"from":[7.36378,9.96,9.57373],"to":[8.85065,14.38,11.06873],"rotation":{"angle":-22.5,"axis":"y","origin":[8.10722,11.65,7.33123]},"faces":{"north":{"uv":[0,0,1,1],"rotation":90,"texture":"#9"},"east":{"uv":[0,0,1,1],"rotation":90,"texture":"#9"},"south":{"uv":[0,0,1,1],"rotation":90,"texture":"#9"},"west":{"uv":[0,0,1,1],"rotation":90,"texture":"#9"},"up":{"uv":[0,0,1,1],"rotation":90,"texture":"#9"},"down":{"uv":[0,0,1,1],"rotation":90,"texture":"#9"}}},{"from":[7.36378,9.96,9.57373],"to":[8.85065,14.38,11.06873],"rotation":{"angle":0,"axis":"y","origin":[8.10722,11.65,7.33123]},"faces":{"north":{"uv":[0,0,1,1],"rotation":90,"texture":"#9"},"east":{"uv":[0,0,1,1],"rotation":90,"texture":"#9"},"south":{"uv":[0,0,1,1],"rotation":90,"texture":"#9"},"west":{"uv":[0,0,1,1],"rotation":90,"texture":"#9"},"up":{"uv":[0,0,1,1],"rotation":90,"texture":"#9"},"down":{"uv":[0,0,1,1],"rotation":90,"texture":"#9"}}},{"from":[7.36378,9.96,9.57373],"to":[8.85065,14.38,11.06873],"rotation":{"angle":22.5,"axis":"y","origin":[8.10722,11.65,7.33123]},"faces":{"north":{"uv":[0,0,1,1],"rotation":90,"texture":"#9"},"east":{"uv":[0,0,1,1],"rotation":90,"texture":"#9"},"south":{"uv":[0,0,1,1],"rotation":90,"texture":"#9"},"west":{"uv":[0,0,1,1],"rotation":90,"texture":"#9"},"up":{"uv":[0,0,1,1],"rotation":90,"texture":"#9"},"down":{"uv":[0,0,1,1],"rotation":90,"texture":"#9"}}},{"from":[10.34972,9.96,6.58779],"to":[11.84472,14.38,8.07466],"rotation":{"angle":-45,"axis":"y","origin":[8.10722,11.65,7.33123]},"faces":{"north":{"uv":[0,0,1,1],"rotation":90,"texture":"#9"},"east":{"uv":[0,0,1,1],"rotation":90,"texture":"#9"},"south":{"uv":[0,0,1,1],"rotation":90,"texture":"#9"},"west":{"uv":[0,0,1,1],"rotation":90,"texture":"#9"},"up":{"uv":[0,0,1,1],"rotation":90,"texture":"#9"},"down":{"uv":[0,0,1,1],"rotation":90,"texture":"#9"}}},{"from":[10.34972,9.96,6.58779],"to":[11.84472,14.38,8.07466],"rotation":{"angle":-22.5,"axis":"y","origin":[8.10722,11.65,7.33123]},"faces":{"north":{"uv":[0,0,1,1],"rotation":90,"texture":"#9"},"east":{"uv":[0,0,1,1],"rotation":90,"texture":"#9"},"south":{"uv":[0,0,1,1],"rotation":90,"texture":"#9"},"west":{"uv":[0,0,1,1],"rotation":90,"texture":"#9"},"up":{"uv":[0,0,1,1],"rotation":90,"texture":"#9"},"down":{"uv":[0,0,1,1],"rotation":90,"texture":"#9"}}},{"from":[10.34972,9.96,6.58779],"to":[11.84472,14.38,8.07466],"rotation":{"angle":0,"axis":"y","origin":[8.10722,11.65,7.33123]},"faces":{"north":{"uv":[0,0,1,1],"rotation":90,"texture":"#9"},"east":{"uv":[0,0,1,1],"rotation":90,"texture":"#9"},"south":{"uv":[0,0,1,1],"rotation":90,"texture":"#9"},"west":{"uv":[0,0,1,1],"rotation":90,"texture":"#9"},"up":{"uv":[0,0,1,1],"rotation":90,"texture":"#9"},"down":{"uv":[0,0,1,1],"rotation":90,"texture":"#9"}}},{"from":[10.34972,9.96,6.58779],"to":[11.84472,14.38,8.07466],"rotation":{"angle":22.5,"axis":"y","origin":[8.10722,11.65,7.33123]},"faces":{"north":{"uv":[0,0,1,1],"rotation":90,"texture":"#9"},"east":{"uv":[0,0,1,1],"rotation":90,"texture":"#9"},"south":{"uv":[0,0,1,1],"rotation":90,"texture":"#9"},"west":{"uv":[0,0,1,1],"rotation":90,"texture":"#9"},"up":{"uv":[0,0,1,1],"rotation":90,"texture":"#9"},"down":{"uv":[0,0,1,1],"rotation":90,"texture":"#9"}}},{"from":[10.34972,9.96,6.58779],"to":[11.84472,14.38,8.07466],"rotation":{"angle":45,"axis":"y","origin":[8.10722,11.65,7.33123]},"faces":{"north":{"uv":[0,0,1,1],"rotation":90,"texture":"#9"},"east":{"uv":[0,0,1,1],"rotation":90,"texture":"#9"},"south":{"uv":[0,0,1,1],"rotation":90,"texture":"#9"},"west":{"uv":[0,0,1,1],"rotation":90,"texture":"#9"},"up":{"uv":[0,0,1,1],"rotation":90,"texture":"#9"},"down":{"uv":[0,0,1,1],"rotation":90,"texture":"#9"}}},{"from":[4.36972,9.96,6.58779],"to":[5.86472,14.38,8.07466],"rotation":{"angle":-45,"axis":"y","origin":[8.10722,11.65,7.33123]},"faces":{"north":{"uv":[0,0,1,1],"rotation":90,"texture":"#9"},"east":{"uv":[0,0,1,1],"rotation":90,"texture":"#9"},"south":{"uv":[0,0,1,1],"rotation":90,"texture":"#9"},"west":{"uv":[0,0,1,1],"rotation":90,"texture":"#9"},"up":{"uv":[0,0,1,1],"rotation":90,"texture":"#9"},"down":{"uv":[0,0,1,1],"rotation":90,"texture":"#9"}}},{"from":[4.36972,9.96,6.58779],"to":[5.86472,14.38,8.07466],"rotation":{"angle":-22.5,"axis":"y","origin":[8.10722,11.65,7.33123]},"faces":{"north":{"uv":[0,0,1,1],"rotation":90,"texture":"#9"},"east":{"uv":[0,0,1,1],"rotation":90,"texture":"#9"},"south":{"uv":[0,0,1,1],"rotation":90,"texture":"#9"},"west":{"uv":[0,0,1,1],"rotation":90,"texture":"#9"},"up":{"uv":[0,0,1,1],"rotation":90,"texture":"#9"},"down":{"uv":[0,0,1,1],"rotation":90,"texture":"#9"}}},{"from":[4.36972,9.96,6.58779],"to":[5.86472,14.38,8.07466],"rotation":{"angle":0,"axis":"y","origin":[8.10722,11.65,7.33123]},"faces":{"north":{"uv":[0,0,1,1],"rotation":90,"texture":"#9"},"east":{"uv":[0,0,1,1],"rotation":90,"texture":"#9"},"south":{"uv":[0,0,1,1],"rotation":90,"texture":"#9"},"west":{"uv":[0,0,1,1],"rotation":90,"texture":"#9"},"up":{"uv":[0,0,1,1],"rotation":90,"texture":"#9"},"down":{"uv":[0,0,1,1],"rotation":90,"texture":"#9"}}},{"from":[4.36972,9.96,6.58779],"to":[5.86472,14.38,8.07466],"rotation":{"angle":22.5,"axis":"y","origin":[8.10722,11.65,7.33123]},"faces":{"north":{"uv":[0,0,1,1],"rotation":90,"texture":"#9"},"east":{"uv":[0,0,1,1],"rotation":90,"texture":"#9"},"south":{"uv":[0,0,1,1],"rotation":90,"texture":"#9"},"west":{"uv":[0,0,1,1],"rotation":90,"texture":"#9"},"up":{"uv":[0,0,1,1],"rotation":90,"texture":"#9"},"down":{"uv":[0,0,1,1],"rotation":90,"texture":"#9"}}},{"from":[4.36972,9.96,6.58779],"to":[5.86472,14.38,8.07466],"rotation":{"angle":45,"axis":"y","origin":[8.10722,11.65,7.33123]},"faces":{"north":{"uv":[0,0,1,1],"rotation":90,"texture":"#9"},"east":{"uv":[0,0,1,1],"rotation":90,"texture":"#9"},"south":{"uv":[0,0,1,1],"rotation":90,"texture":"#9"},"west":{"uv":[0,0,1,1],"rotation":90,"texture":"#9"},"up":{"uv":[0,0,1,1],"rotation":90,"texture":"#9"},"down":{"uv":[0,0,1,1],"rotation":90,"texture":"#9"}}},{"from":[7.46075,7.49,4.08123],"to":[8.75368,12.3,10.58123],"rotation":{"angle":-22.5,"axis":"y","origin":[8.10722,12.95,7.33123]},"faces":{"north":{"uv":[0,0,1,1],"rotation":90,"texture":"#9"},"east":{"uv":[0,0,1,1],"rotation":90,"texture":"#9"},"south":{"uv":[0,0,1,1],"rotation":90,"texture":"#9"},"west":{"uv":[0,0,1,1],"rotation":90,"texture":"#9"},"up":{"uv":[0,0,1,1],"rotation":90,"texture":"#9"},"down":{"uv":[0,0,1,1],"rotation":90,"texture":"#9"}}},{"from":[7.46075,7.49,4.08123],"to":[8.75368,12.3,10.58123],"rotation":{"angle":0,"axis":"y","origin":[8.10722,12.95,7.33123]},"faces":{"north":{"uv":[0,0,1,1],"rotation":90,"texture":"#9"},"east":{"uv":[0,0,1,1],"rotation":90,"texture":"#9"},"south":{"uv":[0,0,1,1],"rotation":90,"texture":"#9"},"west":{"uv":[0,0,1,1],"rotation":90,"texture":"#9"},"up":{"uv":[0,0,1,1],"rotation":90,"texture":"#9"},"down":{"uv":[0,0,1,1],"rotation":90,"texture":"#9"}}},{"from":[7.46075,7.49,4.08123],"to":[8.75368,12.3,10.58123],"rotation":{"angle":22.5,"axis":"y","origin":[8.10722,12.95,7.33123]},"faces":{"north":{"uv":[0,0,1,1],"rotation":90,"texture":"#9"},"east":{"uv":[0,0,1,1],"rotation":90,"texture":"#9"},"south":{"uv":[0,0,1,1],"rotation":90,"texture":"#9"},"west":{"uv":[0,0,1,1],"rotation":90,"texture":"#9"},"up":{"uv":[0,0,1,1],"rotation":90,"texture":"#9"},"down":{"uv":[0,0,1,1],"rotation":90,"texture":"#9"}}},{"from":[4.85722,7.49,6.68476],"to":[11.35722,12.3,7.97769],"rotation":{"angle":22.5,"axis":"y","origin":[8.10722,12.95,7.33123]},"faces":{"north":{"uv":[0,0,1,1],"rotation":90,"texture":"#9"},"east":{"uv":[0,0,1,1],"rotation":90,"texture":"#9"},"south":{"uv":[0,0,1,1],"rotation":90,"texture":"#9"},"west":{"uv":[0,0,1,1],"rotation":90,"texture":"#9"},"up":{"uv":[0,0,1,1],"rotation":90,"texture":"#9"},"down":{"uv":[0,0,1,1],"rotation":90,"texture":"#9"}}},{"from":[4.85722,7.49,6.68476],"to":[11.35722,12.3,7.97769],"rotation":{"angle":45,"axis":"y","origin":[8.10722,12.95,7.33123]},"faces":{"north":{"uv":[0,0,1,1],"rotation":90,"texture":"#9"},"east":{"uv":[0,0,1,1],"rotation":90,"texture":"#9"},"south":{"uv":[0,0,1,1],"rotation":90,"texture":"#9"},"west":{"uv":[0,0,1,1],"rotation":90,"texture":"#9"},"up":{"uv":[0,0,1,1],"rotation":90,"texture":"#9"},"down":{"uv":[0,0,1,1],"rotation":90,"texture":"#9"}}},{"from":[4.85722,7.49,6.68476],"to":[11.35722,12.3,7.97769],"rotation":{"angle":-45,"axis":"y","origin":[8.10722,12.95,7.33123]},"faces":{"north":{"uv":[0,0,1,1],"rotation":90,"texture":"#9"},"east":{"uv":[0,0,1,1],"rotation":90,"texture":"#9"},"south":{"uv":[0,0,1,1],"rotation":90,"texture":"#9"},"west":{"uv":[0,0,1,1],"rotation":90,"texture":"#9"},"up":{"uv":[0,0,1,1],"rotation":90,"texture":"#9"},"down":{"uv":[0,0,1,1],"rotation":90,"texture":"#9"}}},{"from":[4.85722,7.49,6.68476],"to":[11.35722,12.3,7.97769],"rotation":{"angle":-22.5,"axis":"y","origin":[8.10722,12.95,7.33123]},"faces":{"north":{"uv":[0,0,1,1],"rotation":90,"texture":"#9"},"east":{"uv":[0,0,1,1],"rotation":90,"texture":"#9"},"south":{"uv":[0,0,1,1],"rotation":90,"texture":"#9"},"west":{"uv":[0,0,1,1],"rotation":90,"texture":"#9"},"up":{"uv":[0,0,1,1],"rotation":90,"texture":"#9"},"down":{"uv":[0,0,1,1],"rotation":90,"texture":"#9"}}},{"from":[4.85722,7.49,6.68476],"to":[11.35722,12.3,7.97769],"rotation":{"angle":0,"axis":"y","origin":[8.10722,12.95,7.33123]},"faces":{"north":{"uv":[0,0,1,1],"rotation":90,"texture":"#9"},"east":{"uv":[0,0,1,1],"rotation":90,"texture":"#9"},"south":{"uv":[0,0,1,1],"rotation":90,"texture":"#9"},"west":{"uv":[0,0,1,1],"rotation":90,"texture":"#9"},"up":{"uv":[0,0,1,1],"rotation":90,"texture":"#9"},"down":{"uv":[0,0,1,1],"rotation":90,"texture":"#9"}}},{"from":[7.52992,5.87547,4.42898],"to":[8.68451,13.89633,10.23348],"rotation":{"angle":22.5,"axis":"y","origin":[8.10722,12.72478,7.33123]},"faces":{"north":{"uv":[0,0,1,1],"texture":"#9"},"east":{"uv":[0,0,1,1],"texture":"#9"},"south":{"uv":[0,0,1,1],"texture":"#9"},"west":{"uv":[0,0,1,1],"texture":"#9"},"up":{"uv":[0,0,1,1],"texture":"#9"},"down":{"uv":[0,0,1,1],"texture":"#9"}}},{"from":[7.52992,5.87547,4.42898],"to":[8.68451,13.89633,10.23348],"rotation":{"angle":0,"axis":"y","origin":[8.10722,12.72478,7.33123]},"faces":{"north":{"uv":[0,0,1,1],"texture":"#9"},"east":{"uv":[0,0,1,1],"texture":"#9"},"south":{"uv":[0,0,1,1],"texture":"#9"},"west":{"uv":[0,0,1,1],"texture":"#9"},"up":{"uv":[0,0,1,1],"texture":"#9"},"down":{"uv":[0,0,1,1],"texture":"#9"}}},{"from":[7.52992,5.87547,4.42898],"to":[8.68451,13.89633,10.23348],"rotation":{"angle":-22.5,"axis":"y","origin":[8.10722,12.72478,7.33123]},"faces":{"north":{"uv":[0,0,1,1],"texture":"#9"},"east":{"uv":[0,0,1,1],"texture":"#9"},"south":{"uv":[0,0,1,1],"texture":"#9"},"west":{"uv":[0,0,1,1],"texture":"#9"},"up":{"uv":[0,0,1,1],"texture":"#9"},"down":{"uv":[0,0,1,1],"texture":"#9"}}},{"from":[5.20497,5.87547,6.75393],"to":[11.00947,13.89633,7.90852],"rotation":{"angle":45,"axis":"y","origin":[8.10722,12.72478,7.33123]},"faces":{"north":{"uv":[0,0,1,1],"texture":"#9"},"east":{"uv":[0,0,1,1],"texture":"#9"},"south":{"uv":[0,0,1,1],"texture":"#9"},"west":{"uv":[0,0,1,1],"texture":"#9"},"up":{"uv":[0,0,1,1],"texture":"#9"},"down":{"uv":[0,0,1,1],"texture":"#9"}}},{"from":[5.20497,5.87547,6.75393],"to":[11.00947,13.89633,7.90852],"rotation":{"angle":22.5,"axis":"y","origin":[8.10722,12.72478,7.33123]},"faces":{"north":{"uv":[0,0,1,1],"texture":"#9"},"east":{"uv":[0,0,1,1],"texture":"#9"},"south":{"uv":[0,0,1,1],"texture":"#9"},"west":{"uv":[0,0,1,1],"texture":"#9"},"up":{"uv":[0,0,1,1],"texture":"#9"},"down":{"uv":[0,0,1,1],"texture":"#9"}}},{"from":[5.20497,5.87547,6.75393],"to":[11.00947,13.89633,7.90852],"rotation":{"angle":0,"axis":"y","origin":[8.10722,12.72478,7.33123]},"faces":{"north":{"uv":[0,0,1,1],"texture":"#9"},"east":{"uv":[0,0,1,1],"texture":"#9"},"south":{"uv":[0,0,1,1],"texture":"#9"},"west":{"uv":[0,0,1,1],"texture":"#9"},"up":{"uv":[0,0,1,1],"texture":"#9"},"down":{"uv":[0,0,1,1],"texture":"#9"}}},{"from":[5.20497,5.87547,6.75393],"to":[11.00947,13.89633,7.90852],"rotation":{"angle":-22.5,"axis":"y","origin":[8.10722,12.72478,7.33123]},"faces":{"north":{"uv":[0,0,1,1],"texture":"#9"},"east":{"uv":[0,0,1,1],"texture":"#9"},"south":{"uv":[0,0,1,1],"texture":"#9"},"west":{"uv":[0,0,1,1],"texture":"#9"},"up":{"uv":[0,0,1,1],"texture":"#9"},"down":{"uv":[0,0,1,1],"texture":"#9"}}},{"from":[5.20497,5.87547,6.75393],"to":[11.00947,13.89633,7.90852],"rotation":{"angle":-45,"axis":"y","origin":[8.10722,12.72478,7.33123]},"faces":{"north":{"uv":[0,0,1,1],"texture":"#9"},"east":{"uv":[0,0,1,1],"texture":"#9"},"south":{"uv":[0,0,1,1],"texture":"#9"},"west":{"uv":[0,0,1,1],"texture":"#9"},"up":{"uv":[0,0,1,1],"texture":"#9"},"down":{"uv":[0,0,1,1],"texture":"#9"}}},{"from":[7.69157,3.23203,5.24161],"to":[8.52287,4.73656,9.42085],"rotation":{"angle":22.5,"axis":"y","origin":[8.10722,8.16354,7.33123]},"faces":{"north":{"uv":[0,0,1,1],"texture":"#9"},"east":{"uv":[0,0,1,1],"texture":"#9"},"south":{"uv":[0,0,1,1],"texture":"#9"},"west":{"uv":[0,0,1,1],"texture":"#9"},"up":{"uv":[0,0,1,1],"texture":"#9"},"down":{"uv":[0,0,1,1],"texture":"#9"}}},{"from":[7.69157,3.23203,5.24161],"to":[8.52287,4.73656,9.42085],"rotation":{"angle":0,"axis":"y","origin":[8.10722,8.16354,7.33123]},"faces":{"north":{"uv":[0,0,1,1],"texture":"#9"},"east":{"uv":[0,0,1,1],"texture":"#9"},"south":{"uv":[0,0,1,1],"texture":"#9"},"west":{"uv":[0,0,1,1],"texture":"#9"},"up":{"uv":[0,0,1,1],"texture":"#9"},"down":{"uv":[0,0,1,1],"texture":"#9"}}},{"from":[7.69157,3.23203,5.24161],"to":[8.52287,4.73656,9.42085],"rotation":{"angle":-22.5,"axis":"y","origin":[8.10722,8.16354,7.33123]},"faces":{"north":{"uv":[0,0,1,1],"texture":"#9"},"east":{"uv":[0,0,1,1],"texture":"#9"},"south":{"uv":[0,0,1,1],"texture":"#9"},"west":{"uv":[0,0,1,1],"texture":"#9"},"up":{"uv":[0,0,1,1],"texture":"#9"},"down":{"uv":[0,0,1,1],"texture":"#9"}}},{"from":[6.0176,3.23203,6.91558],"to":[10.19684,4.73656,7.74688],"rotation":{"angle":45,"axis":"y","origin":[8.10722,8.16354,7.33123]},"faces":{"north":{"uv":[0,0,1,1],"texture":"#9"},"east":{"uv":[0,0,1,1],"texture":"#9"},"south":{"uv":[0,0,1,1],"texture":"#9"},"west":{"uv":[0,0,1,1],"texture":"#9"},"up":{"uv":[0,0,1,1],"texture":"#9"},"down":{"uv":[0,0,1,1],"texture":"#9"}}},{"from":[6.0176,3.23203,6.91558],"to":[10.19684,4.73656,7.74688],"rotation":{"angle":22.5,"axis":"y","origin":[8.10722,8.16354,7.33123]},"faces":{"north":{"uv":[0,0,1,1],"texture":"#9"},"east":{"uv":[0,0,1,1],"texture":"#9"},"south":{"uv":[0,0,1,1],"texture":"#9"},"west":{"uv":[0,0,1,1],"texture":"#9"},"up":{"uv":[0,0,1,1],"texture":"#9"},"down":{"uv":[0,0,1,1],"texture":"#9"}}},{"from":[6.0176,3.23203,6.91558],"to":[10.19684,4.73656,7.74688],"rotation":{"angle":-22.5,"axis":"y","origin":[8.10722,8.16354,7.33123]},"faces":{"north":{"uv":[0,0,1,1],"texture":"#9"},"east":{"uv":[0,0,1,1],"texture":"#9"},"south":{"uv":[0,0,1,1],"texture":"#9"},"west":{"uv":[0,0,1,1],"texture":"#9"},"up":{"uv":[0,0,1,1],"texture":"#9"},"down":{"uv":[0,0,1,1],"texture":"#9"}}},{"from":[6.0176,3.23203,6.91558],"to":[10.19684,4.73656,7.74688],"rotation":{"angle":0,"axis":"y","origin":[8.10722,8.47554,7.33123]},"faces":{"north":{"uv":[0,0,1,1],"texture":"#9"},"east":{"uv":[0,0,1,1],"texture":"#9"},"south":{"uv":[0,0,1,1],"texture":"#9"},"west":{"uv":[0,0,1,1],"texture":"#9"},"up":{"uv":[0,0,1,1],"texture":"#9"},"down":{"uv":[0,0,1,1],"texture":"#9"}}},{"from":[6.0176,3.23203,6.91558],"to":[10.19684,4.73656,7.74688],"rotation":{"angle":-45,"axis":"y","origin":[8.10722,8.16354,7.33123]},"faces":{"north":{"uv":[0,0,1,1],"texture":"#9"},"east":{"uv":[0,0,1,1],"texture":"#9"},"south":{"uv":[0,0,1,1],"texture":"#9"},"west":{"uv":[0,0,1,1],"texture":"#9"},"up":{"uv":[0,0,1,1],"texture":"#9"},"down":{"uv":[0,0,1,1],"texture":"#9"}}},{"from":[7.58765,4.52379,4.7192],"to":[8.62678,6.40445,9.94325],"rotation":{"angle":22.5,"axis":"y","origin":[8.10722,10.68817,7.33123]},"faces":{"north":{"uv":[0,0,1,1],"texture":"#9"},"east":{"uv":[0,0,1,1],"texture":"#9"},"south":{"uv":[0,0,1,1],"texture":"#9"},"west":{"uv":[0,0,1,1],"texture":"#9"},"up":{"uv":[0,0,1,1],"texture":"#9"},"down":{"uv":[0,0,1,1],"texture":"#9"}}},{"from":[7.58765,4.52379,4.7192],"to":[8.62678,6.40445,9.94325],"rotation":{"angle":0,"axis":"y","origin":[8.10722,10.68817,7.33123]},"faces":{"north":{"uv":[0,0,1,1],"texture":"#9"},"east":{"uv":[0,0,1,1],"texture":"#9"},"south":{"uv":[0,0,1,1],"texture":"#9"},"west":{"uv":[0,0,1,1],"texture":"#9"},"up":{"uv":[0,0,1,1],"texture":"#9"},"down":{"uv":[0,0,1,1],"texture":"#9"}}},{"from":[7.58765,4.52379,4.7192],"to":[8.62678,6.40445,9.94325],"rotation":{"angle":-22.5,"axis":"y","origin":[8.10722,10.68817,7.33123]},"faces":{"north":{"uv":[0,0,1,1],"texture":"#9"},"east":{"uv":[0,0,1,1],"texture":"#9"},"south":{"uv":[0,0,1,1],"texture":"#9"},"west":{"uv":[0,0,1,1],"texture":"#9"},"up":{"uv":[0,0,1,1],"texture":"#9"},"down":{"uv":[0,0,1,1],"texture":"#9"}}},{"from":[5.49519,4.52379,6.81166],"to":[10.71924,6.40445,7.85079],"rotation":{"angle":45,"axis":"y","origin":[8.10722,10.68817,7.33123]},"faces":{"north":{"uv":[0,0,1,1],"texture":"#9"},"east":{"uv":[0,0,1,1],"texture":"#9"},"south":{"uv":[0,0,1,1],"texture":"#9"},"west":{"uv":[0,0,1,1],"texture":"#9"},"up":{"uv":[0,0,1,1],"texture":"#9"},"down":{"uv":[0,0,1,1],"texture":"#9"}}},{"from":[5.49519,4.52379,6.81166],"to":[10.71924,6.40445,7.85079],"rotation":{"angle":22.5,"axis":"y","origin":[8.10722,10.68817,7.33123]},"faces":{"north":{"uv":[0,0,1,1],"texture":"#9"},"east":{"uv":[0,0,1,1],"texture":"#9"},"south":{"uv":[0,0,1,1],"texture":"#9"},"west":{"uv":[0,0,1,1],"texture":"#9"},"up":{"uv":[0,0,1,1],"texture":"#9"},"down":{"uv":[0,0,1,1],"texture":"#9"}}},{"from":[5.49519,4.52379,6.81166],"to":[10.71924,6.40445,7.85079],"rotation":{"angle":0,"axis":"y","origin":[8.10722,11.07817,7.33123]},"faces":{"north":{"uv":[0,0,1,1],"texture":"#9"},"east":{"uv":[0,0,1,1],"texture":"#9"},"south":{"uv":[0,0,1,1],"texture":"#9"},"west":{"uv":[0,0,1,1],"texture":"#9"},"up":{"uv":[0,0,1,1],"texture":"#9"},"down":{"uv":[0,0,1,1],"texture":"#9"}}},{"from":[5.49519,4.52379,6.81166],"to":[10.71924,6.40445,7.85079],"rotation":{"angle":-22.5,"axis":"y","origin":[8.10722,10.68817,7.33123]},"faces":{"north":{"uv":[0,0,1,1],"texture":"#9"},"east":{"uv":[0,0,1,1],"texture":"#9"},"south":{"uv":[0,0,1,1],"texture":"#9"},"west":{"uv":[0,0,1,1],"texture":"#9"},"up":{"uv":[0,0,1,1],"texture":"#9"},"down":{"uv":[0,0,1,1],"texture":"#9"}}},{"from":[5.49519,4.52379,6.81166],"to":[10.71924,6.40445,7.85079],"rotation":{"angle":-45,"axis":"y","origin":[8.10722,10.68817,7.33123]},"faces":{"north":{"uv":[0,0,1,1],"texture":"#9"},"east":{"uv":[0,0,1,1],"texture":"#9"},"south":{"uv":[0,0,1,1],"texture":"#9"},"west":{"uv":[0,0,1,1],"texture":"#9"},"up":{"uv":[0,0,1,1],"texture":"#9"},"down":{"uv":[0,0,1,1],"texture":"#9"}}},{"from":[2.55918,12.79191,6.25873],"to":[3.11168,13.99441,8.50123],"rotation":{"angle":-22.5,"axis":"z","origin":[2.65668,13.01941,7.75373]},"faces":{"north":{"uv":[0.425,0,0,0.925],"texture":"#9"},"east":{"uv":[0.425,0,0,0.925],"texture":"#9"},"south":{"uv":[0.425,0,0,0.925],"texture":"#9"},"west":{"uv":[0.425,0,0,0.925],"texture":"#9"},"up":{"uv":[0.425,0,0,0.925],"texture":"#9"},"down":{"uv":[0.425,0,0,0.925],"texture":"#9"}}},{"from":[4.18418,9.86691,6.25873],"to":[4.768,11.03978,8.50123],"rotation":{"angle":-22.5,"axis":"z","origin":[2.65668,13.01941,7.75373]},"faces":{"north":{"uv":[0.425,0,0,0.925],"texture":"#9"},"east":{"uv":[0.425,0,0,0.925],"texture":"#9"},"south":{"uv":[0.425,0,0,0.925],"texture":"#9"},"west":{"uv":[0.425,0,0,0.925],"texture":"#9"},"up":{"uv":[0.425,0,0,0.925],"texture":"#9"},"down":{"uv":[0.425,0,0,0.925],"texture":"#9"}}},{"from":[2.47954,6.69891,6.25873],"to":[3.40088,12.84653,8.56623],"rotation":{"angle":0,"axis":"y","origin":[-2.29278,1.25,-3.06877]},"faces":{"north":{"uv":[0.4,0,0,4.2],"texture":"#9"},"east":{"uv":[0.4,0,0,4.2],"texture":"#9"},"south":{"uv":[0.4,0,0,4.2],"texture":"#9"},"west":{"uv":[0.4,0,0,4.2],"texture":"#9"},"up":{"uv":[0.4,0,0,4.2],"texture":"#9"},"down":{"uv":[0.4,0,0,4.2],"texture":"#9"}}},{"from":[2.93972,10.3825,6.25873],"to":[3.84972,13.9575,8.84248],"rotation":{"angle":0,"axis":"y","origin":[-2.29278,1.25,-3.06877]},"faces":{"north":{"uv":[0.7,0,0,1.5],"texture":"#9"},"east":{"uv":[0.7,0,0,1.5],"texture":"#9"},"south":{"uv":[0.7,0,0,1.5],"texture":"#9"},"west":{"uv":[0.7,0,0,1.5],"texture":"#9"},"up":{"uv":[0.7,0,0,1.5],"texture":"#9"},"down":{"uv":[0.7,0,0,1.5],"texture":"#9"}}},{"from":[12.44597,10.3825,6.25873],"to":[13.35597,13.9575,8.84248],"rotation":{"angle":0,"axis":"y","origin":[18.58847,1.25,-3.06877]},"faces":{"north":{"uv":[0,0,0.7,1.5],"texture":"#9"},"east":{"uv":[0,0,0.7,1.5],"texture":"#9"},"south":{"uv":[0,0,0.7,1.5],"texture":"#9"},"west":{"uv":[0,0,0.7,1.5],"texture":"#9"},"up":{"uv":[0,0,0.7,1.5],"texture":"#9"},"down":{"uv":[0,0,0.7,1.5],"texture":"#9"}}},{"from":[12.89481,6.69891,6.25873],"to":[13.81614,12.84653,8.56623],"rotation":{"angle":0,"axis":"y","origin":[18.58847,1.25,-3.06877]},"faces":{"north":{"uv":[0,0,0.4,4.2],"texture":"#9"},"east":{"uv":[0,0,0.4,4.2],"texture":"#9"},"south":{"uv":[0,0,0.4,4.2],"texture":"#9"},"west":{"uv":[0,0,0.4,4.2],"texture":"#9"},"up":{"uv":[0,0,0.4,4.2],"texture":"#9"},"down":{"uv":[0,0,0.4,4.2],"texture":"#9"}}},{"from":[13.18401,12.79191,6.25873],"to":[13.73651,13.99441,8.50123],"rotation":{"angle":22.5,"axis":"z","origin":[13.63901,13.01941,7.75373]},"faces":{"north":{"uv":[0,0,0.425,0.925],"texture":"#9"},"east":{"uv":[0,0,0.425,0.925],"texture":"#9"},"south":{"uv":[0,0,0.425,0.925],"texture":"#9"},"west":{"uv":[0,0,0.425,0.925],"texture":"#9"},"up":{"uv":[0,0,0.425,0.925],"texture":"#9"},"down":{"uv":[0,0,0.425,0.925],"texture":"#9"}}},{"from":[11.52768,9.86691,6.25873],"to":[12.11151,11.03978,8.50123],"rotation":{"angle":22.5,"axis":"z","origin":[13.63901,13.01941,7.75373]},"faces":{"north":{"uv":[0,0,0.425,0.925],"texture":"#9"},"east":{"uv":[0,0,0.425,0.925],"texture":"#9"},"south":{"uv":[0,0,0.425,0.925],"texture":"#9"},"west":{"uv":[0,0,0.425,0.925],"texture":"#9"},"up":{"uv":[0,0,0.425,0.925],"texture":"#9"},"down":{"uv":[0,0,0.425,0.925],"texture":"#9"}}}],"display":{"thirdperson_righthand":{"rotation":[2,151,0],"translation":[0,2.5,0],"scale":[0.4,0.4,0.4]},"thirdperson_lefthand":{"rotation":[2,107,0],"translation":[0,2.5,0],"scale":[0.4,0.4,0.4]},"firstperson_righthand":{"rotation":[2,151,0],"translation":[0,2.5,0],"scale":[0.4,0.4,0.4]},"firstperson_lefthand":{"rotation":[-1,107,0],"translation":[-0.5,4.25,1.25],"scale":[0.4,0.4,0.4]},"ground":{"scale":[0.5,0.5,0.5]},"gui":{"rotation":[17,-158,0],"translation":[0,-2,0.75],"scale":[0.5,0.5,0.5]},"head":{"translation":[0,-2.25,0],"scale":[0.5,0.5,0.5]},"fixed":{"rotation":[0,20,0],"translation":[0,-3.25,0.75],"scale":[0.8,0.8,0.8]}}}