{"credit":"Made with Blockbench by Valvac","textures":{"1":"block/white_stained_glass","2":"block/white_concrete","5":"block/gray_concrete","6":"block/light_blue_concrete","7":"block/lime_shulker_box","8":"block/2","19":"block/skins/up_carl","particle":"block/white_concrete"},"elements":[{"from":[0,0,0],"to":[16,2,16],"rotation":{"angle":45,"axis":"y","origin":[8,1,8]},"faces":{"north":{"uv":[0,0,16,2],"texture":"#2"},"east":{"uv":[0,0,16,2],"texture":"#2"},"south":{"uv":[0,0,16,2],"texture":"#2"},"west":{"uv":[0,0,16,2],"texture":"#2"},"up":{"uv":[0,0,16,16],"texture":"#2"},"down":{"uv":[0,0,16,16],"texture":"#2"}}},{"from":[14.11807,22,0.15246],"to":[16.11807,24,16.15246],"rotation":{"angle":-45,"axis":"y","origin":[8.24307,12.125,7.93371]},"faces":{"north":{"uv":[0,0,2,2],"texture":"#2"},"east":{"uv":[0,0,16,2],"texture":"#2"},"south":{"uv":[0,0,2,2],"texture":"#2"},"west":{"uv":[0,0,16,2],"texture":"#2"},"up":{"uv":[0,0,2,16],"texture":"#2"},"down":{"uv":[0,0,2,16],"texture":"#2"}}},{"from":[0.11807,22,14.15246],"to":[14.11807,24,16.15246],"rotation":{"angle":-45,"axis":"y","origin":[8.24307,12.125,7.93371]},"faces":{"north":{"uv":[0,0,14,2],"texture":"#2"},"east":{"uv":[0,0,2,2],"texture":"#2"},"south":{"uv":[0,0,14,2],"texture":"#2"},"west":{"uv":[0,0,2,2],"texture":"#2"},"up":{"uv":[0,0,14,2],"texture":"#2"},"down":{"uv":[0,0,14,2],"texture":"#2"}}},{"from":[-1.8995,23,6.58578],"to":[17.89949,24,9.33578],"rotation":{"angle":0,"axis":"y","origin":[8.24307,12.125,7.93371]},"faces":{"north":{"uv":[0,0,16,1],"texture":"#2"},"east":{"uv":[0,0,2.75,1],"texture":"#2"},"south":{"uv":[0,0,16,1],"texture":"#2"},"west":{"uv":[0,0,2.75,1],"texture":"#2"},"up":{"uv":[0,0,16,2.75],"texture":"#2"},"down":{"uv":[0,0,16,2.75],"texture":"#2"}}},{"from":[0.788,23,9.33578],"to":[15.21199,24,12.08578],"rotation":{"angle":0,"axis":"y","origin":[8.24307,12.125,7.93371]},"faces":{"north":{"uv":[0,0,14.42399,1],"texture":"#2"},"east":{"uv":[0,0,2.75,1],"texture":"#2"},"south":{"uv":[0,0,14.42399,1],"texture":"#2"},"west":{"uv":[0,0,2.75,1],"texture":"#2"},"up":{"uv":[0,0,14.42399,2.75],"texture":"#2"},"down":{"uv":[0,0,14.42399,2.75],"texture":"#2"}}},{"from":[3.6005,23,12.08578],"to":[12.39949,24,14.83578],"rotation":{"angle":0,"axis":"y","origin":[8.24307,12.125,7.93371]},"faces":{"north":{"uv":[0,0,8.79899,1],"texture":"#2"},"east":{"uv":[0,0,2.75,1],"texture":"#2"},"south":{"uv":[0,0,8.79899,1],"texture":"#2"},"west":{"uv":[0,0,2.75,1],"texture":"#2"},"up":{"uv":[0,0,8.79899,2.75],"texture":"#2"},"down":{"uv":[0,0,8.79899,2.75],"texture":"#2"}}},{"from":[6.3505,23,14.83578],"to":[9.64949,24,17.58578],"rotation":{"angle":0,"axis":"y","origin":[8.24307,12.125,7.93371]},"faces":{"north":{"uv":[0,0,3.29899,1],"texture":"#2"},"east":{"uv":[0,0,2.75,1],"texture":"#2"},"south":{"uv":[0,0,3.29899,1],"texture":"#2"},"west":{"uv":[0,0,2.75,1],"texture":"#2"},"up":{"uv":[0,0,3.29899,2.75],"texture":"#2"},"down":{"uv":[0,0,3.29899,2.75],"texture":"#2"}}},{"from":[14.11807,2,0.15246],"to":[16.11807,12,2.15246],"rotation":{"angle":-45,"axis":"y","origin":[8.24307,12.125,7.93371]},"faces":{"north":{"uv":[0,0,2,10],"texture":"#2"},"east":{"uv":[0,0,2,10],"texture":"#2"},"south":{"uv":[0,0,2,10],"texture":"#2"},"west":{"uv":[0,0,2,10],"texture":"#2"},"up":{"uv":[0,0,2,2],"texture":"#2"},"down":{"uv":[0,0,2,2],"texture":"#2"}}},{"from":[5.11807,2,0.15246],"to":[14.11807,7,2.15246],"rotation":{"angle":-45,"axis":"y","origin":[8.24307,12.125,7.93371]},"faces":{"north":{"uv":[0,0,9,5],"texture":"#2"},"east":{"uv":[0,0,2,5],"texture":"#2"},"south":{"uv":[0,0,9,5],"texture":"#2"},"west":{"uv":[0,0,2,5],"texture":"#2"},"up":{"uv":[0,0,9,2],"texture":"#2"},"down":{"uv":[0,0,9,2],"texture":"#2"}}},{"from":[5.61807,0.5,-0.09754],"to":[15.61807,1,1.15246],"rotation":{"angle":-45,"axis":"y","origin":[8.24307,12.125,7.93371]},"faces":{"north":{"uv":[0,0,10,0.5],"texture":"#6"},"east":{"uv":[0,0,1.25,0.5],"texture":"#6"},"south":{"uv":[0,0,10,0.5],"texture":"#6"},"west":{"uv":[0,0,1.25,0.5],"texture":"#6"},"up":{"uv":[0,0,10,1.25],"texture":"#6"},"down":{"uv":[0,0,10,1.25],"texture":"#6"}}},{"from":[15.11807,1,-0.09754],"to":[15.61807,6,1.15246],"rotation":{"angle":-45,"axis":"y","origin":[8.24307,12.125,7.93371]},"faces":{"north":{"uv":[0,0,0.5,5],"texture":"#6"},"east":{"uv":[0,0,1.25,5],"texture":"#6"},"south":{"uv":[0,0,0.5,5],"texture":"#6"},"west":{"uv":[0,0,1.25,5],"texture":"#6"},"up":{"uv":[0,0,0.5,1.25],"texture":"#6"},"down":{"uv":[0,0,0.5,1.25],"texture":"#6"}}},{"from":[5.61807,1,-0.09754],"to":[6.11807,6,1.15246],"rotation":{"angle":-45,"axis":"y","origin":[8.24307,12.125,7.93371]},"faces":{"north":{"uv":[0,0,0.5,5],"texture":"#6"},"east":{"uv":[0,0,1.25,5],"texture":"#6"},"south":{"uv":[0,0,0.5,5],"texture":"#6"},"west":{"uv":[0,0,1.25,5],"texture":"#6"},"up":{"uv":[0,0,0.5,1.25],"texture":"#6"},"down":{"uv":[0,0,0.5,1.25],"texture":"#6"}}},{"from":[7.74307,1.375,-0.09754],"to":[13.49307,5.375,1.02746],"rotation":{"angle":-45,"axis":"y","origin":[8.24307,12.125,7.93371]},"faces":{"north":{"uv":[0,0,16,11],"texture":"#8"}}},{"from":[5.80557,1,0.08996],"to":[15.18057,6,1.21496],"rotation":{"angle":-45,"axis":"y","origin":[8.24307,12.125,7.93371]},"faces":{"north":{"uv":[0,0,16,11],"texture":"#2"},"east":{"uv":[0,0,16,11],"texture":"#2"},"south":{"uv":[0,0,16,11],"texture":"#2"},"west":{"uv":[0,0,16,11],"texture":"#2"},"up":{"uv":[0,0,16,11],"texture":"#2"},"down":{"uv":[0,0,16,11],"texture":"#2"}}},{"from":[5.61807,6,-0.09754],"to":[15.61807,6.5,1.15246],"rotation":{"angle":-45,"axis":"y","origin":[8.24307,12.125,7.93371]},"faces":{"north":{"uv":[0,0,10,0.5],"texture":"#6"},"east":{"uv":[0,0,1.25,0.5],"texture":"#6"},"south":{"uv":[0,0,10,0.5],"texture":"#6"},"west":{"uv":[0,0,1.25,0.5],"texture":"#6"},"up":{"uv":[0,0,10,1.25],"texture":"#6"},"down":{"uv":[0,0,10,1.25],"texture":"#6"}}},{"from":[0.11807,2,14.15246],"to":[2.11807,12,16.15246],"rotation":{"angle":-45,"axis":"y","origin":[8.24307,12.125,7.93371]},"faces":{"north":{"uv":[0,0,2,10],"texture":"#2"},"east":{"uv":[0,0,2,10],"texture":"#2"},"south":{"uv":[0,0,2,10],"texture":"#2"},"west":{"uv":[0,0,2,10],"texture":"#2"},"up":{"uv":[0,0,2,2],"texture":"#2"},"down":{"uv":[0,0,2,2],"texture":"#2"}}},{"from":[14.11807,2,14.15246],"to":[16.11807,12,16.15246],"rotation":{"angle":-45,"axis":"y","origin":[8.24307,12.125,7.93371]},"faces":{"north":{"uv":[0,0,2,10],"texture":"#2"},"east":{"uv":[0,0,2,10],"texture":"#2"},"south":{"uv":[0,0,2,10],"texture":"#2"},"west":{"uv":[0,0,2,10],"texture":"#2"},"up":{"uv":[0,0,2,2],"texture":"#2"},"down":{"uv":[0,0,2,2],"texture":"#2"}}},{"from":[14.11807,2,2.15246],"to":[16.11807,12,14.15246],"rotation":{"angle":-45,"axis":"y","origin":[8.24307,12.125,7.93371]},"faces":{"north":{"uv":[0,0,2,10],"texture":"#2"},"east":{"uv":[0,0,12,10],"texture":"#2"},"south":{"uv":[0,0,2,10],"texture":"#2"},"west":{"uv":[0,0,12,10],"texture":"#2"},"up":{"uv":[0,0,2,12],"texture":"#2"},"down":{"uv":[0,0,2,12],"texture":"#2"}}},{"from":[14.11807,12,2.15246],"to":[16.11807,22,14.15246],"rotation":{"angle":-45,"axis":"y","origin":[8.24307,12.125,7.93371]},"faces":{"north":{"uv":[0,0,2,10],"texture":"#2"},"east":{"uv":[0,0,12,10],"texture":"#2"},"south":{"uv":[0,0,2,10],"texture":"#2"},"west":{"uv":[0,0,12,10],"texture":"#2"},"up":{"uv":[0,0,2,12],"texture":"#2"},"down":{"uv":[0,0,2,12],"texture":"#2"}}},{"from":[14.11807,12,0.15246],"to":[16.11807,22,2.15246],"rotation":{"angle":-45,"axis":"y","origin":[8.24307,12.125,7.93371]},"faces":{"north":{"uv":[0,0,2,10],"texture":"#2"},"east":{"uv":[0,0,2,10],"texture":"#2"},"south":{"uv":[0,0,2,10],"texture":"#2"},"west":{"uv":[0,0,2,10],"texture":"#2"},"up":{"uv":[0,0,2,2],"texture":"#2"},"down":{"uv":[0,0,2,2],"texture":"#2"}}},{"from":[15.11807,7,-0.03504],"to":[15.61807,23,2.33996],"rotation":{"angle":-45,"axis":"y","origin":[8.24307,12.125,7.93371]},"faces":{"north":{"uv":[0,0,2,10],"texture":"#6"},"east":{"uv":[0,0,2,10],"texture":"#6"},"south":{"uv":[0,0,2,10],"texture":"#6"},"west":{"uv":[0,0,2,10],"texture":"#6"},"up":{"uv":[0,0,2,2],"texture":"#6"},"down":{"uv":[0,0,2,2],"texture":"#6"}}},{"from":[1.11807,0.5,-0.03504],"to":[5.11807,1,2.33996],"rotation":{"angle":-45,"axis":"y","origin":[8.24307,12.125,7.93371]},"faces":{"north":{"uv":[0,0,2,10],"rotation":90,"texture":"#6"},"east":{"uv":[0,0,2,2],"rotation":270,"texture":"#6"},"south":{"uv":[0,0,2,10],"rotation":270,"texture":"#6"},"west":{"uv":[0,0,2,2],"rotation":270,"texture":"#6"},"up":{"uv":[0,0,2,10],"rotation":270,"texture":"#6"},"down":{"uv":[0,0,2,10],"rotation":270,"texture":"#6"}}},{"from":[-0.06943,0.5,9.65246],"to":[2.30557,1,14.15246],"rotation":{"angle":-45,"axis":"y","origin":[8.24307,12.125,7.93371]},"faces":{"north":{"uv":[0,0,2,2],"rotation":270,"texture":"#6"},"east":{"uv":[0,0,2,10],"rotation":90,"texture":"#6"},"south":{"uv":[0,0,2,2],"rotation":270,"texture":"#6"},"west":{"uv":[0,0,2,10],"rotation":270,"texture":"#6"},"up":{"uv":[0,0,2,10],"texture":"#6"},"down":{"uv":[0,0,2,10],"rotation":180,"texture":"#6"}}},{"from":[-0.06943,0.5,15.15246],"to":[2.30557,23,15.65246],"rotation":{"angle":-45,"axis":"y","origin":[8.24307,12.125,7.93371]},"faces":{"north":{"uv":[0,0,2,10],"texture":"#6"},"east":{"uv":[0,0,2,10],"texture":"#6"},"south":{"uv":[0,0,2,10],"texture":"#6"},"west":{"uv":[0,0,2,10],"texture":"#6"},"up":{"uv":[0,0,2,2],"rotation":90,"texture":"#6"},"down":{"uv":[0,0,2,2],"rotation":270,"texture":"#6"}}},{"from":[5.11807,7,1.15246],"to":[13.11807,8,2.15246],"rotation":{"angle":-45,"axis":"y","origin":[8.24307,12.125,7.93371]},"faces":{"north":{"uv":[1,15,10,16],"texture":"#1"},"east":{"uv":[1,15,10,16],"texture":"#1"},"south":{"uv":[1,15,10,16],"texture":"#1"},"west":{"uv":[1,15,10,16],"texture":"#1"},"up":{"uv":[1,15,10,16],"texture":"#1"},"down":{"uv":[1,15,10,16],"texture":"#1"}}},{"from":[13.11807,7,1.15246],"to":[14.11807,23,2.15246],"rotation":{"angle":-45,"axis":"y","origin":[8.24307,12.125,7.93371]},"faces":{"north":{"uv":[1,15,10,16],"texture":"#1"},"east":{"uv":[1,15,10,16],"texture":"#1"},"south":{"uv":[1,15,10,16],"texture":"#1"},"west":{"uv":[1,15,10,16],"texture":"#1"},"up":{"uv":[1,15,10,16],"texture":"#1"},"down":{"uv":[1,15,10,16],"texture":"#1"}}},{"from":[4.11807,3,1.15246],"to":[5.11807,7,2.15246],"rotation":{"angle":-45,"axis":"y","origin":[8.24307,12.125,7.93371]},"faces":{"north":{"uv":[0,10,1,16],"texture":"#1"},"east":{"uv":[0,10,1,16],"texture":"#1"},"south":{"uv":[0,10,1,16],"texture":"#1"},"west":{"uv":[0,10,1,16],"texture":"#1"},"down":{"uv":[0,10,1,16],"texture":"#1"}}},{"from":[2.11807,2,1.15246],"to":[4.11807,3,2.15246],"rotation":{"angle":-45,"axis":"y","origin":[8.24307,12.125,7.93371]},"faces":{"north":{"uv":[0,15,2,16],"texture":"#1"},"east":{"uv":[0,15,2,16],"texture":"#1"},"south":{"uv":[0,15,2,16],"texture":"#1"},"up":{"uv":[0,15,2,16],"texture":"#1"},"down":{"uv":[0,15,2,16],"texture":"#1"}}},{"from":[14.11807,12,14.15246],"to":[16.11807,22,16.15246],"rotation":{"angle":-45,"axis":"y","origin":[8.24307,12.125,7.93371]},"faces":{"north":{"uv":[0,0,2,10],"texture":"#2"},"east":{"uv":[0,0,2,10],"texture":"#2"},"south":{"uv":[0,0,2,10],"texture":"#2"},"west":{"uv":[0,0,2,10],"texture":"#2"},"up":{"uv":[0,0,2,2],"texture":"#2"},"down":{"uv":[0,0,2,2],"texture":"#2"}}},{"from":[2.11807,2,14.15246],"to":[14.11807,12,16.15246],"rotation":{"angle":-45,"axis":"y","origin":[8.24307,12.125,7.93371]},"faces":{"north":{"uv":[0,0,12,10],"texture":"#2"},"east":{"uv":[0,0,2,10],"texture":"#2"},"south":{"uv":[0,0,12,10],"texture":"#2"},"west":{"uv":[0,0,2,10],"texture":"#2"},"up":{"uv":[0,0,12,2],"texture":"#2"},"down":{"uv":[0,0,12,2],"texture":"#2"}}},{"from":[2.11807,12,14.15246],"to":[14.11807,22,16.15246],"rotation":{"angle":-45,"axis":"y","origin":[8.24307,12.125,7.93371]},"faces":{"north":{"uv":[0,0,12,10],"texture":"#2"},"east":{"uv":[0,0,2,10],"texture":"#2"},"south":{"uv":[0,0,12,10],"texture":"#2"},"west":{"uv":[0,0,2,10],"texture":"#2"},"up":{"uv":[0,0,12,2],"texture":"#2"},"down":{"uv":[0,0,12,2],"texture":"#2"}}},{"from":[0.11807,12,14.15246],"to":[2.11807,22,16.15246],"rotation":{"angle":-45,"axis":"y","origin":[8.24307,12.125,7.93371]},"faces":{"north":{"uv":[0,0,2,10],"texture":"#2"},"east":{"uv":[0,0,2,10],"texture":"#2"},"south":{"uv":[0,0,2,10],"texture":"#2"},"west":{"uv":[0,0,2,10],"texture":"#2"},"up":{"uv":[0,0,2,2],"texture":"#2"},"down":{"uv":[0,0,2,2],"texture":"#2"}}},{"from":[1.11807,2,2.15246],"to":[2.11807,3,13.15246],"rotation":{"angle":-45,"axis":"y","origin":[8.24307,12.125,7.93371]},"faces":{"east":{"uv":[3,15,15,16],"texture":"#1"},"west":{"uv":[3,15,15,16],"texture":"#1"},"up":{"uv":[3,15,15,16],"texture":"#1"},"down":{"uv":[3,15,15,16],"texture":"#1"}}},{"from":[1.11807,2,1.15246],"to":[2.11807,3,2.15246],"rotation":{"angle":-45,"axis":"y","origin":[8.24307,12.125,7.93371]},"faces":{"north":{"uv":[7,15,8,16],"texture":"#1"},"west":{"uv":[7,15,8,16],"texture":"#1"},"up":{"uv":[7,15,8,16],"texture":"#1"},"down":{"uv":[7,15,8,16],"texture":"#1"}}},{"from":[4.11807,2,1.15246],"to":[5.11807,3,2.15246],"rotation":{"angle":-45,"axis":"y","origin":[8.24307,12.125,7.93371]},"faces":{"north":{"uv":[7,15,8,16],"texture":"#1"},"east":{"uv":[7,15,8,16],"texture":"#1"},"south":{"uv":[7,15,8,16],"texture":"#1"},"down":{"uv":[7,15,8,16],"texture":"#1"}}},{"from":[4.11807,7,1.15246],"to":[5.11807,8,2.15246],"rotation":{"angle":-45,"axis":"y","origin":[8.24307,12.125,7.93371]},"faces":{"north":{"uv":[7,15,8,16],"texture":"#1"},"south":{"uv":[7,15,8,16],"texture":"#1"},"west":{"uv":[7,15,8,16],"texture":"#1"},"up":{"uv":[7,15,8,16],"texture":"#1"}}},{"from":[1.11807,2,13.15246],"to":[2.11807,23,14.15246],"rotation":{"angle":-45,"axis":"y","origin":[8.24307,12.125,7.93371]},"faces":{"north":{"uv":[7,15,8,16],"texture":"#1"},"east":{"uv":[7,15,8,16],"texture":"#1"},"south":{"uv":[7,15,8,16],"texture":"#1"},"west":{"uv":[7,15,8,16],"texture":"#1"},"up":{"uv":[7,15,8,16],"texture":"#1"},"down":{"uv":[7,15,8,16],"texture":"#1"}}},{"from":[-0.48528,22,6.58579],"to":[16.48528,23,7.58579],"rotation":{"angle":0,"axis":"y","origin":[8.24307,12.125,7.93371]},"faces":{"north":{"uv":[0,0,1,12],"texture":"#1"},"east":{"uv":[0,0,1,12],"texture":"#1"},"south":{"uv":[0,0,1,12],"texture":"#1"},"west":{"uv":[0,0,1,12],"texture":"#1"},"up":{"uv":[0,0,1,12],"texture":"#1"},"down":{"uv":[0,0,1,12],"texture":"#1"}}},{"from":[5.85847,9.2,5.32428],"to":[10.65847,16.4,7.72428],"rotation":{"angle":0,"axis":"y","origin":[8.24307,12.125,7.93371]},"faces":{"north":{"uv":[5.032,5.032,6.968,7.968],"texture":"#19"},"east":{"uv":[4.032,5.032,4.968,7.968],"texture":"#19"},"south":{"uv":[8.032,5.032,9.968,7.968],"texture":"#19"},"west":{"uv":[7.032,5.032,7.968,7.968],"texture":"#19"},"up":{"uv":[5.032,4.032,6.968,4.968],"rotation":180,"texture":"#19"},"down":{"uv":[7.032,4.968,8.968,4.032],"rotation":180,"texture":"#19"}}},{"from":[5.35847,9.2,4.57428],"to":[11.15847,12.2125,8.59928],"rotation":{"angle":0,"axis":"y","origin":[8.24307,12.125,7.93371]},"faces":{"north":{"uv":[5.032,6.782,6.968,7.968],"texture":"#19"},"east":{"uv":[4.032,5.032,4.968,7.968],"texture":"#19"},"south":{"uv":[8.032,5.032,9.968,7.968],"texture":"#19"},"west":{"uv":[7.032,5.032,7.968,7.968],"texture":"#19"},"up":{"uv":[5.032,6.5945,6.968,6.9055],"rotation":180,"texture":"#19"},"down":{"uv":[7.032,4.968,8.968,4.032],"rotation":180,"texture":"#19"}}},{"from":[5.54597,12.2,4.69928],"to":[10.97097,15.275,8.34928],"rotation":{"angle":0,"axis":"y","origin":[8.24307,12.125,7.93371]},"faces":{"north":{"uv":[5.032,5.282,6.968,6.718],"texture":"#19"},"east":{"uv":[4.032,5.032,4.968,7.968],"texture":"#19"},"south":{"uv":[8.032,5.032,9.968,7.968],"texture":"#19"},"west":{"uv":[7.032,5.032,7.968,7.968],"texture":"#19"},"up":{"uv":[5.032,5.282,6.968,5.4055],"rotation":180,"texture":"#19"},"down":{"uv":[7.032,4.968,8.968,4.032],"rotation":180,"texture":"#19"}}},{"from":[6.10847,15.2625,5.01178],"to":[10.40847,16.2125,8.03678],"rotation":{"angle":0,"axis":"y","origin":[8.24307,12.125,7.93371]},"faces":{"north":{"uv":[5.032,5.032,6.968,5.468],"texture":"#19"},"east":{"uv":[4.032,5.032,4.968,7.968],"texture":"#19"},"south":{"uv":[8.032,5.032,9.968,7.968],"texture":"#19"},"west":{"uv":[7.032,5.032,7.968,7.968],"texture":"#19"},"up":{"uv":[5.032,4.032,6.968,4.968],"rotation":180,"texture":"#19"},"down":{"uv":[7.032,4.968,8.968,4.032],"rotation":180,"texture":"#19"}}},{"from":[5.70847,9.05,5.17428],"to":[10.80847,16.55,7.87428],"rotation":{"angle":0,"axis":"y","origin":[8.24307,12.125,7.93371]},"faces":{"north":{"uv":[5.032,9.032,6.968,11.968],"texture":"#19"},"east":{"uv":[4.032,9.032,4.968,11.968],"texture":"#19"},"south":{"uv":[8.032,9.032,9.968,11.968],"texture":"#19"},"west":{"uv":[7.032,9.032,7.968,11.968],"texture":"#19"},"up":{"uv":[5.032,8.032,6.968,8.968],"rotation":180,"texture":"#19"},"down":{"uv":[7.032,8.968,8.968,8.032],"rotation":180,"texture":"#19"}}},{"from":[5.85847,2,5.32428],"to":[8.25847,9.2,7.72428],"rotation":{"angle":0,"axis":"y","origin":[8.24307,12.125,7.93371]},"faces":{"north":{"uv":[1.032,5.032,1.968,7.968],"texture":"#19"},"east":{"uv":[0.032,5.032,0.968,7.968],"texture":"#19"},"south":{"uv":[3.032,5.032,3.968,7.968],"texture":"#19"},"west":{"uv":[2.032,5.032,2.968,7.968],"texture":"#19"},"up":{"uv":[1.032,4.032,1.968,4.968],"rotation":180,"texture":"#19"},"down":{"uv":[2.032,4.968,2.968,4.032],"rotation":180,"texture":"#19"}}},{"from":[5.70847,1.85,5.17428],"to":[8.40847,9.35,7.87428],"rotation":{"angle":0,"axis":"y","origin":[8.24307,12.125,7.93371]},"faces":{"north":{"uv":[1.032,9.032,1.968,11.968],"texture":"#19"},"east":{"uv":[0.032,9.032,0.968,11.968],"texture":"#19"},"south":{"uv":[3.032,9.032,3.968,11.968],"texture":"#19"},"west":{"uv":[2.032,9.032,2.968,11.968],"texture":"#19"},"up":{"uv":[1.032,8.032,1.968,8.968],"rotation":180,"texture":"#19"},"down":{"uv":[2.032,8.968,2.968,8.032],"rotation":180,"texture":"#19"}}},{"from":[8.25847,2,5.32428],"to":[10.65847,9.2,7.72428],"rotation":{"angle":0,"axis":"y","origin":[8.24307,12.125,7.93371]},"faces":{"north":{"uv":[5.032,13.032,5.968,15.968],"texture":"#19"},"east":{"uv":[4.032,13.032,4.968,15.968],"texture":"#19"},"south":{"uv":[7.032,13.032,7.968,15.968],"texture":"#19"},"west":{"uv":[6.032,13.032,6.968,15.968],"texture":"#19"},"up":{"uv":[5.032,12.032,5.968,12.968],"rotation":180,"texture":"#19"},"down":{"uv":[6.032,12.968,6.968,12.032],"rotation":180,"texture":"#19"}}},{"from":[8.10847,1.85,5.17428],"to":[10.80847,9.35,7.87428],"rotation":{"angle":0,"axis":"y","origin":[8.24307,12.125,7.93371]},"faces":{"north":{"uv":[1.032,13.032,1.968,15.968],"texture":"#19"},"east":{"uv":[0.032,13.032,0.968,15.968],"texture":"#19"},"south":{"uv":[3.032,13.032,3.968,15.968],"texture":"#19"},"west":{"uv":[2.032,13.032,2.968,15.968],"texture":"#19"},"up":{"uv":[1.032,12.032,1.968,12.968],"rotation":180,"texture":"#19"},"down":{"uv":[2.032,12.968,2.968,12.032],"rotation":180,"texture":"#19"}}},{"from":[5.79597,16.0375,4.06178],"to":[10.72097,20.9625,8.98678],"rotation":{"angle":0,"axis":"y","origin":[8.24307,12.125,7.93371]},"faces":{"north":{"uv":[2.032,2.032,3.968,3.968],"texture":"#19"},"east":{"uv":[0.032,2.032,1.968,3.968],"texture":"#19"},"south":{"uv":[6.032,2.032,7.968,3.968],"texture":"#19"},"west":{"uv":[4.032,2.032,5.968,3.968],"texture":"#19"},"up":{"uv":[2.032,0.032,3.968,1.968],"rotation":180,"texture":"#19"},"down":{"uv":[4.032,1.968,5.968,0.032],"rotation":180,"texture":"#19"}}},{"from":[7.29597,17.225,3.68678],"to":[9.22097,18.525,5.48678],"rotation":{"angle":0,"axis":"y","origin":[8.24307,12.125,7.93371]},"faces":{"north":{"uv":[2.532,3.032,3.468,3.468],"texture":"#19"},"east":{"uv":[1.532,3.532,1.968,3.968],"texture":"#19"},"south":{"uv":[6.032,2.032,7.968,3.968],"texture":"#19"},"west":{"uv":[4.032,3.532,4.468,3.968],"texture":"#19"},"up":{"uv":[2.532,3.032,3.468,3.218],"rotation":180,"texture":"#19"},"down":{"uv":[4.032,1.968,5.968,1.657],"rotation":180,"texture":"#19"}}},{"from":[5.54597,15.975,3.93678],"to":[10.97097,17.2125,5.23678],"rotation":{"angle":0,"axis":"y","origin":[8.24307,12.125,7.93371]},"faces":{"north":{"uv":[2.032,3.532,3.968,3.968],"texture":"#19"},"east":{"uv":[1.532,3.532,1.968,3.968],"texture":"#19"},"south":{"uv":[6.032,2.032,7.968,3.968],"texture":"#19"},"west":{"uv":[4.032,3.532,4.468,3.968],"texture":"#19"},"up":{"uv":[2.032,3.4695,3.968,3.5305],"rotation":180,"texture":"#19"},"down":{"uv":[4.032,1.968,5.968,1.657],"rotation":180,"texture":"#19"}}},{"from":[5.54597,17.225,5.68678],"to":[10.97097,19.2125,6.98678],"rotation":{"angle":0,"axis":"y","origin":[8.24307,12.125,7.93371]},"faces":{"north":{"uv":[2.032,3.532,3.968,3.968],"texture":"#19"},"east":{"uv":[1.032,2.782,1.468,3.468],"texture":"#19"},"south":{"uv":[6.032,2.032,7.968,3.968],"texture":"#19"},"west":{"uv":[4.532,2.782,4.968,3.468],"texture":"#19"},"up":{"uv":[2.032,3.4695,3.968,3.5305],"rotation":180,"texture":"#19"},"down":{"uv":[4.032,1.968,5.968,1.657],"rotation":180,"texture":"#19"}}},{"from":[5.64597,15.8875,3.91178],"to":[10.87097,21.1125,9.13678],"rotation":{"angle":0,"axis":"y","origin":[8.24307,12.125,7.93371]},"faces":{"north":{"uv":[10.032,2.032,11.968,3.968],"texture":"#19"},"east":{"uv":[8.032,2.032,9.968,3.968],"texture":"#19"},"south":{"uv":[14.032,2.032,15.968,3.968],"texture":"#19"},"west":{"uv":[12.032,2.032,13.968,3.968],"texture":"#19"},"up":{"uv":[10.032,0.032,11.968,1.968],"rotation":180,"texture":"#19"},"down":{"uv":[12.032,1.968,13.968,0.032],"rotation":180,"texture":"#19"}}},{"from":[10.27097,17.825,3.66178],"to":[10.87097,19.8625,3.88678],"rotation":{"angle":0,"axis":"y","origin":[8.24307,12.125,7.93371]},"faces":{"north":{"uv":[10.032,2.532,10.218,3.218],"texture":"#19"},"east":{"uv":[10.032,2.532,10.218,3.218],"texture":"#19"},"south":{"uv":[10.032,2.532,10.218,3.218],"texture":"#19"},"west":{"uv":[10.032,2.532,10.218,3.218],"texture":"#19"},"up":{"uv":[10.032,2.532,10.218,3.218],"texture":"#19"},"down":{"uv":[10.032,2.532,10.218,3.218],"texture":"#19"}}},{"from":[8.45847,17.825,3.66178],"to":[9.05847,19.8625,3.88678],"rotation":{"angle":0,"axis":"y","origin":[8.24307,12.125,7.93371]},"faces":{"north":{"uv":[10.032,2.532,10.218,3.218],"texture":"#19"},"east":{"uv":[10.032,2.532,10.218,3.218],"texture":"#19"},"south":{"uv":[10.032,2.532,10.218,3.218],"texture":"#19"},"west":{"uv":[10.032,2.532,10.218,3.218],"texture":"#19"},"up":{"uv":[10.032,2.532,10.218,3.218],"texture":"#19"},"down":{"uv":[10.032,2.532,10.218,3.218],"texture":"#19"}}},{"from":[9.05847,19.2,3.66178],"to":[10.27097,19.8625,3.88678],"rotation":{"angle":0,"axis":"y","origin":[8.24307,12.125,7.93371]},"faces":{"north":{"uv":[10.282,2.532,10.468,2.718],"texture":"#19"},"east":{"uv":[10.032,2.532,10.218,3.218],"texture":"#19"},"south":{"uv":[10.032,2.532,10.218,3.218],"texture":"#19"},"west":{"uv":[10.032,2.532,10.218,3.218],"texture":"#19"},"up":{"uv":[10.032,2.532,10.218,3.218],"texture":"#19"},"down":{"uv":[10.032,2.532,10.218,3.218],"texture":"#19"}}},{"from":[7.93347,18.5125,3.72428],"to":[8.52097,19.175,3.94928],"rotation":{"angle":0,"axis":"y","origin":[8.24307,12.125,7.93371]},"faces":{"north":{"uv":[10.282,2.532,10.468,2.718],"texture":"#19"},"east":{"uv":[10.032,2.532,10.218,3.218],"texture":"#19"},"south":{"uv":[10.032,2.532,10.218,3.218],"texture":"#19"},"west":{"uv":[10.032,2.532,10.218,3.218],"texture":"#19"},"up":{"uv":[10.032,2.532,10.218,3.218],"texture":"#19"},"down":{"uv":[10.032,2.532,10.218,3.218],"texture":"#19"}}},{"from":[10.67722,18.5125,3.88053],"to":[10.90222,19.175,5.85553],"rotation":{"angle":0,"axis":"y","origin":[9.66472,19.53125,3.77428]},"faces":{"north":{"uv":[10.032,2.532,10.218,3.218],"texture":"#19"},"east":{"uv":[10.282,2.532,10.468,2.718],"texture":"#19"},"south":{"uv":[10.032,2.532,10.218,3.218],"texture":"#19"},"west":{"uv":[10.032,2.532,10.218,3.218],"texture":"#19"},"up":{"uv":[10.032,2.532,10.218,3.218],"rotation":90,"texture":"#19"},"down":{"uv":[10.032,2.532,10.218,3.218],"rotation":270,"texture":"#19"}}},{"from":[9.05847,17.825,3.66178],"to":[10.27097,18.4875,3.88678],"rotation":{"angle":0,"axis":"y","origin":[8.24307,12.125,7.93371]},"faces":{"north":{"uv":[10.282,2.532,10.468,2.718],"texture":"#19"},"east":{"uv":[10.032,2.532,10.218,3.218],"texture":"#19"},"south":{"uv":[10.032,2.532,10.218,3.218],"texture":"#19"},"west":{"uv":[10.032,2.532,10.218,3.218],"texture":"#19"},"up":{"uv":[10.032,2.532,10.218,3.218],"texture":"#19"},"down":{"uv":[10.032,2.532,10.218,3.218],"texture":"#19"}}},{"from":[5.59778,18.5125,3.88053],"to":[5.82278,19.175,5.85553],"rotation":{"angle":0,"axis":"y","origin":[6.33528,19.53125,3.77428]},"faces":{"north":{"uv":[10.218,2.532,10.032,3.218],"texture":"#19"},"east":{"uv":[10.218,2.532,10.032,3.218],"texture":"#19"},"south":{"uv":[10.218,2.532,10.032,3.218],"texture":"#19"},"west":{"uv":[10.468,2.532,10.282,2.718],"texture":"#19"},"up":{"uv":[10.032,3.218,10.218,2.532],"rotation":90,"texture":"#19"},"down":{"uv":[10.032,3.218,10.218,2.532],"rotation":270,"texture":"#19"}}},{"from":[5.62903,17.825,3.66178],"to":[6.22903,19.8625,3.88678],"rotation":{"angle":0,"axis":"y","origin":[7.75693,12.125,7.93371]},"faces":{"north":{"uv":[10.218,2.532,10.032,3.218],"texture":"#19"},"east":{"uv":[10.218,2.532,10.032,3.218],"texture":"#19"},"south":{"uv":[10.218,2.532,10.032,3.218],"texture":"#19"},"west":{"uv":[10.218,2.532,10.032,3.218],"texture":"#19"},"up":{"uv":[10.218,2.532,10.032,3.218],"texture":"#19"},"down":{"uv":[10.218,2.532,10.032,3.218],"texture":"#19"}}},{"from":[6.22903,19.2,3.66178],"to":[7.44153,19.8625,3.88678],"rotation":{"angle":0,"axis":"y","origin":[7.75693,12.125,7.93371]},"faces":{"north":{"uv":[10.468,2.532,10.282,2.718],"texture":"#19"},"east":{"uv":[10.218,2.532,10.032,3.218],"texture":"#19"},"south":{"uv":[10.218,2.532,10.032,3.218],"texture":"#19"},"west":{"uv":[10.218,2.532,10.032,3.218],"texture":"#19"},"up":{"uv":[10.218,2.532,10.032,3.218],"texture":"#19"},"down":{"uv":[10.218,2.532,10.032,3.218],"texture":"#19"}}},{"from":[7.44153,17.825,3.66178],"to":[8.04153,19.8625,3.88678],"rotation":{"angle":0,"axis":"y","origin":[7.75693,12.125,7.93371]},"faces":{"north":{"uv":[10.218,2.532,10.032,3.218],"texture":"#19"},"east":{"uv":[10.218,2.532,10.032,3.218],"texture":"#19"},"south":{"uv":[10.218,2.532,10.032,3.218],"texture":"#19"},"west":{"uv":[10.218,2.532,10.032,3.218],"texture":"#19"},"up":{"uv":[10.218,2.532,10.032,3.218],"texture":"#19"},"down":{"uv":[10.218,2.532,10.032,3.218],"texture":"#19"}}},{"from":[6.22903,17.825,3.66178],"to":[7.44153,18.4875,3.88678],"rotation":{"angle":0,"axis":"y","origin":[7.75693,12.125,7.93371]},"faces":{"north":{"uv":[10.468,2.532,10.282,2.718],"texture":"#19"},"east":{"uv":[10.218,2.532,10.032,3.218],"texture":"#19"},"south":{"uv":[10.218,2.532,10.032,3.218],"texture":"#19"},"west":{"uv":[10.218,2.532,10.032,3.218],"texture":"#19"},"up":{"uv":[10.218,2.532,10.032,3.218],"texture":"#19"},"down":{"uv":[10.218,2.532,10.032,3.218],"texture":"#19"}}},{"from":[3.24689,12.42349,5.13174],"to":[5.95389,16.20349,7.65174],"rotation":{"angle":-45,"axis":"x","origin":[4.10039,15.00374,6.2325]},"faces":{"north":{"uv":[9.032,13.032,9.968,14.5],"texture":"#19"},"east":{"uv":[8.032,13.032,8.968,14.5],"texture":"#19"},"south":{"uv":[11.032,13.032,11.968,14.5],"texture":"#19"},"west":{"uv":[10.032,13.032,10.968,14.5],"texture":"#19"},"up":{"uv":[9.032,12.032,9.968,12.968],"rotation":180,"texture":"#19"},"down":{"uv":[0.032,0.032,0.032,0.032],"rotation":270,"texture":"#19"}}},{"from":[2.84039,10.40234,7.10227],"to":[5.36039,14.18234,9.62227],"rotation":{"angle":22.5,"axis":"x","origin":[4.10039,15.00374,6.2325]},"faces":{"north":{"uv":[8.032,14.5,8.968,15.968],"texture":"#19"},"east":{"uv":[11.032,14.5,11.968,15.968],"texture":"#19"},"south":{"uv":[10.968,15.968,10.032,14.5],"rotation":180,"texture":"#19"},"west":{"uv":[9.032,14.5,9.968,15.968],"texture":"#19"},"up":{"uv":[0,0,0,0],"texture":"#19"},"down":{"uv":[10.032,12.968,10.968,12.032],"rotation":270,"texture":"#19"}}},{"from":[3.10614,12.94533,6.52532],"to":[5.59464,14.17383,9.04532],"rotation":{"angle":0,"axis":"x","origin":[4.10039,15.00374,6.2325]},"faces":{"north":{"uv":[8.032,14.3,8.968,14.7],"texture":"#19"},"east":{"uv":[11.032,14.3,11.968,14.7],"texture":"#19"},"south":{"uv":[10.032,14.3,10.968,14.7],"texture":"#19"},"west":{"uv":[9.032,14.3,9.968,14.7],"texture":"#19"},"up":{"uv":[0,0,0,0],"texture":"#19"},"down":{"uv":[0.032,0.032,0.032,0.032],"rotation":270,"texture":"#19"}}},{"from":[12.51454,16.81986,5.20784],"to":[15.03454,20.59986,7.72784],"rotation":{"angle":0,"axis":"z","origin":[13.22539,17.24626,6.46784]},"faces":{"north":{"uv":[11.032,15.968,11.968,14.5],"texture":"#19"},"east":{"uv":[10.968,14.5,10.032,15.968],"rotation":180,"texture":"#19"},"south":{"uv":[9.032,15.968,9.968,14.5],"texture":"#19"},"west":{"uv":[8.032,15.968,8.968,14.5],"texture":"#19"},"up":{"uv":[10.968,12.968,10.032,12.032],"rotation":180,"texture":"#19"},"down":{"uv":[0,0,0,0],"rotation":90,"texture":"#19"}}},{"from":[12.53541,16.31847,5.22359],"to":[15.05541,17.54697,7.71209],"rotation":{"angle":-22.5,"axis":"z","origin":[13.22539,17.24626,6.46784]},"faces":{"north":{"uv":[11.032,14.7,11.968,14.3],"texture":"#19"},"east":{"uv":[10.032,14.7,10.968,14.3],"texture":"#19"},"south":{"uv":[9.032,14.7,9.968,14.3],"texture":"#19"},"west":{"uv":[8.032,14.7,8.968,14.3],"texture":"#19"},"up":{"uv":[0.032,0.032,0.032,0.032],"rotation":180,"texture":"#19"},"down":{"uv":[0,0,0,0],"rotation":90,"texture":"#19"}}},{"from":[10.08782,15.27908,5.11434],"to":[13.86782,17.79908,7.82134],"rotation":{"angle":22.5,"axis":"z","origin":[13.22539,17.24626,6.46784]},"faces":{"north":{"uv":[8.968,13.032,8.032,14.5],"rotation":90,"texture":"#19"},"east":{"uv":[0.032,0.032,0.032,0.032],"rotation":90,"texture":"#19"},"south":{"uv":[10.968,13.032,10.032,14.5],"rotation":270,"texture":"#19"},"west":{"uv":[9.968,12.032,9.032,12.968],"rotation":180,"texture":"#19"},"up":{"uv":[9.968,13.032,9.032,14.5],"rotation":270,"texture":"#19"},"down":{"uv":[11.968,13.032,11.032,14.5],"rotation":270,"texture":"#19"}}},{"from":[3.625,6.67678,4.48928],"to":[4.375,9.67678,5.36428],"rotation":{"angle":0,"axis":"y","origin":[0,0.17678,0.23928]},"faces":{"north":{"uv":[0,0,0.75,3],"texture":"#5"},"east":{"uv":[0,0,0.875,3],"texture":"#5"},"south":{"uv":[0,0,0.75,3],"texture":"#5"},"west":{"uv":[0,0,0.875,3],"texture":"#5"},"up":{"uv":[0,0,0.75,0.875],"texture":"#5"},"down":{"uv":[0,0,0.75,0.875],"texture":"#5"}}},{"from":[3.625,2.99976,5.36986],"to":[4.375,4.74976,6.24486],"rotation":{"angle":0,"axis":"y","origin":[0,-2.75024,1.11986]},"faces":{"north":{"uv":[0,0,0.75,1.75],"texture":"#5"},"east":{"uv":[0,0,0.875,1.75],"texture":"#5"},"south":{"uv":[0,0,0.75,1.75],"texture":"#5"},"west":{"uv":[0,0,0.875,1.75],"texture":"#5"},"up":{"uv":[0,0,0.75,0.875],"texture":"#5"},"down":{"uv":[0,0,0.75,0.875],"texture":"#5"}}},{"from":[3.75,2.99976,4.30736],"to":[4.25,3.24976,7.30736],"rotation":{"angle":0,"axis":"y","origin":[0,-2.75024,1.05736]},"faces":{"north":{"uv":[0,0,0.5,0.25],"texture":"#5"},"east":{"uv":[0,0,3,0.25],"texture":"#5"},"south":{"uv":[0,0,0.5,0.25],"texture":"#5"},"west":{"uv":[0,0,3,0.25],"texture":"#5"},"up":{"uv":[0,0,0.5,3],"texture":"#5"},"down":{"uv":[0,0,0.5,3],"texture":"#5"}}},{"from":[2.5,2.99976,5.55736],"to":[5.5,3.24976,6.05736],"rotation":{"angle":0,"axis":"y","origin":[4,3.12476,5.80736]},"faces":{"north":{"uv":[0,0,3,0.25],"texture":"#5"},"east":{"uv":[0,0,0.5,0.25],"texture":"#5"},"south":{"uv":[0,0,3,0.25],"texture":"#5"},"west":{"uv":[0,0,0.5,0.25],"texture":"#5"},"up":{"uv":[0,0,0.5,3],"rotation":90,"texture":"#5"},"down":{"uv":[0,0,0.5,3],"rotation":270,"texture":"#5"}}},{"from":[2.5,1.99976,5.30736],"to":[3.5,2.99976,6.30736],"rotation":{"angle":22.5,"axis":"y","origin":[3,2.49976,5.80736]},"faces":{"north":{"uv":[0,0,16,16],"rotation":90,"texture":"#7"},"east":{"uv":[0,0,16,16],"rotation":90,"texture":"#7"},"south":{"uv":[0,0,16,16],"rotation":90,"texture":"#7"},"west":{"uv":[0,0,16,16],"rotation":90,"texture":"#7"},"up":{"uv":[0,0,16,16],"rotation":90,"texture":"#7"},"down":{"uv":[0,0,16,16],"rotation":90,"texture":"#7"}}},{"from":[4.5,1.99976,5.30736],"to":[5.5,2.99976,6.30736],"rotation":{"angle":-22.5,"axis":"y","origin":[5,2.49976,5.80736]},"faces":{"north":{"uv":[0,0,16,16],"rotation":90,"texture":"#7"},"east":{"uv":[0,0,16,16],"rotation":90,"texture":"#7"},"south":{"uv":[0,0,16,16],"rotation":90,"texture":"#7"},"west":{"uv":[0,0,16,16],"rotation":90,"texture":"#7"},"up":{"uv":[0,0,16,16],"rotation":90,"texture":"#7"},"down":{"uv":[0,0,16,16],"rotation":90,"texture":"#7"}}},{"from":[3.5,1.99976,4.30736],"to":[4.5,2.99976,5.30736],"rotation":{"angle":-45,"axis":"y","origin":[4,2.49976,4.80736]},"faces":{"north":{"uv":[0,0,16,16],"rotation":90,"texture":"#7"},"east":{"uv":[0,0,16,16],"rotation":90,"texture":"#7"},"south":{"uv":[0,0,16,16],"rotation":90,"texture":"#7"},"west":{"uv":[0,0,16,16],"rotation":90,"texture":"#7"},"up":{"uv":[0,0,16,16],"rotation":90,"texture":"#7"},"down":{"uv":[0,0,16,16],"rotation":90,"texture":"#7"}}},{"from":[3.5,1.99976,6.30736],"to":[4.5,2.99976,7.30736],"rotation":{"angle":-45,"axis":"y","origin":[4,2.49976,6.80736]},"faces":{"north":{"uv":[0,0,16,16],"rotation":90,"texture":"#7"},"east":{"uv":[0,0,16,16],"rotation":90,"texture":"#7"},"south":{"uv":[0,0,16,16],"rotation":90,"texture":"#7"},"west":{"uv":[0,0,16,16],"rotation":90,"texture":"#7"},"up":{"uv":[0,0,16,16],"rotation":90,"texture":"#7"},"down":{"uv":[0,0,16,16],"rotation":90,"texture":"#7"}}},{"from":[3.625,9.68566,5.37316],"to":[4.375,10.56066,7.37316],"rotation":{"angle":0,"axis":"x","origin":[4,10.06066,8.49816]},"faces":{"north":{"uv":[0,0,0.75,0.875],"rotation":180,"texture":"#5"},"east":{"uv":[0,0,0.875,2],"rotation":270,"texture":"#5"},"south":{"uv":[0,0,0.75,0.875],"texture":"#5"},"west":{"uv":[0,0,0.875,2],"rotation":90,"texture":"#5"},"up":{"uv":[0,0,0.75,2],"rotation":180,"texture":"#5"},"down":{"uv":[0,0,0.75,2],"texture":"#5"}}},{"from":[3.625,9.28661,4.43122],"to":[4.375,10.53661,5.30622],"rotation":{"angle":45,"axis":"x","origin":[4,9.41161,4.93122]},"faces":{"north":{"uv":[0,0,0.75,1.25],"texture":"#5"},"east":{"uv":[0,0,0.875,1.25],"texture":"#5"},"south":{"uv":[0,0,0.75,1.25],"texture":"#5"},"west":{"uv":[0,0,0.875,1.25],"texture":"#5"},"up":{"uv":[0,0,0.75,0.875],"texture":"#5"},"down":{"uv":[0,0,0.75,0.875],"texture":"#5"}}},{"from":[3.625,4.45375,4.88174],"to":[4.375,6.95375,5.75674],"rotation":{"angle":-22.5,"axis":"x","origin":[4,5.82875,5.38174]},"faces":{"north":{"uv":[0,0,0.75,2.5],"texture":"#5"},"east":{"uv":[0,0,0.875,2.5],"texture":"#5"},"south":{"uv":[0,0,0.75,2.5],"texture":"#5"},"west":{"uv":[0,0,0.875,2.5],"texture":"#5"},"up":{"uv":[0,0,0.75,0.875],"texture":"#5"},"down":{"uv":[0,0,0.75,0.875],"texture":"#5"}}}],"display":{"thirdperson_righthand":{"rotation":[2,151,0],"translation":[0,2.5,0],"scale":[0.4,0.4,0.4]},"thirdperson_lefthand":{"rotation":[2,107,0],"translation":[0,2.5,0],"scale":[0.4,0.4,0.4]},"firstperson_righthand":{"rotation":[2,151,0],"translation":[0,2.5,0],"scale":[0.4,0.4,0.4]},"firstperson_lefthand":{"rotation":[-1,107,0],"translation":[-0.5,4.25,1.25],"scale":[0.4,0.4,0.4]},"ground":{"scale":[0.5,0.5,0.5]},"gui":{"rotation":[17,-158,0],"translation":[0,-2,0.75],"scale":[0.5,0.5,0.5]},"head":{"translation":[0,-2.25,0],"scale":[0.5,0.5,0.5]},"fixed":{"rotation":[0,20,0],"translation":[0,-3.25,0.75],"scale":[0.8,0.8,0.8]}},"groups":[0,1,2,3,4,5,6,7,8,9,10,11,12,13,14,15,16,17,18,19,20,21,22,23,24,25,26,27,28,29,30,31,32,33,34,35,36,37,{"name":"player_all","origin":[8,8,8],"color":0,"nbt":"{}","armAnimationEnabled":false,"children":[38,39,40,41,42,43,44,45,46,47,48,49,50,51,52,53,54,55,56,57,58,59,60,61,62]},{"name":"player_left_arm_bent","origin":[8,8,8],"color":0,"nbt":"{}","armAnimationEnabled":false,"children":[63,64,65,66,67,68,69,70,71,72,73,74,75,76,77,78,79]}]}