{"credit":"Made with Blockbench by Valvac","textures":{"1":"block/white_stained_glass","2":"block/white_concrete","6":"block/light_blue_concrete","8":"block/1","19":"block/skins/up_russel","particle":"block/white_concrete"},"elements":[{"from":[0,0,0],"to":[16,2,16],"rotation":{"angle":45,"axis":"y","origin":[8,1,8]},"faces":{"north":{"uv":[0,0,16,2],"texture":"#2"},"east":{"uv":[0,0,16,2],"texture":"#2"},"south":{"uv":[0,0,16,2],"texture":"#2"},"west":{"uv":[0,0,16,2],"texture":"#2"},"up":{"uv":[0,0,16,16],"texture":"#2"},"down":{"uv":[0,0,16,16],"texture":"#2"}}},{"from":[14.11807,22,0.15246],"to":[16.11807,24,16.15246],"rotation":{"angle":-45,"axis":"y","origin":[8.24307,12.125,7.93371]},"faces":{"north":{"uv":[0,0,2,2],"texture":"#2"},"east":{"uv":[0,0,16,2],"texture":"#2"},"south":{"uv":[0,0,2,2],"texture":"#2"},"west":{"uv":[0,0,16,2],"texture":"#2"},"up":{"uv":[0,0,2,16],"texture":"#2"},"down":{"uv":[0,0,2,16],"texture":"#2"}}},{"from":[0.11807,22,14.15246],"to":[14.11807,24,16.15246],"rotation":{"angle":-45,"axis":"y","origin":[8.24307,12.125,7.93371]},"faces":{"north":{"uv":[0,0,14,2],"texture":"#2"},"east":{"uv":[0,0,2,2],"texture":"#2"},"south":{"uv":[0,0,14,2],"texture":"#2"},"west":{"uv":[0,0,2,2],"texture":"#2"},"up":{"uv":[0,0,14,2],"texture":"#2"},"down":{"uv":[0,0,14,2],"texture":"#2"}}},{"from":[-1.8995,23,6.58578],"to":[17.89949,24,9.33578],"rotation":{"angle":0,"axis":"y","origin":[8.24307,12.125,7.93371]},"faces":{"north":{"uv":[0,0,16,1],"texture":"#2"},"east":{"uv":[0,0,2.75,1],"texture":"#2"},"south":{"uv":[0,0,16,1],"texture":"#2"},"west":{"uv":[0,0,2.75,1],"texture":"#2"},"up":{"uv":[0,0,16,2.75],"texture":"#2"},"down":{"uv":[0,0,16,2.75],"texture":"#2"}}},{"from":[0.788,23,9.33578],"to":[15.21199,24,12.08578],"rotation":{"angle":0,"axis":"y","origin":[8.24307,12.125,7.93371]},"faces":{"north":{"uv":[0,0,14.42399,1],"texture":"#2"},"east":{"uv":[0,0,2.75,1],"texture":"#2"},"south":{"uv":[0,0,14.42399,1],"texture":"#2"},"west":{"uv":[0,0,2.75,1],"texture":"#2"},"up":{"uv":[0,0,14.42399,2.75],"texture":"#2"},"down":{"uv":[0,0,14.42399,2.75],"texture":"#2"}}},{"from":[3.6005,23,12.08578],"to":[12.39949,24,14.83578],"rotation":{"angle":0,"axis":"y","origin":[8.24307,12.125,7.93371]},"faces":{"north":{"uv":[0,0,8.79899,1],"texture":"#2"},"east":{"uv":[0,0,2.75,1],"texture":"#2"},"south":{"uv":[0,0,8.79899,1],"texture":"#2"},"west":{"uv":[0,0,2.75,1],"texture":"#2"},"up":{"uv":[0,0,8.79899,2.75],"texture":"#2"},"down":{"uv":[0,0,8.79899,2.75],"texture":"#2"}}},{"from":[6.3505,23,14.83578],"to":[9.64949,24,17.58578],"rotation":{"angle":0,"axis":"y","origin":[8.24307,12.125,7.93371]},"faces":{"north":{"uv":[0,0,3.29899,1],"texture":"#2"},"east":{"uv":[0,0,2.75,1],"texture":"#2"},"south":{"uv":[0,0,3.29899,1],"texture":"#2"},"west":{"uv":[0,0,2.75,1],"texture":"#2"},"up":{"uv":[0,0,3.29899,2.75],"texture":"#2"},"down":{"uv":[0,0,3.29899,2.75],"texture":"#2"}}},{"from":[14.11807,2,0.15246],"to":[16.11807,12,2.15246],"rotation":{"angle":-45,"axis":"y","origin":[8.24307,12.125,7.93371]},"faces":{"north":{"uv":[0,0,2,10],"texture":"#2"},"east":{"uv":[0,0,2,10],"texture":"#2"},"south":{"uv":[0,0,2,10],"texture":"#2"},"west":{"uv":[0,0,2,10],"texture":"#2"},"up":{"uv":[0,0,2,2],"texture":"#2"},"down":{"uv":[0,0,2,2],"texture":"#2"}}},{"from":[5.11807,2,0.15246],"to":[14.11807,7,2.15246],"rotation":{"angle":-45,"axis":"y","origin":[8.24307,12.125,7.93371]},"faces":{"north":{"uv":[0,0,9,5],"texture":"#2"},"east":{"uv":[0,0,2,5],"texture":"#2"},"south":{"uv":[0,0,9,5],"texture":"#2"},"west":{"uv":[0,0,2,5],"texture":"#2"},"up":{"uv":[0,0,9,2],"texture":"#2"},"down":{"uv":[0,0,9,2],"texture":"#2"}}},{"from":[5.61807,0.5,-0.09754],"to":[15.61807,1,1.15246],"rotation":{"angle":-45,"axis":"y","origin":[8.24307,12.125,7.93371]},"faces":{"north":{"uv":[0,0,10,0.5],"texture":"#6"},"east":{"uv":[0,0,1.25,0.5],"texture":"#6"},"south":{"uv":[0,0,10,0.5],"texture":"#6"},"west":{"uv":[0,0,1.25,0.5],"texture":"#6"},"up":{"uv":[0,0,10,1.25],"texture":"#6"},"down":{"uv":[0,0,10,1.25],"texture":"#6"}}},{"from":[15.11807,1,-0.09754],"to":[15.61807,6,1.15246],"rotation":{"angle":-45,"axis":"y","origin":[8.24307,12.125,7.93371]},"faces":{"north":{"uv":[0,0,0.5,5],"texture":"#6"},"east":{"uv":[0,0,1.25,5],"texture":"#6"},"south":{"uv":[0,0,0.5,5],"texture":"#6"},"west":{"uv":[0,0,1.25,5],"texture":"#6"},"up":{"uv":[0,0,0.5,1.25],"texture":"#6"},"down":{"uv":[0,0,0.5,1.25],"texture":"#6"}}},{"from":[5.61807,1,-0.09754],"to":[6.11807,6,1.15246],"rotation":{"angle":-45,"axis":"y","origin":[8.24307,12.125,7.93371]},"faces":{"north":{"uv":[0,0,0.5,5],"texture":"#6"},"east":{"uv":[0,0,1.25,5],"texture":"#6"},"south":{"uv":[0,0,0.5,5],"texture":"#6"},"west":{"uv":[0,0,1.25,5],"texture":"#6"},"up":{"uv":[0,0,0.5,1.25],"texture":"#6"},"down":{"uv":[0,0,0.5,1.25],"texture":"#6"}}},{"from":[7.74307,1.375,-0.09754],"to":[13.49307,5.375,1.02746],"rotation":{"angle":-45,"axis":"y","origin":[8.24307,12.125,7.93371]},"faces":{"north":{"uv":[0,0,16,11],"texture":"#8"}}},{"from":[5.80557,1,0.08996],"to":[15.18057,6,1.21496],"rotation":{"angle":-45,"axis":"y","origin":[8.24307,12.125,7.93371]},"faces":{"north":{"uv":[0,0,16,11],"texture":"#2"},"east":{"uv":[0,0,16,11],"texture":"#2"},"south":{"uv":[0,0,16,11],"texture":"#2"},"west":{"uv":[0,0,16,11],"texture":"#2"},"up":{"uv":[0,0,16,11],"texture":"#2"},"down":{"uv":[0,0,16,11],"texture":"#2"}}},{"from":[5.61807,6,-0.09754],"to":[15.61807,6.5,1.15246],"rotation":{"angle":-45,"axis":"y","origin":[8.24307,12.125,7.93371]},"faces":{"north":{"uv":[0,0,10,0.5],"texture":"#6"},"east":{"uv":[0,0,1.25,0.5],"texture":"#6"},"south":{"uv":[0,0,10,0.5],"texture":"#6"},"west":{"uv":[0,0,1.25,0.5],"texture":"#6"},"up":{"uv":[0,0,10,1.25],"texture":"#6"},"down":{"uv":[0,0,10,1.25],"texture":"#6"}}},{"from":[0.11807,2,14.15246],"to":[2.11807,12,16.15246],"rotation":{"angle":-45,"axis":"y","origin":[8.24307,12.125,7.93371]},"faces":{"north":{"uv":[0,0,2,10],"texture":"#2"},"east":{"uv":[0,0,2,10],"texture":"#2"},"south":{"uv":[0,0,2,10],"texture":"#2"},"west":{"uv":[0,0,2,10],"texture":"#2"},"up":{"uv":[0,0,2,2],"texture":"#2"},"down":{"uv":[0,0,2,2],"texture":"#2"}}},{"from":[14.11807,2,14.15246],"to":[16.11807,12,16.15246],"rotation":{"angle":-45,"axis":"y","origin":[8.24307,12.125,7.93371]},"faces":{"north":{"uv":[0,0,2,10],"texture":"#2"},"east":{"uv":[0,0,2,10],"texture":"#2"},"south":{"uv":[0,0,2,10],"texture":"#2"},"west":{"uv":[0,0,2,10],"texture":"#2"},"up":{"uv":[0,0,2,2],"texture":"#2"},"down":{"uv":[0,0,2,2],"texture":"#2"}}},{"from":[14.11807,2,2.15246],"to":[16.11807,12,14.15246],"rotation":{"angle":-45,"axis":"y","origin":[8.24307,12.125,7.93371]},"faces":{"north":{"uv":[0,0,2,10],"texture":"#2"},"east":{"uv":[0,0,12,10],"texture":"#2"},"south":{"uv":[0,0,2,10],"texture":"#2"},"west":{"uv":[0,0,12,10],"texture":"#2"},"up":{"uv":[0,0,2,12],"texture":"#2"},"down":{"uv":[0,0,2,12],"texture":"#2"}}},{"from":[14.11807,12,2.15246],"to":[16.11807,22,14.15246],"rotation":{"angle":-45,"axis":"y","origin":[8.24307,12.125,7.93371]},"faces":{"north":{"uv":[0,0,2,10],"texture":"#2"},"east":{"uv":[0,0,12,10],"texture":"#2"},"south":{"uv":[0,0,2,10],"texture":"#2"},"west":{"uv":[0,0,12,10],"texture":"#2"},"up":{"uv":[0,0,2,12],"texture":"#2"},"down":{"uv":[0,0,2,12],"texture":"#2"}}},{"from":[14.11807,12,0.15246],"to":[16.11807,22,2.15246],"rotation":{"angle":-45,"axis":"y","origin":[8.24307,12.125,7.93371]},"faces":{"north":{"uv":[0,0,2,10],"texture":"#2"},"east":{"uv":[0,0,2,10],"texture":"#2"},"south":{"uv":[0,0,2,10],"texture":"#2"},"west":{"uv":[0,0,2,10],"texture":"#2"},"up":{"uv":[0,0,2,2],"texture":"#2"},"down":{"uv":[0,0,2,2],"texture":"#2"}}},{"from":[15.11807,7,-0.03504],"to":[15.61807,23,2.33996],"rotation":{"angle":-45,"axis":"y","origin":[8.24307,12.125,7.93371]},"faces":{"north":{"uv":[0,0,2,10],"texture":"#6"},"east":{"uv":[0,0,2,10],"texture":"#6"},"south":{"uv":[0,0,2,10],"texture":"#6"},"west":{"uv":[0,0,2,10],"texture":"#6"},"up":{"uv":[0,0,2,2],"texture":"#6"},"down":{"uv":[0,0,2,2],"texture":"#6"}}},{"from":[1.11807,0.5,-0.03504],"to":[5.11807,1,2.33996],"rotation":{"angle":-45,"axis":"y","origin":[8.24307,12.125,7.93371]},"faces":{"north":{"uv":[0,0,2,10],"rotation":90,"texture":"#6"},"east":{"uv":[0,0,2,2],"rotation":270,"texture":"#6"},"south":{"uv":[0,0,2,10],"rotation":270,"texture":"#6"},"west":{"uv":[0,0,2,2],"rotation":270,"texture":"#6"},"up":{"uv":[0,0,2,10],"rotation":270,"texture":"#6"},"down":{"uv":[0,0,2,10],"rotation":270,"texture":"#6"}}},{"from":[-0.06943,0.5,9.65246],"to":[2.30557,1,14.15246],"rotation":{"angle":-45,"axis":"y","origin":[8.24307,12.125,7.93371]},"faces":{"north":{"uv":[0,0,2,2],"rotation":270,"texture":"#6"},"east":{"uv":[0,0,2,10],"rotation":90,"texture":"#6"},"south":{"uv":[0,0,2,2],"rotation":270,"texture":"#6"},"west":{"uv":[0,0,2,10],"rotation":270,"texture":"#6"},"up":{"uv":[0,0,2,10],"texture":"#6"},"down":{"uv":[0,0,2,10],"rotation":180,"texture":"#6"}}},{"from":[-0.06943,0.5,15.15246],"to":[2.30557,23,15.65246],"rotation":{"angle":-45,"axis":"y","origin":[8.24307,12.125,7.93371]},"faces":{"north":{"uv":[0,0,2,10],"texture":"#6"},"east":{"uv":[0,0,2,10],"texture":"#6"},"south":{"uv":[0,0,2,10],"texture":"#6"},"west":{"uv":[0,0,2,10],"texture":"#6"},"up":{"uv":[0,0,2,2],"rotation":90,"texture":"#6"},"down":{"uv":[0,0,2,2],"rotation":270,"texture":"#6"}}},{"from":[5.11807,7,1.15246],"to":[13.11807,8,2.15246],"rotation":{"angle":-45,"axis":"y","origin":[8.24307,12.125,7.93371]},"faces":{"north":{"uv":[1,15,10,16],"texture":"#1"},"east":{"uv":[1,15,10,16],"texture":"#1"},"south":{"uv":[1,15,10,16],"texture":"#1"},"west":{"uv":[1,15,10,16],"texture":"#1"},"up":{"uv":[1,15,10,16],"texture":"#1"},"down":{"uv":[1,15,10,16],"texture":"#1"}}},{"from":[13.11807,7,1.15246],"to":[14.11807,23,2.15246],"rotation":{"angle":-45,"axis":"y","origin":[8.24307,12.125,7.93371]},"faces":{"north":{"uv":[1,15,10,16],"texture":"#1"},"east":{"uv":[1,15,10,16],"texture":"#1"},"south":{"uv":[1,15,10,16],"texture":"#1"},"west":{"uv":[1,15,10,16],"texture":"#1"},"up":{"uv":[1,15,10,16],"texture":"#1"},"down":{"uv":[1,15,10,16],"texture":"#1"}}},{"from":[4.11807,3,1.15246],"to":[5.11807,7,2.15246],"rotation":{"angle":-45,"axis":"y","origin":[8.24307,12.125,7.93371]},"faces":{"north":{"uv":[0,10,1,16],"texture":"#1"},"east":{"uv":[0,10,1,16],"texture":"#1"},"south":{"uv":[0,10,1,16],"texture":"#1"},"west":{"uv":[0,10,1,16],"texture":"#1"},"down":{"uv":[0,10,1,16],"texture":"#1"}}},{"from":[2.11807,2,1.15246],"to":[4.11807,3,2.15246],"rotation":{"angle":-45,"axis":"y","origin":[8.24307,12.125,7.93371]},"faces":{"north":{"uv":[0,15,2,16],"texture":"#1"},"east":{"uv":[0,15,2,16],"texture":"#1"},"south":{"uv":[0,15,2,16],"texture":"#1"},"up":{"uv":[0,15,2,16],"texture":"#1"},"down":{"uv":[0,15,2,16],"texture":"#1"}}},{"from":[14.11807,12,14.15246],"to":[16.11807,22,16.15246],"rotation":{"angle":-45,"axis":"y","origin":[8.24307,12.125,7.93371]},"faces":{"north":{"uv":[0,0,2,10],"texture":"#2"},"east":{"uv":[0,0,2,10],"texture":"#2"},"south":{"uv":[0,0,2,10],"texture":"#2"},"west":{"uv":[0,0,2,10],"texture":"#2"},"up":{"uv":[0,0,2,2],"texture":"#2"},"down":{"uv":[0,0,2,2],"texture":"#2"}}},{"from":[2.11807,2,14.15246],"to":[14.11807,12,16.15246],"rotation":{"angle":-45,"axis":"y","origin":[8.24307,12.125,7.93371]},"faces":{"north":{"uv":[0,0,12,10],"texture":"#2"},"east":{"uv":[0,0,2,10],"texture":"#2"},"south":{"uv":[0,0,12,10],"texture":"#2"},"west":{"uv":[0,0,2,10],"texture":"#2"},"up":{"uv":[0,0,12,2],"texture":"#2"},"down":{"uv":[0,0,12,2],"texture":"#2"}}},{"from":[2.11807,12,14.15246],"to":[14.11807,22,16.15246],"rotation":{"angle":-45,"axis":"y","origin":[8.24307,12.125,7.93371]},"faces":{"north":{"uv":[0,0,12,10],"texture":"#2"},"east":{"uv":[0,0,2,10],"texture":"#2"},"south":{"uv":[0,0,12,10],"texture":"#2"},"west":{"uv":[0,0,2,10],"texture":"#2"},"up":{"uv":[0,0,12,2],"texture":"#2"},"down":{"uv":[0,0,12,2],"texture":"#2"}}},{"from":[0.11807,12,14.15246],"to":[2.11807,22,16.15246],"rotation":{"angle":-45,"axis":"y","origin":[8.24307,12.125,7.93371]},"faces":{"north":{"uv":[0,0,2,10],"texture":"#2"},"east":{"uv":[0,0,2,10],"texture":"#2"},"south":{"uv":[0,0,2,10],"texture":"#2"},"west":{"uv":[0,0,2,10],"texture":"#2"},"up":{"uv":[0,0,2,2],"texture":"#2"},"down":{"uv":[0,0,2,2],"texture":"#2"}}},{"from":[1.11807,2,2.15246],"to":[2.11807,3,13.15246],"rotation":{"angle":-45,"axis":"y","origin":[8.24307,12.125,7.93371]},"faces":{"east":{"uv":[3,15,15,16],"texture":"#1"},"west":{"uv":[3,15,15,16],"texture":"#1"},"up":{"uv":[3,15,15,16],"texture":"#1"},"down":{"uv":[3,15,15,16],"texture":"#1"}}},{"from":[1.11807,2,1.15246],"to":[2.11807,3,2.15246],"rotation":{"angle":-45,"axis":"y","origin":[8.24307,12.125,7.93371]},"faces":{"north":{"uv":[7,15,8,16],"texture":"#1"},"west":{"uv":[7,15,8,16],"texture":"#1"},"up":{"uv":[7,15,8,16],"texture":"#1"},"down":{"uv":[7,15,8,16],"texture":"#1"}}},{"from":[4.11807,2,1.15246],"to":[5.11807,3,2.15246],"rotation":{"angle":-45,"axis":"y","origin":[8.24307,12.125,7.93371]},"faces":{"north":{"uv":[7,15,8,16],"texture":"#1"},"east":{"uv":[7,15,8,16],"texture":"#1"},"south":{"uv":[7,15,8,16],"texture":"#1"},"down":{"uv":[7,15,8,16],"texture":"#1"}}},{"from":[4.11807,7,1.15246],"to":[5.11807,8,2.15246],"rotation":{"angle":-45,"axis":"y","origin":[8.24307,12.125,7.93371]},"faces":{"north":{"uv":[7,15,8,16],"texture":"#1"},"south":{"uv":[7,15,8,16],"texture":"#1"},"west":{"uv":[7,15,8,16],"texture":"#1"},"up":{"uv":[7,15,8,16],"texture":"#1"}}},{"from":[1.11807,2,13.15246],"to":[2.11807,23,14.15246],"rotation":{"angle":-45,"axis":"y","origin":[8.24307,12.125,7.93371]},"faces":{"north":{"uv":[7,15,8,16],"texture":"#1"},"east":{"uv":[7,15,8,16],"texture":"#1"},"south":{"uv":[7,15,8,16],"texture":"#1"},"west":{"uv":[7,15,8,16],"texture":"#1"},"up":{"uv":[7,15,8,16],"texture":"#1"},"down":{"uv":[7,15,8,16],"texture":"#1"}}},{"from":[-0.48528,22,6.58579],"to":[16.48528,23,7.58579],"rotation":{"angle":0,"axis":"y","origin":[8.24307,12.125,7.93371]},"faces":{"north":{"uv":[0,0,1,12],"texture":"#1"},"east":{"uv":[0,0,1,12],"texture":"#1"},"south":{"uv":[0,0,1,12],"texture":"#1"},"west":{"uv":[0,0,1,12],"texture":"#1"},"up":{"uv":[0,0,1,12],"texture":"#1"},"down":{"uv":[0,0,1,12],"texture":"#1"}}},{"from":[5.85847,7.7,5.32428],"to":[10.65847,14.9,7.72428],"rotation":{"angle":0,"axis":"y","origin":[8.24307,10.625,7.93371]},"faces":{"north":{"uv":[5.032,5.032,6.968,7.968],"texture":"#19"},"east":{"uv":[4.032,5.032,4.968,7.968],"texture":"#19"},"south":{"uv":[8.032,5.032,9.968,7.968],"texture":"#19"},"west":{"uv":[7.032,5.032,7.968,7.968],"texture":"#19"},"up":{"uv":[5.032,4.032,6.968,4.968],"rotation":180,"texture":"#19"},"down":{"uv":[7.032,4.968,8.968,4.032],"rotation":180,"texture":"#19"}}},{"from":[5.35847,7.7,4.57428],"to":[11.15847,10.7125,8.59928],"rotation":{"angle":0,"axis":"y","origin":[8.24307,10.625,7.93371]},"faces":{"north":{"uv":[5.032,6.782,6.968,7.968],"texture":"#19"},"east":{"uv":[4.032,6.782,4.968,7.968],"texture":"#19"},"south":{"uv":[8.032,5.032,9.968,7.968],"texture":"#19"},"west":{"uv":[7.032,6.907,7.968,7.968],"texture":"#19"},"up":{"uv":[5.032,6.5945,6.968,6.9055],"rotation":180,"texture":"#19"},"down":{"uv":[7.032,4.968,8.968,4.032],"rotation":180,"texture":"#19"}}},{"from":[5.04597,10.7,4.19928],"to":[11.47097,13.775,8.84928],"rotation":{"angle":0,"axis":"y","origin":[8.24307,10.625,7.93371]},"faces":{"north":{"uv":[5.032,5.282,6.968,6.718],"texture":"#19"},"east":{"uv":[4.032,5.407,4.968,6.718],"texture":"#19"},"south":{"uv":[8.032,5.032,9.968,7.968],"texture":"#19"},"west":{"uv":[7.032,5.407,7.968,6.718],"texture":"#19"},"up":{"uv":[5.032,5.282,6.968,5.4055],"rotation":180,"texture":"#19"},"down":{"uv":[7.032,4.968,8.968,4.032],"rotation":180,"texture":"#19"}}},{"from":[5.35847,13.7625,4.51178],"to":[11.15847,14.7125,8.53678],"rotation":{"angle":0,"axis":"y","origin":[8.24307,10.625,7.93371]},"faces":{"north":{"uv":[5.032,5.032,6.968,5.468],"texture":"#19"},"east":{"uv":[4.032,5.032,4.968,5.468],"texture":"#19"},"south":{"uv":[8.032,5.032,9.968,7.968],"texture":"#19"},"west":{"uv":[7.032,5.032,7.968,5.468],"texture":"#19"},"up":{"uv":[5.032,4.032,6.968,4.968],"rotation":180,"texture":"#19"},"down":{"uv":[7.032,4.968,8.968,4.032],"rotation":180,"texture":"#19"}}},{"from":[5.70847,7.55,5.17428],"to":[10.80847,15.05,7.87428],"rotation":{"angle":0,"axis":"y","origin":[8.24307,10.625,7.93371]},"faces":{"north":{"uv":[5.032,9.032,6.968,11.968],"texture":"#19"},"east":{"uv":[4.032,9.032,4.968,11.968],"texture":"#19"},"south":{"uv":[8.032,9.032,9.968,11.968],"texture":"#19"},"west":{"uv":[7.032,9.032,7.968,11.968],"texture":"#19"},"up":{"uv":[5.032,8.032,6.968,8.968],"rotation":180,"texture":"#19"},"down":{"uv":[7.032,8.968,8.968,8.032],"rotation":180,"texture":"#19"}}},{"from":[5.85847,2.25,5.32428],"to":[8.25847,7.7,7.72428],"rotation":{"angle":0,"axis":"y","origin":[8.24307,10.625,7.93371]},"faces":{"north":{"uv":[1.032,5.032,1.968,7.968],"texture":"#19"},"east":{"uv":[0.032,5.032,0.968,7.968],"texture":"#19"},"south":{"uv":[3.032,5.032,3.968,7.968],"texture":"#19"},"west":{"uv":[2.032,5.032,2.968,7.968],"texture":"#19"},"up":{"uv":[1.032,4.032,1.968,4.968],"rotation":180,"texture":"#19"},"down":{"uv":[2.032,4.968,2.968,4.032],"rotation":180,"texture":"#19"}}},{"from":[5.60847,5.25,5.07428],"to":[8.25847,7.7,7.97428],"rotation":{"angle":0,"axis":"y","origin":[8.24307,10.625,7.93371]},"faces":{"north":{"uv":[1.032,5.032,1.968,5.968],"texture":"#19"},"east":{"uv":[0.032,5.032,0.968,5.968],"texture":"#19"},"south":{"uv":[3.032,5.032,3.968,5.968],"texture":"#19"},"west":{"uv":[2.032,5.032,2.968,5.968],"texture":"#19"},"up":{"uv":[1.032,4.032,1.968,4.968],"rotation":180,"texture":"#19"},"down":{"uv":[2.032,4.968,2.968,4.032],"rotation":180,"texture":"#19"}}},{"from":[8.25847,5.25,5.07428],"to":[10.90847,7.7,7.97428],"rotation":{"angle":0,"axis":"y","origin":[8.24307,10.625,7.93371]},"faces":{"north":{"uv":[5.032,13.032,5.968,13.968],"texture":"#19"},"east":{"uv":[4.032,13.032,4.968,13.968],"texture":"#19"},"south":{"uv":[7.032,13.032,7.968,13.968],"texture":"#19"},"west":{"uv":[6.032,13.032,6.968,13.968],"texture":"#19"},"up":{"uv":[5.032,12.032,5.968,12.968],"rotation":180,"texture":"#19"},"down":{"uv":[6.032,12.968,6.968,12.032],"rotation":180,"texture":"#19"}}},{"from":[8.25847,1.8125,5.07428],"to":[10.90847,3.575,7.97428],"rotation":{"angle":0,"axis":"y","origin":[8.08057,10.625,7.93371]},"faces":{"north":{"uv":[1.032,7.282,1.968,7.968],"texture":"#19"},"east":{"uv":[0.032,7.282,0.968,7.968],"texture":"#19"},"south":{"uv":[3.032,7.282,3.968,7.968],"texture":"#19"},"west":{"uv":[2.032,7.282,2.968,7.968],"texture":"#19"},"up":{"uv":[0.032,6.8445,0.968,7.4055],"rotation":180,"texture":"#19"},"down":{"uv":[2.032,4.968,2.968,4.032],"rotation":180,"texture":"#19"}}},{"from":[5.60847,1.8125,5.07428],"to":[8.25847,3.575,7.97428],"rotation":{"angle":0,"axis":"y","origin":[8.24307,10.625,7.93371]},"faces":{"north":{"uv":[1.032,7.282,1.968,7.968],"texture":"#19"},"east":{"uv":[0.032,7.282,0.968,7.968],"texture":"#19"},"south":{"uv":[3.032,7.282,3.968,7.968],"texture":"#19"},"west":{"uv":[2.032,7.282,2.968,7.968],"texture":"#19"},"up":{"uv":[0.032,6.8445,0.968,7.4055],"rotation":180,"texture":"#19"},"down":{"uv":[2.032,4.968,2.968,4.032],"rotation":180,"texture":"#19"}}},{"from":[8.25847,2.25,5.32428],"to":[10.65847,7.7,7.72428],"rotation":{"angle":0,"axis":"y","origin":[8.24307,10.625,7.93371]},"faces":{"north":{"uv":[5.032,13.032,5.968,15.968],"texture":"#19"},"east":{"uv":[4.032,13.032,4.968,15.968],"texture":"#19"},"south":{"uv":[7.032,13.032,7.968,15.968],"texture":"#19"},"west":{"uv":[6.032,13.032,6.968,15.968],"texture":"#19"},"up":{"uv":[5.032,12.032,5.968,12.968],"rotation":180,"texture":"#19"},"down":{"uv":[6.032,12.968,6.968,12.032],"rotation":180,"texture":"#19"}}},{"from":[5.79597,14.5375,4.06178],"to":[10.72097,19.4625,8.98678],"rotation":{"angle":0,"axis":"y","origin":[8.24307,10.625,7.93371]},"faces":{"north":{"uv":[2.032,2.032,3.968,3.968],"texture":"#19"},"east":{"uv":[0.032,2.032,1.968,3.968],"texture":"#19"},"south":{"uv":[6.032,2.032,7.968,3.968],"texture":"#19"},"west":{"uv":[4.032,2.032,5.968,3.968],"texture":"#19"},"up":{"uv":[2.032,0.032,3.968,1.968],"rotation":180,"texture":"#19"},"down":{"uv":[4.032,1.968,5.968,0.032],"rotation":180,"texture":"#19"}}},{"from":[5.54597,17.5375,3.81178],"to":[10.97097,19.7125,9.23678],"rotation":{"angle":0,"axis":"y","origin":[8.24307,10.625,7.93371]},"faces":{"north":{"uv":[2.032,2.032,3.968,2.6555],"texture":"#19"},"east":{"uv":[0.032,2.032,1.968,2.6555],"texture":"#19"},"south":{"uv":[6.032,2.032,7.968,2.6555],"texture":"#19"},"west":{"uv":[4.032,2.032,5.968,2.6555],"texture":"#19"},"up":{"uv":[2.032,0.032,3.968,1.968],"rotation":180,"texture":"#19"},"down":{"uv":[2.032,1.968,3.968,0.032],"rotation":180,"texture":"#19"}}},{"from":[6.29597,19.5375,4.56178],"to":[10.22097,20.2125,8.48678],"rotation":{"angle":0,"axis":"y","origin":[8.24307,10.625,7.93371]},"faces":{"north":{"uv":[2.032,2.032,3.968,2.6555],"texture":"#19"},"east":{"uv":[0.032,2.032,1.968,2.6555],"texture":"#19"},"south":{"uv":[6.032,2.032,7.968,2.6555],"texture":"#19"},"west":{"uv":[4.032,2.032,5.968,2.6555],"texture":"#19"},"up":{"uv":[2.032,0.032,3.968,1.968],"rotation":180,"texture":"#19"},"down":{"uv":[2.032,1.968,3.968,0.032],"rotation":180,"texture":"#19"}}},{"from":[5.54697,17.5375,2.4134],"to":[10.97097,18.22962,3.81178],"rotation":{"angle":0,"axis":"y","origin":[8.2625,17.86591,2.55289]},"faces":{"north":{"uv":[2.032,2.4695,3.968,2.6555],"texture":"#19"},"east":{"uv":[0.032,2.4695,1.968,2.6555],"texture":"#19"},"south":{"uv":[6.032,2.4695,7.968,2.6555],"texture":"#19"},"west":{"uv":[4.032,2.4695,5.968,2.6555],"texture":"#19"},"up":{"uv":[2.032,1.407,3.968,1.968],"rotation":180,"texture":"#19"},"down":{"uv":[2.032,1.407,3.968,1.968],"rotation":180,"texture":"#19"}}},{"from":[6.39447,17.5375,1.57297],"to":[10.13053,18.159,2.4134],"rotation":{"angle":0,"axis":"y","origin":[8.2625,17.86591,2.55289]},"faces":{"north":{"uv":[2.032,2.4695,3.968,2.6555],"texture":"#19"},"east":{"uv":[0.032,2.4695,1.968,2.6555],"texture":"#19"},"south":{"uv":[6.032,2.4695,7.968,2.6555],"texture":"#19"},"west":{"uv":[4.032,2.4695,5.968,2.6555],"texture":"#19"},"up":{"uv":[2.032,1.407,3.968,1.968],"rotation":180,"texture":"#19"},"down":{"uv":[3.968,1.968,2.032,1.4695],"rotation":180,"texture":"#19"}}},{"from":[8.89049,17.5375,0.53908],"to":[10.07905,18.159,1.38244],"rotation":{"angle":-45,"axis":"y","origin":[8.2625,17.86591,2.55289]},"faces":{"north":{"uv":[3.532,2.4695,3.968,2.6555],"texture":"#19"},"east":{"uv":[0.032,2.4695,1.968,2.6555],"texture":"#19"},"south":{"uv":[6.032,2.4695,7.968,2.6555],"texture":"#19"},"west":{"uv":[4.032,2.4695,5.968,2.6555],"texture":"#19"},"up":{"uv":[2.032,1.407,3.968,1.968],"rotation":180,"texture":"#19"},"down":{"uv":[2.032,1.407,3.968,1.968],"rotation":180,"texture":"#19"}}},{"from":[6.44595,17.5375,0.53908],"to":[7.63451,18.159,1.38244],"rotation":{"angle":45,"axis":"y","origin":[8.2625,17.86591,2.55289]},"faces":{"north":{"uv":[2.032,2.4695,3.968,2.6555],"texture":"#19"},"east":{"uv":[0.032,2.4695,1.968,2.6555],"texture":"#19"},"south":{"uv":[6.032,2.4695,7.968,2.6555],"texture":"#19"},"west":{"uv":[4.032,2.4695,5.968,2.6555],"texture":"#19"},"up":{"uv":[2.032,1.407,3.968,1.968],"rotation":180,"texture":"#19"},"down":{"uv":[2.032,1.407,3.968,1.968],"rotation":180,"texture":"#19"}}},{"from":[5.54597,14.475,3.93678],"to":[10.97097,15.7125,5.23678],"rotation":{"angle":0,"axis":"y","origin":[8.24307,10.625,7.93371]},"faces":{"north":{"uv":[2.032,3.532,3.968,3.968],"texture":"#19"},"east":{"uv":[1.782,3.532,2.218,3.968],"texture":"#19"},"south":{"uv":[6.032,2.032,7.968,3.968],"texture":"#19"},"west":{"uv":[3.782,3.532,4.218,3.968],"texture":"#19"},"up":{"uv":[2.032,3.4695,3.968,3.5305],"rotation":180,"texture":"#19"},"down":{"uv":[4.032,1.968,5.968,1.657],"rotation":180,"texture":"#19"}}},{"from":[7.73347,14.7875,3.87428],"to":[8.78347,15.025,5.17428],"rotation":{"angle":0,"axis":"y","origin":[8.24307,10.625,7.93371]},"faces":{"north":{"uv":[1.782,3.782,1.968,3.968],"texture":"#19"},"east":{"uv":[1.782,3.782,1.968,3.968],"texture":"#19"},"south":{"uv":[1.782,3.782,1.968,3.968],"texture":"#19"},"west":{"uv":[1.782,3.782,1.968,3.968],"texture":"#19"},"up":{"uv":[1.782,3.782,1.968,3.968],"texture":"#19"},"down":{"uv":[1.782,3.782,1.968,3.968],"texture":"#19"}}},{"from":[8.66472,14.83669,3.87428],"to":[8.90222,15.07419,5.17428],"rotation":{"angle":-45,"axis":"z","origin":[8.78347,14.95544,4.52428]},"faces":{"north":{"uv":[1.782,3.782,1.968,3.968],"texture":"#19"},"east":{"uv":[1.782,3.782,1.968,3.968],"texture":"#19"},"south":{"uv":[1.782,3.782,1.968,3.968],"texture":"#19"},"west":{"uv":[1.782,3.782,1.968,3.968],"texture":"#19"},"up":{"uv":[1.782,3.782,1.968,3.968],"texture":"#19"},"down":{"uv":[1.782,3.782,1.968,3.968],"texture":"#19"}}},{"from":[7.61472,14.83669,3.87428],"to":[7.85222,15.07419,5.17428],"rotation":{"angle":45,"axis":"z","origin":[7.73347,14.95544,4.52428]},"faces":{"north":{"uv":[1.968,3.782,1.782,3.968],"texture":"#19"},"east":{"uv":[1.968,3.782,1.782,3.968],"texture":"#19"},"south":{"uv":[1.968,3.782,1.782,3.968],"texture":"#19"},"west":{"uv":[1.968,3.782,1.782,3.968],"texture":"#19"},"up":{"uv":[1.968,3.782,1.782,3.968],"texture":"#19"},"down":{"uv":[1.968,3.782,1.782,3.968],"texture":"#19"}}},{"from":[5.29597,15.725,5.68678],"to":[5.97097,17.025,6.98678],"rotation":{"angle":-45,"axis":"y","origin":[5.88347,16.375,6.33678]},"faces":{"north":{"uv":[4.532,3.032,4.968,3.468],"texture":"#19"},"east":{"uv":[4.532,3.032,4.968,3.468],"texture":"#19"},"south":{"uv":[4.532,3.032,4.968,3.468],"texture":"#19"},"west":{"uv":[4.532,3.032,4.968,3.468],"texture":"#19"},"up":{"uv":[4.532,3.032,4.968,3.468],"texture":"#19"},"down":{"uv":[4.532,3.032,4.968,3.468],"texture":"#19"}}},{"from":[10.54597,15.725,5.68678],"to":[11.22097,17.025,6.98678],"rotation":{"angle":45,"axis":"y","origin":[10.63347,16.375,6.33678]},"faces":{"north":{"uv":[1.032,3.032,1.468,3.468],"texture":"#19"},"east":{"uv":[1.032,3.032,1.468,3.468],"texture":"#19"},"south":{"uv":[1.032,3.032,1.468,3.468],"texture":"#19"},"west":{"uv":[1.032,3.032,1.468,3.468],"texture":"#19"},"up":{"uv":[1.032,3.032,1.468,3.468],"texture":"#19"},"down":{"uv":[1.032,3.032,1.468,3.468],"texture":"#19"}}},{"from":[3.64404,11.49803,5.50703],"to":[5.78604,14.71103,7.80798],"rotation":{"angle":-45,"axis":"z","origin":[4.85039,13.69124,6.2325]},"faces":{"north":{"uv":[10.032,13.032,10.968,14.5],"texture":"#19"},"east":{"uv":[9.032,13.032,9.968,14.5],"texture":"#19"},"south":{"uv":[8.032,13.032,8.968,14.5],"texture":"#19"},"west":{"uv":[11.032,13.032,11.968,14.5],"texture":"#19"},"up":{"uv":[9.032,12.032,9.968,12.968],"rotation":270,"texture":"#19"},"down":{"uv":[0.032,0.032,0.032,0.032],"rotation":180,"texture":"#19"}}},{"from":[1.97298,9.77807,5.38739],"to":[4.11498,12.99107,7.52939],"rotation":{"angle":22.5,"axis":"z","origin":[4.85429,13.68926,6.45839]},"faces":{"north":{"uv":[9.032,14.5,9.968,15.968],"texture":"#19"},"east":{"uv":[8.032,14.5,8.968,15.968],"texture":"#19"},"south":{"uv":[11.032,14.5,11.968,15.968],"texture":"#19"},"west":{"uv":[10.968,15.968,10.032,14.5],"rotation":180,"texture":"#19"},"up":{"uv":[0,0,0,0],"rotation":90,"texture":"#19"},"down":{"uv":[10.032,12.968,10.968,12.032],"rotation":180,"texture":"#19"}}},{"from":[2.45949,11.94159,5.38739],"to":[4.60149,12.98582,7.50261],"rotation":{"angle":0,"axis":"x","origin":[4.85039,13.69124,6.2325]},"faces":{"north":{"uv":[9.032,14.3,9.968,14.7],"texture":"#19"},"east":{"uv":[8.032,14.3,8.968,14.7],"texture":"#19"},"south":{"uv":[11.032,14.3,11.968,14.7],"texture":"#19"},"west":{"uv":[10.032,14.3,10.968,14.7],"texture":"#19"},"up":{"uv":[0,0,0,0],"rotation":90,"texture":"#19"},"down":{"uv":[0.032,0.032,0.032,0.032],"rotation":180,"texture":"#19"}}},{"from":[11.89265,9.42703,5.37493],"to":[14.03465,12.64003,7.51693],"rotation":{"angle":-22.5,"axis":"z","origin":[12.35542,12.13613,6.44593]},"faces":{"north":{"uv":[9.032,15.968,9.968,14.5],"rotation":180,"texture":"#19"},"east":{"uv":[10.968,14.5,10.032,15.968],"texture":"#19"},"south":{"uv":[11.032,15.968,11.968,14.5],"rotation":180,"texture":"#19"},"west":{"uv":[8.032,15.968,8.968,14.5],"rotation":180,"texture":"#19"},"up":{"uv":[0,0,0,0],"rotation":90,"texture":"#19"},"down":{"uv":[10.968,12.968,10.032,12.032],"rotation":180,"texture":"#19"}}},{"from":[11.95766,11.95906,5.37493],"to":[14.09966,13.00328,7.49015],"rotation":{"angle":0,"axis":"z","origin":[12.54414,12.21466,6.43254]},"faces":{"north":{"uv":[9.032,14.7,9.968,14.3],"rotation":180,"texture":"#19"},"east":{"uv":[10.032,14.7,10.968,14.3],"rotation":180,"texture":"#19"},"south":{"uv":[11.032,14.7,11.968,14.3],"rotation":180,"texture":"#19"},"west":{"uv":[8.032,14.7,8.968,14.3],"rotation":180,"texture":"#19"},"up":{"uv":[0,0,0,0],"rotation":90,"texture":"#19"},"down":{"uv":[0.032,0.032,0.032,0.032],"rotation":180,"texture":"#19"}}},{"from":[9.81231,11.78813,5.28206],"to":[13.02531,13.93013,7.58301],"rotation":{"angle":-45,"axis":"z","origin":[12.40269,12.07321,6.43254]},"faces":{"north":{"uv":[10.968,13.032,10.032,14.5],"rotation":90,"texture":"#19"},"east":{"uv":[0.032,0.032,0.032,0.032],"rotation":270,"texture":"#19"},"south":{"uv":[8.968,13.032,8.032,14.5],"rotation":270,"texture":"#19"},"west":{"uv":[9.968,12.032,9.032,12.968],"texture":"#19"},"up":{"uv":[11.968,13.032,11.032,14.5],"rotation":270,"texture":"#19"},"down":{"uv":[9.968,13.032,9.032,14.5],"rotation":270,"texture":"#19"}}}],"display":{"thirdperson_righthand":{"rotation":[2,151,0],"translation":[0,2.5,0],"scale":[0.4,0.4,0.4]},"thirdperson_lefthand":{"rotation":[2,107,0],"translation":[0,2.5,0],"scale":[0.4,0.4,0.4]},"firstperson_righthand":{"rotation":[2,151,0],"translation":[0,2.5,0],"scale":[0.4,0.4,0.4]},"firstperson_lefthand":{"rotation":[-1,107,0],"translation":[-0.5,4.25,1.25],"scale":[0.4,0.4,0.4]},"ground":{"scale":[0.5,0.5,0.5]},"gui":{"rotation":[17,-158,0],"translation":[0,-2,0.75],"scale":[0.5,0.5,0.5]},"head":{"translation":[0,-2.25,0],"scale":[0.5,0.5,0.5]},"fixed":{"rotation":[0,20,0],"translation":[0,-3.25,0.75],"scale":[0.8,0.8,0.8]}},"groups":[0,1,2,3,4,5,6,7,8,9,10,11,12,13,14,15,16,17,18,19,20,21,22,23,24,25,26,27,28,29,30,31,32,33,34,35,36,37,{"name":"player_all","origin":[8,8,8],"color":0,"nbt":"{}","armAnimationEnabled":false,"children":[38,39,40,41,42,43,44,45,46,47,48,49,50,51,52,53,54,55,56,57,58,59,60,61]},{"name":"player_left_arm_bent","origin":[8,8,8],"color":0,"nbt":"{}","armAnimationEnabled":false,"children":[62,63,64,65,66,67]}]}