{"credit":"Made with Blockbench by Valvac","textures":{"0":"block/black_concrete","1":"block/white_stained_glass","2":"block/white_concrete","6":"block/light_blue_concrete","7":"block/misc/violet","8":"block/3","9":"block/palette/lightsaber/mesh_palette","particle":"block/misc/violet","1_0":"block/skins/mace_windu"},"elements":[{"from":[0,0,0],"to":[16,2,16],"rotation":{"angle":45,"axis":"y","origin":[8,1,8]},"faces":{"north":{"uv":[0,0,16,2],"texture":"#0"},"east":{"uv":[0,0,16,2],"texture":"#0"},"south":{"uv":[0,0,16,2],"texture":"#0"},"west":{"uv":[0,0,16,2],"texture":"#0"},"up":{"uv":[0,0,16,16],"texture":"#0"},"down":{"uv":[0,0,16,16],"texture":"#0"}}},{"from":[14.11807,22,0.15246],"to":[16.11807,24,16.15246],"rotation":{"angle":-45,"axis":"y","origin":[8.24307,12.125,7.93371]},"faces":{"north":{"uv":[0,0,2,2],"texture":"#0"},"east":{"uv":[0,0,16,2],"texture":"#0"},"south":{"uv":[0,0,2,2],"texture":"#0"},"west":{"uv":[0,0,16,2],"texture":"#0"},"up":{"uv":[0,0,2,16],"texture":"#0"},"down":{"uv":[0,0,2,16],"texture":"#0"}}},{"from":[0.11807,22,14.15246],"to":[14.11807,24,16.15246],"rotation":{"angle":-45,"axis":"y","origin":[8.24307,12.125,7.93371]},"faces":{"north":{"uv":[0,0,14,2],"texture":"#0"},"east":{"uv":[0,0,2,2],"texture":"#0"},"south":{"uv":[0,0,14,2],"texture":"#0"},"west":{"uv":[0,0,2,2],"texture":"#0"},"up":{"uv":[0,0,14,2],"texture":"#0"},"down":{"uv":[0,0,14,2],"texture":"#0"}}},{"from":[-1.8995,23,6.58578],"to":[17.89949,24,9.33578],"rotation":{"angle":0,"axis":"y","origin":[8.24307,12.125,7.93371]},"faces":{"north":{"uv":[0,0,16,1],"texture":"#0"},"east":{"uv":[0,0,2.75,1],"texture":"#0"},"south":{"uv":[0,0,16,1],"texture":"#0"},"west":{"uv":[0,0,2.75,1],"texture":"#0"},"up":{"uv":[0,0,16,2.75],"texture":"#0"},"down":{"uv":[0,0,16,2.75],"texture":"#0"}}},{"from":[0.788,23,9.33578],"to":[15.21199,24,12.08578],"rotation":{"angle":0,"axis":"y","origin":[8.24307,12.125,7.93371]},"faces":{"north":{"uv":[0,0,14.42399,1],"texture":"#0"},"east":{"uv":[0,0,2.75,1],"texture":"#0"},"south":{"uv":[0,0,14.42399,1],"texture":"#0"},"west":{"uv":[0,0,2.75,1],"texture":"#0"},"up":{"uv":[0,0,14.42399,2.75],"texture":"#0"},"down":{"uv":[0,0,14.42399,2.75],"texture":"#0"}}},{"from":[3.6005,23,12.08578],"to":[12.39949,24,14.83578],"rotation":{"angle":0,"axis":"y","origin":[8.24307,12.125,7.93371]},"faces":{"north":{"uv":[0,0,8.79899,1],"texture":"#0"},"east":{"uv":[0,0,2.75,1],"texture":"#0"},"south":{"uv":[0,0,8.79899,1],"texture":"#0"},"west":{"uv":[0,0,2.75,1],"texture":"#0"},"up":{"uv":[0,0,8.79899,2.75],"texture":"#0"},"down":{"uv":[0,0,8.79899,2.75],"texture":"#0"}}},{"from":[6.3505,23,14.83578],"to":[9.64949,24,17.58578],"rotation":{"angle":0,"axis":"y","origin":[8.24307,12.125,7.93371]},"faces":{"north":{"uv":[0,0,3.29899,1],"texture":"#0"},"east":{"uv":[0,0,2.75,1],"texture":"#0"},"south":{"uv":[0,0,3.29899,1],"texture":"#0"},"west":{"uv":[0,0,2.75,1],"texture":"#0"},"up":{"uv":[0,0,3.29899,2.75],"texture":"#0"},"down":{"uv":[0,0,3.29899,2.75],"texture":"#0"}}},{"from":[14.11807,2,0.15246],"to":[16.11807,12,2.15246],"rotation":{"angle":-45,"axis":"y","origin":[8.24307,12.125,7.93371]},"faces":{"north":{"uv":[0,0,2,10],"texture":"#0"},"east":{"uv":[0,0,2,10],"texture":"#0"},"south":{"uv":[0,0,2,10],"texture":"#0"},"west":{"uv":[0,0,2,10],"texture":"#0"},"up":{"uv":[0,0,2,2],"texture":"#0"},"down":{"uv":[0,0,2,2],"texture":"#0"}}},{"from":[5.11807,2,0.15246],"to":[14.11807,7,2.15246],"rotation":{"angle":-45,"axis":"y","origin":[8.24307,12.125,7.93371]},"faces":{"north":{"uv":[0,0,9,5],"texture":"#0"},"east":{"uv":[0,0,2,5],"texture":"#0"},"south":{"uv":[0,0,9,5],"texture":"#0"},"west":{"uv":[0,0,2,5],"texture":"#0"},"up":{"uv":[0,0,9,2],"texture":"#0"},"down":{"uv":[0,0,9,2],"texture":"#0"}}},{"from":[5.61807,0.5,-0.09754],"to":[15.61807,1,1.15246],"rotation":{"angle":-45,"axis":"y","origin":[8.24307,12.125,7.93371]},"faces":{"north":{"uv":[0,0,10,0.5],"texture":"#6"},"east":{"uv":[0,0,1.25,0.5],"texture":"#6"},"south":{"uv":[0,0,10,0.5],"texture":"#6"},"west":{"uv":[0,0,1.25,0.5],"texture":"#6"},"up":{"uv":[0,0,10,1.25],"texture":"#6"},"down":{"uv":[0,0,10,1.25],"texture":"#6"}}},{"from":[15.11807,1,-0.09754],"to":[15.61807,6,1.15246],"rotation":{"angle":-45,"axis":"y","origin":[8.24307,12.125,7.93371]},"faces":{"north":{"uv":[0,0,0.5,5],"texture":"#6"},"east":{"uv":[0,0,1.25,5],"texture":"#6"},"south":{"uv":[0,0,0.5,5],"texture":"#6"},"west":{"uv":[0,0,1.25,5],"texture":"#6"},"up":{"uv":[0,0,0.5,1.25],"texture":"#6"},"down":{"uv":[0,0,0.5,1.25],"texture":"#6"}}},{"from":[5.61807,1,-0.09754],"to":[6.11807,6,1.15246],"rotation":{"angle":-45,"axis":"y","origin":[8.24307,12.125,7.93371]},"faces":{"north":{"uv":[0,0,0.5,5],"texture":"#6"},"east":{"uv":[0,0,1.25,5],"texture":"#6"},"south":{"uv":[0,0,0.5,5],"texture":"#6"},"west":{"uv":[0,0,1.25,5],"texture":"#6"},"up":{"uv":[0,0,0.5,1.25],"texture":"#6"},"down":{"uv":[0,0,0.5,1.25],"texture":"#6"}}},{"from":[7.74307,1.375,-0.09754],"to":[13.49307,5.375,1.02746],"rotation":{"angle":-45,"axis":"y","origin":[8.24307,12.125,7.93371]},"faces":{"north":{"uv":[0,0,16,11],"texture":"#8"}}},{"from":[5.80557,1,0.08996],"to":[15.18057,6,1.21496],"rotation":{"angle":-45,"axis":"y","origin":[8.24307,12.125,7.93371]},"faces":{"north":{"uv":[0,0,16,11],"texture":"#2"},"east":{"uv":[0,0,16,11],"texture":"#2"},"south":{"uv":[0,0,16,11],"texture":"#2"},"west":{"uv":[0,0,16,11],"texture":"#2"},"up":{"uv":[0,0,16,11],"texture":"#2"},"down":{"uv":[0,0,16,11],"texture":"#2"}}},{"from":[5.61807,6,-0.09754],"to":[15.61807,6.5,1.15246],"rotation":{"angle":-45,"axis":"y","origin":[8.24307,12.125,7.93371]},"faces":{"north":{"uv":[0,0,10,0.5],"texture":"#6"},"east":{"uv":[0,0,1.25,0.5],"texture":"#6"},"south":{"uv":[0,0,10,0.5],"texture":"#6"},"west":{"uv":[0,0,1.25,0.5],"texture":"#6"},"up":{"uv":[0,0,10,1.25],"texture":"#6"},"down":{"uv":[0,0,10,1.25],"texture":"#6"}}},{"from":[0.11807,2,14.15246],"to":[2.11807,12,16.15246],"rotation":{"angle":-45,"axis":"y","origin":[8.24307,12.125,7.93371]},"faces":{"north":{"uv":[0,0,2,10],"texture":"#0"},"east":{"uv":[0,0,2,10],"texture":"#0"},"south":{"uv":[0,0,2,10],"texture":"#0"},"west":{"uv":[0,0,2,10],"texture":"#0"},"up":{"uv":[0,0,2,2],"texture":"#0"},"down":{"uv":[0,0,2,2],"texture":"#0"}}},{"from":[14.11807,2,14.15246],"to":[16.11807,12,16.15246],"rotation":{"angle":-45,"axis":"y","origin":[8.24307,12.125,7.93371]},"faces":{"north":{"uv":[0,0,2,10],"texture":"#0"},"east":{"uv":[0,0,2,10],"texture":"#0"},"south":{"uv":[0,0,2,10],"texture":"#0"},"west":{"uv":[0,0,2,10],"texture":"#0"},"up":{"uv":[0,0,2,2],"texture":"#0"},"down":{"uv":[0,0,2,2],"texture":"#0"}}},{"from":[14.11807,2,2.15246],"to":[16.11807,12,14.15246],"rotation":{"angle":-45,"axis":"y","origin":[8.24307,12.125,7.93371]},"faces":{"north":{"uv":[0,0,2,10],"texture":"#0"},"east":{"uv":[0,0,12,10],"texture":"#0"},"south":{"uv":[0,0,2,10],"texture":"#0"},"west":{"uv":[0,0,12,10],"texture":"#0"},"up":{"uv":[0,0,2,12],"texture":"#0"},"down":{"uv":[0,0,2,12],"texture":"#0"}}},{"from":[14.11807,12,2.15246],"to":[16.11807,22,14.15246],"rotation":{"angle":-45,"axis":"y","origin":[8.24307,12.125,7.93371]},"faces":{"north":{"uv":[0,0,2,10],"texture":"#0"},"east":{"uv":[0,0,12,10],"texture":"#0"},"south":{"uv":[0,0,2,10],"texture":"#0"},"west":{"uv":[0,0,12,10],"texture":"#0"},"up":{"uv":[0,0,2,12],"texture":"#0"},"down":{"uv":[0,0,2,12],"texture":"#0"}}},{"from":[14.11807,12,0.15246],"to":[16.11807,22,2.15246],"rotation":{"angle":-45,"axis":"y","origin":[8.24307,12.125,7.93371]},"faces":{"north":{"uv":[0,0,2,10],"texture":"#0"},"east":{"uv":[0,0,2,10],"texture":"#0"},"south":{"uv":[0,0,2,10],"texture":"#0"},"west":{"uv":[0,0,2,10],"texture":"#0"},"up":{"uv":[0,0,2,2],"texture":"#0"},"down":{"uv":[0,0,2,2],"texture":"#0"}}},{"from":[15.11807,7,-0.03504],"to":[15.61807,23,2.33996],"rotation":{"angle":-45,"axis":"y","origin":[8.24307,12.125,7.93371]},"faces":{"north":{"uv":[0,0,2,10],"texture":"#6"},"east":{"uv":[0,0,2,10],"texture":"#6"},"south":{"uv":[0,0,2,10],"texture":"#6"},"west":{"uv":[0,0,2,10],"texture":"#6"},"up":{"uv":[0,0,2,2],"texture":"#6"},"down":{"uv":[0,0,2,2],"texture":"#6"}}},{"from":[1.11807,0.5,-0.03504],"to":[5.11807,1,2.33996],"rotation":{"angle":-45,"axis":"y","origin":[8.24307,12.125,7.93371]},"faces":{"north":{"uv":[0,0,2,10],"rotation":90,"texture":"#6"},"east":{"uv":[0,0,2,2],"rotation":270,"texture":"#6"},"south":{"uv":[0,0,2,10],"rotation":270,"texture":"#6"},"west":{"uv":[0,0,2,2],"rotation":270,"texture":"#6"},"up":{"uv":[0,0,2,10],"rotation":270,"texture":"#6"},"down":{"uv":[0,0,2,10],"rotation":270,"texture":"#6"}}},{"from":[-0.06943,0.5,9.65246],"to":[2.30557,1,14.15246],"rotation":{"angle":-45,"axis":"y","origin":[8.24307,12.125,7.93371]},"faces":{"north":{"uv":[0,0,2,2],"rotation":270,"texture":"#6"},"east":{"uv":[0,0,2,10],"rotation":90,"texture":"#6"},"south":{"uv":[0,0,2,2],"rotation":270,"texture":"#6"},"west":{"uv":[0,0,2,10],"rotation":270,"texture":"#6"},"up":{"uv":[0,0,2,10],"texture":"#6"},"down":{"uv":[0,0,2,10],"rotation":180,"texture":"#6"}}},{"from":[-0.06943,0.5,15.15246],"to":[2.30557,23,15.65246],"rotation":{"angle":-45,"axis":"y","origin":[8.24307,12.125,7.93371]},"faces":{"north":{"uv":[0,0,2,10],"texture":"#6"},"east":{"uv":[0,0,2,10],"texture":"#6"},"south":{"uv":[0,0,2,10],"texture":"#6"},"west":{"uv":[0,0,2,10],"texture":"#6"},"up":{"uv":[0,0,2,2],"rotation":90,"texture":"#6"},"down":{"uv":[0,0,2,2],"rotation":270,"texture":"#6"}}},{"from":[5.11807,7,1.15246],"to":[13.11807,8,2.15246],"rotation":{"angle":-45,"axis":"y","origin":[8.24307,12.125,7.93371]},"faces":{"north":{"uv":[1,15,10,16],"texture":"#1"},"south":{"uv":[1,15,10,16],"texture":"#1"},"up":{"uv":[1,15,10,16],"texture":"#1"},"down":{"uv":[1,15,10,16],"texture":"#1"}}},{"from":[13.11807,7,1.15246],"to":[14.11807,23,2.15246],"rotation":{"angle":-45,"axis":"y","origin":[8.24307,12.125,7.93371]},"faces":{"north":{"uv":[1,15,10,16],"texture":"#1"},"east":{"uv":[1,15,10,16],"texture":"#1"},"south":{"uv":[1,15,10,16],"texture":"#1"},"west":{"uv":[1,15,10,16],"texture":"#1"},"up":{"uv":[1,15,10,16],"texture":"#1"},"down":{"uv":[1,15,10,16],"texture":"#1"}}},{"from":[4.11807,3,1.15246],"to":[5.11807,7,2.15246],"rotation":{"angle":-45,"axis":"y","origin":[8.24307,12.125,7.93371]},"faces":{"north":{"uv":[0,10,1,16],"texture":"#1"},"east":{"uv":[0,10,1,16],"texture":"#1"},"south":{"uv":[0,10,1,16],"texture":"#1"},"west":{"uv":[0,10,1,16],"texture":"#1"},"down":{"uv":[0,10,1,16],"texture":"#1"}}},{"from":[2.11807,2,1.15246],"to":[4.11807,3,2.15246],"rotation":{"angle":-45,"axis":"y","origin":[8.24307,12.125,7.93371]},"faces":{"north":{"uv":[0,15,2,16],"texture":"#1"},"east":{"uv":[0,15,2,16],"texture":"#1"},"south":{"uv":[0,15,2,16],"texture":"#1"},"up":{"uv":[0,15,2,16],"texture":"#1"},"down":{"uv":[0,15,2,16],"texture":"#1"}}},{"from":[14.11807,12,14.15246],"to":[16.11807,22,16.15246],"rotation":{"angle":-45,"axis":"y","origin":[8.24307,12.125,7.93371]},"faces":{"north":{"uv":[0,0,2,10],"texture":"#0"},"east":{"uv":[0,0,2,10],"texture":"#0"},"south":{"uv":[0,0,2,10],"texture":"#0"},"west":{"uv":[0,0,2,10],"texture":"#0"},"up":{"uv":[0,0,2,2],"texture":"#0"},"down":{"uv":[0,0,2,2],"texture":"#0"}}},{"from":[2.11807,2,14.15246],"to":[14.11807,12,16.15246],"rotation":{"angle":-45,"axis":"y","origin":[8.24307,12.125,7.93371]},"faces":{"north":{"uv":[0,0,12,10],"texture":"#0"},"east":{"uv":[0,0,2,10],"texture":"#0"},"south":{"uv":[0,0,12,10],"texture":"#0"},"west":{"uv":[0,0,2,10],"texture":"#0"},"up":{"uv":[0,0,12,2],"texture":"#0"},"down":{"uv":[0,0,12,2],"texture":"#0"}}},{"from":[2.11807,12,14.15246],"to":[14.11807,22,16.15246],"rotation":{"angle":-45,"axis":"y","origin":[8.24307,12.125,7.93371]},"faces":{"north":{"uv":[0,0,12,10],"texture":"#0"},"east":{"uv":[0,0,2,10],"texture":"#0"},"south":{"uv":[0,0,12,10],"texture":"#0"},"west":{"uv":[0,0,2,10],"texture":"#0"},"up":{"uv":[0,0,12,2],"texture":"#0"},"down":{"uv":[0,0,12,2],"texture":"#0"}}},{"from":[0.11807,12,14.15246],"to":[2.11807,22,16.15246],"rotation":{"angle":-45,"axis":"y","origin":[8.24307,12.125,7.93371]},"faces":{"north":{"uv":[0,0,2,10],"texture":"#0"},"east":{"uv":[0,0,2,10],"texture":"#0"},"south":{"uv":[0,0,2,10],"texture":"#0"},"west":{"uv":[0,0,2,10],"texture":"#0"},"up":{"uv":[0,0,2,2],"texture":"#0"},"down":{"uv":[0,0,2,2],"texture":"#0"}}},{"from":[1.11807,2,2.15246],"to":[2.11807,3,13.15246],"rotation":{"angle":-45,"axis":"y","origin":[8.24307,12.125,7.93371]},"faces":{"east":{"uv":[3,15,15,16],"texture":"#1"},"west":{"uv":[3,15,15,16],"texture":"#1"},"up":{"uv":[3,15,15,16],"texture":"#1"},"down":{"uv":[3,15,15,16],"texture":"#1"}}},{"from":[1.11807,2,1.15246],"to":[2.11807,3,2.15246],"rotation":{"angle":-45,"axis":"y","origin":[8.24307,12.125,7.93371]},"faces":{"north":{"uv":[7,15,8,16],"texture":"#1"},"west":{"uv":[7,15,8,16],"texture":"#1"},"up":{"uv":[7,15,8,16],"texture":"#1"},"down":{"uv":[7,15,8,16],"texture":"#1"}}},{"from":[4.11807,2,1.15246],"to":[5.11807,3,2.15246],"rotation":{"angle":-45,"axis":"y","origin":[8.24307,12.125,7.93371]},"faces":{"north":{"uv":[7,15,8,16],"texture":"#1"},"east":{"uv":[7,15,8,16],"texture":"#1"},"south":{"uv":[7,15,8,16],"texture":"#1"},"down":{"uv":[7,15,8,16],"texture":"#1"}}},{"from":[4.11807,7,1.15246],"to":[5.11807,8,2.15246],"rotation":{"angle":-45,"axis":"y","origin":[8.24307,12.125,7.93371]},"faces":{"north":{"uv":[7,15,8,16],"texture":"#1"},"south":{"uv":[7,15,8,16],"texture":"#1"},"west":{"uv":[7,15,8,16],"texture":"#1"},"up":{"uv":[7,15,8,16],"texture":"#1"}}},{"from":[1.11807,2,13.15246],"to":[2.11807,23,14.15246],"rotation":{"angle":-45,"axis":"y","origin":[8.24307,12.125,7.93371]},"faces":{"north":{"uv":[7,15,8,16],"texture":"#1"},"east":{"uv":[7,15,8,16],"texture":"#1"},"south":{"uv":[7,15,8,16],"texture":"#1"},"west":{"uv":[7,15,8,16],"texture":"#1"},"up":{"uv":[7,15,8,16],"texture":"#1"},"down":{"uv":[7,15,8,16],"texture":"#1"}}},{"from":[-0.48528,22,6.58579],"to":[16.48528,23,7.58579],"rotation":{"angle":0,"axis":"y","origin":[8.24307,12.125,7.93371]},"faces":{"north":{"uv":[0,0,1,12],"texture":"#1"},"east":{"uv":[0,0,1,12],"texture":"#1"},"south":{"uv":[0,0,1,12],"texture":"#1"},"west":{"uv":[0,0,1,12],"texture":"#1"},"up":{"uv":[0,0,1,12],"texture":"#1"},"down":{"uv":[0,0,1,12],"texture":"#1"}}},{"from":[5.85847,9.2,5.32428],"to":[10.65847,16.4,7.72428],"rotation":{"angle":0,"axis":"y","origin":[8.24307,12.125,7.93371]},"faces":{"north":{"uv":[5.032,5.032,6.968,7.968],"texture":"#1_0"},"east":{"uv":[4.032,5.032,4.968,7.968],"texture":"#1_0"},"south":{"uv":[8.032,5.032,9.968,7.968],"texture":"#1_0"},"west":{"uv":[7.032,5.032,7.968,7.968],"texture":"#1_0"},"up":{"uv":[5.032,4.032,6.968,4.968],"rotation":180,"texture":"#1_0"},"down":{"uv":[7.032,4.968,8.968,4.032],"rotation":180,"texture":"#1_0"}}},{"from":[5.70847,9.3,5.17428],"to":[10.80847,16.55,7.87428],"rotation":{"angle":0,"axis":"y","origin":[8.24307,12.125,7.93371]},"faces":{"north":{"uv":[4.9695,7.282,6.9055,10.218],"texture":"#1_0"},"east":{"uv":[3.9695,7.282,4.9055,10.218],"texture":"#1_0"},"south":{"uv":[7.9695,7.282,9.9055,10.218],"texture":"#1_0"},"west":{"uv":[6.9695,7.282,7.9055,10.218],"texture":"#1_0"},"up":{"uv":[5.032,8.032,6.968,8.968],"rotation":180,"texture":"#1_0"},"down":{"uv":[7.032,8.968,8.968,8.032],"rotation":180,"texture":"#1_0"}}},{"from":[5.45847,9.8,4.92428],"to":[11.05847,10.6125,8.12428],"rotation":{"angle":0,"axis":"y","origin":[8.24307,12.125,7.93371]},"faces":{"north":{"uv":[5.032,7.282,6.968,7.468],"texture":"#1_0"},"east":{"uv":[4.032,7.282,4.968,7.468],"texture":"#1_0"},"south":{"uv":[8.032,7.282,9.968,7.468],"texture":"#1_0"},"west":{"uv":[7.032,7.282,7.968,7.468],"texture":"#1_0"},"up":{"uv":[5.032,7.282,6.968,7.468],"rotation":180,"texture":"#1_0"},"down":{"uv":[7.032,7.468,8.968,7.282],"rotation":180,"texture":"#1_0"}}},{"from":[10.95847,7.3,5.92428],"to":[11.55847,10.6125,6.37428],"rotation":{"angle":0,"axis":"y","origin":[8.24307,12.125,7.93371]},"faces":{"north":{"uv":[5.032,7.282,5.5305,7.468],"texture":"#1_0"},"east":{"uv":[4.032,7.282,4.968,7.468],"texture":"#1_0"},"south":{"uv":[8.032,7.282,9.968,7.468],"texture":"#1_0"},"west":{"uv":[7.032,7.282,7.968,7.468],"texture":"#1_0"},"up":{"uv":[5.032,7.282,5.218,7.468],"rotation":180,"texture":"#1_0"},"down":{"uv":[7.032,7.468,8.968,7.282],"rotation":180,"texture":"#1_0"}}},{"from":[10.95847,8.55,6.92428],"to":[11.55847,10.6125,7.37428],"rotation":{"angle":0,"axis":"y","origin":[8.24307,12.125,7.93371]},"faces":{"north":{"uv":[5.032,7.282,5.5305,7.468],"texture":"#1_0"},"east":{"uv":[4.032,7.282,4.968,7.468],"texture":"#1_0"},"south":{"uv":[8.032,7.282,9.968,7.468],"texture":"#1_0"},"west":{"uv":[7.032,7.282,7.968,7.468],"texture":"#1_0"},"up":{"uv":[5.032,7.282,5.218,7.468],"rotation":180,"texture":"#1_0"},"down":{"uv":[7.032,7.468,8.968,7.282],"rotation":180,"texture":"#1_0"}}},{"from":[11.45847,7.3,6.17428],"to":[11.80847,10.6125,6.62428],"rotation":{"angle":0,"axis":"y","origin":[8.24307,12.125,7.93371]},"faces":{"north":{"uv":[5.032,7.282,5.218,7.468],"texture":"#1_0"},"east":{"uv":[4.032,7.282,4.968,7.468],"texture":"#1_0"},"south":{"uv":[8.032,7.282,9.968,7.468],"texture":"#1_0"},"west":{"uv":[7.032,7.282,7.968,7.468],"texture":"#1_0"},"up":{"uv":[5.032,7.282,5.218,7.468],"rotation":180,"texture":"#1_0"},"down":{"uv":[7.032,7.468,8.968,7.282],"rotation":180,"texture":"#1_0"}}},{"from":[11.45847,8.55,6.62428],"to":[11.80847,10.6125,7.07428],"rotation":{"angle":0,"axis":"y","origin":[8.24307,12.125,7.88371]},"faces":{"north":{"uv":[5.032,7.282,5.5305,7.468],"texture":"#1_0"},"east":{"uv":[4.032,7.282,4.968,7.468],"texture":"#1_0"},"south":{"uv":[8.032,7.282,9.968,7.468],"texture":"#1_0"},"west":{"uv":[7.032,7.282,7.968,7.468],"texture":"#1_0"},"up":{"uv":[5.032,7.282,5.218,7.468],"rotation":180,"texture":"#1_0"},"down":{"uv":[7.032,7.468,8.968,7.282],"rotation":180,"texture":"#1_0"}}},{"from":[5.85847,2,5.32428],"to":[8.25847,9.2,7.72428],"rotation":{"angle":0,"axis":"y","origin":[8.24307,12.125,7.93371]},"faces":{"north":{"uv":[1.032,5.032,1.968,7.968],"texture":"#1_0"},"east":{"uv":[0.032,5.032,0.968,7.968],"texture":"#1_0"},"south":{"uv":[3.032,5.032,3.968,7.968],"texture":"#1_0"},"west":{"uv":[2.032,5.032,2.968,7.968],"texture":"#1_0"},"up":{"uv":[1.032,4.032,1.968,4.968],"rotation":180,"texture":"#1_0"},"down":{"uv":[2.032,4.968,2.968,4.032],"rotation":180,"texture":"#1_0"}}},{"from":[5.60847,3,5.07428],"to":[8.25847,5.6375,7.97428],"rotation":{"angle":0,"axis":"y","origin":[8.24307,12.125,7.93371]},"faces":{"north":{"uv":[1.032,6.5945,1.968,7.5305],"texture":"#1_0"},"east":{"uv":[0.032,6.5945,0.968,7.5305],"texture":"#1_0"},"south":{"uv":[3.032,6.5945,3.968,7.5305],"texture":"#1_0"},"west":{"uv":[2.032,6.5945,2.968,7.5305],"texture":"#1_0"},"up":{"uv":[2.032,6.657,2.968,6.843],"rotation":180,"texture":"#1_0"},"down":{"uv":[2.032,4.968,2.968,4.032],"rotation":180,"texture":"#1_0"}}},{"from":[5.70847,1.85,5.17428],"to":[8.40847,9.2875,7.87428],"rotation":{"angle":0,"axis":"y","origin":[8.24307,12.125,7.93371]},"faces":{"north":{"uv":[1.032,9.032,1.968,11.968],"texture":"#1_0"},"east":{"uv":[0.032,9.032,0.968,11.968],"texture":"#1_0"},"south":{"uv":[3.032,9.032,3.968,11.968],"texture":"#1_0"},"west":{"uv":[2.032,9.032,2.968,11.968],"texture":"#1_0"},"up":{"uv":[1.032,8.032,1.968,8.968],"rotation":180,"texture":"#1_0"},"down":{"uv":[2.032,8.968,2.968,8.032],"rotation":180,"texture":"#1_0"}}},{"from":[8.25847,2,5.32428],"to":[10.65847,9.2,7.72428],"rotation":{"angle":0,"axis":"y","origin":[8.24307,12.125,7.93371]},"faces":{"north":{"uv":[5.032,13.032,5.968,15.968],"texture":"#1_0"},"east":{"uv":[4.032,13.032,4.968,15.968],"texture":"#1_0"},"south":{"uv":[7.032,13.032,7.968,15.968],"texture":"#1_0"},"west":{"uv":[6.032,13.032,6.968,15.968],"texture":"#1_0"},"up":{"uv":[5.032,12.032,5.968,12.968],"rotation":180,"texture":"#1_0"},"down":{"uv":[6.032,12.968,6.968,12.032],"rotation":180,"texture":"#1_0"}}},{"from":[8.25847,3,5.07428],"to":[10.90847,5.6375,7.97428],"rotation":{"angle":0,"axis":"y","origin":[8.24307,12.125,7.93371]},"faces":{"north":{"uv":[5.032,14.5945,5.968,15.5305],"texture":"#1_0"},"east":{"uv":[4.032,14.5945,4.968,15.5305],"texture":"#1_0"},"south":{"uv":[7.032,14.5945,7.968,15.5305],"texture":"#1_0"},"west":{"uv":[6.032,14.5945,6.968,15.5305],"texture":"#1_0"},"up":{"uv":[4.032,14.657,4.968,14.843],"rotation":180,"texture":"#1_0"},"down":{"uv":[6.032,12.968,6.968,12.032],"rotation":180,"texture":"#1_0"}}},{"from":[8.10847,1.85,5.17428],"to":[10.80847,9.2875,7.87428],"rotation":{"angle":0,"axis":"y","origin":[8.24307,12.125,7.93371]},"faces":{"north":{"uv":[1.032,13.032,1.968,15.968],"texture":"#1_0"},"east":{"uv":[0.032,13.032,0.968,15.968],"texture":"#1_0"},"south":{"uv":[3.032,13.032,3.968,15.968],"texture":"#1_0"},"west":{"uv":[2.032,13.032,2.968,15.968],"texture":"#1_0"},"up":{"uv":[1.032,12.032,1.968,12.968],"rotation":180,"texture":"#1_0"},"down":{"uv":[2.032,12.968,2.968,12.032],"rotation":180,"texture":"#1_0"}}},{"from":[5.79597,16.0375,4.06178],"to":[10.72097,20.9625,8.98678],"rotation":{"angle":0,"axis":"y","origin":[8.24307,12.125,7.93371]},"faces":{"north":{"uv":[2.032,2.032,3.968,3.968],"texture":"#1_0"},"east":{"uv":[0.032,2.032,1.968,3.968],"texture":"#1_0"},"south":{"uv":[6.032,2.032,7.968,3.968],"texture":"#1_0"},"west":{"uv":[4.032,2.032,5.968,3.968],"texture":"#1_0"},"up":{"uv":[2.032,0.032,3.968,1.968],"rotation":180,"texture":"#1_0"},"down":{"uv":[4.032,1.968,5.968,0.032],"rotation":180,"texture":"#1_0"}}},{"from":[5.64597,15.8875,3.91178],"to":[10.87097,21.1125,9.13678],"rotation":{"angle":0,"axis":"y","origin":[8.24307,12.125,7.93371]},"faces":{"north":{"uv":[10.032,2.032,11.968,3.968],"texture":"#1_0"},"east":{"uv":[8.032,2.032,9.968,3.968],"texture":"#1_0"},"south":{"uv":[14.032,2.032,15.968,3.968],"texture":"#1_0"},"west":{"uv":[12.032,2.032,13.968,3.968],"texture":"#1_0"},"up":{"uv":[10.032,0.032,11.968,1.968],"rotation":180,"texture":"#1_0"},"down":{"uv":[12.032,1.968,13.968,0.032],"rotation":180,"texture":"#1_0"}}},{"from":[6.99597,16.6375,4.05578],"to":[9.52097,19.1625,8.98678],"rotation":{"angle":0,"axis":"y","origin":[8.24307,12.125,7.93371]},"faces":{"north":{"uv":[14.032,0.032,15.968,1.968],"texture":"#1_0"}}},{"from":[3.48026,12.65979,6.20634],"to":[5.93726,16.43979,8.72634],"rotation":{"angle":-22.5,"axis":"x","origin":[4.70088,12.81475,6.75015]},"faces":{"north":{"uv":[9.032,13.032,9.968,14.5],"texture":"#1_0"},"east":{"uv":[8.032,13.032,8.968,14.5],"texture":"#1_0"},"south":{"uv":[11.032,13.032,11.968,14.5],"texture":"#1_0"},"west":{"uv":[10.032,13.032,10.968,14.5],"texture":"#1_0"},"up":{"uv":[9.032,12.032,9.968,12.968],"rotation":180,"texture":"#1_0"},"down":{"uv":[0.032,0.032,0.032,0.032],"rotation":270,"texture":"#1_0"}}},{"from":[3.43301,9.19147,6.21058],"to":[5.95301,12.97147,8.73058],"rotation":{"angle":22.5,"axis":"x","origin":[4.70088,12.81475,6.75015]},"faces":{"north":{"uv":[8.032,14.5,8.968,15.968],"texture":"#1_0"},"east":{"uv":[11.032,14.5,11.968,15.968],"texture":"#1_0"},"south":{"uv":[10.968,15.968,10.032,14.5],"rotation":180,"texture":"#1_0"},"west":{"uv":[9.032,14.5,9.968,15.968],"texture":"#1_0"},"down":{"uv":[10.032,12.968,10.968,12.032],"rotation":270,"texture":"#1_0"}}},{"from":[3.44876,12.19934,6.11522],"to":[5.93726,13.42784,8.63522],"rotation":{"angle":0,"axis":"x","origin":[4.70088,12.81475,6.75015]},"faces":{"north":{"uv":[8.032,14.3,8.968,14.7],"texture":"#1_0"},"east":{"uv":[11.032,14.3,11.968,14.7],"texture":"#1_0"},"south":{"uv":[10.032,14.3,10.968,14.7],"texture":"#1_0"},"west":{"uv":[9.032,14.3,9.968,14.7],"texture":"#1_0"},"down":{"uv":[0.032,0.032,0.032,0.032],"rotation":270,"texture":"#1_0"}}},{"from":[10.63126,10.22127,5.27316],"to":[13.15126,14.00127,7.79316],"rotation":{"angle":22.5,"axis":"x","origin":[11.96609,11.32812,3.58942]},"faces":{"north":{"uv":[8.968,15.968,8.032,14.5],"rotation":180,"texture":"#1_0"},"east":{"uv":[11.968,15.968,11.032,14.5],"rotation":180,"texture":"#1_0"},"south":{"uv":[10.032,14.5,10.968,15.968],"texture":"#1_0"},"west":{"uv":[9.968,15.968,9.032,14.5],"rotation":180,"texture":"#1_0"},"down":{"uv":[10.968,12.032,10.032,12.968],"rotation":90,"texture":"#1_0"}}},{"from":[10.64701,12.18677,5.97154],"to":[13.13551,13.41527,8.49154],"rotation":{"angle":0,"axis":"x","origin":[11.96609,11.32812,3.58942]},"faces":{"north":{"uv":[8.968,14.7,8.032,14.3],"rotation":180,"texture":"#1_0"},"east":{"uv":[11.032,14.3,11.968,14.7],"texture":"#1_0"},"south":{"uv":[10.968,14.7,10.032,14.3],"rotation":180,"texture":"#1_0"},"west":{"uv":[9.032,14.3,9.968,14.7],"texture":"#1_0"},"down":{"uv":[0.032,0.032,0.032,0.032],"rotation":90,"texture":"#1_0"}}},{"from":[10.70951,11.38042,6.39711],"to":[13.16651,15.16042,8.91711],"rotation":{"angle":-22.5,"axis":"x","origin":[11.96609,11.32812,3.58942]},"faces":{"north":{"uv":[9.968,14.5,9.032,13.032],"rotation":180,"texture":"#1_0"},"east":{"uv":[8.032,13.032,8.968,14.5],"texture":"#1_0"},"south":{"uv":[11.968,14.5,11.032,13.032],"rotation":180,"texture":"#1_0"},"west":{"uv":[10.032,13.032,10.968,14.5],"texture":"#1_0"},"up":{"uv":[9.968,12.968,9.032,12.032],"texture":"#1_0"},"down":{"uv":[0.032,0.032,0.032,0.032],"rotation":90,"texture":"#1_0"}}},{"from":[11.2786,11.01678,8.19546],"to":[11.43574,11.25249,8.43117],"rotation":{"angle":22.5,"axis":"x","origin":[11.96609,11.32812,3.58942]},"faces":{"north":{"uv":[8.96,0.96,11.04,3.04],"rotation":180,"texture":"#9"},"east":{"uv":[8.96,0.96,11.04,3.04],"rotation":90,"texture":"#9"},"south":{"uv":[8.96,0.96,11.04,3.04],"texture":"#9"},"west":{"uv":[8.96,0.96,11.04,3.04],"rotation":270,"texture":"#9"},"up":{"uv":[8.96,0.96,11.04,3.04],"texture":"#9"},"down":{"uv":[8.96,0.96,11.04,3.04],"rotation":180,"texture":"#9"}}},{"from":[11.35714,11.09532,8.11693],"to":[11.43571,11.25246,8.1955],"rotation":{"angle":22.5,"axis":"x","origin":[11.96609,11.32812,3.58942]},"faces":{"north":{"uv":[8.96,0.96,11.04,3.04],"rotation":180,"texture":"#9"},"east":{"uv":[8.96,0.96,11.04,3.04],"rotation":90,"texture":"#9"},"south":{"uv":[8.96,0.96,11.04,3.04],"texture":"#9"},"west":{"uv":[8.96,0.96,11.04,3.04],"rotation":270,"texture":"#9"},"up":{"uv":[8.96,0.96,11.04,3.04],"texture":"#9"},"down":{"uv":[8.96,0.96,11.04,3.04],"rotation":180,"texture":"#9"}}},{"from":[11.43573,10.76678,7.44546],"to":[12.30002,11.58106,8.68117],"rotation":{"angle":22.5,"axis":"x","origin":[11.96609,11.32812,3.58942]},"faces":{"north":{"uv":[0.96,4.96,3.04,7.04],"rotation":180,"texture":"#9"},"east":{"uv":[0.96,4.96,3.04,7.04],"rotation":90,"texture":"#9"},"south":{"uv":[0.96,4.96,3.04,7.04],"texture":"#9"},"west":{"uv":[0.96,4.96,3.04,7.04],"rotation":270,"texture":"#9"},"up":{"uv":[0.96,4.96,3.04,7.04],"texture":"#9"},"down":{"uv":[0.96,4.96,3.04,7.04],"rotation":180,"texture":"#9"}}},{"from":[11.43573,10.93818,4.90978],"to":[12.30002,11.33108,5.30263],"rotation":{"angle":22.5,"axis":"x","origin":[11.96609,11.32812,3.58942]},"faces":{"north":{"uv":[0.96,4.96,3.04,7.04],"rotation":180,"texture":"#9"},"east":{"uv":[0.96,4.96,3.04,7.04],"rotation":90,"texture":"#9"},"south":{"uv":[0.96,4.96,3.04,7.04],"texture":"#9"},"west":{"uv":[0.96,4.96,3.04,7.04],"rotation":270,"texture":"#9"},"up":{"uv":[0.96,4.96,3.04,7.04],"texture":"#9"},"down":{"uv":[0.96,4.96,3.04,7.04],"rotation":180,"texture":"#9"}}},{"from":[11.51427,10.93818,4.8312],"to":[12.14284,11.33104,4.90977],"rotation":{"angle":22.5,"axis":"x","origin":[11.96609,11.32812,3.58942]},"faces":{"north":{"uv":[8.96,0.96,11.04,3.04],"rotation":180,"texture":"#9"},"east":{"uv":[8.96,0.96,11.04,3.04],"rotation":90,"texture":"#9"},"south":{"uv":[8.96,0.96,11.04,3.04],"texture":"#9"},"west":{"uv":[8.96,0.96,11.04,3.04],"rotation":270,"texture":"#9"},"up":{"uv":[8.96,0.96,11.04,3.04],"texture":"#9"},"down":{"uv":[8.96,0.96,11.04,3.04],"rotation":180,"texture":"#9"}}},{"from":[11.51427,10.93818,4.59546],"to":[11.59284,11.33104,4.83117],"rotation":{"angle":22.5,"axis":"x","origin":[11.96609,11.32812,3.58942]},"faces":{"north":{"uv":[0.96,4.96,3.04,7.04],"rotation":180,"texture":"#9"},"east":{"uv":[0.96,4.96,3.04,7.04],"rotation":90,"texture":"#9"},"south":{"uv":[0.96,4.96,3.04,7.04],"texture":"#9"},"west":{"uv":[0.96,4.96,3.04,7.04],"rotation":270,"texture":"#9"},"up":{"uv":[0.96,4.96,3.04,7.04],"texture":"#9"},"down":{"uv":[0.96,4.96,3.04,7.04],"rotation":180,"texture":"#9"}}},{"from":[11.67141,10.7025,4.5026],"to":[12.06426,11.56675,5.30617],"rotation":{"angle":22.5,"axis":"x","origin":[11.96609,11.32812,3.58942]},"faces":{"north":{"uv":[0.96,4.96,3.04,7.04],"rotation":180,"texture":"#9"},"east":{"uv":[0.96,4.96,3.04,7.04],"rotation":90,"texture":"#9"},"south":{"uv":[0.96,4.96,3.04,7.04],"texture":"#9"},"west":{"uv":[0.96,4.96,3.04,7.04],"rotation":270,"texture":"#9"},"up":{"uv":[0.96,4.96,3.04,7.04],"texture":"#9"},"down":{"uv":[0.96,4.96,3.04,7.04],"rotation":180,"texture":"#9"}}},{"from":[11.67141,11.40964,4.8312],"to":[12.06426,11.48821,4.90977],"rotation":{"angle":22.5,"axis":"x","origin":[11.96609,11.32812,3.58942]},"faces":{"north":{"uv":[8.96,0.96,11.04,3.04],"rotation":180,"texture":"#9"},"south":{"uv":[8.96,0.96,11.04,3.04],"texture":"#9"},"down":{"uv":[8.96,0.96,11.04,3.04],"rotation":180,"texture":"#9"}}},{"from":[11.75,10.60782,8.19546],"to":[11.98571,10.76496,8.43117],"rotation":{"angle":22.5,"axis":"x","origin":[11.96609,11.32812,3.58942]},"faces":{"north":{"uv":[8.96,0.96,11.04,3.04],"rotation":180,"texture":"#9"},"east":{"uv":[8.96,0.96,11.04,3.04],"rotation":90,"texture":"#9"},"south":{"uv":[8.96,0.96,11.04,3.04],"texture":"#9"},"west":{"uv":[8.96,0.96,11.04,3.04],"rotation":270,"texture":"#9"},"up":{"uv":[8.96,0.96,11.04,3.04],"texture":"#9"},"down":{"uv":[8.96,0.96,11.04,3.04],"rotation":180,"texture":"#9"}}},{"from":[11.75,11.56677,8.11689],"to":[11.98571,11.64535,8.43117],"rotation":{"angle":22.5,"axis":"x","origin":[11.96609,11.32812,3.58942]},"faces":{"north":{"uv":[8.96,0.96,11.04,3.04],"rotation":180,"texture":"#9"},"east":{"uv":[8.96,0.96,11.04,3.04],"rotation":90,"texture":"#9"},"south":{"uv":[8.96,0.96,11.04,3.04],"texture":"#9"},"west":{"uv":[8.96,0.96,11.04,3.04],"rotation":270,"texture":"#9"},"up":{"uv":[8.96,0.96,11.04,3.04],"texture":"#9"},"down":{"uv":[8.96,0.96,11.04,3.04],"rotation":180,"texture":"#9"}}},{"from":[11.75,11.64532,8.19546],"to":[11.98571,11.72389,8.43117],"rotation":{"angle":22.5,"axis":"x","origin":[11.96609,11.32812,3.58942]},"faces":{"north":{"uv":[8.96,0.96,11.04,3.04],"rotation":180,"texture":"#9"},"east":{"uv":[8.96,0.96,11.04,3.04],"rotation":90,"texture":"#9"},"south":{"uv":[8.96,0.96,11.04,3.04],"texture":"#9"},"west":{"uv":[8.96,0.96,11.04,3.04],"rotation":270,"texture":"#9"},"up":{"uv":[8.96,0.96,11.04,3.04],"texture":"#9"},"down":{"uv":[8.96,0.96,11.04,3.04],"rotation":180,"texture":"#9"}}},{"from":[11.75,10.68641,8.11693],"to":[11.98571,10.76498,8.1955],"rotation":{"angle":22.5,"axis":"x","origin":[11.96609,11.32812,3.58942]},"faces":{"north":{"uv":[8.96,0.96,11.04,3.04],"rotation":180,"texture":"#9"},"east":{"uv":[8.96,0.96,11.04,3.04],"rotation":90,"texture":"#9"},"south":{"uv":[8.96,0.96,11.04,3.04],"texture":"#9"},"west":{"uv":[8.96,0.96,11.04,3.04],"rotation":270,"texture":"#9"},"up":{"uv":[8.96,0.96,11.04,3.04],"texture":"#9"},"down":{"uv":[8.96,0.96,11.04,3.04],"rotation":180,"texture":"#9"}}},{"from":[11.75,11.01678,4.7526],"to":[11.98571,11.25249,4.83117],"rotation":{"angle":22.5,"axis":"x","origin":[11.96609,11.32812,3.58942]},"faces":{"north":{"uv":[0.96,8.96,3.04,11.04],"rotation":180,"texture":"#9"},"east":{"uv":[0.96,8.96,3.04,11.04],"rotation":90,"texture":"#9"},"south":{"uv":[0.96,8.96,3.04,11.04],"texture":"#9"},"west":{"uv":[0.96,8.96,3.04,11.04],"rotation":270,"texture":"#9"},"up":{"uv":[0.96,8.96,3.04,11.04],"texture":"#9"},"down":{"uv":[0.96,8.96,3.04,11.04],"rotation":180,"texture":"#9"}}},{"from":[11.75,10.96178,-8.53486],"to":[12.09573,11.30751,4.5955],"rotation":{"angle":22.5,"axis":"x","origin":[11.96609,11.32812,3.58942]},"faces":{"north":{"uv":[0.96,8.96,3.04,11.04],"rotation":180,"texture":"#7"},"east":{"uv":[0.96,8.96,3.04,11.04],"rotation":90,"texture":"#7"},"south":{"uv":[0.96,8.96,3.04,11.04],"texture":"#7"},"west":{"uv":[0.96,8.96,3.04,11.04],"rotation":270,"texture":"#7"},"up":{"uv":[0.96,8.96,3.04,11.04],"texture":"#7"},"down":{"uv":[0.96,8.96,3.04,11.04],"rotation":180,"texture":"#7"}}},{"from":[11.68125,11.03641,-8.39736],"to":[12.16448,11.24464,4.5955],"rotation":{"angle":22.5,"axis":"x","origin":[11.96609,11.32812,3.58942]},"faces":{"north":{"uv":[0.96,8.96,3.04,11.04],"rotation":180,"texture":"#7"},"east":{"uv":[0.96,8.96,3.04,11.04],"rotation":90,"texture":"#7"},"west":{"uv":[0.96,8.96,3.04,11.04],"rotation":270,"texture":"#7"},"up":{"uv":[0.96,8.96,3.04,11.04],"texture":"#7"},"down":{"uv":[0.96,8.96,3.04,11.04],"rotation":180,"texture":"#7"}}},{"from":[11.81287,10.89302,-8.39736],"to":[12.0211,11.37626,4.5955],"rotation":{"angle":22.5,"axis":"x","origin":[11.96609,11.32812,3.58942]},"faces":{"north":{"uv":[0.96,8.96,3.04,11.04],"rotation":270,"texture":"#7"},"east":{"uv":[0.96,8.96,3.04,11.04],"rotation":90,"texture":"#7"},"west":{"uv":[0.96,8.96,3.04,11.04],"rotation":270,"texture":"#7"},"up":{"uv":[0.96,8.96,3.04,11.04],"texture":"#7"},"down":{"uv":[0.96,8.96,3.04,11.04],"rotation":180,"texture":"#7"}}},{"from":[12.06427,10.78105,4.35979],"to":[12.22141,10.93819,5.158],"rotation":{"angle":22.5,"axis":"x","origin":[11.96609,11.32812,3.58942]},"faces":{"north":{"uv":[0.96,4.96,3.04,7.04],"rotation":180,"texture":"#9"},"east":{"uv":[0.96,4.96,3.04,7.04],"rotation":90,"texture":"#9"},"south":{"uv":[0.96,4.96,3.04,7.04],"texture":"#9"},"west":{"uv":[0.96,4.96,3.04,7.04],"rotation":270,"texture":"#9"},"up":{"uv":[0.96,4.96,3.04,7.04],"texture":"#9"},"down":{"uv":[0.96,4.96,3.04,7.04],"rotation":180,"texture":"#9"}}},{"from":[12.06427,11.33105,4.35979],"to":[12.22141,11.48819,5.158],"rotation":{"angle":22.5,"axis":"x","origin":[11.96609,11.32812,3.58942]},"faces":{"north":{"uv":[0.96,4.96,3.04,7.04],"rotation":180,"texture":"#9"},"east":{"uv":[0.96,4.96,3.04,7.04],"rotation":90,"texture":"#9"},"south":{"uv":[0.96,4.96,3.04,7.04],"texture":"#9"},"west":{"uv":[0.96,4.96,3.04,7.04],"rotation":270,"texture":"#9"},"up":{"uv":[0.96,4.96,3.04,7.04],"texture":"#9"},"down":{"uv":[0.96,4.96,3.04,7.04],"rotation":180,"texture":"#9"}}},{"from":[11.50177,10.78105,4.54729],"to":[11.65891,10.93819,5.3455],"rotation":{"angle":22.5,"axis":"x","origin":[11.96609,11.32812,3.58942]},"faces":{"north":{"uv":[0.96,4.96,3.04,7.04],"rotation":180,"texture":"#9"},"east":{"uv":[0.96,4.96,3.04,7.04],"rotation":90,"texture":"#9"},"south":{"uv":[0.96,4.96,3.04,7.04],"texture":"#9"},"west":{"uv":[0.96,4.96,3.04,7.04],"rotation":270,"texture":"#9"},"up":{"uv":[0.96,4.96,3.04,7.04],"texture":"#9"},"down":{"uv":[0.96,4.96,3.04,7.04],"rotation":180,"texture":"#9"}}},{"from":[11.50177,11.33105,4.54729],"to":[11.65891,11.48819,5.3455],"rotation":{"angle":22.5,"axis":"x","origin":[11.96609,11.32812,3.58942]},"faces":{"north":{"uv":[0.96,4.96,3.04,7.04],"rotation":180,"texture":"#9"},"east":{"uv":[0.96,4.96,3.04,7.04],"rotation":90,"texture":"#9"},"south":{"uv":[0.96,4.96,3.04,7.04],"texture":"#9"},"west":{"uv":[0.96,4.96,3.04,7.04],"rotation":270,"texture":"#9"},"up":{"uv":[0.96,4.96,3.04,7.04],"texture":"#9"},"down":{"uv":[0.96,4.96,3.04,7.04],"rotation":180,"texture":"#9"}}},{"from":[12.14287,10.93818,4.75263],"to":[12.30001,11.33104,4.90977],"rotation":{"angle":22.5,"axis":"x","origin":[11.96609,11.32812,3.58942]},"faces":{"north":{"uv":[0.96,4.96,3.04,7.04],"rotation":180,"texture":"#9"},"east":{"uv":[0.96,4.96,3.04,7.04],"rotation":90,"texture":"#9"},"south":{"uv":[0.96,4.96,3.04,7.04],"texture":"#9"},"west":{"uv":[0.96,4.96,3.04,7.04],"rotation":270,"texture":"#9"},"up":{"uv":[0.96,4.96,3.04,7.04],"texture":"#9"},"down":{"uv":[0.96,4.96,3.04,7.04],"rotation":180,"texture":"#9"}}},{"from":[12.14287,11.2525,4.67406],"to":[12.30001,11.33108,4.75263],"rotation":{"angle":22.5,"axis":"x","origin":[11.96609,11.32812,3.58942]},"faces":{"north":{"uv":[0.96,4.96,3.04,7.04],"rotation":180,"texture":"#9"},"east":{"uv":[0.96,4.96,3.04,7.04],"rotation":90,"texture":"#9"},"south":{"uv":[0.96,4.96,3.04,7.04],"texture":"#9"},"west":{"uv":[0.96,4.96,3.04,7.04],"rotation":270,"texture":"#9"},"up":{"uv":[0.96,4.96,3.04,7.04],"texture":"#9"},"down":{"uv":[0.96,4.96,3.04,7.04],"rotation":180,"texture":"#9"}}},{"from":[12.22141,10.93818,4.20264],"to":[12.29998,11.33104,4.783],"rotation":{"angle":22.5,"axis":"x","origin":[11.96609,11.32812,3.58942]},"faces":{"north":{"uv":[0.96,4.96,3.04,7.04],"rotation":180,"texture":"#9"},"east":{"uv":[0.96,4.96,3.04,7.04],"rotation":90,"texture":"#9"},"south":{"uv":[0.96,4.96,3.04,7.04],"texture":"#9"},"west":{"uv":[0.96,4.96,3.04,7.04],"rotation":270,"texture":"#9"},"up":{"uv":[0.96,4.96,3.04,7.04],"texture":"#9"},"down":{"uv":[0.96,4.96,3.04,7.04],"rotation":180,"texture":"#9"}}},{"from":[12.3,11.01678,8.19546],"to":[12.45714,11.25249,8.43117],"rotation":{"angle":22.5,"axis":"x","origin":[11.96609,11.32812,3.58942]},"faces":{"north":{"uv":[8.96,0.96,11.04,3.04],"rotation":180,"texture":"#9"},"east":{"uv":[8.96,0.96,11.04,3.04],"rotation":90,"texture":"#9"},"south":{"uv":[8.96,0.96,11.04,3.04],"texture":"#9"},"west":{"uv":[8.96,0.96,11.04,3.04],"rotation":270,"texture":"#9"},"up":{"uv":[8.96,0.96,11.04,3.04],"texture":"#9"},"down":{"uv":[8.96,0.96,11.04,3.04],"rotation":180,"texture":"#9"}}},{"from":[12.3,11.09532,8.11693],"to":[12.37857,11.25246,8.1955],"rotation":{"angle":22.5,"axis":"x","origin":[11.96609,11.32812,3.58942]},"faces":{"north":{"uv":[8.96,0.96,11.04,3.04],"rotation":180,"texture":"#9"},"east":{"uv":[8.96,0.96,11.04,3.04],"rotation":90,"texture":"#9"},"south":{"uv":[8.96,0.96,11.04,3.04],"texture":"#9"},"west":{"uv":[8.96,0.96,11.04,3.04],"rotation":270,"texture":"#9"},"up":{"uv":[8.96,0.96,11.04,3.04],"texture":"#9"},"down":{"uv":[8.96,0.96,11.04,3.04],"rotation":180,"texture":"#9"}}},{"from":[12.3,11.01678,4.51691],"to":[12.53571,11.09535,4.90977],"rotation":{"angle":22.5,"axis":"x","origin":[11.96609,11.32812,3.58942]},"faces":{"north":{"uv":[0.96,4.96,3.04,7.04],"rotation":180,"texture":"#9"},"east":{"uv":[0.96,4.96,3.04,7.04],"rotation":90,"texture":"#9"},"south":{"uv":[0.96,4.96,3.04,7.04],"texture":"#9"},"west":{"uv":[0.96,4.96,3.04,7.04],"rotation":270,"texture":"#9"},"up":{"uv":[0.96,4.96,3.04,7.04],"texture":"#9"},"down":{"uv":[0.96,4.96,3.04,7.04],"rotation":180,"texture":"#9"}}},{"from":[12.3,11.09532,4.8312],"to":[12.37857,11.25246,4.90977],"rotation":{"angle":22.5,"axis":"x","origin":[11.96609,11.32812,3.58942]},"faces":{"north":{"uv":[0.96,4.96,3.04,7.04],"rotation":180,"texture":"#9"},"east":{"uv":[0.96,4.96,3.04,7.04],"rotation":90,"texture":"#9"},"south":{"uv":[0.96,4.96,3.04,7.04],"texture":"#9"},"up":{"uv":[0.96,4.96,3.04,7.04],"texture":"#9"}}},{"from":[12.3,11.17391,4.59546],"to":[12.61429,11.25248,4.83117],"rotation":{"angle":22.5,"axis":"x","origin":[11.96609,11.32812,3.58942]},"faces":{"north":{"uv":[0.96,4.96,3.04,7.04],"rotation":180,"texture":"#9"},"east":{"uv":[0.96,4.96,3.04,7.04],"rotation":90,"texture":"#9"},"south":{"uv":[0.96,4.96,3.04,7.04],"texture":"#9"},"west":{"uv":[0.96,4.96,3.04,7.04],"rotation":270,"texture":"#9"},"up":{"uv":[0.96,4.96,3.04,7.04],"texture":"#9"},"down":{"uv":[0.96,4.96,3.04,7.04],"rotation":180,"texture":"#9"}}},{"from":[12.3,11.09532,4.51693],"to":[12.37857,11.25246,4.5955],"rotation":{"angle":22.5,"axis":"x","origin":[11.96609,11.32812,3.58942]},"faces":{"north":{"uv":[0.96,4.96,3.04,7.04],"rotation":180,"texture":"#9"},"east":{"uv":[0.96,4.96,3.04,7.04],"rotation":90,"texture":"#9"},"south":{"uv":[0.96,4.96,3.04,7.04],"texture":"#9"},"west":{"uv":[0.96,4.96,3.04,7.04],"rotation":270,"texture":"#9"},"up":{"uv":[0.96,4.96,3.04,7.04],"texture":"#9"}}},{"from":[12.37859,11.17391,4.8312],"to":[12.53574,11.25248,4.90977],"rotation":{"angle":22.5,"axis":"x","origin":[11.96609,11.32812,3.58942]},"faces":{"north":{"uv":[0.96,4.96,3.04,7.04],"rotation":180,"texture":"#9"},"east":{"uv":[0.96,4.96,3.04,7.04],"rotation":90,"texture":"#9"},"south":{"uv":[0.96,4.96,3.04,7.04],"texture":"#9"},"west":{"uv":[0.96,4.96,3.04,7.04],"rotation":270,"texture":"#9"},"up":{"uv":[0.96,4.96,3.04,7.04],"texture":"#9"},"down":{"uv":[0.96,4.96,3.04,7.04],"rotation":180,"texture":"#9"}}},{"from":[12.37859,11.17391,4.51693],"to":[12.53574,11.25248,4.5955],"rotation":{"angle":22.5,"axis":"x","origin":[11.96609,11.32812,3.58942]},"faces":{"north":{"uv":[0.96,4.96,3.04,7.04],"rotation":180,"texture":"#9"},"east":{"uv":[0.96,4.96,3.04,7.04],"rotation":90,"texture":"#9"},"west":{"uv":[0.96,4.96,3.04,7.04],"rotation":270,"texture":"#9"},"up":{"uv":[0.96,4.96,3.04,7.04],"texture":"#9"},"down":{"uv":[0.96,4.96,3.04,7.04],"rotation":180,"texture":"#9"}}},{"from":[12.53573,11.01678,4.59546],"to":[12.6143,11.09535,4.83117],"rotation":{"angle":22.5,"axis":"x","origin":[11.96609,11.32812,3.58942]},"faces":{"north":{"uv":[0.96,4.96,3.04,7.04],"rotation":180,"texture":"#9"},"east":{"uv":[0.96,4.96,3.04,7.04],"rotation":90,"texture":"#9"},"south":{"uv":[0.96,4.96,3.04,7.04],"texture":"#9"},"west":{"uv":[0.96,4.96,3.04,7.04],"rotation":270,"texture":"#9"},"up":{"uv":[0.96,4.96,3.04,7.04],"texture":"#9"},"down":{"uv":[0.96,4.96,3.04,7.04],"rotation":180,"texture":"#9"}}}],"display":{"thirdperson_righthand":{"rotation":[2,151,0],"translation":[0,2.5,0],"scale":[0.4,0.4,0.4]},"thirdperson_lefthand":{"rotation":[2,107,0],"translation":[0,2.5,0],"scale":[0.4,0.4,0.4]},"firstperson_righthand":{"rotation":[2,151,0],"translation":[0,2.5,0],"scale":[0.4,0.4,0.4]},"firstperson_lefthand":{"rotation":[-1,107,0],"translation":[-0.5,4.25,1.25],"scale":[0.4,0.4,0.4]},"ground":{"scale":[0.5,0.5,0.5]},"gui":{"rotation":[17,-158,0],"translation":[0,-2,0.75],"scale":[0.5,0.5,0.5]},"head":{"translation":[0,-2.25,0],"scale":[0.5,0.5,0.5]},"fixed":{"rotation":[0,20,0],"translation":[0,-3.25,0.75],"scale":[0.8,0.8,0.8]}},"groups":[0,1,2,3,4,5,6,7,8,9,10,11,12,13,14,15,16,17,18,19,20,21,22,23,24,25,26,27,28,29,30,31,32,33,34,35,36,37,{"name":"player_all","origin":[8,8,8],"color":0,"nbt":"{}","armAnimationEnabled":false,"children":[38,39,40,41,42,43,44,45,46,47,48,49,50,51,52,53]},{"name":"player_left_arm_bent","origin":[8,8,8],"color":0,"nbt":"{}","armAnimationEnabled":false,"children":[54,55,56,57,58,59]},{"name":"player_right_arm_bent","origin":[8,8,8],"color":0,"nbt":"{}","armAnimationEnabled":false,"children":[]},{"name":"group","origin":[0,0,0],"color":0,"nbt":"{}","armAnimationEnabled":false,"children":[60,61,62,63,64,65,66,67,68,69,70,71,72,73,74,75,76,77,78,79,80,81,82,83,84,85,86,87,88,89,90,91]}]}