{"credit":"Made with Blockbench by Valvac","textures":{"1":"block/white_stained_glass","2":"block/white_concrete","6":"block/red_concrete","8":"block/5","19":"block/skins/fleche_incr","particle":"block/white_concrete"},"elements":[{"from":[0,0,0],"to":[16,2,16],"rotation":{"angle":45,"axis":"y","origin":[8,1,8]},"faces":{"north":{"uv":[0,0,16,2],"texture":"#2"},"east":{"uv":[0,0,16,2],"texture":"#2"},"south":{"uv":[0,0,16,2],"texture":"#2"},"west":{"uv":[0,0,16,2],"texture":"#2"},"up":{"uv":[0,0,16,16],"texture":"#2"},"down":{"uv":[0,0,16,16],"texture":"#2"}}},{"from":[14.11807,22,0.15246],"to":[16.11807,24,16.15246],"rotation":{"angle":-45,"axis":"y","origin":[8.24307,12.125,7.93371]},"faces":{"north":{"uv":[0,0,2,2],"texture":"#2"},"east":{"uv":[0,0,16,2],"texture":"#2"},"south":{"uv":[0,0,2,2],"texture":"#2"},"west":{"uv":[0,0,16,2],"texture":"#2"},"up":{"uv":[0,0,2,16],"texture":"#2"},"down":{"uv":[0,0,2,16],"texture":"#2"}}},{"from":[0.11807,22,14.15246],"to":[14.11807,24,16.15246],"rotation":{"angle":-45,"axis":"y","origin":[8.24307,12.125,7.93371]},"faces":{"north":{"uv":[0,0,14,2],"texture":"#2"},"east":{"uv":[0,0,2,2],"texture":"#2"},"south":{"uv":[0,0,14,2],"texture":"#2"},"west":{"uv":[0,0,2,2],"texture":"#2"},"up":{"uv":[0,0,14,2],"texture":"#2"},"down":{"uv":[0,0,14,2],"texture":"#2"}}},{"from":[-1.8995,23,6.58578],"to":[17.89949,24,9.33578],"rotation":{"angle":0,"axis":"y","origin":[8.24307,12.125,7.93371]},"faces":{"north":{"uv":[0,0,16,1],"texture":"#2"},"east":{"uv":[0,0,2.75,1],"texture":"#2"},"south":{"uv":[0,0,16,1],"texture":"#2"},"west":{"uv":[0,0,2.75,1],"texture":"#2"},"up":{"uv":[0,0,16,2.75],"texture":"#2"},"down":{"uv":[0,0,16,2.75],"texture":"#2"}}},{"from":[0.788,23,9.33578],"to":[15.21199,24,12.08578],"rotation":{"angle":0,"axis":"y","origin":[8.24307,12.125,7.93371]},"faces":{"north":{"uv":[0,0,14.42399,1],"texture":"#2"},"east":{"uv":[0,0,2.75,1],"texture":"#2"},"south":{"uv":[0,0,14.42399,1],"texture":"#2"},"west":{"uv":[0,0,2.75,1],"texture":"#2"},"up":{"uv":[0,0,14.42399,2.75],"texture":"#2"},"down":{"uv":[0,0,14.42399,2.75],"texture":"#2"}}},{"from":[3.6005,23,12.08578],"to":[12.39949,24,14.83578],"rotation":{"angle":0,"axis":"y","origin":[8.24307,12.125,7.93371]},"faces":{"north":{"uv":[0,0,8.79899,1],"texture":"#2"},"east":{"uv":[0,0,2.75,1],"texture":"#2"},"south":{"uv":[0,0,8.79899,1],"texture":"#2"},"west":{"uv":[0,0,2.75,1],"texture":"#2"},"up":{"uv":[0,0,8.79899,2.75],"texture":"#2"},"down":{"uv":[0,0,8.79899,2.75],"texture":"#2"}}},{"from":[6.3505,23,14.83578],"to":[9.64949,24,17.58578],"rotation":{"angle":0,"axis":"y","origin":[8.24307,12.125,7.93371]},"faces":{"north":{"uv":[0,0,3.29899,1],"texture":"#2"},"east":{"uv":[0,0,2.75,1],"texture":"#2"},"south":{"uv":[0,0,3.29899,1],"texture":"#2"},"west":{"uv":[0,0,2.75,1],"texture":"#2"},"up":{"uv":[0,0,3.29899,2.75],"texture":"#2"},"down":{"uv":[0,0,3.29899,2.75],"texture":"#2"}}},{"from":[14.11807,2,0.15246],"to":[16.11807,12,2.15246],"rotation":{"angle":-45,"axis":"y","origin":[8.24307,12.125,7.93371]},"faces":{"north":{"uv":[0,0,2,10],"texture":"#2"},"east":{"uv":[0,0,2,10],"texture":"#2"},"south":{"uv":[0,0,2,10],"texture":"#2"},"west":{"uv":[0,0,2,10],"texture":"#2"},"up":{"uv":[0,0,2,2],"texture":"#2"},"down":{"uv":[0,0,2,2],"texture":"#2"}}},{"from":[5.11807,2,0.15246],"to":[14.11807,7,2.15246],"rotation":{"angle":-45,"axis":"y","origin":[8.24307,12.125,7.93371]},"faces":{"north":{"uv":[0,0,9,5],"texture":"#2"},"east":{"uv":[0,0,2,5],"texture":"#2"},"south":{"uv":[0,0,9,5],"texture":"#2"},"west":{"uv":[0,0,2,5],"texture":"#2"},"up":{"uv":[0,0,9,2],"texture":"#2"},"down":{"uv":[0,0,9,2],"texture":"#2"}}},{"from":[5.61807,0.5,-0.09754],"to":[15.61807,1,1.15246],"rotation":{"angle":-45,"axis":"y","origin":[8.24307,12.125,7.93371]},"faces":{"north":{"uv":[0,0,10,0.5],"texture":"#6"},"east":{"uv":[0,0,1.25,0.5],"texture":"#6"},"south":{"uv":[0,0,10,0.5],"texture":"#6"},"west":{"uv":[0,0,1.25,0.5],"texture":"#6"},"up":{"uv":[0,0,10,1.25],"texture":"#6"},"down":{"uv":[0,0,10,1.25],"texture":"#6"}}},{"from":[15.11807,1,-0.09754],"to":[15.61807,6,1.15246],"rotation":{"angle":-45,"axis":"y","origin":[8.24307,12.125,7.93371]},"faces":{"north":{"uv":[0,0,0.5,5],"texture":"#6"},"east":{"uv":[0,0,1.25,5],"texture":"#6"},"south":{"uv":[0,0,0.5,5],"texture":"#6"},"west":{"uv":[0,0,1.25,5],"texture":"#6"},"up":{"uv":[0,0,0.5,1.25],"texture":"#6"},"down":{"uv":[0,0,0.5,1.25],"texture":"#6"}}},{"from":[5.61807,1,-0.09754],"to":[6.11807,6,1.15246],"rotation":{"angle":-45,"axis":"y","origin":[8.24307,12.125,7.93371]},"faces":{"north":{"uv":[0,0,0.5,5],"texture":"#6"},"east":{"uv":[0,0,1.25,5],"texture":"#6"},"south":{"uv":[0,0,0.5,5],"texture":"#6"},"west":{"uv":[0,0,1.25,5],"texture":"#6"},"up":{"uv":[0,0,0.5,1.25],"texture":"#6"},"down":{"uv":[0,0,0.5,1.25],"texture":"#6"}}},{"from":[7.74307,1.375,-0.09754],"to":[13.49307,5.375,1.02746],"rotation":{"angle":-45,"axis":"y","origin":[8.24307,12.125,7.93371]},"faces":{"north":{"uv":[0,0,16,11],"texture":"#8"}}},{"from":[5.80557,1,0.08996],"to":[15.18057,6,1.21496],"rotation":{"angle":-45,"axis":"y","origin":[8.24307,12.125,7.93371]},"faces":{"north":{"uv":[0,0,16,11],"texture":"#2"},"east":{"uv":[0,0,16,11],"texture":"#2"},"south":{"uv":[0,0,16,11],"texture":"#2"},"west":{"uv":[0,0,16,11],"texture":"#2"},"up":{"uv":[0,0,16,11],"texture":"#2"},"down":{"uv":[0,0,16,11],"texture":"#2"}}},{"from":[5.61807,6,-0.09754],"to":[15.61807,6.5,1.15246],"rotation":{"angle":-45,"axis":"y","origin":[8.24307,12.125,7.93371]},"faces":{"north":{"uv":[0,0,10,0.5],"texture":"#6"},"east":{"uv":[0,0,1.25,0.5],"texture":"#6"},"south":{"uv":[0,0,10,0.5],"texture":"#6"},"west":{"uv":[0,0,1.25,0.5],"texture":"#6"},"up":{"uv":[0,0,10,1.25],"texture":"#6"},"down":{"uv":[0,0,10,1.25],"texture":"#6"}}},{"from":[0.11807,2,14.15246],"to":[2.11807,12,16.15246],"rotation":{"angle":-45,"axis":"y","origin":[8.24307,12.125,7.93371]},"faces":{"north":{"uv":[0,0,2,10],"texture":"#2"},"east":{"uv":[0,0,2,10],"texture":"#2"},"south":{"uv":[0,0,2,10],"texture":"#2"},"west":{"uv":[0,0,2,10],"texture":"#2"},"up":{"uv":[0,0,2,2],"texture":"#2"},"down":{"uv":[0,0,2,2],"texture":"#2"}}},{"from":[14.11807,2,14.15246],"to":[16.11807,12,16.15246],"rotation":{"angle":-45,"axis":"y","origin":[8.24307,12.125,7.93371]},"faces":{"north":{"uv":[0,0,2,10],"texture":"#2"},"east":{"uv":[0,0,2,10],"texture":"#2"},"south":{"uv":[0,0,2,10],"texture":"#2"},"west":{"uv":[0,0,2,10],"texture":"#2"},"up":{"uv":[0,0,2,2],"texture":"#2"},"down":{"uv":[0,0,2,2],"texture":"#2"}}},{"from":[14.11807,2,2.15246],"to":[16.11807,12,14.15246],"rotation":{"angle":-45,"axis":"y","origin":[8.24307,12.125,7.93371]},"faces":{"north":{"uv":[0,0,2,10],"texture":"#2"},"east":{"uv":[0,0,12,10],"texture":"#2"},"south":{"uv":[0,0,2,10],"texture":"#2"},"west":{"uv":[0,0,12,10],"texture":"#2"},"up":{"uv":[0,0,2,12],"texture":"#2"},"down":{"uv":[0,0,2,12],"texture":"#2"}}},{"from":[14.11807,12,2.15246],"to":[16.11807,22,14.15246],"rotation":{"angle":-45,"axis":"y","origin":[8.24307,12.125,7.93371]},"faces":{"north":{"uv":[0,0,2,10],"texture":"#2"},"east":{"uv":[0,0,12,10],"texture":"#2"},"south":{"uv":[0,0,2,10],"texture":"#2"},"west":{"uv":[0,0,12,10],"texture":"#2"},"up":{"uv":[0,0,2,12],"texture":"#2"},"down":{"uv":[0,0,2,12],"texture":"#2"}}},{"from":[14.11807,12,0.15246],"to":[16.11807,22,2.15246],"rotation":{"angle":-45,"axis":"y","origin":[8.24307,12.125,7.93371]},"faces":{"north":{"uv":[0,0,2,10],"texture":"#2"},"east":{"uv":[0,0,2,10],"texture":"#2"},"south":{"uv":[0,0,2,10],"texture":"#2"},"west":{"uv":[0,0,2,10],"texture":"#2"},"up":{"uv":[0,0,2,2],"texture":"#2"},"down":{"uv":[0,0,2,2],"texture":"#2"}}},{"from":[15.11807,7,-0.03504],"to":[15.61807,23,2.33996],"rotation":{"angle":-45,"axis":"y","origin":[8.24307,12.125,7.93371]},"faces":{"north":{"uv":[0,0,2,10],"texture":"#6"},"east":{"uv":[0,0,2,10],"texture":"#6"},"south":{"uv":[0,0,2,10],"texture":"#6"},"west":{"uv":[0,0,2,10],"texture":"#6"},"up":{"uv":[0,0,2,2],"texture":"#6"},"down":{"uv":[0,0,2,2],"texture":"#6"}}},{"from":[1.11807,0.5,-0.03504],"to":[5.11807,1,2.33996],"rotation":{"angle":-45,"axis":"y","origin":[8.24307,12.125,7.93371]},"faces":{"north":{"uv":[0,0,2,10],"rotation":90,"texture":"#6"},"east":{"uv":[0,0,2,2],"rotation":270,"texture":"#6"},"south":{"uv":[0,0,2,10],"rotation":270,"texture":"#6"},"west":{"uv":[0,0,2,2],"rotation":270,"texture":"#6"},"up":{"uv":[0,0,2,10],"rotation":270,"texture":"#6"},"down":{"uv":[0,0,2,10],"rotation":270,"texture":"#6"}}},{"from":[-0.06943,0.5,9.65246],"to":[2.30557,1,14.15246],"rotation":{"angle":-45,"axis":"y","origin":[8.24307,12.125,7.93371]},"faces":{"north":{"uv":[0,0,2,2],"rotation":270,"texture":"#6"},"east":{"uv":[0,0,2,10],"rotation":90,"texture":"#6"},"south":{"uv":[0,0,2,2],"rotation":270,"texture":"#6"},"west":{"uv":[0,0,2,10],"rotation":270,"texture":"#6"},"up":{"uv":[0,0,2,10],"texture":"#6"},"down":{"uv":[0,0,2,10],"rotation":180,"texture":"#6"}}},{"from":[-0.06943,0.5,15.15246],"to":[2.30557,23,15.65246],"rotation":{"angle":-45,"axis":"y","origin":[8.24307,12.125,7.93371]},"faces":{"north":{"uv":[0,0,2,10],"texture":"#6"},"east":{"uv":[0,0,2,10],"texture":"#6"},"south":{"uv":[0,0,2,10],"texture":"#6"},"west":{"uv":[0,0,2,10],"texture":"#6"},"up":{"uv":[0,0,2,2],"rotation":90,"texture":"#6"},"down":{"uv":[0,0,2,2],"rotation":270,"texture":"#6"}}},{"from":[5.11807,7,1.15246],"to":[13.11807,8,2.15246],"rotation":{"angle":-45,"axis":"y","origin":[8.24307,12.125,7.93371]},"faces":{"north":{"uv":[1,15,10,16],"texture":"#1"},"east":{"uv":[1,15,10,16],"texture":"#1"},"south":{"uv":[1,15,10,16],"texture":"#1"},"west":{"uv":[1,15,10,16],"texture":"#1"},"up":{"uv":[1,15,10,16],"texture":"#1"},"down":{"uv":[1,15,10,16],"texture":"#1"}}},{"from":[13.11807,7,1.15246],"to":[14.11807,23,2.15246],"rotation":{"angle":-45,"axis":"y","origin":[8.24307,12.125,7.93371]},"faces":{"north":{"uv":[1,15,10,16],"texture":"#1"},"east":{"uv":[1,15,10,16],"texture":"#1"},"south":{"uv":[1,15,10,16],"texture":"#1"},"west":{"uv":[1,15,10,16],"texture":"#1"},"up":{"uv":[1,15,10,16],"texture":"#1"},"down":{"uv":[1,15,10,16],"texture":"#1"}}},{"from":[4.11807,3,1.15246],"to":[5.11807,7,2.15246],"rotation":{"angle":-45,"axis":"y","origin":[8.24307,12.125,7.93371]},"faces":{"north":{"uv":[0,10,1,16],"texture":"#1"},"east":{"uv":[0,10,1,16],"texture":"#1"},"south":{"uv":[0,10,1,16],"texture":"#1"},"west":{"uv":[0,10,1,16],"texture":"#1"},"down":{"uv":[0,10,1,16],"texture":"#1"}}},{"from":[2.11807,2,1.15246],"to":[4.11807,3,2.15246],"rotation":{"angle":-45,"axis":"y","origin":[8.24307,12.125,7.93371]},"faces":{"north":{"uv":[0,15,2,16],"texture":"#1"},"east":{"uv":[0,15,2,16],"texture":"#1"},"south":{"uv":[0,15,2,16],"texture":"#1"},"up":{"uv":[0,15,2,16],"texture":"#1"},"down":{"uv":[0,15,2,16],"texture":"#1"}}},{"from":[14.11807,12,14.15246],"to":[16.11807,22,16.15246],"rotation":{"angle":-45,"axis":"y","origin":[8.24307,12.125,7.93371]},"faces":{"north":{"uv":[0,0,2,10],"texture":"#2"},"east":{"uv":[0,0,2,10],"texture":"#2"},"south":{"uv":[0,0,2,10],"texture":"#2"},"west":{"uv":[0,0,2,10],"texture":"#2"},"up":{"uv":[0,0,2,2],"texture":"#2"},"down":{"uv":[0,0,2,2],"texture":"#2"}}},{"from":[2.11807,2,14.15246],"to":[14.11807,12,16.15246],"rotation":{"angle":-45,"axis":"y","origin":[8.24307,12.125,7.93371]},"faces":{"north":{"uv":[0,0,12,10],"texture":"#2"},"east":{"uv":[0,0,2,10],"texture":"#2"},"south":{"uv":[0,0,12,10],"texture":"#2"},"west":{"uv":[0,0,2,10],"texture":"#2"},"up":{"uv":[0,0,12,2],"texture":"#2"},"down":{"uv":[0,0,12,2],"texture":"#2"}}},{"from":[2.11807,12,14.15246],"to":[14.11807,22,16.15246],"rotation":{"angle":-45,"axis":"y","origin":[8.24307,12.125,7.93371]},"faces":{"north":{"uv":[0,0,12,10],"texture":"#2"},"east":{"uv":[0,0,2,10],"texture":"#2"},"south":{"uv":[0,0,12,10],"texture":"#2"},"west":{"uv":[0,0,2,10],"texture":"#2"},"up":{"uv":[0,0,12,2],"texture":"#2"},"down":{"uv":[0,0,12,2],"texture":"#2"}}},{"from":[0.11807,12,14.15246],"to":[2.11807,22,16.15246],"rotation":{"angle":-45,"axis":"y","origin":[8.24307,12.125,7.93371]},"faces":{"north":{"uv":[0,0,2,10],"texture":"#2"},"east":{"uv":[0,0,2,10],"texture":"#2"},"south":{"uv":[0,0,2,10],"texture":"#2"},"west":{"uv":[0,0,2,10],"texture":"#2"},"up":{"uv":[0,0,2,2],"texture":"#2"},"down":{"uv":[0,0,2,2],"texture":"#2"}}},{"from":[1.11807,2,2.15246],"to":[2.11807,3,13.15246],"rotation":{"angle":-45,"axis":"y","origin":[8.24307,12.125,7.93371]},"faces":{"east":{"uv":[3,15,15,16],"texture":"#1"},"west":{"uv":[3,15,15,16],"texture":"#1"},"up":{"uv":[3,15,15,16],"texture":"#1"},"down":{"uv":[3,15,15,16],"texture":"#1"}}},{"from":[1.11807,2,1.15246],"to":[2.11807,3,2.15246],"rotation":{"angle":-45,"axis":"y","origin":[8.24307,12.125,7.93371]},"faces":{"north":{"uv":[7,15,8,16],"texture":"#1"},"west":{"uv":[7,15,8,16],"texture":"#1"},"up":{"uv":[7,15,8,16],"texture":"#1"},"down":{"uv":[7,15,8,16],"texture":"#1"}}},{"from":[4.11807,2,1.15246],"to":[5.11807,3,2.15246],"rotation":{"angle":-45,"axis":"y","origin":[8.24307,12.125,7.93371]},"faces":{"north":{"uv":[7,15,8,16],"texture":"#1"},"east":{"uv":[7,15,8,16],"texture":"#1"},"south":{"uv":[7,15,8,16],"texture":"#1"},"down":{"uv":[7,15,8,16],"texture":"#1"}}},{"from":[4.11807,7,1.15246],"to":[5.11807,8,2.15246],"rotation":{"angle":-45,"axis":"y","origin":[8.24307,12.125,7.93371]},"faces":{"north":{"uv":[7,15,8,16],"texture":"#1"},"south":{"uv":[7,15,8,16],"texture":"#1"},"west":{"uv":[7,15,8,16],"texture":"#1"},"up":{"uv":[7,15,8,16],"texture":"#1"}}},{"from":[1.11807,2,13.15246],"to":[2.11807,23,14.15246],"rotation":{"angle":-45,"axis":"y","origin":[8.24307,12.125,7.93371]},"faces":{"north":{"uv":[7,15,8,16],"texture":"#1"},"east":{"uv":[7,15,8,16],"texture":"#1"},"south":{"uv":[7,15,8,16],"texture":"#1"},"west":{"uv":[7,15,8,16],"texture":"#1"},"up":{"uv":[7,15,8,16],"texture":"#1"},"down":{"uv":[7,15,8,16],"texture":"#1"}}},{"from":[-0.48528,22,6.58579],"to":[16.48528,23,7.58579],"rotation":{"angle":0,"axis":"y","origin":[8.24307,12.125,7.93371]},"faces":{"north":{"uv":[0,0,1,12],"texture":"#1"},"east":{"uv":[0,0,1,12],"texture":"#1"},"south":{"uv":[0,0,1,12],"texture":"#1"},"west":{"uv":[0,0,1,12],"texture":"#1"},"up":{"uv":[0,0,1,12],"texture":"#1"},"down":{"uv":[0,0,1,12],"texture":"#1"}}},{"from":[6.41343,7.59,7.6895],"to":[9.94843,11.63625,10.2445],"rotation":{"angle":0,"axis":"y","origin":[8.17015,8.8875,9.9536]},"faces":{"north":{"uv":[7.032,5.032,8.218,7.468],"texture":"#19"},"east":{"uv":[4.032,5.032,4.968,7.468],"texture":"#19"},"south":{"uv":[8.032,5.032,9.968,7.468],"texture":"#19"},"west":{"uv":[7.032,5.032,7.968,7.468],"texture":"#19"},"up":{"uv":[5.032,4.032,6.968,4.968],"rotation":180,"texture":"#19"},"down":{"uv":[7.032,4.968,8.968,4.032],"rotation":180,"texture":"#19"}}},{"from":[6.68843,6.005,4.922],"to":[8.11843,7.685,9.962],"rotation":{"angle":22.5,"axis":"y","origin":[8.19405,5.845,8.967]},"faces":{"north":{"uv":[2.032,4.968,2.968,4.032],"texture":"#19"},"east":{"uv":[0.032,5.032,0.968,7.968],"rotation":270,"texture":"#19"},"south":{"uv":[1.032,4.032,1.968,4.968],"rotation":180,"texture":"#19"},"west":{"uv":[2.032,5.032,2.968,7.968],"rotation":90,"texture":"#19"},"up":{"uv":[3.032,5.032,3.968,7.968],"rotation":180,"texture":"#19"},"down":{"uv":[1.032,5.032,1.968,7.968],"texture":"#19"}}},{"from":[6.39468,5.78625,5.272],"to":[8.36843,7.90375,9.962],"rotation":{"angle":22.5,"axis":"y","origin":[8.19405,5.845,8.967]},"faces":{"north":{"uv":[2.032,6.218,2.968,5.282],"texture":"#19"},"east":{"uv":[0.032,5.282,0.968,6.718],"rotation":270,"texture":"#19"},"south":{"uv":[2.032,5.282,2.968,6.218],"rotation":180,"texture":"#19"},"west":{"uv":[2.032,5.282,2.968,6.718],"rotation":90,"texture":"#19"},"up":{"uv":[3.032,5.282,3.968,6.718],"rotation":180,"texture":"#19"},"down":{"uv":[1.032,5.282,1.968,6.718],"texture":"#19"}}},{"from":[8.01968,5.78625,5.272],"to":[9.99343,7.90375,9.962],"rotation":{"angle":-22.5,"axis":"y","origin":[8.19405,5.845,8.967]},"faces":{"north":{"uv":[2.032,6.218,2.968,5.282],"texture":"#19"},"east":{"uv":[0.032,5.282,0.968,6.718],"rotation":270,"texture":"#19"},"south":{"uv":[2.032,5.282,2.968,6.218],"rotation":180,"texture":"#19"},"west":{"uv":[1.032,5.282,1.968,6.718],"rotation":90,"texture":"#19"},"up":{"uv":[3.968,5.282,3.032,6.718],"rotation":180,"texture":"#19"},"down":{"uv":[3.032,5.282,3.968,6.718],"texture":"#19"}}},{"from":[7.51968,7.0875,7.84575],"to":[8.86843,7.84,10.08825],"rotation":{"angle":0,"axis":"y","origin":[8.17015,9.8875,9.9536]},"faces":{"north":{"uv":[2.218,5.282,1.782,5.468],"texture":"#19"},"east":{"uv":[1.282,5.282,1.718,5.468],"texture":"#19"},"south":{"uv":[3.032,5.282,3.718,5.468],"texture":"#19"},"west":{"uv":[2.282,5.282,2.968,5.468],"texture":"#19"},"up":{"uv":[1.532,5.532,2.468,6.468],"rotation":180,"texture":"#19"},"down":{"uv":[2.532,6.468,3.468,5.532],"rotation":180,"texture":"#19"}}},{"from":[8.24343,6.005,4.922],"to":[9.67343,7.685,9.962],"rotation":{"angle":-22.5,"axis":"y","origin":[8.19405,5.845,8.967]},"faces":{"north":{"uv":[6.032,12.968,6.968,12.032],"texture":"#19"},"east":{"uv":[4.032,13.032,4.968,15.968],"rotation":270,"texture":"#19"},"south":{"uv":[5.032,12.032,5.968,12.968],"rotation":180,"texture":"#19"},"west":{"uv":[6.032,13.032,6.968,15.968],"rotation":90,"texture":"#19"},"up":{"uv":[7.032,13.032,7.968,15.968],"rotation":180,"texture":"#19"},"down":{"uv":[5.032,13.032,5.968,15.968],"texture":"#19"}}},{"from":[6.63218,11.62625,7.24325],"to":[9.72968,14.72375,10.69075],"rotation":{"angle":0,"axis":"y","origin":[8.17015,8.8875,9.9536]},"faces":{"north":{"uv":[2.032,2.532,3.968,3.968],"texture":"#19"},"east":{"uv":[4.032,0.032,5.968,1.468],"texture":"#19"},"south":{"uv":[4.032,0.032,5.968,1.468],"texture":"#19"},"west":{"uv":[4.032,0,5.968,1.436],"texture":"#19"},"up":{"uv":[4.032,0.032,5.968,1.968],"rotation":180,"texture":"#19"},"down":{"uv":[4.032,1.968,5.968,0.032],"rotation":180,"texture":"#19"}}},{"from":[7.88218,14.68875,8.61825],"to":[8.47968,15.22375,9.31575],"rotation":{"angle":0,"axis":"y","origin":[8.17015,8.8875,9.9536]},"faces":{"north":{"uv":[6.032,2.782,6.968,3.718],"rotation":180,"texture":"#19"},"east":{"uv":[6.782,2.782,7.718,3.718],"rotation":180,"texture":"#19"},"south":{"uv":[6.032,2.782,6.968,3.718],"rotation":180,"texture":"#19"},"west":{"uv":[6.032,2.782,6.968,3.718],"rotation":180,"texture":"#19"},"up":{"uv":[6.782,2.032,7.718,2.968],"rotation":180,"texture":"#19"},"down":{"uv":[6.032,2.032,6.968,2.968],"rotation":180,"texture":"#19"}}},{"from":[11.15656,10.14544,7.18734],"to":[12.42056,11.40944,8.33334],"rotation":{"angle":0,"axis":"y","origin":[11.40211,10.7517,7.9274]},"faces":{"north":{"uv":[10.468,12.032,9.782,12.968],"texture":"#19"},"east":{"uv":[10.468,14.968,9.782,14.5],"rotation":90,"texture":"#19"},"south":{"uv":[0,0,0,0],"rotation":90,"texture":"#19"},"west":{"uv":[8.032,14.5,8.968,14.968],"rotation":90,"texture":"#19"},"up":{"uv":[10.532,14.5,11.468,14.968],"rotation":180,"texture":"#19"},"down":{"uv":[9.032,14.5,9.718,14.968],"texture":"#19"}}},{"from":[11.21906,10.20794,6.24984],"to":[12.35806,11.34694,7.20834],"rotation":{"angle":0,"axis":"y","origin":[11.40211,10.7517,7.9274]},"faces":{"north":{"uv":[1.282,3.5,1.468,3.718],"rotation":180,"texture":"#19"},"east":{"uv":[1.282,3.5,1.468,3.718],"rotation":270,"texture":"#19"},"south":{"uv":[1.282,3.5,1.468,3.718],"texture":"#19"},"west":{"uv":[1.282,3.5,1.468,3.718],"rotation":90,"texture":"#19"},"up":{"uv":[1.282,3.5,1.468,3.718],"rotation":180,"texture":"#19"},"down":{"uv":[1.282,3.5,1.468,3.718],"texture":"#19"}}},{"from":[10.97527,10.10499,7.6706],"to":[11.83522,11.40944,8.9346],"rotation":{"angle":45,"axis":"y","origin":[11.40211,10.7517,7.9274]},"faces":{"north":{"uv":[8.032,14.3,8.968,14.7],"rotation":90,"texture":"#19"},"east":{"uv":[0.032,0.032,0.032,0.032],"texture":"#19"},"south":{"uv":[9.782,14.3,10.468,14.7],"rotation":270,"texture":"#19"},"west":{"uv":[0,0,0,0],"rotation":90,"texture":"#19"},"up":{"uv":[10.532,14.3,11.468,14.7],"rotation":270,"texture":"#19"},"down":{"uv":[9.032,14.3,9.718,14.7],"rotation":270,"texture":"#19"}}},{"from":[9.55533,10.01454,7.91375],"to":[11.45133,11.40944,9.17775],"rotation":{"angle":22.5,"axis":"y","origin":[11.03784,10.73773,8.15175]},"faces":{"north":{"uv":[8.032,13.032,8.968,14.5],"rotation":270,"texture":"#19"},"east":{"uv":[8.032,13.032,8.968,14.5],"rotation":270,"texture":"#19"},"south":{"uv":[8.032,13.032,8.968,14.5],"rotation":270,"texture":"#19"},"west":{"uv":[8.032,13.032,8.968,14.5],"rotation":270,"texture":"#19"},"up":{"uv":[8.032,13.032,8.968,14.5],"rotation":270,"texture":"#19"},"down":{"uv":[8.032,13.032,8.968,14.5],"rotation":270,"texture":"#19"}}},{"from":[5.69658,10.01454,7.55324],"to":[7.59258,11.40944,8.81724],"rotation":{"angle":-45,"axis":"y","origin":[5.75832,10.74472,7.4747]},"faces":{"north":{"uv":[8.032,14.5,8.968,13.032],"rotation":270,"texture":"#19"},"east":{"uv":[8.032,14.5,8.968,13.032],"rotation":270,"texture":"#19"},"south":{"uv":[8.032,14.5,8.968,13.032],"rotation":270,"texture":"#19"},"west":{"uv":[8.032,14.5,8.968,13.032],"rotation":270,"texture":"#19"},"up":{"uv":[8.032,14.5,8.968,13.032],"rotation":270,"texture":"#19"},"down":{"uv":[8.032,14.5,8.968,13.032],"rotation":270,"texture":"#19"}}},{"from":[4.49435,10.10499,7.07147],"to":[5.75835,11.40944,7.93142],"rotation":{"angle":22.5,"axis":"y","origin":[5.75832,10.74472,7.4747]},"faces":{"north":{"uv":[0.032,0.032,0.032,0.032],"texture":"#19"},"east":{"uv":[8.032,14.7,8.968,14.3],"rotation":90,"texture":"#19"},"south":{"uv":[0,0,0,0],"rotation":90,"texture":"#19"},"west":{"uv":[9.782,14.7,10.468,14.3],"rotation":270,"texture":"#19"},"up":{"uv":[10.532,14.7,11.468,14.3],"texture":"#19"},"down":{"uv":[9.032,14.7,9.718,14.3],"rotation":180,"texture":"#19"}}},{"from":[4.57944,10.14544,6.93734],"to":[5.84344,11.40944,8.08334],"rotation":{"angle":-22.5,"axis":"y","origin":[5.75832,10.74472,7.4747]},"faces":{"north":{"uv":[9.782,12.032,10.468,12.968],"texture":"#19"},"east":{"uv":[8.032,14.968,8.968,14.5],"rotation":90,"texture":"#19"},"south":{"uv":[0,0,0,0],"rotation":90,"texture":"#19"},"west":{"uv":[10.468,14.5,9.782,14.968],"rotation":90,"texture":"#19"},"up":{"uv":[11.468,14.5,10.532,14.968],"rotation":180,"texture":"#19"},"down":{"uv":[9.718,14.5,9.032,14.968],"texture":"#19"}}},{"from":[4.64194,10.20794,5.99984],"to":[5.78094,11.34694,6.95834],"rotation":{"angle":-22.5,"axis":"y","origin":[5.75832,10.74472,7.4747]},"faces":{"north":{"uv":[1.468,3.5,1.282,3.718],"rotation":180,"texture":"#19"},"east":{"uv":[1.282,3.718,1.468,3.5],"rotation":90,"texture":"#19"},"south":{"uv":[1.468,3.5,1.282,3.718],"texture":"#19"},"west":{"uv":[1.282,3.718,1.468,3.5],"rotation":270,"texture":"#19"},"up":{"uv":[1.468,3.5,1.282,3.718],"rotation":180,"texture":"#19"},"down":{"uv":[1.468,3.5,1.282,3.718],"texture":"#19"}}}],"display":{"thirdperson_righthand":{"rotation":[2,151,0],"translation":[0,2.5,0],"scale":[0.4,0.4,0.4]},"thirdperson_lefthand":{"rotation":[2,107,0],"translation":[0,2.5,0],"scale":[0.4,0.4,0.4]},"firstperson_righthand":{"rotation":[2,151,0],"translation":[0,2.5,0],"scale":[0.4,0.4,0.4]},"firstperson_lefthand":{"rotation":[-1,107,0],"translation":[-0.5,4.25,1.25],"scale":[0.4,0.4,0.4]},"ground":{"scale":[0.5,0.5,0.5]},"gui":{"rotation":[17,-158,0],"translation":[0,-2,0.75],"scale":[0.5,0.5,0.5]},"head":{"translation":[0,-2.25,0],"scale":[0.5,0.5,0.5]},"fixed":{"rotation":[0,20,0],"translation":[0,-3.25,0.75],"scale":[0.8,0.8,0.8]}},"groups":[0,1,2,3,4,5,6,7,8,9,10,11,12,13,14,15,16,17,18,19,20,21,22,23,24,25,26,27,28,29,30,31,32,33,34,35,36,37,{"name":"player_all","origin":[8,8,8],"color":0,"nbt":"{}","children":[38,39,40,41,42,43,44,45]},{"name":"player_left_arm_bent","origin":[8,8,8],"color":0,"nbt":"{}","children":[46,47,48,49,50,51,52,53]}]}