{"credit":"Made with Blockbench by Valvac","textures":{"1":"block/white_stained_glass","2":"block/white_concrete","6":"block/red_concrete","8":"block/3","19":"block/skins/violet_incr","particle":"block/white_concrete"},"elements":[{"from":[0,0,0],"to":[16,2,16],"rotation":{"angle":45,"axis":"y","origin":[8,1,8]},"faces":{"north":{"uv":[0,0,16,2],"texture":"#2"},"east":{"uv":[0,0,16,2],"texture":"#2"},"south":{"uv":[0,0,16,2],"texture":"#2"},"west":{"uv":[0,0,16,2],"texture":"#2"},"up":{"uv":[0,0,16,16],"texture":"#2"},"down":{"uv":[0,0,16,16],"texture":"#2"}}},{"from":[14.11807,22,0.15246],"to":[16.11807,24,16.15246],"rotation":{"angle":-45,"axis":"y","origin":[8.24307,12.125,7.93371]},"faces":{"north":{"uv":[0,0,2,2],"texture":"#2"},"east":{"uv":[0,0,16,2],"texture":"#2"},"south":{"uv":[0,0,2,2],"texture":"#2"},"west":{"uv":[0,0,16,2],"texture":"#2"},"up":{"uv":[0,0,2,16],"texture":"#2"},"down":{"uv":[0,0,2,16],"texture":"#2"}}},{"from":[0.11807,22,14.15246],"to":[14.11807,24,16.15246],"rotation":{"angle":-45,"axis":"y","origin":[8.24307,12.125,7.93371]},"faces":{"north":{"uv":[0,0,14,2],"texture":"#2"},"east":{"uv":[0,0,2,2],"texture":"#2"},"south":{"uv":[0,0,14,2],"texture":"#2"},"west":{"uv":[0,0,2,2],"texture":"#2"},"up":{"uv":[0,0,14,2],"texture":"#2"},"down":{"uv":[0,0,14,2],"texture":"#2"}}},{"from":[-1.8995,23,6.58578],"to":[17.89949,24,9.33578],"rotation":{"angle":0,"axis":"y","origin":[8.24307,12.125,7.93371]},"faces":{"north":{"uv":[0,0,16,1],"texture":"#2"},"east":{"uv":[0,0,2.75,1],"texture":"#2"},"south":{"uv":[0,0,16,1],"texture":"#2"},"west":{"uv":[0,0,2.75,1],"texture":"#2"},"up":{"uv":[0,0,16,2.75],"texture":"#2"},"down":{"uv":[0,0,16,2.75],"texture":"#2"}}},{"from":[0.788,23,9.33578],"to":[15.21199,24,12.08578],"rotation":{"angle":0,"axis":"y","origin":[8.24307,12.125,7.93371]},"faces":{"north":{"uv":[0,0,14.42399,1],"texture":"#2"},"east":{"uv":[0,0,2.75,1],"texture":"#2"},"south":{"uv":[0,0,14.42399,1],"texture":"#2"},"west":{"uv":[0,0,2.75,1],"texture":"#2"},"up":{"uv":[0,0,14.42399,2.75],"texture":"#2"},"down":{"uv":[0,0,14.42399,2.75],"texture":"#2"}}},{"from":[3.6005,23,12.08578],"to":[12.39949,24,14.83578],"rotation":{"angle":0,"axis":"y","origin":[8.24307,12.125,7.93371]},"faces":{"north":{"uv":[0,0,8.79899,1],"texture":"#2"},"east":{"uv":[0,0,2.75,1],"texture":"#2"},"south":{"uv":[0,0,8.79899,1],"texture":"#2"},"west":{"uv":[0,0,2.75,1],"texture":"#2"},"up":{"uv":[0,0,8.79899,2.75],"texture":"#2"},"down":{"uv":[0,0,8.79899,2.75],"texture":"#2"}}},{"from":[6.3505,23,14.83578],"to":[9.64949,24,17.58578],"rotation":{"angle":0,"axis":"y","origin":[8.24307,12.125,7.93371]},"faces":{"north":{"uv":[0,0,3.29899,1],"texture":"#2"},"east":{"uv":[0,0,2.75,1],"texture":"#2"},"south":{"uv":[0,0,3.29899,1],"texture":"#2"},"west":{"uv":[0,0,2.75,1],"texture":"#2"},"up":{"uv":[0,0,3.29899,2.75],"texture":"#2"},"down":{"uv":[0,0,3.29899,2.75],"texture":"#2"}}},{"from":[14.11807,2,0.15246],"to":[16.11807,12,2.15246],"rotation":{"angle":-45,"axis":"y","origin":[8.24307,12.125,7.93371]},"faces":{"north":{"uv":[0,0,2,10],"texture":"#2"},"east":{"uv":[0,0,2,10],"texture":"#2"},"south":{"uv":[0,0,2,10],"texture":"#2"},"west":{"uv":[0,0,2,10],"texture":"#2"},"up":{"uv":[0,0,2,2],"texture":"#2"},"down":{"uv":[0,0,2,2],"texture":"#2"}}},{"from":[5.11807,2,0.15246],"to":[14.11807,7,2.15246],"rotation":{"angle":-45,"axis":"y","origin":[8.24307,12.125,7.93371]},"faces":{"north":{"uv":[0,0,9,5],"texture":"#2"},"east":{"uv":[0,0,2,5],"texture":"#2"},"south":{"uv":[0,0,9,5],"texture":"#2"},"west":{"uv":[0,0,2,5],"texture":"#2"},"up":{"uv":[0,0,9,2],"texture":"#2"},"down":{"uv":[0,0,9,2],"texture":"#2"}}},{"from":[5.61807,0.5,-0.09754],"to":[15.61807,1,1.15246],"rotation":{"angle":-45,"axis":"y","origin":[8.24307,12.125,7.93371]},"faces":{"north":{"uv":[0,0,10,0.5],"texture":"#6"},"east":{"uv":[0,0,1.25,0.5],"texture":"#6"},"south":{"uv":[0,0,10,0.5],"texture":"#6"},"west":{"uv":[0,0,1.25,0.5],"texture":"#6"},"up":{"uv":[0,0,10,1.25],"texture":"#6"},"down":{"uv":[0,0,10,1.25],"texture":"#6"}}},{"from":[15.11807,1,-0.09754],"to":[15.61807,6,1.15246],"rotation":{"angle":-45,"axis":"y","origin":[8.24307,12.125,7.93371]},"faces":{"north":{"uv":[0,0,0.5,5],"texture":"#6"},"east":{"uv":[0,0,1.25,5],"texture":"#6"},"south":{"uv":[0,0,0.5,5],"texture":"#6"},"west":{"uv":[0,0,1.25,5],"texture":"#6"},"up":{"uv":[0,0,0.5,1.25],"texture":"#6"},"down":{"uv":[0,0,0.5,1.25],"texture":"#6"}}},{"from":[5.61807,1,-0.09754],"to":[6.11807,6,1.15246],"rotation":{"angle":-45,"axis":"y","origin":[8.24307,12.125,7.93371]},"faces":{"north":{"uv":[0,0,0.5,5],"texture":"#6"},"east":{"uv":[0,0,1.25,5],"texture":"#6"},"south":{"uv":[0,0,0.5,5],"texture":"#6"},"west":{"uv":[0,0,1.25,5],"texture":"#6"},"up":{"uv":[0,0,0.5,1.25],"texture":"#6"},"down":{"uv":[0,0,0.5,1.25],"texture":"#6"}}},{"from":[7.74307,1.375,-0.09754],"to":[13.49307,5.375,1.02746],"rotation":{"angle":-45,"axis":"y","origin":[8.24307,12.125,7.93371]},"faces":{"north":{"uv":[0,0,16,11],"texture":"#8"}}},{"from":[5.80557,1,0.08996],"to":[15.18057,6,1.21496],"rotation":{"angle":-45,"axis":"y","origin":[8.24307,12.125,7.93371]},"faces":{"north":{"uv":[0,0,16,11],"texture":"#2"},"east":{"uv":[0,0,16,11],"texture":"#2"},"south":{"uv":[0,0,16,11],"texture":"#2"},"west":{"uv":[0,0,16,11],"texture":"#2"},"up":{"uv":[0,0,16,11],"texture":"#2"},"down":{"uv":[0,0,16,11],"texture":"#2"}}},{"from":[5.61807,6,-0.09754],"to":[15.61807,6.5,1.15246],"rotation":{"angle":-45,"axis":"y","origin":[8.24307,12.125,7.93371]},"faces":{"north":{"uv":[0,0,10,0.5],"texture":"#6"},"east":{"uv":[0,0,1.25,0.5],"texture":"#6"},"south":{"uv":[0,0,10,0.5],"texture":"#6"},"west":{"uv":[0,0,1.25,0.5],"texture":"#6"},"up":{"uv":[0,0,10,1.25],"texture":"#6"},"down":{"uv":[0,0,10,1.25],"texture":"#6"}}},{"from":[0.11807,2,14.15246],"to":[2.11807,12,16.15246],"rotation":{"angle":-45,"axis":"y","origin":[8.24307,12.125,7.93371]},"faces":{"north":{"uv":[0,0,2,10],"texture":"#2"},"east":{"uv":[0,0,2,10],"texture":"#2"},"south":{"uv":[0,0,2,10],"texture":"#2"},"west":{"uv":[0,0,2,10],"texture":"#2"},"up":{"uv":[0,0,2,2],"texture":"#2"},"down":{"uv":[0,0,2,2],"texture":"#2"}}},{"from":[14.11807,2,14.15246],"to":[16.11807,12,16.15246],"rotation":{"angle":-45,"axis":"y","origin":[8.24307,12.125,7.93371]},"faces":{"north":{"uv":[0,0,2,10],"texture":"#2"},"east":{"uv":[0,0,2,10],"texture":"#2"},"south":{"uv":[0,0,2,10],"texture":"#2"},"west":{"uv":[0,0,2,10],"texture":"#2"},"up":{"uv":[0,0,2,2],"texture":"#2"},"down":{"uv":[0,0,2,2],"texture":"#2"}}},{"from":[14.11807,2,2.15246],"to":[16.11807,12,14.15246],"rotation":{"angle":-45,"axis":"y","origin":[8.24307,12.125,7.93371]},"faces":{"north":{"uv":[0,0,2,10],"texture":"#2"},"east":{"uv":[0,0,12,10],"texture":"#2"},"south":{"uv":[0,0,2,10],"texture":"#2"},"west":{"uv":[0,0,12,10],"texture":"#2"},"up":{"uv":[0,0,2,12],"texture":"#2"},"down":{"uv":[0,0,2,12],"texture":"#2"}}},{"from":[14.11807,12,2.15246],"to":[16.11807,22,14.15246],"rotation":{"angle":-45,"axis":"y","origin":[8.24307,12.125,7.93371]},"faces":{"north":{"uv":[0,0,2,10],"texture":"#2"},"east":{"uv":[0,0,12,10],"texture":"#2"},"south":{"uv":[0,0,2,10],"texture":"#2"},"west":{"uv":[0,0,12,10],"texture":"#2"},"up":{"uv":[0,0,2,12],"texture":"#2"},"down":{"uv":[0,0,2,12],"texture":"#2"}}},{"from":[14.11807,12,0.15246],"to":[16.11807,22,2.15246],"rotation":{"angle":-45,"axis":"y","origin":[8.24307,12.125,7.93371]},"faces":{"north":{"uv":[0,0,2,10],"texture":"#2"},"east":{"uv":[0,0,2,10],"texture":"#2"},"south":{"uv":[0,0,2,10],"texture":"#2"},"west":{"uv":[0,0,2,10],"texture":"#2"},"up":{"uv":[0,0,2,2],"texture":"#2"},"down":{"uv":[0,0,2,2],"texture":"#2"}}},{"from":[15.11807,7,-0.03504],"to":[15.61807,23,2.33996],"rotation":{"angle":-45,"axis":"y","origin":[8.24307,12.125,7.93371]},"faces":{"north":{"uv":[0,0,2,10],"texture":"#6"},"east":{"uv":[0,0,2,10],"texture":"#6"},"south":{"uv":[0,0,2,10],"texture":"#6"},"west":{"uv":[0,0,2,10],"texture":"#6"},"up":{"uv":[0,0,2,2],"texture":"#6"},"down":{"uv":[0,0,2,2],"texture":"#6"}}},{"from":[1.11807,0.5,-0.03504],"to":[5.11807,1,2.33996],"rotation":{"angle":-45,"axis":"y","origin":[8.24307,12.125,7.93371]},"faces":{"north":{"uv":[0,0,2,10],"rotation":90,"texture":"#6"},"east":{"uv":[0,0,2,2],"rotation":270,"texture":"#6"},"south":{"uv":[0,0,2,10],"rotation":270,"texture":"#6"},"west":{"uv":[0,0,2,2],"rotation":270,"texture":"#6"},"up":{"uv":[0,0,2,10],"rotation":270,"texture":"#6"},"down":{"uv":[0,0,2,10],"rotation":270,"texture":"#6"}}},{"from":[-0.06943,0.5,9.65246],"to":[2.30557,1,14.15246],"rotation":{"angle":-45,"axis":"y","origin":[8.24307,12.125,7.93371]},"faces":{"north":{"uv":[0,0,2,2],"rotation":270,"texture":"#6"},"east":{"uv":[0,0,2,10],"rotation":90,"texture":"#6"},"south":{"uv":[0,0,2,2],"rotation":270,"texture":"#6"},"west":{"uv":[0,0,2,10],"rotation":270,"texture":"#6"},"up":{"uv":[0,0,2,10],"texture":"#6"},"down":{"uv":[0,0,2,10],"rotation":180,"texture":"#6"}}},{"from":[-0.06943,0.5,15.15246],"to":[2.30557,23,15.65246],"rotation":{"angle":-45,"axis":"y","origin":[8.24307,12.125,7.93371]},"faces":{"north":{"uv":[0,0,2,10],"texture":"#6"},"east":{"uv":[0,0,2,10],"texture":"#6"},"south":{"uv":[0,0,2,10],"texture":"#6"},"west":{"uv":[0,0,2,10],"texture":"#6"},"up":{"uv":[0,0,2,2],"rotation":90,"texture":"#6"},"down":{"uv":[0,0,2,2],"rotation":270,"texture":"#6"}}},{"from":[5.11807,7,1.15246],"to":[13.11807,8,2.15246],"rotation":{"angle":-45,"axis":"y","origin":[8.24307,12.125,7.93371]},"faces":{"north":{"uv":[1,15,10,16],"texture":"#1"},"east":{"uv":[1,15,10,16],"texture":"#1"},"south":{"uv":[1,15,10,16],"texture":"#1"},"west":{"uv":[1,15,10,16],"texture":"#1"},"up":{"uv":[1,15,10,16],"texture":"#1"},"down":{"uv":[1,15,10,16],"texture":"#1"}}},{"from":[13.11807,7,1.15246],"to":[14.11807,23,2.15246],"rotation":{"angle":-45,"axis":"y","origin":[8.24307,12.125,7.93371]},"faces":{"north":{"uv":[1,15,10,16],"texture":"#1"},"east":{"uv":[1,15,10,16],"texture":"#1"},"south":{"uv":[1,15,10,16],"texture":"#1"},"west":{"uv":[1,15,10,16],"texture":"#1"},"up":{"uv":[1,15,10,16],"texture":"#1"},"down":{"uv":[1,15,10,16],"texture":"#1"}}},{"from":[4.11807,3,1.15246],"to":[5.11807,7,2.15246],"rotation":{"angle":-45,"axis":"y","origin":[8.24307,12.125,7.93371]},"faces":{"north":{"uv":[0,10,1,16],"texture":"#1"},"east":{"uv":[0,10,1,16],"texture":"#1"},"south":{"uv":[0,10,1,16],"texture":"#1"},"west":{"uv":[0,10,1,16],"texture":"#1"},"down":{"uv":[0,10,1,16],"texture":"#1"}}},{"from":[2.11807,2,1.15246],"to":[4.11807,3,2.15246],"rotation":{"angle":-45,"axis":"y","origin":[8.24307,12.125,7.93371]},"faces":{"north":{"uv":[0,15,2,16],"texture":"#1"},"east":{"uv":[0,15,2,16],"texture":"#1"},"south":{"uv":[0,15,2,16],"texture":"#1"},"up":{"uv":[0,15,2,16],"texture":"#1"},"down":{"uv":[0,15,2,16],"texture":"#1"}}},{"from":[14.11807,12,14.15246],"to":[16.11807,22,16.15246],"rotation":{"angle":-45,"axis":"y","origin":[8.24307,12.125,7.93371]},"faces":{"north":{"uv":[0,0,2,10],"texture":"#2"},"east":{"uv":[0,0,2,10],"texture":"#2"},"south":{"uv":[0,0,2,10],"texture":"#2"},"west":{"uv":[0,0,2,10],"texture":"#2"},"up":{"uv":[0,0,2,2],"texture":"#2"},"down":{"uv":[0,0,2,2],"texture":"#2"}}},{"from":[2.11807,2,14.15246],"to":[14.11807,12,16.15246],"rotation":{"angle":-45,"axis":"y","origin":[8.24307,12.125,7.93371]},"faces":{"north":{"uv":[0,0,12,10],"texture":"#2"},"east":{"uv":[0,0,2,10],"texture":"#2"},"south":{"uv":[0,0,12,10],"texture":"#2"},"west":{"uv":[0,0,2,10],"texture":"#2"},"up":{"uv":[0,0,12,2],"texture":"#2"},"down":{"uv":[0,0,12,2],"texture":"#2"}}},{"from":[2.11807,12,14.15246],"to":[14.11807,22,16.15246],"rotation":{"angle":-45,"axis":"y","origin":[8.24307,12.125,7.93371]},"faces":{"north":{"uv":[0,0,12,10],"texture":"#2"},"east":{"uv":[0,0,2,10],"texture":"#2"},"south":{"uv":[0,0,12,10],"texture":"#2"},"west":{"uv":[0,0,2,10],"texture":"#2"},"up":{"uv":[0,0,12,2],"texture":"#2"},"down":{"uv":[0,0,12,2],"texture":"#2"}}},{"from":[0.11807,12,14.15246],"to":[2.11807,22,16.15246],"rotation":{"angle":-45,"axis":"y","origin":[8.24307,12.125,7.93371]},"faces":{"north":{"uv":[0,0,2,10],"texture":"#2"},"east":{"uv":[0,0,2,10],"texture":"#2"},"south":{"uv":[0,0,2,10],"texture":"#2"},"west":{"uv":[0,0,2,10],"texture":"#2"},"up":{"uv":[0,0,2,2],"texture":"#2"},"down":{"uv":[0,0,2,2],"texture":"#2"}}},{"from":[1.11807,2,2.15246],"to":[2.11807,3,13.15246],"rotation":{"angle":-45,"axis":"y","origin":[8.24307,12.125,7.93371]},"faces":{"east":{"uv":[3,15,15,16],"texture":"#1"},"west":{"uv":[3,15,15,16],"texture":"#1"},"up":{"uv":[3,15,15,16],"texture":"#1"},"down":{"uv":[3,15,15,16],"texture":"#1"}}},{"from":[1.11807,2,1.15246],"to":[2.11807,3,2.15246],"rotation":{"angle":-45,"axis":"y","origin":[8.24307,12.125,7.93371]},"faces":{"north":{"uv":[7,15,8,16],"texture":"#1"},"west":{"uv":[7,15,8,16],"texture":"#1"},"up":{"uv":[7,15,8,16],"texture":"#1"},"down":{"uv":[7,15,8,16],"texture":"#1"}}},{"from":[4.11807,2,1.15246],"to":[5.11807,3,2.15246],"rotation":{"angle":-45,"axis":"y","origin":[8.24307,12.125,7.93371]},"faces":{"north":{"uv":[7,15,8,16],"texture":"#1"},"east":{"uv":[7,15,8,16],"texture":"#1"},"south":{"uv":[7,15,8,16],"texture":"#1"},"down":{"uv":[7,15,8,16],"texture":"#1"}}},{"from":[4.11807,7,1.15246],"to":[5.11807,8,2.15246],"rotation":{"angle":-45,"axis":"y","origin":[8.24307,12.125,7.93371]},"faces":{"north":{"uv":[7,15,8,16],"texture":"#1"},"south":{"uv":[7,15,8,16],"texture":"#1"},"west":{"uv":[7,15,8,16],"texture":"#1"},"up":{"uv":[7,15,8,16],"texture":"#1"}}},{"from":[1.11807,2,13.15246],"to":[2.11807,23,14.15246],"rotation":{"angle":-45,"axis":"y","origin":[8.24307,12.125,7.93371]},"faces":{"north":{"uv":[7,15,8,16],"texture":"#1"},"east":{"uv":[7,15,8,16],"texture":"#1"},"south":{"uv":[7,15,8,16],"texture":"#1"},"west":{"uv":[7,15,8,16],"texture":"#1"},"up":{"uv":[7,15,8,16],"texture":"#1"},"down":{"uv":[7,15,8,16],"texture":"#1"}}},{"from":[-0.48528,22,6.58579],"to":[16.48528,23,7.58579],"rotation":{"angle":0,"axis":"y","origin":[8.24307,12.125,7.93371]},"faces":{"north":{"uv":[0,0,1,12],"texture":"#1"},"east":{"uv":[0,0,1,12],"texture":"#1"},"south":{"uv":[0,0,1,12],"texture":"#1"},"west":{"uv":[0,0,1,12],"texture":"#1"},"up":{"uv":[0,0,1,12],"texture":"#1"},"down":{"uv":[0,0,1,12],"texture":"#1"}}},{"from":[6.07345,10.995,5.40689],"to":[10.36595,13.82125,8.08439],"rotation":{"angle":0,"axis":"y","origin":[8.20661,10.50625,7.94365]},"faces":{"north":{"uv":[5.032,5.282,6.968,6.718],"texture":"#19"},"east":{"uv":[4.032,5.282,4.968,6.718],"texture":"#19"},"south":{"uv":[8.032,5.032,9.968,6.718],"texture":"#19"},"west":{"uv":[7.032,5.282,7.968,6.718],"texture":"#19"},"up":{"uv":[5.032,4.032,6.968,4.968],"rotation":180,"texture":"#19"},"down":{"uv":[8.032,6.218,9.968,5.282],"rotation":180,"texture":"#19"}}},{"from":[6.6047,8.6575,5.67251],"to":[9.8347,10.58063,7.81876],"rotation":{"angle":0,"axis":"y","origin":[8.20661,10.50625,7.94365]},"faces":{"north":{"uv":[5.032,7.032,6.968,7.718],"texture":"#19"},"east":{"uv":[4.032,7.032,4.968,7.718],"texture":"#19"},"south":{"uv":[8.032,7.032,9.968,7.718],"texture":"#19"},"west":{"uv":[7.032,7.032,7.968,7.718],"texture":"#19"},"up":{"uv":[5.032,4.032,6.968,4.968],"rotation":180,"texture":"#19"},"down":{"uv":[7.032,4.968,8.968,4.032],"rotation":180,"texture":"#19"}}},{"from":[6.3922,10.3575,5.46001],"to":[10.0472,11.43063,8.03126],"rotation":{"angle":0,"axis":"y","origin":[8.20661,10.50625,7.94365]},"faces":{"north":{"uv":[5.032,6.782,6.968,7.218],"texture":"#19"},"east":{"uv":[4.032,6.782,4.968,7.218],"texture":"#19"},"south":{"uv":[8.032,6.782,9.968,7.218],"texture":"#19"},"west":{"uv":[7.032,6.782,7.968,7.218],"texture":"#19"},"up":{"uv":[5.032,4.032,6.968,4.968],"rotation":180,"texture":"#19"},"down":{"uv":[8.032,6.468,9.968,5.532],"rotation":180,"texture":"#19"}}},{"from":[6.6422,1.65,5.88501],"to":[8.2572,7.77,7.60626],"rotation":{"angle":-22.5,"axis":"z","origin":[8.20661,8.50625,7.94365]},"faces":{"north":{"uv":[3.032,5.032,3.968,7.968],"texture":"#19"},"east":{"uv":[0.032,5.032,0.968,7.968],"texture":"#19"},"south":{"uv":[1.032,5.032,1.968,7.968],"texture":"#19"},"west":{"uv":[2.032,5.032,2.968,7.968],"texture":"#19"},"up":{"uv":[1.032,4.032,1.968,4.968],"rotation":180,"texture":"#19"},"down":{"uv":[2.032,4.968,2.968,4.032],"rotation":180,"texture":"#19"}}},{"from":[6.58907,5.9,5.61939],"to":[8.36345,8.62,7.87189],"rotation":{"angle":-22.5,"axis":"z","origin":[8.20661,8.50625,7.94365]},"faces":{"north":{"uv":[3.032,5.032,3.968,6.718],"texture":"#19"},"east":{"uv":[0.032,5.032,0.968,6.718],"texture":"#19"},"south":{"uv":[1.032,5.032,1.968,6.718],"texture":"#19"},"west":{"uv":[0.032,5.032,0.968,6.718],"texture":"#19"},"up":{"uv":[1.968,4.032,1.032,4.968],"rotation":180,"texture":"#19"},"down":{"uv":[2.032,4.968,2.968,4.032],"rotation":180,"texture":"#19"}}},{"from":[7.77345,6.94688,5.56626],"to":[8.69782,8.87,7.92501],"rotation":{"angle":0,"axis":"y","origin":[8.20661,10.50625,7.94365]},"faces":{"north":{"uv":[3.032,5.032,3.468,5.968],"texture":"#19"},"east":{"uv":[2.782,5.032,3.718,5.968],"texture":"#19"},"south":{"uv":[2.032,5.032,2.218,5.968],"texture":"#19"},"west":{"uv":[2.782,5.032,3.718,5.968],"texture":"#19"},"up":{"uv":[1.532,4.032,1.968,4.968],"rotation":180,"texture":"#19"},"down":{"uv":[2.032,4.968,2.968,4.032],"rotation":180,"texture":"#19"}}},{"from":[8.35782,6.15,5.61939],"to":[10.1322,8.87,7.87189],"rotation":{"angle":0,"axis":"y","origin":[8.20661,10.50625,7.94365]},"faces":{"north":{"uv":[3.968,5.032,3.032,6.718],"texture":"#19"},"east":{"uv":[2.032,5.032,2.968,6.718],"texture":"#19"},"south":{"uv":[1.532,5.032,2.468,6.718],"texture":"#19"},"west":{"uv":[2.032,5.032,2.968,6.718],"texture":"#19"},"up":{"uv":[1.032,4.032,1.968,4.968],"rotation":180,"texture":"#19"},"down":{"uv":[2.032,4.968,2.968,4.032],"rotation":180,"texture":"#19"}}},{"from":[8.4322,1.9,5.88501],"to":[10.0472,8.02,7.60626],"rotation":{"angle":0,"axis":"y","origin":[8.20661,10.50625,7.94365]},"faces":{"north":{"uv":[7.032,13.032,7.968,15.968],"texture":"#19"},"east":{"uv":[4.032,13.032,4.968,15.968],"texture":"#19"},"south":{"uv":[5.032,13.032,5.968,15.968],"texture":"#19"},"west":{"uv":[6.032,13.032,6.968,15.968],"texture":"#19"},"up":{"uv":[5.032,12.032,5.968,12.968],"rotation":180,"texture":"#19"},"down":{"uv":[6.032,12.968,6.968,12.032],"rotation":180,"texture":"#19"}}},{"from":[6.33907,13.83188,4.65251],"to":[10.10032,17.59313,8.83876],"rotation":{"angle":0,"axis":"y","origin":[8.20661,10.50625,7.94365]},"faces":{"north":{"uv":[2.032,2.032,3.968,3.968],"texture":"#19"},"east":{"uv":[0.032,2.032,1.968,3.968],"texture":"#19"},"south":{"uv":[6.032,2.032,7.968,3.968],"texture":"#19"},"west":{"uv":[4.032,2.032,5.968,3.968],"texture":"#19"},"up":{"uv":[2.032,0.032,3.968,1.968],"rotation":180,"texture":"#19"},"down":{"uv":[4.032,1.968,5.968,0.032],"rotation":180,"texture":"#19"}}},{"from":[6.21157,13.70438,4.52501],"to":[10.22782,17.72062,8.96626],"rotation":{"angle":0,"axis":"y","origin":[8.20661,10.50625,7.94365]},"faces":{"north":{"uv":[10.032,2.032,11.968,3.968],"texture":"#19"},"east":{"uv":[8.032,2.032,9.968,3.968],"texture":"#19"},"south":{"uv":[14.032,2.032,15.968,3.968],"texture":"#19"},"west":{"uv":[12.032,2.032,13.968,3.968],"texture":"#19"},"up":{"uv":[10.032,0.032,11.968,1.968],"rotation":180,"texture":"#19"},"down":{"uv":[12.032,1.968,13.968,0.032],"rotation":180,"texture":"#19"}}},{"from":[7.35907,14.34187,4.64741],"to":[9.08032,16.06313,8.83876],"rotation":{"angle":0,"axis":"y","origin":[8.20661,10.50625,7.94365]},"faces":{"north":{"uv":[14.032,0.032,15.968,1.968],"texture":"#19"},"east":{"uv":[0,0,0,0],"texture":"#19"},"south":{"uv":[0,0,0,0],"texture":"#19"},"west":{"uv":[0,0,0,0],"texture":"#19"},"up":{"uv":[0,0,0,0],"texture":"#19"},"down":{"uv":[0,0,0,0],"texture":"#19"}}},{"from":[4.66363,10.4802,6.66705],"to":[6.06146,13.6932,7.95905],"rotation":{"angle":-22.5,"axis":"x","origin":[5.37572,10.85881,6.73582]},"faces":{"north":{"uv":[9.718,15.25,9.032,13.032],"rotation":180,"texture":"#19"},"east":{"uv":[8.968,15.25,8.032,13.032],"rotation":180,"texture":"#19"},"south":{"uv":[11.468,15.25,10.532,13.032],"rotation":180,"texture":"#19"},"west":{"uv":[10.468,15.25,9.782,13.032],"rotation":180,"texture":"#19"},"up":{"uv":[9.032,12.032,9.718,12.968],"rotation":180,"texture":"#19"},"down":{"uv":[0.032,0.032,0.032,0.032],"rotation":270,"texture":"#19"}}},{"from":[4.68998,10.18643,6.52336],"to":[6.06146,11.44316,7.86848],"rotation":{"angle":22.5,"axis":"x","origin":[5.37572,10.85881,6.73582]},"faces":{"north":{"uv":[8.032,14.55,8.968,14.95],"texture":"#19"},"east":{"uv":[10.532,14.55,11.468,14.95],"texture":"#19"},"south":{"uv":[9.782,14.55,10.468,14.95],"texture":"#19"},"west":{"uv":[9.032,14.55,9.718,14.95],"texture":"#19"},"up":{"uv":[9.782,15.05,10.468,15.45],"rotation":90,"texture":"#19"},"down":{"uv":[9.032,15.05,9.718,15.45],"rotation":270,"texture":"#19"}}},{"from":[4.66321,9.58246,4.0608],"to":[6.11458,10.87446,7.0613],"rotation":{"angle":-22.5,"axis":"x","origin":[5.37572,10.85881,6.73582]},"faces":{"north":{"uv":[10.468,12.032,9.782,12.968],"rotation":270,"texture":"#19"},"east":{"uv":[10.532,14.75,11.468,15.968],"rotation":270,"texture":"#19"},"south":{"uv":[0,0,0,0],"rotation":180,"texture":"#19"},"west":{"uv":[9.032,14.75,9.718,15.968],"rotation":90,"texture":"#19"},"up":{"uv":[8.032,14.75,8.968,15.968],"rotation":180,"texture":"#19"},"down":{"uv":[10.468,15.968,9.782,14.75],"rotation":180,"texture":"#19"}}},{"from":[10.29614,10.55463,2.37725],"to":[11.74752,11.84663,5.37775],"rotation":{"angle":22.5,"axis":"x","origin":[11.035,13.67874,5.81764]},"faces":{"north":{"uv":[10.468,12.968,9.782,12.032],"rotation":270,"texture":"#19"},"east":{"uv":[9.032,15.968,9.718,14.75],"rotation":90,"texture":"#19"},"south":{"uv":[0,0,0,0],"rotation":180,"texture":"#19"},"west":{"uv":[10.532,15.968,11.468,14.75],"rotation":270,"texture":"#19"},"up":{"uv":[8.968,14.75,8.032,15.968],"rotation":180,"texture":"#19"},"down":{"uv":[9.782,15.968,10.468,14.75],"rotation":180,"texture":"#19"}}},{"from":[10.37604,10.96078,4.21569],"to":[11.74752,12.30591,5.47242],"rotation":{"angle":0,"axis":"x","origin":[11.06178,12.85881,6.73582]},"faces":{"north":{"uv":[9.032,15.45,9.718,15.05],"rotation":90,"texture":"#19"},"east":{"uv":[9.718,14.55,9.032,14.95],"rotation":270,"texture":"#19"},"south":{"uv":[9.782,15.45,10.468,15.05],"rotation":90,"texture":"#19"},"west":{"uv":[11.468,14.55,10.532,14.95],"rotation":90,"texture":"#19"},"up":{"uv":[8.968,14.55,8.032,14.95],"rotation":180,"texture":"#19"},"down":{"uv":[10.468,14.55,9.782,14.95],"texture":"#19"}}},{"from":[10.37604,10.63244,5.90168],"to":[11.77387,13.84544,7.19368],"rotation":{"angle":45,"axis":"x","origin":[11.06178,12.85881,6.73582]},"faces":{"north":{"uv":[9.032,15.25,9.718,13.032],"rotation":180,"texture":"#19"},"east":{"uv":[9.782,15.25,10.468,13.032],"rotation":180,"texture":"#19"},"south":{"uv":[10.532,15.25,11.468,13.032],"rotation":180,"texture":"#19"},"west":{"uv":[8.032,15.25,8.968,13.032],"rotation":180,"texture":"#19"},"up":{"uv":[9.718,12.032,9.032,12.968],"rotation":180,"texture":"#19"},"down":{"uv":[0.032,0.032,0.032,0.032],"rotation":270,"texture":"#19"}}}],"display":{"thirdperson_righthand":{"rotation":[2,151,0],"translation":[0,2.5,0],"scale":[0.4,0.4,0.4]},"thirdperson_lefthand":{"rotation":[2,107,0],"translation":[0,2.5,0],"scale":[0.4,0.4,0.4]},"firstperson_righthand":{"rotation":[2,151,0],"translation":[0,2.5,0],"scale":[0.4,0.4,0.4]},"firstperson_lefthand":{"rotation":[-1,107,0],"translation":[-0.5,4.25,1.25],"scale":[0.4,0.4,0.4]},"ground":{"scale":[0.5,0.5,0.5]},"gui":{"rotation":[17,-158,0],"translation":[0,-2,0.75],"scale":[0.5,0.5,0.5]},"head":{"translation":[0,-2.25,0],"scale":[0.5,0.5,0.5]},"fixed":{"rotation":[0,20,0],"translation":[0,-3.25,0.75],"scale":[0.8,0.8,0.8]}},"groups":[0,1,2,3,4,5,6,7,8,9,10,11,12,13,14,15,16,17,18,19,20,21,22,23,24,25,26,27,28,29,30,31,32,33,34,35,36,37,{"name":"player_all","origin":[8,8,8],"color":0,"nbt":"{}","children":[38,39,40,41,42,43,44,45,46,47,48]},{"name":"player_left_arm_bent","origin":[8,8,8],"color":0,"nbt":"{}","children":[49,50,51,52,53,54]}]}