{"credit":"Made with Blockbench by Valvac","textures":{"0":"block/black_concrete","1":"block/white_stained_glass","5":"block/white_concrete","6":"block/yellow_concrete","8":"block/1","particle":"block/white_concrete","1_0":"block/skins/aladdin"},"elements":[{"from":[0,0,0],"to":[16,2,16],"rotation":{"angle":45,"axis":"y","origin":[8,1,8]},"faces":{"north":{"uv":[0,0,16,2],"texture":"#0"},"east":{"uv":[0,0,16,2],"texture":"#0"},"south":{"uv":[0,0,16,2],"texture":"#0"},"west":{"uv":[0,0,16,2],"texture":"#0"},"up":{"uv":[0,0,16,16],"texture":"#0"},"down":{"uv":[0,0,16,16],"texture":"#0"}}},{"from":[14.11807,22,0.15246],"to":[16.11807,24,16.15246],"rotation":{"angle":-45,"axis":"y","origin":[8.24307,12.125,7.93371]},"faces":{"north":{"uv":[0,0,2,2],"texture":"#0"},"east":{"uv":[0,0,16,2],"texture":"#0"},"south":{"uv":[0,0,2,2],"texture":"#0"},"west":{"uv":[0,0,16,2],"texture":"#0"},"up":{"uv":[0,0,2,16],"texture":"#0"},"down":{"uv":[0,0,2,16],"texture":"#0"}}},{"from":[0.11807,22,14.15246],"to":[14.11807,24,16.15246],"rotation":{"angle":-45,"axis":"y","origin":[8.24307,12.125,7.93371]},"faces":{"north":{"uv":[0,0,14,2],"texture":"#0"},"east":{"uv":[0,0,2,2],"texture":"#0"},"south":{"uv":[0,0,14,2],"texture":"#0"},"west":{"uv":[0,0,2,2],"texture":"#0"},"up":{"uv":[0,0,14,2],"texture":"#0"},"down":{"uv":[0,0,14,2],"texture":"#0"}}},{"from":[-1.8995,23,6.58578],"to":[17.89949,24,9.33578],"rotation":{"angle":0,"axis":"y","origin":[8.24307,12.125,7.93371]},"faces":{"north":{"uv":[0,0,16,1],"texture":"#0"},"east":{"uv":[0,0,2.75,1],"texture":"#0"},"south":{"uv":[0,0,16,1],"texture":"#0"},"west":{"uv":[0,0,2.75,1],"texture":"#0"},"up":{"uv":[0,0,16,2.75],"texture":"#0"},"down":{"uv":[0,0,16,2.75],"texture":"#0"}}},{"from":[0.788,23,9.33578],"to":[15.21199,24,12.08578],"rotation":{"angle":0,"axis":"y","origin":[8.24307,12.125,7.93371]},"faces":{"north":{"uv":[0,0,14.42399,1],"texture":"#0"},"east":{"uv":[0,0,2.75,1],"texture":"#0"},"south":{"uv":[0,0,14.42399,1],"texture":"#0"},"west":{"uv":[0,0,2.75,1],"texture":"#0"},"up":{"uv":[0,0,14.42399,2.75],"texture":"#0"},"down":{"uv":[0,0,14.42399,2.75],"texture":"#0"}}},{"from":[3.6005,23,12.08578],"to":[12.39949,24,14.83578],"rotation":{"angle":0,"axis":"y","origin":[8.24307,12.125,7.93371]},"faces":{"north":{"uv":[0,0,8.79899,1],"texture":"#0"},"east":{"uv":[0,0,2.75,1],"texture":"#0"},"south":{"uv":[0,0,8.79899,1],"texture":"#0"},"west":{"uv":[0,0,2.75,1],"texture":"#0"},"up":{"uv":[0,0,8.79899,2.75],"texture":"#0"},"down":{"uv":[0,0,8.79899,2.75],"texture":"#0"}}},{"from":[6.3505,23,14.83578],"to":[9.64949,24,17.58578],"rotation":{"angle":0,"axis":"y","origin":[8.24307,12.125,7.93371]},"faces":{"north":{"uv":[0,0,3.29899,1],"texture":"#0"},"east":{"uv":[0,0,2.75,1],"texture":"#0"},"south":{"uv":[0,0,3.29899,1],"texture":"#0"},"west":{"uv":[0,0,2.75,1],"texture":"#0"},"up":{"uv":[0,0,3.29899,2.75],"texture":"#0"},"down":{"uv":[0,0,3.29899,2.75],"texture":"#0"}}},{"from":[14.11807,2,0.15246],"to":[16.11807,12,2.15246],"rotation":{"angle":-45,"axis":"y","origin":[8.24307,12.125,7.93371]},"faces":{"north":{"uv":[0,0,2,10],"texture":"#0"},"east":{"uv":[0,0,2,10],"texture":"#0"},"south":{"uv":[0,0,2,10],"texture":"#0"},"west":{"uv":[0,0,2,10],"texture":"#0"},"up":{"uv":[0,0,2,2],"texture":"#0"},"down":{"uv":[0,0,2,2],"texture":"#0"}}},{"from":[5.11807,2,0.15246],"to":[14.11807,7,2.15246],"rotation":{"angle":-45,"axis":"y","origin":[8.24307,12.125,7.93371]},"faces":{"north":{"uv":[0,0,9,5],"texture":"#0"},"east":{"uv":[0,0,2,5],"texture":"#0"},"south":{"uv":[0,0,9,5],"texture":"#0"},"west":{"uv":[0,0,2,5],"texture":"#0"},"up":{"uv":[0,0,9,2],"texture":"#0"},"down":{"uv":[0,0,9,2],"texture":"#0"}}},{"from":[5.61807,0.5,-0.09754],"to":[15.61807,1,1.15246],"rotation":{"angle":-45,"axis":"y","origin":[8.24307,12.125,7.93371]},"faces":{"north":{"uv":[0,0,10,0.5],"texture":"#6"},"east":{"uv":[0,0,1.25,0.5],"texture":"#6"},"south":{"uv":[0,0,10,0.5],"texture":"#6"},"west":{"uv":[0,0,1.25,0.5],"texture":"#6"},"up":{"uv":[0,0,10,1.25],"texture":"#6"},"down":{"uv":[0,0,10,1.25],"texture":"#6"}}},{"from":[15.11807,1,-0.09754],"to":[15.61807,6,1.15246],"rotation":{"angle":-45,"axis":"y","origin":[8.24307,12.125,7.93371]},"faces":{"north":{"uv":[0,0,0.5,5],"texture":"#6"},"east":{"uv":[0,0,1.25,5],"texture":"#6"},"south":{"uv":[0,0,0.5,5],"texture":"#6"},"west":{"uv":[0,0,1.25,5],"texture":"#6"},"up":{"uv":[0,0,0.5,1.25],"texture":"#6"},"down":{"uv":[0,0,0.5,1.25],"texture":"#6"}}},{"from":[5.61807,1,-0.09754],"to":[6.11807,6,1.15246],"rotation":{"angle":-45,"axis":"y","origin":[8.24307,12.125,7.93371]},"faces":{"north":{"uv":[0,0,0.5,5],"texture":"#6"},"east":{"uv":[0,0,1.25,5],"texture":"#6"},"south":{"uv":[0,0,0.5,5],"texture":"#6"},"west":{"uv":[0,0,1.25,5],"texture":"#6"},"up":{"uv":[0,0,0.5,1.25],"texture":"#6"},"down":{"uv":[0,0,0.5,1.25],"texture":"#6"}}},{"from":[7.74307,1.375,-0.09754],"to":[13.49307,5.375,1.02746],"rotation":{"angle":-45,"axis":"y","origin":[8.24307,12.125,7.93371]},"faces":{"north":{"uv":[0,0,16,11],"texture":"#8"}}},{"from":[5.80557,1,0.08996],"to":[15.18057,6,1.21496],"rotation":{"angle":-45,"axis":"y","origin":[8.24307,12.125,7.93371]},"faces":{"north":{"uv":[0,0,16,11],"texture":"#5"},"east":{"uv":[0,0,16,11],"texture":"#5"},"south":{"uv":[0,0,16,11],"texture":"#5"},"west":{"uv":[0,0,16,11],"texture":"#5"},"up":{"uv":[0,0,16,11],"texture":"#5"},"down":{"uv":[0,0,16,11],"texture":"#5"}}},{"from":[5.61807,6,-0.09754],"to":[15.61807,6.5,1.15246],"rotation":{"angle":-45,"axis":"y","origin":[8.24307,12.125,7.93371]},"faces":{"north":{"uv":[0,0,10,0.5],"texture":"#6"},"east":{"uv":[0,0,1.25,0.5],"texture":"#6"},"south":{"uv":[0,0,10,0.5],"texture":"#6"},"west":{"uv":[0,0,1.25,0.5],"texture":"#6"},"up":{"uv":[0,0,10,1.25],"texture":"#6"},"down":{"uv":[0,0,10,1.25],"texture":"#6"}}},{"from":[0.11807,2,14.15246],"to":[2.11807,12,16.15246],"rotation":{"angle":-45,"axis":"y","origin":[8.24307,12.125,7.93371]},"faces":{"north":{"uv":[0,0,2,10],"texture":"#0"},"east":{"uv":[0,0,2,10],"texture":"#0"},"south":{"uv":[0,0,2,10],"texture":"#0"},"west":{"uv":[0,0,2,10],"texture":"#0"},"up":{"uv":[0,0,2,2],"texture":"#0"},"down":{"uv":[0,0,2,2],"texture":"#0"}}},{"from":[14.11807,2,14.15246],"to":[16.11807,12,16.15246],"rotation":{"angle":-45,"axis":"y","origin":[8.24307,12.125,7.93371]},"faces":{"north":{"uv":[0,0,2,10],"texture":"#0"},"east":{"uv":[0,0,2,10],"texture":"#0"},"south":{"uv":[0,0,2,10],"texture":"#0"},"west":{"uv":[0,0,2,10],"texture":"#0"},"up":{"uv":[0,0,2,2],"texture":"#0"},"down":{"uv":[0,0,2,2],"texture":"#0"}}},{"from":[14.11807,2,2.15246],"to":[16.11807,12,14.15246],"rotation":{"angle":-45,"axis":"y","origin":[8.24307,12.125,7.93371]},"faces":{"north":{"uv":[0,0,2,10],"texture":"#0"},"east":{"uv":[0,0,12,10],"texture":"#0"},"south":{"uv":[0,0,2,10],"texture":"#0"},"west":{"uv":[0,0,12,10],"texture":"#0"},"up":{"uv":[0,0,2,12],"texture":"#0"},"down":{"uv":[0,0,2,12],"texture":"#0"}}},{"from":[14.11807,12,2.15246],"to":[16.11807,22,14.15246],"rotation":{"angle":-45,"axis":"y","origin":[8.24307,12.125,7.93371]},"faces":{"north":{"uv":[0,0,2,10],"texture":"#0"},"east":{"uv":[0,0,12,10],"texture":"#0"},"south":{"uv":[0,0,2,10],"texture":"#0"},"west":{"uv":[0,0,12,10],"texture":"#0"},"up":{"uv":[0,0,2,12],"texture":"#0"},"down":{"uv":[0,0,2,12],"texture":"#0"}}},{"from":[14.11807,12,0.15246],"to":[16.11807,22,2.15246],"rotation":{"angle":-45,"axis":"y","origin":[8.24307,12.125,7.93371]},"faces":{"north":{"uv":[0,0,2,10],"texture":"#0"},"east":{"uv":[0,0,2,10],"texture":"#0"},"south":{"uv":[0,0,2,10],"texture":"#0"},"west":{"uv":[0,0,2,10],"texture":"#0"},"up":{"uv":[0,0,2,2],"texture":"#0"},"down":{"uv":[0,0,2,2],"texture":"#0"}}},{"from":[15.11807,7,-0.03504],"to":[15.61807,23,2.33996],"rotation":{"angle":-45,"axis":"y","origin":[8.24307,12.125,7.93371]},"faces":{"north":{"uv":[0,0,2,10],"texture":"#6"},"east":{"uv":[0,0,2,10],"texture":"#6"},"south":{"uv":[0,0,2,10],"texture":"#6"},"west":{"uv":[0,0,2,10],"texture":"#6"},"up":{"uv":[0,0,2,2],"texture":"#6"},"down":{"uv":[0,0,2,2],"texture":"#6"}}},{"from":[1.11807,0.5,-0.03504],"to":[5.11807,1,2.33996],"rotation":{"angle":-45,"axis":"y","origin":[8.24307,12.125,7.93371]},"faces":{"north":{"uv":[0,0,2,10],"rotation":90,"texture":"#6"},"east":{"uv":[0,0,2,2],"rotation":270,"texture":"#6"},"south":{"uv":[0,0,2,10],"rotation":270,"texture":"#6"},"west":{"uv":[0,0,2,2],"rotation":270,"texture":"#6"},"up":{"uv":[0,0,2,10],"rotation":270,"texture":"#6"},"down":{"uv":[0,0,2,10],"rotation":270,"texture":"#6"}}},{"from":[-0.06943,0.5,9.65246],"to":[2.30557,1,14.15246],"rotation":{"angle":-45,"axis":"y","origin":[8.24307,12.125,7.93371]},"faces":{"north":{"uv":[0,0,2,2],"rotation":270,"texture":"#6"},"east":{"uv":[0,0,2,10],"rotation":90,"texture":"#6"},"south":{"uv":[0,0,2,2],"rotation":270,"texture":"#6"},"west":{"uv":[0,0,2,10],"rotation":270,"texture":"#6"},"up":{"uv":[0,0,2,10],"texture":"#6"},"down":{"uv":[0,0,2,10],"rotation":180,"texture":"#6"}}},{"from":[-0.06943,0.5,15.15246],"to":[2.30557,23,15.65246],"rotation":{"angle":-45,"axis":"y","origin":[8.24307,12.125,7.93371]},"faces":{"north":{"uv":[0,0,2,10],"texture":"#6"},"east":{"uv":[0,0,2,10],"texture":"#6"},"south":{"uv":[0,0,2,10],"texture":"#6"},"west":{"uv":[0,0,2,10],"texture":"#6"},"up":{"uv":[0,0,2,2],"rotation":90,"texture":"#6"},"down":{"uv":[0,0,2,2],"rotation":270,"texture":"#6"}}},{"from":[5.11807,7,1.15246],"to":[13.11807,8,2.15246],"rotation":{"angle":-45,"axis":"y","origin":[8.24307,12.125,7.93371]},"faces":{"north":{"uv":[1,15,10,16],"texture":"#1"},"south":{"uv":[1,15,10,16],"texture":"#1"},"up":{"uv":[1,15,10,16],"texture":"#1"},"down":{"uv":[1,15,10,16],"texture":"#1"}}},{"from":[13.11807,7,1.15246],"to":[14.11807,23,2.15246],"rotation":{"angle":-45,"axis":"y","origin":[8.24307,12.125,7.93371]},"faces":{"north":{"uv":[1,15,10,16],"texture":"#1"},"east":{"uv":[1,15,10,16],"texture":"#1"},"south":{"uv":[1,15,10,16],"texture":"#1"},"west":{"uv":[1,15,10,16],"texture":"#1"},"up":{"uv":[1,15,10,16],"texture":"#1"},"down":{"uv":[1,15,10,16],"texture":"#1"}}},{"from":[4.11807,3,1.15246],"to":[5.11807,7,2.15246],"rotation":{"angle":-45,"axis":"y","origin":[8.24307,12.125,7.93371]},"faces":{"north":{"uv":[0,10,1,16],"texture":"#1"},"east":{"uv":[0,10,1,16],"texture":"#1"},"south":{"uv":[0,10,1,16],"texture":"#1"},"west":{"uv":[0,10,1,16],"texture":"#1"},"down":{"uv":[0,10,1,16],"texture":"#1"}}},{"from":[2.11807,2,1.15246],"to":[4.11807,3,2.15246],"rotation":{"angle":-45,"axis":"y","origin":[8.24307,12.125,7.93371]},"faces":{"north":{"uv":[0,15,2,16],"texture":"#1"},"east":{"uv":[0,15,2,16],"texture":"#1"},"south":{"uv":[0,15,2,16],"texture":"#1"},"up":{"uv":[0,15,2,16],"texture":"#1"},"down":{"uv":[0,15,2,16],"texture":"#1"}}},{"from":[14.11807,12,14.15246],"to":[16.11807,22,16.15246],"rotation":{"angle":-45,"axis":"y","origin":[8.24307,12.125,7.93371]},"faces":{"north":{"uv":[0,0,2,10],"texture":"#0"},"east":{"uv":[0,0,2,10],"texture":"#0"},"south":{"uv":[0,0,2,10],"texture":"#0"},"west":{"uv":[0,0,2,10],"texture":"#0"},"up":{"uv":[0,0,2,2],"texture":"#0"},"down":{"uv":[0,0,2,2],"texture":"#0"}}},{"from":[2.11807,2,14.15246],"to":[14.11807,12,16.15246],"rotation":{"angle":-45,"axis":"y","origin":[8.24307,12.125,7.93371]},"faces":{"north":{"uv":[0,0,12,10],"texture":"#0"},"east":{"uv":[0,0,2,10],"texture":"#0"},"south":{"uv":[0,0,12,10],"texture":"#0"},"west":{"uv":[0,0,2,10],"texture":"#0"},"up":{"uv":[0,0,12,2],"texture":"#0"},"down":{"uv":[0,0,12,2],"texture":"#0"}}},{"from":[2.11807,12,14.15246],"to":[14.11807,22,16.15246],"rotation":{"angle":-45,"axis":"y","origin":[8.24307,12.125,7.93371]},"faces":{"north":{"uv":[0,0,12,10],"texture":"#0"},"east":{"uv":[0,0,2,10],"texture":"#0"},"south":{"uv":[0,0,12,10],"texture":"#0"},"west":{"uv":[0,0,2,10],"texture":"#0"},"up":{"uv":[0,0,12,2],"texture":"#0"},"down":{"uv":[0,0,12,2],"texture":"#0"}}},{"from":[0.11807,12,14.15246],"to":[2.11807,22,16.15246],"rotation":{"angle":-45,"axis":"y","origin":[8.24307,12.125,7.93371]},"faces":{"north":{"uv":[0,0,2,10],"texture":"#0"},"east":{"uv":[0,0,2,10],"texture":"#0"},"south":{"uv":[0,0,2,10],"texture":"#0"},"west":{"uv":[0,0,2,10],"texture":"#0"},"up":{"uv":[0,0,2,2],"texture":"#0"},"down":{"uv":[0,0,2,2],"texture":"#0"}}},{"from":[1.11807,2,2.15246],"to":[2.11807,3,13.15246],"rotation":{"angle":-45,"axis":"y","origin":[8.24307,12.125,7.93371]},"faces":{"east":{"uv":[3,15,15,16],"texture":"#1"},"west":{"uv":[3,15,15,16],"texture":"#1"},"up":{"uv":[3,15,15,16],"texture":"#1"},"down":{"uv":[3,15,15,16],"texture":"#1"}}},{"from":[1.11807,2,1.15246],"to":[2.11807,3,2.15246],"rotation":{"angle":-45,"axis":"y","origin":[8.24307,12.125,7.93371]},"faces":{"north":{"uv":[7,15,8,16],"texture":"#1"},"west":{"uv":[7,15,8,16],"texture":"#1"},"up":{"uv":[7,15,8,16],"texture":"#1"},"down":{"uv":[7,15,8,16],"texture":"#1"}}},{"from":[4.11807,2,1.15246],"to":[5.11807,3,2.15246],"rotation":{"angle":-45,"axis":"y","origin":[8.24307,12.125,7.93371]},"faces":{"north":{"uv":[7,15,8,16],"texture":"#1"},"east":{"uv":[7,15,8,16],"texture":"#1"},"south":{"uv":[7,15,8,16],"texture":"#1"},"down":{"uv":[7,15,8,16],"texture":"#1"}}},{"from":[4.11807,7,1.15246],"to":[5.11807,8,2.15246],"rotation":{"angle":-45,"axis":"y","origin":[8.24307,12.125,7.93371]},"faces":{"north":{"uv":[7,15,8,16],"texture":"#1"},"south":{"uv":[7,15,8,16],"texture":"#1"},"west":{"uv":[7,15,8,16],"texture":"#1"},"up":{"uv":[7,15,8,16],"texture":"#1"}}},{"from":[1.11807,2,13.15246],"to":[2.11807,23,14.15246],"rotation":{"angle":-45,"axis":"y","origin":[8.24307,12.125,7.93371]},"faces":{"north":{"uv":[7,15,8,16],"texture":"#1"},"east":{"uv":[7,15,8,16],"texture":"#1"},"south":{"uv":[7,15,8,16],"texture":"#1"},"west":{"uv":[7,15,8,16],"texture":"#1"},"up":{"uv":[7,15,8,16],"texture":"#1"},"down":{"uv":[7,15,8,16],"texture":"#1"}}},{"from":[-0.48528,22,6.58579],"to":[16.48528,23,7.58579],"rotation":{"angle":0,"axis":"y","origin":[8.24307,12.125,7.93371]},"faces":{"north":{"uv":[0,0,1,12],"texture":"#1"},"east":{"uv":[0,0,1,12],"texture":"#1"},"south":{"uv":[0,0,1,12],"texture":"#1"},"west":{"uv":[0,0,1,12],"texture":"#1"},"up":{"uv":[0,0,1,12],"texture":"#1"},"down":{"uv":[0,0,1,12],"texture":"#1"}}},{"from":[5.85847,9.2,5.32428],"to":[10.65847,16.4,7.72428],"rotation":{"angle":0,"axis":"y","origin":[8.24307,12.125,7.93371]},"faces":{"north":{"uv":[5.032,5.032,6.968,7.968],"texture":"#1_0"},"east":{"uv":[4.032,5.032,4.968,7.968],"texture":"#1_0"},"south":{"uv":[8.032,5.032,9.968,7.968],"texture":"#1_0"},"west":{"uv":[7.032,5.032,7.968,7.968],"texture":"#1_0"},"up":{"uv":[5.032,4.032,6.968,4.968],"rotation":180,"texture":"#1_0"},"down":{"uv":[7.032,4.968,8.968,4.032],"rotation":180,"texture":"#1_0"}}},{"from":[5.45847,11.6125,4.92428],"to":[7.68347,16.55,7.87428],"rotation":{"angle":0,"axis":"y","origin":[8.24307,12.125,7.93371]},"faces":{"north":{"uv":[6.25075,5.532,6.968,6.968],"texture":"#1_0"},"east":{"uv":[6.25075,5.532,6.468,6.968],"texture":"#1_0"},"south":{"uv":[6.25075,5.532,6.968,6.968],"texture":"#1_0"},"west":{"uv":[6.75075,5.532,6.968,6.968],"texture":"#1_0"},"up":{"uv":[6.968,5.532,6.25075,5.718],"texture":"#1_0"},"down":{"uv":[6.968,6.782,6.25075,6.968],"texture":"#1_0"}}},{"from":[5.45847,10.8625,4.92428],"to":[6.93347,11.6125,7.87428],"rotation":{"angle":0,"axis":"y","origin":[8.24307,12.125,7.93371]},"faces":{"north":{"uv":[6.50075,6.782,6.968,6.968],"texture":"#1_0"},"east":{"uv":[6.25075,5.532,6.468,6.968],"texture":"#1_0"},"south":{"uv":[6.25075,6.782,6.718,6.968],"texture":"#1_0"},"west":{"uv":[6.75075,6.782,6.968,6.968],"texture":"#1_0"},"up":{"uv":[6.968,5.532,6.25075,5.718],"texture":"#1_0"},"down":{"uv":[6.968,6.782,6.25075,6.968],"texture":"#1_0"}}},{"from":[9.31653,10.8625,4.92428],"to":[10.79153,11.6125,7.87428],"rotation":{"angle":0,"axis":"y","origin":[7.75693,12.125,7.93371]},"faces":{"north":{"uv":[6.968,6.782,6.50075,6.968],"texture":"#1_0"},"east":{"uv":[6.968,6.782,6.75075,6.968],"texture":"#1_0"},"south":{"uv":[6.718,6.782,6.25075,6.968],"texture":"#1_0"},"west":{"uv":[6.468,5.532,6.25075,6.968],"texture":"#1_0"},"up":{"uv":[6.25075,5.532,6.968,5.718],"texture":"#1_0"},"down":{"uv":[6.25075,6.782,6.968,6.968],"texture":"#1_0"}}},{"from":[8.56653,11.6125,4.92428],"to":[10.79153,16.55,7.87428],"rotation":{"angle":0,"axis":"y","origin":[7.75693,12.125,7.93371]},"faces":{"north":{"uv":[6.968,5.532,6.25075,6.968],"texture":"#1_0"},"east":{"uv":[6.968,5.532,6.75075,6.968],"texture":"#1_0"},"south":{"uv":[6.968,5.532,6.25075,6.968],"texture":"#1_0"},"west":{"uv":[6.468,5.532,6.25075,6.968],"texture":"#1_0"},"up":{"uv":[6.25075,5.532,6.968,5.718],"texture":"#1_0"},"down":{"uv":[6.25075,6.782,6.968,6.968],"texture":"#1_0"}}},{"from":[5.45847,10.8625,7.87428],"to":[10.79153,16.55,8.06178],"rotation":{"angle":0,"axis":"y","origin":[7.75693,12.125,7.93371]},"faces":{"north":{"uv":[6.968,5.532,6.25075,6.968],"texture":"#1_0"},"east":{"uv":[6.968,5.532,6.75075,6.968],"texture":"#1_0"},"south":{"uv":[9.968,5.032,8.00075,7.218],"texture":"#1_0"},"west":{"uv":[6.468,5.532,6.25075,6.968],"texture":"#1_0"},"up":{"uv":[6.25075,5.532,6.968,5.718],"texture":"#1_0"},"down":{"uv":[6.25075,6.782,6.968,6.968],"texture":"#1_0"}}},{"from":[5.85847,2,5.32428],"to":[8.25847,9.2,7.72428],"rotation":{"angle":0,"axis":"y","origin":[8.24307,12.125,7.93371]},"faces":{"north":{"uv":[1.032,5.032,1.968,7.968],"texture":"#1_0"},"east":{"uv":[0.032,5.032,0.968,7.968],"texture":"#1_0"},"south":{"uv":[3.032,5.032,3.968,7.968],"texture":"#1_0"},"west":{"uv":[2.032,5.032,2.968,7.968],"texture":"#1_0"},"up":{"uv":[1.032,4.032,1.968,4.968],"rotation":180,"texture":"#1_0"},"down":{"uv":[2.032,4.968,2.968,4.032],"rotation":180,"texture":"#1_0"}}},{"from":[5.70847,1.85,5.17428],"to":[8.40847,9.2875,7.87428],"rotation":{"angle":0,"axis":"y","origin":[8.24307,12.125,7.93371]},"faces":{"north":{"uv":[1.032,9.032,1.968,11.968],"texture":"#1_0"},"east":{"uv":[0.032,9.032,0.968,11.968],"texture":"#1_0"},"south":{"uv":[3.032,9.032,3.968,11.968],"texture":"#1_0"},"west":{"uv":[2.032,9.032,2.968,11.968],"texture":"#1_0"},"up":{"uv":[1.032,8.032,1.968,8.968],"rotation":180,"texture":"#1_0"},"down":{"uv":[2.032,8.968,2.968,8.032],"rotation":180,"texture":"#1_0"}}},{"from":[8.25847,2,5.32428],"to":[10.65847,9.2,7.72428],"rotation":{"angle":0,"axis":"y","origin":[8.24307,12.125,7.93371]},"faces":{"north":{"uv":[5.032,13.032,5.968,15.968],"texture":"#1_0"},"east":{"uv":[4.032,13.032,4.968,15.968],"texture":"#1_0"},"south":{"uv":[7.032,13.032,7.968,15.968],"texture":"#1_0"},"west":{"uv":[6.032,13.032,6.968,15.968],"texture":"#1_0"},"up":{"uv":[5.032,12.032,5.968,12.968],"rotation":180,"texture":"#1_0"},"down":{"uv":[6.032,12.968,6.968,12.032],"rotation":180,"texture":"#1_0"}}},{"from":[5.60847,3.25,5.07428],"to":[8.25847,9.3875,7.97428],"rotation":{"angle":0,"axis":"y","origin":[8.24307,12.125,7.93371]},"faces":{"north":{"uv":[1.032,4.8445,1.968,7.468],"texture":"#1_0"},"east":{"uv":[0.032,4.8445,0.968,7.468],"texture":"#1_0"},"south":{"uv":[3.032,4.8445,3.968,7.468],"texture":"#1_0"},"west":{"uv":[2.032,4.8445,2.968,7.468],"texture":"#1_0"},"up":{"uv":[2.032,4.907,2.968,5.093],"rotation":180,"texture":"#1_0"},"down":{"uv":[1.032,4.968,1.968,4.032],"rotation":180,"texture":"#1_0"}}},{"from":[8.25847,3.25,5.07428],"to":[10.90847,9.3875,7.97428],"rotation":{"angle":0,"axis":"y","origin":[8.24307,12.125,7.93371]},"faces":{"north":{"uv":[5.032,12.8445,5.968,15.468],"texture":"#1_0"},"east":{"uv":[4.032,12.8445,4.968,15.468],"texture":"#1_0"},"south":{"uv":[7.032,12.8445,7.968,15.468],"texture":"#1_0"},"west":{"uv":[6.032,12.8445,6.968,15.468],"texture":"#1_0"},"up":{"uv":[4.032,12.907,4.968,13.093],"rotation":180,"texture":"#1_0"},"down":{"uv":[5.032,12.968,5.968,12.032],"rotation":180,"texture":"#1_0"}}},{"from":[8.10847,1.85,5.17428],"to":[10.80847,9.2875,7.87428],"rotation":{"angle":0,"axis":"y","origin":[8.24307,12.125,7.93371]},"faces":{"north":{"uv":[1.032,13.032,1.968,15.968],"texture":"#1_0"},"east":{"uv":[0.032,13.032,0.968,15.968],"texture":"#1_0"},"south":{"uv":[3.032,13.032,3.968,15.968],"texture":"#1_0"},"west":{"uv":[2.032,13.032,2.968,15.968],"texture":"#1_0"},"up":{"uv":[1.032,12.032,1.968,12.968],"rotation":180,"texture":"#1_0"},"down":{"uv":[2.032,12.968,2.968,12.032],"rotation":180,"texture":"#1_0"}}},{"from":[5.79597,16.0375,4.06178],"to":[10.72097,20.9625,8.98678],"rotation":{"angle":0,"axis":"y","origin":[8.24307,12.125,7.93371]},"faces":{"north":{"uv":[2.032,2.032,3.968,3.968],"texture":"#1_0"},"east":{"uv":[0.032,2.032,1.968,3.968],"texture":"#1_0"},"south":{"uv":[6.032,2.032,7.968,3.968],"texture":"#1_0"},"west":{"uv":[4.032,2.032,5.968,3.968],"texture":"#1_0"},"up":{"uv":[2.032,0.032,3.968,1.968],"rotation":180,"texture":"#1_0"},"down":{"uv":[4.032,1.968,5.968,0.032],"rotation":180,"texture":"#1_0"}}},{"from":[7.04597,20.9125,5.81178],"to":[9.47097,21.0875,8.23678],"rotation":{"angle":0,"axis":"y","origin":[8.24307,12.125,7.93371]},"faces":{"north":{"uv":[10.532,1.25,11.468,1.436],"rotation":180,"texture":"#1_0"},"east":{"uv":[10.532,1.25,11.468,1.436],"rotation":180,"texture":"#1_0"},"south":{"uv":[10.532,1.25,11.468,1.436],"rotation":180,"texture":"#1_0"},"west":{"uv":[10.532,1.25,11.468,1.436],"rotation":180,"texture":"#1_0"},"up":{"uv":[10.532,0.5,11.468,1.436],"rotation":180,"texture":"#1_0"}}},{"from":[6.99597,16.6375,4.05578],"to":[9.52097,19.1625,8.98678],"rotation":{"angle":0,"axis":"y","origin":[8.24307,12.125,7.93371]},"faces":{"north":{"uv":[14.032,0.032,15.968,1.968],"texture":"#1_0"}}},{"from":[2.72469,12.65979,5.52953],"to":[5.24469,16.43979,7.98653],"rotation":{"angle":-22.5,"axis":"z","origin":[4.70088,12.81475,6.75015]},"faces":{"north":{"uv":[10.032,13.032,10.968,14.5],"texture":"#1_0"},"east":{"uv":[9.032,13.032,9.968,14.5],"texture":"#1_0"},"south":{"uv":[8.032,13.032,8.968,14.5],"texture":"#1_0"},"west":{"uv":[11.032,13.032,11.968,14.5],"texture":"#1_0"},"up":{"uv":[9.032,12.032,9.968,12.968],"rotation":270,"texture":"#1_0"},"down":{"uv":[0.032,0.032,0.032,0.032],"rotation":180,"texture":"#1_0"}}},{"from":[2.72045,9.19147,5.48228],"to":[5.24045,12.97147,8.00228],"rotation":{"angle":22.5,"axis":"z","origin":[4.70088,12.81475,6.75015]},"faces":{"north":{"uv":[9.032,14.5,9.968,15.968],"texture":"#1_0"},"east":{"uv":[8.032,14.5,8.968,15.968],"texture":"#1_0"},"south":{"uv":[11.032,14.5,11.968,15.968],"texture":"#1_0"},"west":{"uv":[10.968,15.968,10.032,14.5],"rotation":180,"texture":"#1_0"},"down":{"uv":[10.032,12.968,10.968,12.032],"rotation":180,"texture":"#1_0"}}},{"from":[2.81581,12.19934,5.49803],"to":[5.33581,13.42784,7.98653],"rotation":{"angle":0,"axis":"x","origin":[4.70088,12.81475,6.75015]},"faces":{"north":{"uv":[9.032,14.3,9.968,14.7],"texture":"#1_0"},"east":{"uv":[8.032,14.3,8.968,14.7],"texture":"#1_0"},"south":{"uv":[11.032,14.3,11.968,14.7],"texture":"#1_0"},"west":{"uv":[10.032,14.3,10.968,14.7],"texture":"#1_0"},"down":{"uv":[0.032,0.032,0.032,0.032],"rotation":180,"texture":"#1_0"}}},{"from":[11.52507,17.22863,5.38448],"to":[14.04507,21.00863,7.90448],"rotation":{"angle":-22.5,"axis":"z","origin":[11.16464,15.05217,6.66786]},"faces":{"north":{"uv":[9.968,15.968,9.032,14.5],"texture":"#1_0"},"east":{"uv":[10.032,14.5,10.968,15.968],"rotation":180,"texture":"#1_0"},"south":{"uv":[11.968,15.968,11.032,14.5],"texture":"#1_0"},"west":{"uv":[8.968,15.968,8.032,14.5],"texture":"#1_0"},"up":{"uv":[10.968,12.032,10.032,12.968],"rotation":180,"texture":"#1_0"}}},{"from":[10.46831,16.93907,5.40023],"to":[12.98831,18.16757,7.88873],"rotation":{"angle":-45,"axis":"z","origin":[11.16464,15.05217,6.66786]},"faces":{"north":{"uv":[9.032,14.3,9.968,14.7],"rotation":180,"texture":"#1_0"},"east":{"uv":[10.968,14.7,10.032,14.3],"texture":"#1_0"},"south":{"uv":[11.032,14.3,11.968,14.7],"rotation":180,"texture":"#1_0"},"west":{"uv":[8.968,14.7,8.032,14.3],"texture":"#1_0"},"up":{"uv":[0.032,0.032,0.032,0.032],"rotation":180,"texture":"#1_0"}}},{"from":[9.82581,14.0894,5.46273],"to":[13.60581,16.6094,7.91973],"rotation":{"angle":22.5,"axis":"z","origin":[11.16464,15.05217,6.66786]},"faces":{"north":{"uv":[10.032,13.032,10.968,14.5],"rotation":90,"texture":"#1_0"},"east":{"uv":[0.032,0.032,0.032,0.032],"rotation":270,"texture":"#1_0"},"south":{"uv":[8.032,13.032,8.968,14.5],"rotation":270,"texture":"#1_0"},"west":{"uv":[9.968,12.968,9.032,12.032],"texture":"#1_0"},"up":{"uv":[9.968,14.5,9.032,13.032],"rotation":90,"texture":"#1_0"},"down":{"uv":[11.968,14.5,11.032,13.032],"rotation":90,"texture":"#1_0"}}}],"display":{"thirdperson_righthand":{"rotation":[2,151,0],"translation":[0,2.5,0],"scale":[0.4,0.4,0.4]},"thirdperson_lefthand":{"rotation":[2,107,0],"translation":[0,2.5,0],"scale":[0.4,0.4,0.4]},"firstperson_righthand":{"rotation":[2,151,0],"translation":[0,2.5,0],"scale":[0.4,0.4,0.4]},"firstperson_lefthand":{"rotation":[-1,107,0],"translation":[-0.5,4.25,1.25],"scale":[0.4,0.4,0.4]},"ground":{"scale":[0.5,0.5,0.5]},"gui":{"rotation":[17,-158,0],"translation":[0,-2,0.75],"scale":[0.5,0.5,0.5]},"head":{"translation":[0,-2.25,0],"scale":[0.5,0.5,0.5]},"fixed":{"rotation":[0,20,0],"translation":[0,-3.25,0.75],"scale":[0.8,0.8,0.8]}},"groups":[0,1,2,3,4,5,6,7,8,9,10,11,12,13,14,15,16,17,18,19,20,21,22,23,24,25,26,27,28,29,30,31,32,33,34,35,36,37,{"name":"player_all","origin":[8,8,8],"color":0,"nbt":"{}","children":[38,39,40,41,42,43,44,45,46,47,48,49,50,51,52]},{"name":"player_left_arm_bent","origin":[8,8,8],"color":0,"nbt":"{}","children":[53,54,55,56,57,58]},{"name":"player_right_arm_bent","origin":[8,8,8],"color":0,"nbt":"{}","children":[]}]}