{"credit":"Made with Blockbench by Valvac","textures":{"0":"block/skins/charms/c_cendrillon","2":"block/iron_block","particle":"block/skins/charms/c_cendrillon"},"elements":[{"from":[15,0,7.25],"to":[16,16,8.75],"faces":{"north":{"uv":[1,0,3,1],"texture":"#2"},"east":{"uv":[1,0,3,1],"texture":"#2"},"south":{"uv":[1,0,3,1],"texture":"#2"},"west":{"uv":[1,0,3,1],"texture":"#2"},"up":{"uv":[1,0,3,1],"texture":"#2"},"down":{"uv":[1,0,3,1],"texture":"#2"}}},{"from":[0,0,7.25],"to":[1,16,8.75],"faces":{"north":{"uv":[1,0,3,1],"texture":"#2"},"east":{"uv":[1,0,3,1],"texture":"#2"},"south":{"uv":[1,0,3,1],"texture":"#2"},"west":{"uv":[1,0,3,1],"texture":"#2"},"up":{"uv":[1,0,3,1],"texture":"#2"},"down":{"uv":[1,0,3,1],"texture":"#2"}}},{"from":[1,15,7.25],"to":[15,16,8.75],"faces":{"north":{"uv":[1,0,3,1],"texture":"#2"},"east":{"uv":[1,0,3,1],"texture":"#2"},"south":{"uv":[1,0,3,1],"texture":"#2"},"west":{"uv":[1,0,3,1],"texture":"#2"},"up":{"uv":[1,0,3,1],"texture":"#2"},"down":{"uv":[1,0,3,1],"texture":"#2"}}},{"from":[1,0,7.25],"to":[15,1,8.75],"faces":{"north":{"uv":[1,0,3,1],"texture":"#2"},"east":{"uv":[1,0,3,1],"texture":"#2"},"south":{"uv":[1,0,3,1],"texture":"#2"},"west":{"uv":[1,0,3,1],"texture":"#2"},"up":{"uv":[1,0,3,1],"texture":"#2"},"down":{"uv":[1,0,3,1],"texture":"#2"}}},{"from":[7,0.0675,2.18288],"to":[9,1.0675,5.18288],"rotation":{"angle":0,"axis":"x","origin":[8,0.56731,8.00019]},"faces":{"north":{"uv":[7,5,9,4],"rotation":180,"texture":"#0"},"east":{"uv":[7,5,8,8],"rotation":270,"texture":"#0"},"south":{"uv":[5,4,7,5],"texture":"#0"},"west":{"uv":[4,5,5,8],"rotation":90,"texture":"#0"},"up":{"uv":[8,5,10,8],"rotation":180,"texture":"#0"},"down":{"uv":[5,5,7,8],"texture":"#0"}}},{"from":[6.9375,0.005,2.12038],"to":[9.0625,1.13,5.24538],"rotation":{"angle":0,"axis":"x","origin":[8,0.56731,8.00019]},"faces":{"north":{"uv":[7,9,9,8],"rotation":180,"texture":"#0"},"east":{"uv":[7,9,8,12],"rotation":270,"texture":"#0"},"south":{"uv":[5,8,7,9],"texture":"#0"},"west":{"uv":[4,9,5,12],"rotation":90,"texture":"#0"},"up":{"uv":[8,9,10,12],"rotation":180,"texture":"#0"},"down":{"uv":[5,9,7,12],"texture":"#0"}}},{"from":[8,0.0675,-0.81712],"to":[9,1.0675,2.18288],"rotation":{"angle":0,"axis":"x","origin":[8,0.56731,8.00019]},"faces":{"north":{"uv":[2,5,3,4],"rotation":180,"texture":"#0"},"east":{"uv":[2,5,3,8],"rotation":270,"texture":"#0"},"south":{"uv":[1,4,2,5],"texture":"#0"},"west":{"uv":[0,5,1,8],"rotation":90,"texture":"#0"},"up":{"uv":[3,5,4,8],"rotation":180,"texture":"#0"},"down":{"uv":[1,5,2,8],"texture":"#0"}}},{"from":[7.9375,0.005,-0.87962],"to":[9.0625,1.13,2.24538],"rotation":{"angle":0,"axis":"x","origin":[8,0.56731,8.00019]},"faces":{"north":{"uv":[2,9,3,8],"rotation":180,"texture":"#0"},"east":{"uv":[2,9,3,12],"rotation":270,"texture":"#0"},"south":{"uv":[1,8,2,9],"texture":"#0"},"west":{"uv":[0,9,1,12],"rotation":90,"texture":"#0"},"up":{"uv":[3,9,4,12],"rotation":180,"texture":"#0"},"down":{"uv":[1,9,2,12],"texture":"#0"}}},{"from":[7,0.0675,-0.81712],"to":[8,1.0675,2.18288],"rotation":{"angle":0,"axis":"x","origin":[8,0.56731,8.00019]},"faces":{"north":{"uv":[6,13,7,12],"rotation":180,"texture":"#0"},"east":{"uv":[6,13,7,16],"rotation":270,"texture":"#0"},"south":{"uv":[5,12,6,13],"texture":"#0"},"west":{"uv":[4,13,5,16],"rotation":90,"texture":"#0"},"up":{"uv":[7,13,8,16],"rotation":180,"texture":"#0"},"down":{"uv":[5,13,6,16],"texture":"#0"}}},{"from":[6.9375,0.005,-0.87962],"to":[8.0625,1.13,2.24538],"rotation":{"angle":0,"axis":"x","origin":[8,0.56731,8.00019]},"faces":{"north":{"uv":[2,13,3,12],"rotation":180,"texture":"#0"},"east":{"uv":[2,13,3,16],"rotation":270,"texture":"#0"},"south":{"uv":[1,12,2,13],"texture":"#0"},"west":{"uv":[0,13,1,16],"rotation":90,"texture":"#0"},"up":{"uv":[3,13,4,16],"rotation":180,"texture":"#0"},"down":{"uv":[1,13,2,16],"texture":"#0"}}},{"from":[9,0.0675,2.18288],"to":[10,1.0675,5.18288],"rotation":{"angle":0,"axis":"x","origin":[8,0.56731,8.00019]},"faces":{"north":{"uv":[10,13,11,12],"rotation":180,"texture":"#0"},"east":{"uv":[10,13,11,16],"rotation":270,"texture":"#0"},"south":{"uv":[9,12,10,13],"texture":"#0"},"west":{"uv":[8,13,9,16],"rotation":90,"texture":"#0"},"up":{"uv":[11,13,12,16],"rotation":180,"texture":"#0"},"down":{"uv":[9,13,10,16],"texture":"#0"}}},{"from":[8.9375,0.005,2.12038],"to":[10.0625,1.13,5.24538],"rotation":{"angle":0,"axis":"x","origin":[8,0.56731,8.00019]},"faces":{"north":{"uv":[14,13,15,12],"rotation":180,"texture":"#0"},"east":{"uv":[14,13,15,16],"rotation":270,"texture":"#0"},"south":{"uv":[13,12,14,13],"texture":"#0"},"west":{"uv":[12,13,13,16],"rotation":90,"texture":"#0"},"up":{"uv":[15,13,16,16],"rotation":180,"texture":"#0"},"down":{"uv":[13,13,14,16],"texture":"#0"}}},{"from":[6,0.0675,2.18288],"to":[7,1.0675,5.18288],"rotation":{"angle":0,"axis":"x","origin":[8,0.56731,8.00019]},"faces":{"north":{"uv":[12,5,13,4],"rotation":180,"texture":"#0"},"east":{"uv":[12,5,13,8],"rotation":270,"texture":"#0"},"south":{"uv":[11,4,12,5],"texture":"#0"},"west":{"uv":[10,5,11,8],"rotation":90,"texture":"#0"},"up":{"uv":[13,5,14,8],"rotation":180,"texture":"#0"},"down":{"uv":[11,5,12,8],"texture":"#0"}}},{"from":[5.9375,0.005,2.12038],"to":[7.0625,1.13,5.24538],"rotation":{"angle":0,"axis":"x","origin":[8,0.56731,8.00019]},"faces":{"north":{"uv":[12,9,13,8],"rotation":180,"texture":"#0"},"east":{"uv":[12,9,13,12],"rotation":270,"texture":"#0"},"south":{"uv":[11,8,12,9],"texture":"#0"},"west":{"uv":[10,9,11,12],"rotation":90,"texture":"#0"},"up":{"uv":[13,9,14,12],"rotation":180,"texture":"#0"},"down":{"uv":[11,9,12,12],"texture":"#0"}}},{"from":[5.875,-1.5575,4.93288],"to":[10.125,2.6925,9.18288],"rotation":{"angle":0,"axis":"x","origin":[8,0.56731,8.00019]},"faces":{"north":{"uv":[4,2,6,0],"rotation":180,"texture":"#0"},"east":{"uv":[4,2,6,4],"rotation":270,"texture":"#0"},"south":{"uv":[2,0,4,2],"texture":"#0"},"west":{"uv":[0,2,2,4],"rotation":90,"texture":"#0"},"up":{"uv":[6,2,8,4],"rotation":180,"texture":"#0"},"down":{"uv":[2,2,4,4],"texture":"#0"}}},{"from":[5.75,-1.6825,4.80788],"to":[10.25,2.8175,9.30788],"rotation":{"angle":0,"axis":"x","origin":[8,0.56731,8.00019]},"faces":{"north":{"uv":[12,2,14,0],"rotation":180,"texture":"#0"},"east":{"uv":[12,2,14,4],"rotation":270,"texture":"#0"},"south":{"uv":[10,0,12,2],"texture":"#0"},"west":{"uv":[8,2,10,4],"rotation":90,"texture":"#0"},"up":{"uv":[14,2,16,4],"rotation":180,"texture":"#0"},"down":{"uv":[10,2,12,4],"texture":"#0"}}},{"from":[6.875,-1.5625,5.43288],"to":[9.125,2.6925,7.68288],"rotation":{"angle":0,"axis":"x","origin":[8,0.56731,8.00019]},"faces":{"north":{"uv":[0,0,0,0],"rotation":180,"texture":"#0"},"east":{"uv":[0,0,0,0],"rotation":270,"texture":"#0"},"south":{"uv":[0,0,0,0],"texture":"#0"},"west":{"uv":[0,0,0,0],"rotation":90,"texture":"#0"},"up":{"uv":[0,0,0,0],"rotation":180,"texture":"#0"},"down":{"uv":[14,0,16,2],"texture":"#0"}}}],"display":{"thirdperson_righthand":{"rotation":[0,0,-90],"translation":[0,-2,1.75],"scale":[0.28,0.28,0.28]},"thirdperson_lefthand":{"rotation":[0,0,-90],"translation":[0,-2,1.75],"scale":[0.28,0.28,0.28]},"firstperson_righthand":{"rotation":[-101.75,-5,-86],"translation":[-2.25,7.25,5.75],"scale":[0.28,0.28,0.28]},"firstperson_lefthand":{"rotation":[-101.75,-5,-86],"translation":[-2.25,7.25,5.75],"scale":[0.28,0.28,0.28]},"ground":{"rotation":[-114,0,0],"translation":[0,-1.75,0],"scale":[0.27,0.27,0.27]},"gui":{"rotation":[-73,0,-27],"translation":[0.5,1.5,0],"scale":[0.68,0.68,0.68]},"head":{"rotation":[-67,0,-180],"translation":[9.65,-21.5,-4.75],"scale":[0.45,0.45,0.45]},"fixed":{"rotation":[-90,0,-180],"translation":[0,1.25,6.75]}},"groups":[0,1,2,3,{"name":"player_all","origin":[8,8,8],"color":0,"nbt":"{}","armAnimationEnabled":false,"children":[4,5,6,7,8,9,10,11,12,13,14,15,16]}]}