{"credit":"Made with Blockbench by Valvac","textures":{"0":"block/gray_wool","1":"block/white_concrete","2":"block/lime_concrete","3":"block/black_concrete","4":"block/light_gray_concrete","6":"block/purple_concrete","7":"block/buzz_palette1","particle":"block/purple_concrete"},"elements":[{"from":[3,-0.5,5],"to":[13,0,8.25],"faces":{"north":{"uv":[0,0,12,12],"texture":"#1"},"east":{"uv":[0,0,4,12],"texture":"#1"},"west":{"uv":[0,0,4,12],"texture":"#1"},"down":{"uv":[0,0,12,4],"texture":"#1"}}},{"from":[3,-0.5,8.25],"to":[13,0,10],"faces":{"east":{"uv":[0,0,4,12],"texture":"#1"},"south":{"uv":[0,0,12,12],"texture":"#1"},"west":{"uv":[0,0,4,12],"texture":"#1"},"down":{"uv":[0,0,12,4],"texture":"#1"}}},{"from":[11,14,0],"to":[13,15,2],"faces":{"east":{"uv":[4,10,5,11],"texture":"#3"},"west":{"uv":[4,10,5,11],"texture":"#3"},"up":{"uv":[4,10,5,11],"texture":"#3"},"down":{"uv":[4,10,5,11],"texture":"#3"}}},{"from":[11,13.52513,-0.85355],"to":[13,14.93934,0.14645],"rotation":{"angle":45,"axis":"x","origin":[12,13.93934,-0.35355]},"faces":{"north":{"uv":[4,10,5,11],"texture":"#3"},"east":{"uv":[4,10,5,11],"texture":"#3"},"south":{"uv":[4,10,5,11],"texture":"#3"},"west":{"uv":[4,10,5,11],"texture":"#3"}}},{"from":[11.125,11,4.375],"to":[12.875,13.875,5],"faces":{"north":{"uv":[4,10,5,11],"texture":"#0"},"east":{"uv":[4,10,5,11],"texture":"#0"},"west":{"uv":[4,10,5,11],"texture":"#0"},"up":{"uv":[4,10,5,11],"texture":"#0"},"down":{"uv":[4,10,5,11],"texture":"#0"}}},{"from":[11,5,-1],"to":[13,14,-0.25],"faces":{"north":{"uv":[4,10,5,11],"texture":"#3"},"east":{"uv":[4,10,5,11],"texture":"#3"},"south":{"uv":[4,10,5,11],"texture":"#3"},"west":{"uv":[4,10,5,11],"texture":"#3"},"down":{"uv":[4,10,5,11],"texture":"#3"}}},{"from":[11.5,2.7065,1.13918],"to":[12.5,3.3315,5.13918],"rotation":{"angle":22.5,"axis":"x","origin":[0.5,0.7065,0.13918]},"faces":{"east":{"uv":[0,0,5,1],"texture":"#0"},"west":{"uv":[0,0,5,1],"texture":"#0"},"up":{"uv":[0,0,2,5],"texture":"#0"},"down":{"uv":[0,0,2,5],"texture":"#0"}}},{"from":[11,11.93434,2.38476],"to":[13,12.93434,5.38476],"rotation":{"angle":22.5,"axis":"x","origin":[0,14.93434,7.38476]},"faces":{"east":{"uv":[4,10,5,11],"texture":"#3"},"south":{"uv":[4,10,5,11],"texture":"#3"},"west":{"uv":[4,10,5,11],"texture":"#3"},"up":{"uv":[4,10,5,11],"texture":"#3"},"down":{"uv":[4,10,5,11],"texture":"#3"}}},{"from":[11.5,6.29289,-2.12132],"to":[12.5,6.91789,1.87868],"rotation":{"angle":45,"axis":"x","origin":[0.5,4.29289,-3.12132]},"faces":{"east":{"uv":[0,0,5,1],"texture":"#0"},"west":{"uv":[0,0,5,1],"texture":"#0"},"up":{"uv":[0,0,2,5],"texture":"#0"},"down":{"uv":[0,0,2,5],"texture":"#0"}}},{"from":[3.125,11,4.375],"to":[4.875,13.875,5],"rotation":{"angle":0,"axis":"y","origin":[-8,0,0]},"faces":{"north":{"uv":[4,10,5,11],"texture":"#0"},"east":{"uv":[4,10,5,11],"texture":"#0"},"west":{"uv":[4,10,5,11],"texture":"#0"},"up":{"uv":[4,10,5,11],"texture":"#0"},"down":{"uv":[4,10,5,11],"texture":"#0"}}},{"from":[3,11.93434,2.38476],"to":[5,12.93434,5.38476],"rotation":{"angle":22.5,"axis":"x","origin":[-8,14.93434,7.38476]},"faces":{"east":{"uv":[4,10,5,11],"texture":"#3"},"south":{"uv":[4,10,5,11],"texture":"#3"},"west":{"uv":[4,10,5,11],"texture":"#3"},"up":{"uv":[4,10,5,11],"texture":"#3"},"down":{"uv":[4,10,5,11],"texture":"#3"}}},{"from":[3,14,0],"to":[5,15,2],"rotation":{"angle":0,"axis":"y","origin":[-8,0,0]},"faces":{"east":{"uv":[4,10,5,11],"texture":"#3"},"west":{"uv":[4,10,5,11],"texture":"#3"},"up":{"uv":[4,10,5,11],"texture":"#3"},"down":{"uv":[4,10,5,11],"texture":"#3"}}},{"from":[3,5,-1],"to":[5,14,-0.25],"rotation":{"angle":0,"axis":"y","origin":[-8,0,0]},"faces":{"north":{"uv":[4,10,5,11],"texture":"#3"},"east":{"uv":[4,10,5,11],"texture":"#3"},"south":{"uv":[4,10,5,11],"texture":"#3"},"west":{"uv":[4,10,5,11],"texture":"#3"},"down":{"uv":[4,10,5,11],"texture":"#3"}}},{"from":[3.5,6.29289,-2.12132],"to":[4.5,6.91789,1.87868],"rotation":{"angle":45,"axis":"x","origin":[-7.5,4.29289,-3.12132]},"faces":{"east":{"uv":[0,0,5,1],"texture":"#0"},"west":{"uv":[0,0,5,1],"texture":"#0"},"up":{"uv":[0,0,2,5],"texture":"#0"},"down":{"uv":[0,0,2,5],"texture":"#0"}}},{"from":[3.5,2.7065,1.13918],"to":[4.5,3.3315,5.13918],"rotation":{"angle":22.5,"axis":"x","origin":[-7.5,0.7065,0.13918]},"faces":{"east":{"uv":[0,0,5,1],"texture":"#0"},"west":{"uv":[0,0,5,1],"texture":"#0"},"up":{"uv":[0,0,2,5],"texture":"#0"},"down":{"uv":[0,0,2,5],"texture":"#0"}}},{"from":[3,13.52513,-0.85355],"to":[5,14.93934,0.14645],"rotation":{"angle":45,"axis":"x","origin":[4,13.93934,-0.35355]},"faces":{"north":{"uv":[4,10,5,11],"texture":"#3"},"east":{"uv":[4,10,5,11],"texture":"#3"},"south":{"uv":[4,10,5,11],"texture":"#3"},"west":{"uv":[4,10,5,11],"texture":"#3"}}},{"from":[6.5,15.75,6],"to":[9.5,16,7],"faces":{"north":{"uv":[0,0,1,1],"texture":"#0"},"east":{"uv":[0,0,1,1],"texture":"#0"},"south":{"uv":[0,0,1,1],"texture":"#0"},"west":{"uv":[0,0,1,1],"texture":"#0"},"up":{"uv":[0,0,1,1],"texture":"#0"},"down":{"uv":[0,0,1,1],"texture":"#0"}}},{"from":[6.5,15,6],"to":[6.75,15.75,7],"faces":{"north":{"uv":[0,0,1,1],"texture":"#0"},"east":{"uv":[0,0,1,1],"texture":"#0"},"south":{"uv":[0,0,1,1],"texture":"#0"},"west":{"uv":[0,0,1,1],"texture":"#0"}}},{"from":[9.25,15,6],"to":[9.5,15.75,7],"faces":{"north":{"uv":[0,0,1,1],"texture":"#0"},"east":{"uv":[0,0,1,1],"texture":"#0"},"south":{"uv":[0,0,1,1],"texture":"#0"},"west":{"uv":[0,0,1,1],"texture":"#0"}}},{"from":[4,0,10],"to":[12,6,12],"faces":{"east":{"uv":[0,0,1,1],"texture":"#1"},"south":{"uv":[0,0,1,1],"texture":"#1"},"west":{"uv":[0,0,1,1],"texture":"#1"},"up":{"uv":[0,0,1,1],"texture":"#1"},"down":{"uv":[0,0,1,1],"texture":"#1"}}},{"from":[5,3.5,12.25],"to":[5.75,4.875,12.5],"faces":{"north":{"uv":[0,0,8,6],"texture":"#4"},"east":{"uv":[0,0,2,6],"texture":"#4"},"south":{"uv":[0,0,8,6],"texture":"#4"},"west":{"uv":[0,0,2,6],"texture":"#4"},"up":{"uv":[0,0,8,2],"texture":"#4"},"down":{"uv":[0,0,8,2],"texture":"#4"}}},{"from":[3.75,4.25,10],"to":[12.25,5,12.25],"faces":{"east":{"uv":[0,0,0.25,0.75],"texture":"#0"},"south":{"uv":[0,0,7,0.75],"texture":"#0"},"west":{"uv":[0,0,0.25,0.75],"texture":"#0"},"up":{"uv":[0,0,7,0.25],"texture":"#0"},"down":{"uv":[0,0,7,0.25],"texture":"#0"}}},{"from":[3.9375,5,10],"to":[12.0625,5.5,12.125],"faces":{"east":{"uv":[0,0,0.25,0.75],"texture":"#6"},"south":{"uv":[0,0,7,0.75],"texture":"#6"},"west":{"uv":[0,0,0.25,0.75],"texture":"#6"},"up":{"uv":[0,0,7,0.25],"texture":"#6"}}},{"from":[1.9375,6.35539,9.4375],"to":[2.64461,7.0625,10.0625],"rotation":{"angle":0,"axis":"y","origin":[0,0.75,-0.0625]},"faces":{"south":{"uv":[0,0,7,0.75],"texture":"#6"},"west":{"uv":[0,0,0.25,0.75],"texture":"#6"},"down":{"uv":[0,0,7,0.25],"texture":"#6"}}},{"from":[5.2421,3.41551,9.9375],"to":[6.2421,8.29051,10.0625],"rotation":{"angle":-45,"axis":"z","origin":[7.9921,9.22801,10]},"faces":{"north":{"uv":[0,0,7,0.75],"rotation":90,"texture":"#6"},"east":{"uv":[0,0,7,0.25],"rotation":270,"texture":"#6"},"south":{"uv":[0,0,7,0.75],"rotation":270,"texture":"#6"},"west":{"uv":[0,0,7,0.25],"rotation":270,"texture":"#6"}}},{"from":[9.7579,3.41551,9.9375],"to":[10.7579,8.29051,10.0625],"rotation":{"angle":45,"axis":"z","origin":[8.0079,9.22801,10]},"faces":{"north":{"uv":[0,0.75,7,0],"rotation":90,"texture":"#6"},"east":{"uv":[0,0.25,7,0],"rotation":270,"texture":"#6"},"south":{"uv":[0,0.75,7,0],"rotation":270,"texture":"#6"},"west":{"uv":[0,0.25,7,0],"rotation":270,"texture":"#6"}}},{"from":[13.35539,6.35539,9.4375],"to":[14.0625,7.0625,10.0625],"rotation":{"angle":0,"axis":"y","origin":[16,0.75,-0.0625]},"faces":{"east":{"uv":[0.25,0,0,0.75],"texture":"#6"},"south":{"uv":[7,0,0,0.75],"texture":"#6"},"down":{"uv":[7,0,0,0.25],"texture":"#6"}}},{"from":[3.9375,3.75,10],"to":[12.0625,4.25,12.125],"faces":{"east":{"uv":[0,0,0.25,0.75],"texture":"#6"},"south":{"uv":[0,0,7,0.75],"texture":"#6"},"west":{"uv":[0,0,0.25,0.75],"texture":"#6"},"down":{"uv":[0,0,7,0.25],"texture":"#6"}}},{"from":[4.9375,1.25,10],"to":[11.0625,1.75,12.125],"faces":{"east":{"uv":[0,0,0.25,0.75],"texture":"#2"},"south":{"uv":[0,0,7,0.75],"texture":"#2"},"west":{"uv":[0,0,0.25,0.75],"texture":"#2"},"up":{"uv":[0,0,7,0.25],"texture":"#2"},"down":{"uv":[0,0,7,0.25],"texture":"#2"}}},{"from":[5.1875,0.75,10],"to":[10.8125,1.25,12.125],"faces":{"east":{"uv":[0,0,0.25,0.75],"texture":"#2"},"south":{"uv":[0,0,7,0.75],"texture":"#2"},"west":{"uv":[0,0,0.25,0.75],"texture":"#2"},"down":{"uv":[0,0,7,0.25],"texture":"#2"}}},{"from":[5.1875,1.75,10],"to":[10.8125,2.75,12.125],"faces":{"east":{"uv":[0,0,0.25,0.75],"texture":"#3"},"south":{"uv":[0,0,7,0.75],"texture":"#3"},"west":{"uv":[0,0,0.25,0.75],"texture":"#3"},"up":{"uv":[0,0,7,0.25],"texture":"#3"}}},{"from":[4.6875,1.75,10],"to":[11.3125,2.625,12.0625],"faces":{"east":{"uv":[0,0,0.25,0.75],"texture":"#0"},"south":{"uv":[0,0,7,0.75],"texture":"#0"},"west":{"uv":[0,0,0.25,0.75],"texture":"#0"},"up":{"uv":[0,0,7,0.25],"texture":"#0"},"down":{"uv":[0,0,7,0.25],"texture":"#0"}}},{"from":[4,1.75,12],"to":[4.6875,2.375,12.0625],"faces":{"south":{"uv":[0,0,2,1],"texture":"#0"},"west":{"uv":[0,0,0.25,0.75],"texture":"#0"},"up":{"uv":[0,0,7,0.25],"texture":"#0"},"down":{"uv":[0,0,7,0.25],"texture":"#0"}}},{"from":[11.3125,1.75,12],"to":[12,2.375,12.0625],"rotation":{"angle":0,"axis":"y","origin":[16,0,0]},"faces":{"east":{"uv":[0.25,0,0,0.75],"texture":"#0"},"south":{"uv":[2,0,0,1],"texture":"#0"},"up":{"uv":[7,0,0,0.25],"texture":"#0"},"down":{"uv":[7,0,0,0.25],"texture":"#0"}}},{"from":[5.9375,0.5,10],"to":[10.0625,0.75,12.125],"faces":{"east":{"uv":[0,0,0.25,0.75],"texture":"#2"},"south":{"uv":[0,0,7,0.75],"texture":"#2"},"west":{"uv":[0,0,0.25,0.75],"texture":"#2"},"down":{"uv":[0,0,7,0.25],"texture":"#2"}}},{"from":[4.23841,9.57282,8],"to":[6.5,11,10.125],"rotation":{"angle":0,"axis":"z","origin":[6.34776,9.73463,9.0625]},"faces":{"south":{"uv":[0,0,7,0.75],"texture":"#2"},"down":{"uv":[0,0,7,0.25],"texture":"#2"}}},{"from":[6.19709,9.75628,8],"to":[7.71194,11.44134,10.125],"rotation":{"angle":22.5,"axis":"z","origin":[6.8097,10.42597,9.0625]},"faces":{"north":{"uv":[0,0,7,0.75],"texture":"#2"},"south":{"uv":[0,0,7,0.75],"texture":"#2"},"down":{"uv":[0,0,7,0.25],"texture":"#2"}}},{"from":[5.89648,11.19868,8],"to":[6.95096,14.97941,10.125],"rotation":{"angle":22.5,"axis":"z","origin":[6.54872,10.71404,9.0625]},"faces":{"north":{"uv":[0,0,7,0.75],"texture":"#2"},"east":{"uv":[0,0,0.25,0.75],"texture":"#2"},"south":{"uv":[0,0,7,0.75],"texture":"#2"}}},{"from":[5.65746,10.41061,8],"to":[7.71194,11.94134,10.125],"rotation":{"angle":-22.5,"axis":"z","origin":[6.8097,10.42597,9.0625]},"faces":{"north":{"uv":[0,0,7,0.75],"texture":"#2"},"south":{"uv":[0,0,7,0.75],"texture":"#2"},"up":{"uv":[0,0,7,0.25],"texture":"#2"}}},{"from":[7.34776,9.96927,8],"to":[8.65224,11.5,10.125],"rotation":{"angle":0,"axis":"y","origin":[0.41026,-0.28073,-0.25]},"faces":{"south":{"uv":[0,0,7,0.75],"texture":"#2"},"down":{"uv":[0,0,7,0.25],"texture":"#2"}}},{"from":[6.34776,12.21927,8],"to":[9.65224,14.25,10.0625],"rotation":{"angle":0,"axis":"y","origin":[0.41026,-0.28073,-0.25]},"faces":{"south":{"uv":[8.8125,10.40625,15.28125,15.125],"texture":"#7"}}},{"from":[1.78721,9.40441,8.25],"to":[4.21005,10.29233,10.125],"rotation":{"angle":-22.5,"axis":"z","origin":[4.64755,9.41733,9.3125]},"faces":{"north":{"uv":[0,0,7,0.75],"texture":"#2"},"south":{"uv":[0,0,7,0.75],"texture":"#2"},"west":{"uv":[0,0,0.25,0.75],"texture":"#2"},"down":{"uv":[0,0,7,0.25],"texture":"#2"}}},{"from":[6,8,10],"to":[10,9,12],"faces":{"east":{"uv":[0,0,1,1],"texture":"#1"},"south":{"uv":[0,0,1,1],"texture":"#1"},"west":{"uv":[0,0,1,1],"texture":"#1"},"up":{"uv":[0,0,1,1],"texture":"#1"}}},{"from":[5,6,10],"to":[11,8,12],"faces":{"east":{"uv":[0,0,1,1],"texture":"#1"},"south":{"uv":[0,0,1,1],"texture":"#1"},"west":{"uv":[0,0,1,1],"texture":"#1"},"up":{"uv":[0,0,1,1],"texture":"#1"}}},{"from":[2,6,7],"to":[14,12,10],"faces":{"east":{"uv":[0,0,1,1],"texture":"#1"},"south":{"uv":[0,0,1,1],"texture":"#1"},"west":{"uv":[0,0,1,1],"texture":"#1"},"up":{"uv":[0,0,1,1],"texture":"#1"}}},{"from":[2,0,5],"to":[14,6,10],"faces":{"north":{"uv":[0,0,1,1],"texture":"#1"},"east":{"uv":[0,0,1,1],"texture":"#1"},"south":{"uv":[0,0,1,1],"texture":"#1"},"west":{"uv":[0,0,1,1],"texture":"#1"},"down":{"uv":[0,0,1,1],"texture":"#1"}}},{"from":[1.9375,0.75,6],"to":[2,4.25,9],"faces":{"west":{"uv":[10.0625,5.1875,14.5,9.53125],"texture":"#7"}}},{"from":[14,0.75,6],"to":[14.0625,4.25,9],"rotation":{"angle":0,"axis":"y","origin":[16,0,0]},"faces":{"east":{"uv":[12.5,0.625,16,4.71875],"texture":"#7"}}},{"from":[7.3125,-0.25,8.6875],"to":[8.6875,1.25,10.0625],"rotation":{"angle":0,"axis":"y","origin":[-0.125,0,0]},"faces":{"east":{"uv":[0,0,1,1],"texture":"#2"},"south":{"uv":[0,0,1,1],"texture":"#2"},"west":{"uv":[0,0,1,1],"texture":"#2"},"down":{"uv":[0,0,1,1],"texture":"#2"}}},{"from":[3,12,7],"to":[13,14,10],"faces":{"east":{"uv":[0,0,1,1],"texture":"#1"},"south":{"uv":[0,0,1,1],"texture":"#1"},"west":{"uv":[0,0,1,1],"texture":"#1"},"up":{"uv":[0,0,1,1],"texture":"#1"}}},{"from":[4,14,7],"to":[12,15,10],"faces":{"east":{"uv":[0,0,1,1],"texture":"#1"},"south":{"uv":[0,0,1,1],"texture":"#1"},"west":{"uv":[0,0,1,1],"texture":"#1"},"up":{"uv":[0,0,1,1],"texture":"#1"}}},{"from":[4,14,10],"to":[5.75,15,10.125],"rotation":{"angle":0,"axis":"y","origin":[-0.5,0,0]},"faces":{"east":{"uv":[0,0,1,1],"texture":"#2"},"south":{"uv":[0,0,1,1],"texture":"#2"},"west":{"uv":[0,0,1,1],"texture":"#2"},"up":{"uv":[0,0,1,1],"texture":"#2"}}},{"from":[2,10.5,10],"to":[7,12,10.125],"faces":{"east":{"uv":[0,0,1,1],"texture":"#2"},"south":{"uv":[0,0,1,1],"texture":"#2"},"west":{"uv":[0,0,1,1],"texture":"#2"},"up":{"uv":[0,0,1,1],"texture":"#2"}}},{"from":[3.25,10.4375,10.25],"to":[3.75,11.8125,10.375],"faces":{"north":{"uv":[7.625,4.8125,8.625,5.8125],"texture":"#7"},"east":{"uv":[7.625,4.8125,8.625,5.8125],"texture":"#7"},"south":{"uv":[7.625,4.8125,8.625,5.8125],"texture":"#7"},"west":{"uv":[7.625,4.8125,8.625,5.8125],"texture":"#7"},"up":{"uv":[7.625,4.8125,8.625,5.8125],"texture":"#7"},"down":{"uv":[7.625,4.8125,8.625,5.8125],"texture":"#7"}}},{"from":[4.25,10.3125,10.25],"to":[4.75,11.6875,10.375],"faces":{"north":{"uv":[5.65625,5.03125,6.65625,6.03125],"texture":"#7"},"east":{"uv":[5.65625,5.03125,6.65625,6.03125],"texture":"#7"},"south":{"uv":[5.65625,5.03125,6.65625,6.03125],"texture":"#7"},"west":{"uv":[5.65625,5.03125,6.65625,6.03125],"texture":"#7"},"up":{"uv":[5.65625,5.03125,6.65625,6.03125],"texture":"#7"},"down":{"uv":[5.65625,5.03125,6.65625,6.03125],"texture":"#7"}}},{"from":[5.25,10.1875,10.25],"to":[5.75,11.5625,10.375],"faces":{"north":{"uv":[3.40625,5.40625,4.40625,6.40625],"texture":"#7"},"east":{"uv":[3.40625,5.40625,4.40625,6.40625],"texture":"#7"},"south":{"uv":[3.40625,5.40625,4.40625,6.40625],"texture":"#7"},"west":{"uv":[3.40625,5.40625,4.40625,6.40625],"texture":"#7"},"up":{"uv":[3.40625,5.40625,4.40625,6.40625],"texture":"#7"},"down":{"uv":[3.40625,5.40625,4.40625,6.40625],"texture":"#7"}}},{"from":[10.25,12.1875,10.0625],"to":[12.75,12.75,10.1875],"faces":{"south":{"uv":[2.875,1.625,8.6875,2.6875],"texture":"#7"}}},{"from":[3,12,10],"to":[5.75,14,10.125],"faces":{"east":{"uv":[0,0,1,1],"texture":"#2"},"south":{"uv":[0,0,1,1],"texture":"#2"},"west":{"uv":[0,0,1,1],"texture":"#2"},"up":{"uv":[0,0,1,1],"texture":"#2"}}},{"from":[8.28806,9.75628,8],"to":[9.80291,11.44134,10.125],"rotation":{"angle":-22.5,"axis":"z","origin":[9.1903,10.42597,9.0625]},"faces":{"north":{"uv":[7,0,0,0.75],"texture":"#2"},"south":{"uv":[7,0,0,0.75],"texture":"#2"},"down":{"uv":[7,0,0,0.25],"texture":"#2"}}},{"from":[9.5,9.57282,8],"to":[11.76159,11,10.125],"rotation":{"angle":0,"axis":"z","origin":[9.65224,9.73463,9.0625]},"faces":{"south":{"uv":[7,0,0,0.75],"texture":"#2"},"down":{"uv":[7,0,0,0.25],"texture":"#2"}}},{"from":[9,10.5,10],"to":[14,12,10.125],"rotation":{"angle":0,"axis":"y","origin":[16,0,0]},"faces":{"east":{"uv":[1,0,0,1],"texture":"#2"},"south":{"uv":[1,0,0,1],"texture":"#2"},"west":{"uv":[1,0,0,1],"texture":"#2"},"up":{"uv":[1,0,0,1],"texture":"#2"}}},{"from":[10.25,12,10],"to":[13,14,10.125],"rotation":{"angle":0,"axis":"y","origin":[16,0,0]},"faces":{"east":{"uv":[1,0,0,1],"texture":"#2"},"south":{"uv":[1,0,0,1],"texture":"#2"},"west":{"uv":[1,0,0,1],"texture":"#2"},"up":{"uv":[1,0,0,1],"texture":"#2"}}},{"from":[11.78995,9.40441,8.25],"to":[14.21279,10.29233,10.125],"rotation":{"angle":22.5,"axis":"z","origin":[11.35245,9.41733,9.3125]},"faces":{"north":{"uv":[7,0,0,0.75],"texture":"#2"},"east":{"uv":[0.25,0,0,0.75],"texture":"#2"},"south":{"uv":[7,0,0,0.75],"texture":"#2"},"down":{"uv":[7,0,0,0.25],"texture":"#2"}}},{"from":[10.25,14,10],"to":[12,15,10.125],"rotation":{"angle":0,"axis":"y","origin":[16.5,0,0]},"faces":{"east":{"uv":[1,0,0,1],"texture":"#2"},"south":{"uv":[1,0,0,1],"texture":"#2"},"west":{"uv":[1,0,0,1],"texture":"#2"},"up":{"uv":[1,0,0,1],"texture":"#2"}}},{"from":[8.28806,10.41061,8],"to":[10.34254,11.94134,10.125],"rotation":{"angle":22.5,"axis":"z","origin":[9.1903,10.42597,9.0625]},"faces":{"north":{"uv":[7,0,0,0.75],"texture":"#2"},"south":{"uv":[7,0,0,0.75],"texture":"#2"},"up":{"uv":[7,0,0,0.25],"texture":"#2"}}},{"from":[9.04904,11.19868,8],"to":[10.10352,14.97941,10.125],"rotation":{"angle":-22.5,"axis":"z","origin":[9.45128,10.71404,9.0625]},"faces":{"north":{"uv":[7,0,0,0.75],"texture":"#2"},"south":{"uv":[7,0,0,0.75],"texture":"#2"},"west":{"uv":[0.25,0,0,0.75],"texture":"#2"}}},{"from":[2,6,5],"to":[14,12,7],"faces":{"north":{"uv":[0,0,1,1],"texture":"#1"},"east":{"uv":[0,0,1,1],"texture":"#1"},"west":{"uv":[0,0,1,1],"texture":"#1"},"up":{"uv":[0,0,1,1],"texture":"#1"}}},{"from":[3,12,5],"to":[13,14,7],"faces":{"north":{"uv":[0,0,1,1],"texture":"#1"},"east":{"uv":[0,0,1,1],"texture":"#1"},"west":{"uv":[0,0,1,1],"texture":"#1"},"up":{"uv":[0,0,1,1],"texture":"#1"}}},{"from":[4,14,5],"to":[12,15,7],"faces":{"north":{"uv":[0,0,1,1],"texture":"#1"},"east":{"uv":[0,0,1,1],"texture":"#1"},"west":{"uv":[0,0,1,1],"texture":"#1"},"up":{"uv":[0,0,1,1],"texture":"#1"}}},{"from":[1.875,5,8.625],"to":[14.125,12.125,9.625],"faces":{"north":{"uv":[0,0,12.25,7.125],"texture":"#0"},"east":{"uv":[0,0,1,7.125],"texture":"#0"},"south":{"uv":[0,0,12.25,7.125],"texture":"#0"},"west":{"uv":[0,0,1,7.125],"texture":"#0"},"up":{"uv":[0,0,1,12.25],"rotation":90,"texture":"#0"},"down":{"uv":[0,0,12.25,1],"texture":"#0"}}},{"from":[1.625,4.25,8.75],"to":[1.875,5.625,9.5],"faces":{"north":{"uv":[0,0,12,12],"texture":"#4"},"east":{"uv":[0,0,4,12],"texture":"#4"},"south":{"uv":[0,0,12,12],"texture":"#4"},"west":{"uv":[0,0,4,12],"texture":"#4"},"down":{"uv":[0,0,12,4],"texture":"#4"}}},{"from":[1.5,4.5,8.75],"to":[1.75,5.875,9.5],"rotation":{"angle":-22.5,"axis":"z","origin":[1.75,5.3125,9.125]},"faces":{"north":{"uv":[0,0,12,12],"texture":"#4"},"east":{"uv":[0,0,4,12],"texture":"#4"},"south":{"uv":[0,0,12,12],"texture":"#4"},"west":{"uv":[0,0,4,12],"texture":"#4"},"up":{"uv":[0,0,12,4],"texture":"#4"},"down":{"uv":[0,0,12,4],"texture":"#4"}}},{"from":[2.875,12.125,8.625],"to":[13.125,14.125,9.625],"faces":{"east":{"uv":[0,0,1,2],"texture":"#0"},"west":{"uv":[0,0,1,2],"texture":"#0"},"up":{"uv":[0,0,1,10.25],"rotation":90,"texture":"#0"}}},{"from":[3.875,14.125,8.625],"to":[12.125,15.125,9.625],"faces":{"east":{"uv":[0,0,1,1],"texture":"#0"},"west":{"uv":[0,0,1,1],"texture":"#0"},"up":{"uv":[0,0,1,8.25],"rotation":90,"texture":"#0"}}},{"from":[1.75,5.0625,8.3125],"to":[14.1875,12.1875,8.625],"faces":{"north":{"uv":[0,0,12.25,7.125],"texture":"#6"},"east":{"uv":[0,0,1,7.125],"texture":"#6"},"south":{"uv":[0,0,12.25,7.125],"texture":"#6"},"west":{"uv":[0,0,1,7.125],"texture":"#6"},"up":{"uv":[0,0,1,12.25],"rotation":90,"texture":"#6"},"down":{"uv":[0,0,12.25,1],"texture":"#6"}}},{"from":[2.8125,12.1875,8.3125],"to":[13.1875,14.1875,8.625],"faces":{"north":{"uv":[0,0,10.25,2],"texture":"#6"},"east":{"uv":[0,0,1,2],"texture":"#6"},"south":{"uv":[0,0,10.25,2],"texture":"#6"},"west":{"uv":[0,0,1,2],"texture":"#6"},"up":{"uv":[0,0,1,10.25],"rotation":90,"texture":"#6"}}},{"from":[3.8125,14.1875,8.3125],"to":[12.1875,15.1875,8.625],"faces":{"north":{"uv":[0,0,8.25,1],"texture":"#6"},"east":{"uv":[0,0,1,1],"texture":"#6"},"south":{"uv":[0,0,8.25,1],"texture":"#6"},"west":{"uv":[0,0,1,1],"texture":"#6"},"up":{"uv":[0,0,1,8.25],"rotation":90,"texture":"#6"}}},{"from":[1.75,5.0625,9.625],"to":[14.1875,12.1875,9.9375],"faces":{"north":{"uv":[0,0,12.25,7.125],"texture":"#6"},"east":{"uv":[0,0,1,7.125],"texture":"#6"},"south":{"uv":[0,0,12.25,7.125],"texture":"#6"},"west":{"uv":[0,0,1,7.125],"texture":"#6"},"up":{"uv":[0,0,1,12.25],"rotation":90,"texture":"#6"},"down":{"uv":[0,0,12.25,1],"texture":"#6"}}},{"from":[2.8125,12.1875,9.625],"to":[13.1875,14.1875,9.9375],"faces":{"north":{"uv":[0,0,10.25,2],"texture":"#6"},"east":{"uv":[0,0,1,2],"texture":"#6"},"south":{"uv":[0,0,10.25,2],"texture":"#6"},"west":{"uv":[0,0,1,2],"texture":"#6"},"up":{"uv":[0,0,1,10.25],"rotation":90,"texture":"#6"}}},{"from":[3.8125,14.1875,9.625],"to":[12.1875,15.1875,9.9375],"faces":{"north":{"uv":[0,0,8.25,1],"texture":"#6"},"east":{"uv":[0,0,1,1],"texture":"#6"},"south":{"uv":[0,0,8.25,1],"texture":"#6"},"west":{"uv":[0,0,1,1],"texture":"#6"},"up":{"uv":[0,0,1,8.25],"rotation":90,"texture":"#6"}}},{"from":[10.85082,10.25,9.75],"to":[11.14918,11.75,10.25],"rotation":{"angle":-45,"axis":"z","origin":[11,11,10.25]},"faces":{"north":{"uv":[3.375,4.90625,4.3125,5.90625],"texture":"#7"},"east":{"uv":[3.375,4.90625,4.3125,5.90625],"texture":"#7"},"south":{"uv":[3.375,4.90625,4.3125,5.90625],"texture":"#7"},"west":{"uv":[3.375,4.90625,4.3125,5.90625],"texture":"#7"},"up":{"uv":[3.375,4.90625,4.3125,5.90625],"texture":"#7"},"down":{"uv":[3.375,4.90625,4.3125,5.90625],"texture":"#7"}}},{"from":[10.85082,10.25,9.75],"to":[11.14918,11.75,10.25],"rotation":{"angle":-22.5,"axis":"z","origin":[11,11,10.25]},"faces":{"north":{"uv":[3.375,4.90625,4.3125,5.90625],"texture":"#7"},"east":{"uv":[3.375,4.90625,4.3125,5.90625],"texture":"#7"},"south":{"uv":[3.375,4.90625,4.3125,5.90625],"texture":"#7"},"west":{"uv":[3.375,4.90625,4.3125,5.90625],"texture":"#7"},"up":{"uv":[3.375,4.90625,4.3125,5.90625],"texture":"#7"},"down":{"uv":[3.375,4.90625,4.3125,5.90625],"texture":"#7"}}},{"from":[10.85082,10.25,9.75],"to":[11.14918,11.75,10.25],"rotation":{"angle":0,"axis":"z","origin":[11,11,10.25]},"faces":{"east":{"uv":[3.375,4.90625,4.3125,5.90625],"texture":"#7"},"south":{"uv":[3.375,4.90625,4.3125,5.90625],"texture":"#7"},"west":{"uv":[3.375,4.90625,4.3125,5.90625],"texture":"#7"},"up":{"uv":[3.375,4.90625,4.3125,5.90625],"texture":"#7"},"down":{"uv":[3.375,4.90625,4.3125,5.90625],"texture":"#7"}}},{"from":[10.85082,10.25,9.75],"to":[11.14918,11.75,10.25],"rotation":{"angle":22.5,"axis":"z","origin":[11,11,10.25]},"faces":{"north":{"uv":[3.375,4.90625,4.3125,5.90625],"texture":"#7"},"east":{"uv":[3.375,4.90625,4.3125,5.90625],"texture":"#7"},"south":{"uv":[3.375,4.90625,4.3125,5.90625],"texture":"#7"},"west":{"uv":[3.375,4.90625,4.3125,5.90625],"texture":"#7"},"up":{"uv":[3.375,4.90625,4.3125,5.90625],"texture":"#7"},"down":{"uv":[3.375,4.90625,4.3125,5.90625],"texture":"#7"}}},{"from":[10.85082,10.25,9.75],"to":[11.14918,11.75,10.25],"rotation":{"angle":45,"axis":"z","origin":[11,11,10.25]},"faces":{"north":{"uv":[3.375,4.90625,4.3125,5.90625],"texture":"#7"},"east":{"uv":[3.375,4.90625,4.3125,5.90625],"texture":"#7"},"south":{"uv":[3.375,4.90625,4.3125,5.90625],"texture":"#7"},"west":{"uv":[3.375,4.90625,4.3125,5.90625],"texture":"#7"},"up":{"uv":[3.375,4.90625,4.3125,5.90625],"texture":"#7"},"down":{"uv":[3.375,4.90625,4.3125,5.90625],"texture":"#7"}}},{"from":[10.25,10.85082,9.75],"to":[11.75,11.14918,10.25],"rotation":{"angle":-22.5,"axis":"z","origin":[11,11,10.25]},"faces":{"north":{"uv":[3.375,4.90625,4.3125,5.90625],"texture":"#7"},"east":{"uv":[3.375,4.90625,4.3125,5.90625],"texture":"#7"},"south":{"uv":[3.375,4.90625,4.3125,5.90625],"texture":"#7"},"west":{"uv":[3.375,4.90625,4.3125,5.90625],"texture":"#7"},"up":{"uv":[3.375,4.90625,4.3125,5.90625],"texture":"#7"},"down":{"uv":[3.375,4.90625,4.3125,5.90625],"texture":"#7"}}},{"from":[10.25,10.85082,9.75],"to":[11.75,11.14918,10.25],"rotation":{"angle":0,"axis":"z","origin":[11,11,10.25]},"faces":{"east":{"uv":[3.375,4.90625,4.3125,5.90625],"texture":"#7"},"south":{"uv":[3.375,4.90625,4.3125,5.90625],"texture":"#7"},"west":{"uv":[3.375,4.90625,4.3125,5.90625],"texture":"#7"},"up":{"uv":[3.375,4.90625,4.3125,5.90625],"texture":"#7"},"down":{"uv":[3.375,4.90625,4.3125,5.90625],"texture":"#7"}}},{"from":[10.25,10.85082,9.75],"to":[11.75,11.14918,10.25],"rotation":{"angle":22.5,"axis":"z","origin":[11,11,10.25]},"faces":{"north":{"uv":[3.375,4.90625,4.3125,5.90625],"texture":"#7"},"east":{"uv":[3.375,4.90625,4.3125,5.90625],"texture":"#7"},"south":{"uv":[3.375,4.90625,4.3125,5.90625],"texture":"#7"},"west":{"uv":[3.375,4.90625,4.3125,5.90625],"texture":"#7"},"up":{"uv":[3.375,4.90625,4.3125,5.90625],"texture":"#7"},"down":{"uv":[3.375,4.90625,4.3125,5.90625],"texture":"#7"}}}],"display":{"thirdperson_righthand":{"rotation":[73,0,0],"translation":[-6,-7.749,8.3913],"scale":[0.82,0.82,0.82]},"thirdperson_lefthand":{"rotation":[73,0,0],"translation":[-6,-7.749,8.3913],"scale":[0.82,0.82,0.82]},"firstperson_righthand":{"translation":[-9,-1.25,13],"scale":[2.25,0.85,1.05]},"firstperson_lefthand":{"translation":[-9,-1.25,13],"scale":[2.25,0.85,1.05]},"ground":{"translation":[0,3,0],"scale":[0.7,0.7,0.7]},"gui":{"rotation":[15,-34,0],"translation":[-0.5,-0.5,0],"scale":[0.7,0.7,0.7]},"head":{"scale":[1.3,1.3,1.3]},"fixed":{"rotation":[6,-180,0],"translation":[0,0,-3.5]}},"groups":[0,1,2,3,4,5,6,7,8,9,10,11,12,13,14,15,16,17,18,19,20,21,22,23,24,25,26,27,28,29,30,31,32,33,34,35,36,37,38,39,40,41,42,43,44,45,46,47,48,49,50,51,52,53,54,55,56,57,58,59,60,61,62,63,64,65,66,67,68,69,70,71,72,73,74,75,76,77,78,79,{"name":"hexadecagon","origin":[8,8,8],"color":0,"children":[]},{"name":"hexadecagon","origin":[8,8,8],"color":0,"children":[80,81,82,83,84,85,86,87]}]}