{"credit":"Made with Blockbench by Valvac","textures":{"0":"block/gray_wool","4":"block/light_gray_concrete","5":"block/black_concrete","7":"block/blue_concrete","9":"block/white_concrete","10":"block/stone_bricks","11":"block/pink_concrete","12":"block/gold_block","13":"block/quartz_block_bottom","14":"block/stone","15":"block/green_concrete","16":"block/oak_planks","18":"block/logosmd","22":"block/backpack_dlpcastle","particle":"block/red_concrete"},"elements":[{"from":[3,-0.5,5],"to":[13,0,10],"faces":{"north":{"uv":[0,0,12,12],"texture":"#5"},"east":{"uv":[0,0,4,12],"texture":"#5"},"south":{"uv":[0,0,12,12],"texture":"#5"},"west":{"uv":[0,0,4,12],"texture":"#5"},"down":{"uv":[0,0,12,4],"texture":"#5"}}},{"from":[11,14,0],"to":[13,15,2],"faces":{"north":{"uv":[0,0,1,1],"texture":"#11"},"east":{"uv":[0,0,1,1],"texture":"#11"},"south":{"uv":[0,0,1,1],"texture":"#11"},"west":{"uv":[0,0,1,1],"texture":"#11"},"up":{"uv":[0,0,1,1],"texture":"#11"},"down":{"uv":[0,0,1,1],"texture":"#11"}}},{"from":[11,13.52513,-0.85355],"to":[13,14.93934,0.14645],"rotation":{"angle":45,"axis":"x","origin":[12,13.93934,-0.35355]},"faces":{"north":{"uv":[0,0,1,1],"texture":"#11"},"east":{"uv":[0,0,1,1],"texture":"#11"},"south":{"uv":[0,0,1,1],"texture":"#11"},"west":{"uv":[0,0,1,1],"texture":"#11"},"up":{"uv":[0,0,1,1],"texture":"#11"},"down":{"uv":[0,0,1,1],"texture":"#11"}}},{"from":[11.125,11,4.375],"to":[12.875,13.875,5],"faces":{"north":{"uv":[0,0,1,1],"texture":"#11"},"east":{"uv":[0,0,1,1],"texture":"#11"},"south":{"uv":[0,0,1,1],"texture":"#11"},"west":{"uv":[0,0,1,1],"texture":"#11"},"up":{"uv":[0,0,1,1],"texture":"#11"},"down":{"uv":[0,0,1,1],"texture":"#11"}}},{"from":[11,5,-1],"to":[13,14,-0.25],"faces":{"north":{"uv":[0,0,1,1],"texture":"#11"},"east":{"uv":[0,0,1,1],"texture":"#11"},"south":{"uv":[0,0,1,1],"texture":"#11"},"west":{"uv":[0,0,1,1],"texture":"#11"},"up":{"uv":[0,0,1,1],"texture":"#11"},"down":{"uv":[0,0,1,1],"texture":"#11"}}},{"from":[11.5,2.7065,1.13918],"to":[12.5,3.3315,5.13918],"rotation":{"angle":22.5,"axis":"x","origin":[0.5,0.7065,0.13918]},"faces":{"east":{"uv":[0,0,5,1],"texture":"#0"},"west":{"uv":[0,0,5,1],"texture":"#0"},"up":{"uv":[0,0,2,5],"texture":"#0"},"down":{"uv":[0,0,2,5],"texture":"#0"}}},{"from":[11,11.93434,2.38476],"to":[13,12.93434,5.38476],"rotation":{"angle":22.5,"axis":"x","origin":[0,14.93434,7.38476]},"faces":{"north":{"uv":[0,0,1,1],"texture":"#11"},"east":{"uv":[0,0,1,1],"texture":"#11"},"south":{"uv":[0,0,1,1],"texture":"#11"},"west":{"uv":[0,0,1,1],"texture":"#11"},"up":{"uv":[0,0,1,1],"texture":"#11"},"down":{"uv":[0,0,1,1],"texture":"#11"}}},{"from":[11.5,6.29289,-2.12132],"to":[12.5,6.91789,1.87868],"rotation":{"angle":45,"axis":"x","origin":[0.5,4.29289,-3.12132]},"faces":{"east":{"uv":[0,0,5,1],"texture":"#0"},"west":{"uv":[0,0,5,1],"texture":"#0"},"up":{"uv":[0,0,2,5],"texture":"#0"},"down":{"uv":[0,0,2,5],"texture":"#0"}}},{"from":[3.125,11,4.375],"to":[4.875,13.875,5],"rotation":{"angle":0,"axis":"y","origin":[-8,0,0]},"faces":{"north":{"uv":[0,0,1,1],"texture":"#11"},"east":{"uv":[0,0,1,1],"texture":"#11"},"south":{"uv":[0,0,1,1],"texture":"#11"},"west":{"uv":[0,0,1,1],"texture":"#11"},"up":{"uv":[0,0,1,1],"texture":"#11"},"down":{"uv":[0,0,1,1],"texture":"#11"}}},{"from":[3,11.93434,2.38476],"to":[5,12.93434,5.38476],"rotation":{"angle":22.5,"axis":"x","origin":[-8,14.93434,7.38476]},"faces":{"north":{"uv":[0,0,1,1],"texture":"#11"},"east":{"uv":[0,0,1,1],"texture":"#11"},"south":{"uv":[0,0,1,1],"texture":"#11"},"west":{"uv":[0,0,1,1],"texture":"#11"},"up":{"uv":[0,0,1,1],"texture":"#11"},"down":{"uv":[0,0,1,1],"texture":"#11"}}},{"from":[3,14,0],"to":[5,15,2],"rotation":{"angle":0,"axis":"y","origin":[-8,0,0]},"faces":{"north":{"uv":[0,0,1,1],"texture":"#11"},"east":{"uv":[0,0,1,1],"texture":"#11"},"south":{"uv":[0,0,1,1],"texture":"#11"},"west":{"uv":[0,0,1,1],"texture":"#11"},"up":{"uv":[0,0,1,1],"texture":"#11"},"down":{"uv":[0,0,1,1],"texture":"#11"}}},{"from":[3,5,-1],"to":[5,14,-0.25],"rotation":{"angle":0,"axis":"y","origin":[-8,0,0]},"faces":{"north":{"uv":[0,0,1,1],"texture":"#11"},"east":{"uv":[0,0,1,1],"texture":"#11"},"south":{"uv":[0,0,1,1],"texture":"#11"},"west":{"uv":[0,0,1,1],"texture":"#11"},"up":{"uv":[0,0,1,1],"texture":"#11"},"down":{"uv":[0,0,1,1],"texture":"#11"}}},{"from":[3.5,6.29289,-2.12132],"to":[4.5,6.91789,1.87868],"rotation":{"angle":45,"axis":"x","origin":[-7.5,4.29289,-3.12132]},"faces":{"east":{"uv":[0,0,5,1],"texture":"#0"},"west":{"uv":[0,0,5,1],"texture":"#0"},"up":{"uv":[0,0,2,5],"texture":"#0"},"down":{"uv":[0,0,2,5],"texture":"#0"}}},{"from":[3.5,2.7065,1.13918],"to":[4.5,3.3315,5.13918],"rotation":{"angle":22.5,"axis":"x","origin":[-7.5,0.7065,0.13918]},"faces":{"east":{"uv":[0,0,5,1],"texture":"#0"},"west":{"uv":[0,0,5,1],"texture":"#0"},"up":{"uv":[0,0,2,5],"texture":"#0"},"down":{"uv":[0,0,2,5],"texture":"#0"}}},{"from":[3,13.52513,-0.85355],"to":[5,14.93934,0.14645],"rotation":{"angle":45,"axis":"x","origin":[4,13.93934,-0.35355]},"faces":{"north":{"uv":[0,0,1,1],"texture":"#11"},"east":{"uv":[0,0,1,1],"texture":"#11"},"south":{"uv":[0,0,1,1],"texture":"#11"},"west":{"uv":[0,0,1,1],"texture":"#11"},"up":{"uv":[0,0,1,1],"texture":"#11"},"down":{"uv":[0,0,1,1],"texture":"#11"}}},{"from":[6.5,15.75,6],"to":[9.5,16,7],"faces":{"north":{"uv":[0,0,1,1],"texture":"#0"},"east":{"uv":[0,0,1,1],"texture":"#0"},"south":{"uv":[0,0,1,1],"texture":"#0"},"west":{"uv":[0,0,1,1],"texture":"#0"},"up":{"uv":[0,0,1,1],"texture":"#0"},"down":{"uv":[0,0,1,1],"texture":"#0"}}},{"from":[6.5,15,6],"to":[6.75,15.75,7],"faces":{"north":{"uv":[0,0,1,1],"texture":"#0"},"east":{"uv":[0,0,1,1],"texture":"#0"},"south":{"uv":[0,0,1,1],"texture":"#0"},"west":{"uv":[0,0,1,1],"texture":"#0"}}},{"from":[9.25,15,6],"to":[9.5,15.75,7],"faces":{"north":{"uv":[0,0,1,1],"texture":"#0"},"east":{"uv":[0,0,1,1],"texture":"#0"},"south":{"uv":[0,0,1,1],"texture":"#0"},"west":{"uv":[0,0,1,1],"texture":"#0"}}},{"from":[5.75,7,4.75],"to":[11.75,8.5,5.0625],"faces":{"north":{"uv":[0,0,1,1],"texture":"#9"},"east":{"uv":[0,0,1,1],"texture":"#9"},"south":{"uv":[0,0,1,1],"texture":"#9"},"west":{"uv":[0,0,1,1],"texture":"#9"},"up":{"uv":[0,0,1,1],"texture":"#9"},"down":{"uv":[0,0,1,1],"texture":"#9"}}},{"from":[6,8.5,4.75],"to":[11.75,8.9375,5.0625],"faces":{"north":{"uv":[0,0,1,1],"texture":"#9"},"east":{"uv":[0,0,1,1],"texture":"#9"},"south":{"uv":[0,0,1,1],"texture":"#9"},"west":{"uv":[0,0,1,1],"texture":"#9"},"up":{"uv":[0,0,1,1],"texture":"#9"},"down":{"uv":[0,0,1,1],"texture":"#9"}}},{"from":[6.5,8.9375,4.75],"to":[11.125,9.375,5.0625],"faces":{"north":{"uv":[0,0,1,1],"texture":"#9"},"east":{"uv":[0,0,1,1],"texture":"#9"},"south":{"uv":[0,0,1,1],"texture":"#9"},"west":{"uv":[0,0,1,1],"texture":"#9"},"up":{"uv":[0,0,1,1],"texture":"#9"},"down":{"uv":[0,0,1,1],"texture":"#9"}}},{"from":[8,9.375,4.75],"to":[11.125,9.8125,5.0625],"faces":{"north":{"uv":[0,0,1,1],"texture":"#9"},"east":{"uv":[0,0,1,1],"texture":"#9"},"south":{"uv":[0,0,1,1],"texture":"#9"},"west":{"uv":[0,0,1,1],"texture":"#9"},"up":{"uv":[0,0,1,1],"texture":"#9"},"down":{"uv":[0,0,1,1],"texture":"#9"}}},{"from":[6.0625,6.75,4.75],"to":[6.9375,8,5.0625],"faces":{"north":{"uv":[0,0,0,0],"texture":"#9"},"east":{"uv":[0,0,1,1],"texture":"#9"},"south":{"uv":[0,0,1,1],"texture":"#9"},"west":{"uv":[0,0,1,1],"texture":"#9"},"up":{"uv":[0,0,1,1],"texture":"#9"},"down":{"uv":[0,0,1,1],"texture":"#9"}}},{"from":[6.9375,6.5,4.75],"to":[8.8125,8.0625,5.0625],"faces":{"north":{"uv":[0,0,1,1],"texture":"#9"},"east":{"uv":[0,0,1,1],"texture":"#9"},"south":{"uv":[0,0,1,1],"texture":"#9"},"west":{"uv":[0,0,1,1],"texture":"#9"},"up":{"uv":[0,0,1,1],"texture":"#9"},"down":{"uv":[0,0,1,1],"texture":"#9"}}},{"from":[8.8125,6.75,4.75],"to":[9.6875,8.0625,5.0625],"faces":{"north":{"uv":[0,0,1,1],"texture":"#9"},"east":{"uv":[0,0,1,1],"texture":"#9"},"south":{"uv":[0,0,1,1],"texture":"#9"},"west":{"uv":[0,0,1,1],"texture":"#9"},"up":{"uv":[0,0,1,1],"texture":"#9"},"down":{"uv":[0,0,1,1],"texture":"#9"}}},{"from":[10.375,6.75,4.75],"to":[11.3125,8.0625,5.0625],"faces":{"north":{"uv":[0,0,1,1],"texture":"#9"},"east":{"uv":[0,0,1,1],"texture":"#9"},"south":{"uv":[0,0,1,1],"texture":"#9"},"west":{"uv":[0,0,1,1],"texture":"#9"},"up":{"uv":[0,0,1,1],"texture":"#9"},"down":{"uv":[0,0,1,1],"texture":"#9"}}},{"from":[4,0,10],"to":[12,6,12],"faces":{"north":{"uv":[0,0,16,16],"texture":"#14"},"east":{"uv":[0,0,2,6],"texture":"#14"},"south":{"uv":[0,0,8,6],"texture":"#14"},"west":{"uv":[0,0,2,6],"texture":"#14"},"up":{"uv":[0,0,16,16],"texture":"#14"},"down":{"uv":[0,0,16,16],"texture":"#14"}}},{"from":[5,3.5,12.25],"to":[5.75,4.875,12.5],"faces":{"north":{"uv":[0,0,8,6],"texture":"#4"},"east":{"uv":[0,0,2,6],"texture":"#4"},"south":{"uv":[0,0,8,6],"texture":"#4"},"west":{"uv":[0,0,2,6],"texture":"#4"},"up":{"uv":[0,0,8,2],"texture":"#4"},"down":{"uv":[0,0,8,2],"texture":"#4"}}},{"from":[3.8125,4.25,10],"to":[12.1875,5,12.25],"faces":{"east":{"uv":[0,0,0.25,0.75],"texture":"#0"},"south":{"uv":[0,0,7,0.75],"texture":"#0"},"west":{"uv":[0,0,0.25,0.75],"texture":"#0"},"up":{"uv":[0,0,7,0.25],"texture":"#0"},"down":{"uv":[0,0,7,0.25],"texture":"#0"}}},{"from":[3.9375,5,10],"to":[12.0625,5.5,12.125],"faces":{"east":{"uv":[0,0,0.25,0.75],"texture":"#5"},"south":{"uv":[0,0,7,0.75],"texture":"#5"},"west":{"uv":[0,0,0.25,0.75],"texture":"#5"},"up":{"uv":[0,0,7,0.25],"texture":"#5"}}},{"from":[3.9375,3.75,10],"to":[12.0625,4.25,12.125],"faces":{"east":{"uv":[0,0,0.25,0.75],"texture":"#5"},"south":{"uv":[0,0,7,0.75],"texture":"#5"},"west":{"uv":[0,0,0.25,0.75],"texture":"#5"},"down":{"uv":[0,0,7,0.25],"texture":"#5"}}},{"from":[6,8,10],"to":[10,9,11.75],"faces":{"north":{"uv":[0,0,1,1],"texture":"#14"},"east":{"uv":[0,0,1,1],"texture":"#14"},"south":{"uv":[0,0,1,1],"texture":"#14"},"west":{"uv":[0,0,1,1],"texture":"#14"},"up":{"uv":[0,0,1,1],"texture":"#14"},"down":{"uv":[0,0,1,1],"texture":"#14"}}},{"from":[5,6,10],"to":[11,8,12],"faces":{"north":{"uv":[0,0,1,1],"texture":"#14"},"east":{"uv":[0,0,1,1],"texture":"#14"},"south":{"uv":[0,0,1,1],"texture":"#14"},"west":{"uv":[0,0,1,1],"texture":"#14"},"up":{"uv":[0,0,1,1],"texture":"#14"},"down":{"uv":[0,0,1,1],"texture":"#14"}}},{"from":[5.25,1.25,12.0625],"to":[10.75,2.25,12.0625],"faces":{"south":{"uv":[8.33203,7.375,16,8.67188],"texture":"#18"}}},{"from":[2,6,5],"to":[14,12,10],"faces":{"north":{"uv":[0,0,1,1],"texture":"#22"},"east":{"uv":[0,0,1,1],"texture":"#22"},"south":{"uv":[0,0,1,1],"texture":"#22"},"west":{"uv":[0,0,1,1],"texture":"#22"},"up":{"uv":[0,0,1,1],"texture":"#22"},"down":{"uv":[0,0,1,1],"texture":"#22"}}},{"from":[2,0,5],"to":[14,6,10],"faces":{"north":{"uv":[0,0,12,6],"texture":"#14"},"east":{"uv":[0,0,5,6],"texture":"#14"},"south":{"uv":[0,0,12,6],"texture":"#14"},"west":{"uv":[0,0,5,6],"texture":"#14"},"up":{"uv":[0,0,16,16],"texture":"#14"},"down":{"uv":[0,0,16,16],"texture":"#14"}}},{"from":[3,12,5],"to":[13,14,10],"faces":{"north":{"uv":[0,0,1,1],"texture":"#22"},"east":{"uv":[0,0,1,1],"texture":"#22"},"south":{"uv":[0,0,1,1],"texture":"#22"},"west":{"uv":[0,0,1,1],"texture":"#22"},"up":{"uv":[0,0,1,1],"texture":"#22"},"down":{"uv":[0,0,1,1],"texture":"#22"}}},{"from":[4,14,5],"to":[12,15,10],"faces":{"north":{"uv":[0,0,1,1],"texture":"#22"},"east":{"uv":[0,0,1,1],"texture":"#22"},"south":{"uv":[0,0,1,1],"texture":"#22"},"west":{"uv":[0,0,1,1],"texture":"#22"},"up":{"uv":[0,0,1,1],"texture":"#22"},"down":{"uv":[0,0,1,1],"texture":"#22"}}},{"from":[1.875,5,8.625],"to":[14.125,12.125,9.625],"faces":{"north":{"uv":[0,0,12.25,7.125],"texture":"#0"},"east":{"uv":[0,0,1,7.125],"texture":"#0"},"south":{"uv":[0,0,12.25,7.125],"texture":"#0"},"west":{"uv":[0,0,1,7.125],"texture":"#0"},"up":{"uv":[0,0,1,12.25],"rotation":90,"texture":"#0"},"down":{"uv":[0,0,12.25,1],"texture":"#0"}}},{"from":[1.625,4.25,8.75],"to":[1.875,5.625,9.5],"faces":{"north":{"uv":[0,0,12,12],"texture":"#4"},"east":{"uv":[0,0,4,12],"texture":"#4"},"south":{"uv":[0,0,12,12],"texture":"#4"},"west":{"uv":[0,0,4,12],"texture":"#4"},"down":{"uv":[0,0,12,4],"texture":"#4"}}},{"from":[1.5,4.5,8.75],"to":[1.75,5.875,9.5],"rotation":{"angle":-22.5,"axis":"z","origin":[1.75,5.3125,9.125]},"faces":{"north":{"uv":[0,0,12,12],"texture":"#4"},"east":{"uv":[0,0,4,12],"texture":"#4"},"south":{"uv":[0,0,12,12],"texture":"#4"},"west":{"uv":[0,0,4,12],"texture":"#4"},"up":{"uv":[0,0,12,4],"texture":"#4"},"down":{"uv":[0,0,12,4],"texture":"#4"}}},{"from":[2.875,12.125,8.625],"to":[13.125,14.125,9.625],"faces":{"east":{"uv":[0,0,1,2],"texture":"#0"},"west":{"uv":[0,0,1,2],"texture":"#0"},"up":{"uv":[0,0,1,10.25],"rotation":90,"texture":"#0"}}},{"from":[3.875,14.125,8.625],"to":[12.125,15.125,9.625],"faces":{"east":{"uv":[0,0,1,1],"texture":"#0"},"west":{"uv":[0,0,1,1],"texture":"#0"},"up":{"uv":[0,0,1,8.25],"rotation":90,"texture":"#0"}}},{"from":[1.75,5.0625,8.3125],"to":[14.1875,12.1875,8.625],"faces":{"north":{"uv":[0,0,12.25,7.125],"texture":"#5"},"east":{"uv":[0,0,1,7.125],"texture":"#5"},"south":{"uv":[0,0,12.25,7.125],"texture":"#5"},"west":{"uv":[0,0,1,7.125],"texture":"#5"},"up":{"uv":[0,0,1,12.25],"rotation":90,"texture":"#5"},"down":{"uv":[0,0,12.25,1],"texture":"#5"}}},{"from":[2.8125,12.1875,8.3125],"to":[13.1875,14.1875,8.625],"faces":{"north":{"uv":[0,0,10.25,2],"texture":"#5"},"east":{"uv":[0,0,1,2],"texture":"#5"},"south":{"uv":[0,0,10.25,2],"texture":"#5"},"west":{"uv":[0,0,1,2],"texture":"#5"},"up":{"uv":[0,0,1,10.25],"rotation":90,"texture":"#5"}}},{"from":[3.8125,14.1875,8.3125],"to":[12.1875,15.1875,8.625],"faces":{"north":{"uv":[0,0,8.25,1],"texture":"#5"},"east":{"uv":[0,0,1,1],"texture":"#5"},"south":{"uv":[0,0,8.25,1],"texture":"#5"},"west":{"uv":[0,0,1,1],"texture":"#5"},"up":{"uv":[0,0,1,8.25],"rotation":90,"texture":"#5"}}},{"from":[1.75,5.0625,9.625],"to":[14.1875,12.1875,9.9375],"faces":{"north":{"uv":[0,0,12.25,7.125],"texture":"#5"},"east":{"uv":[0,0,1,7.125],"texture":"#5"},"south":{"uv":[0,0,12.25,7.125],"texture":"#5"},"west":{"uv":[0,0,1,7.125],"texture":"#5"},"up":{"uv":[0,0,1,12.25],"rotation":90,"texture":"#5"},"down":{"uv":[0,0,12.25,1],"texture":"#5"}}},{"from":[2.8125,12.1875,9.625],"to":[13.1875,14.1875,9.9375],"faces":{"north":{"uv":[0,0,10.25,2],"texture":"#5"},"east":{"uv":[0,0,1,2],"texture":"#5"},"south":{"uv":[0,0,10.25,2],"texture":"#5"},"west":{"uv":[0,0,1,2],"texture":"#5"},"up":{"uv":[0,0,1,10.25],"rotation":90,"texture":"#5"}}},{"from":[3.8125,14.1875,9.625],"to":[12.1875,15.1875,9.9375],"faces":{"north":{"uv":[0,0,8.25,1],"texture":"#5"},"east":{"uv":[0,0,1,1],"texture":"#5"},"south":{"uv":[0,0,8.25,1],"texture":"#5"},"west":{"uv":[0,0,1,1],"texture":"#5"},"up":{"uv":[0,0,1,8.25],"rotation":90,"texture":"#5"}}},{"from":[12.0625,9.5,10],"to":[12.6875,9.75,10.0625],"rotation":{"angle":0,"axis":"y","origin":[16,0,0]},"faces":{"north":{"uv":[1,0,0,1],"texture":"#9"},"east":{"uv":[1,0,0,1],"texture":"#9"},"south":{"uv":[1,0,0,1],"texture":"#9"},"west":{"uv":[1,0,0,1],"texture":"#9"},"up":{"uv":[1,0,0,1],"texture":"#9"},"down":{"uv":[1,0,0,1],"texture":"#9"}}},{"from":[10.4375,9.25,9.875],"to":[12.0625,9.75,10.0625],"rotation":{"angle":0,"axis":"y","origin":[16,0,0]},"faces":{"north":{"uv":[1,0,0,1],"texture":"#9"},"east":{"uv":[1,0,0,1],"texture":"#9"},"south":{"uv":[1,0,0,1],"texture":"#9"},"west":{"uv":[1,0,0,1],"texture":"#9"},"up":{"uv":[1,0,0,1],"texture":"#9"},"down":{"uv":[1,0,0,1],"texture":"#9"}}},{"from":[9.8125,9.5,9.875],"to":[10.4375,9.75,10.0625],"rotation":{"angle":0,"axis":"y","origin":[16,0,0]},"faces":{"north":{"uv":[1,0,0,1],"texture":"#9"},"east":{"uv":[1,0,0,1],"texture":"#9"},"south":{"uv":[1,0,0,1],"texture":"#9"},"west":{"uv":[1,0,0,1],"texture":"#9"},"up":{"uv":[1,0,0,1],"texture":"#9"},"down":{"uv":[1,0,0,1],"texture":"#9"}}},{"from":[9.25,9.75,9.875],"to":[13,11.25,10.0625],"rotation":{"angle":0,"axis":"y","origin":[16,0,0]},"faces":{"north":{"uv":[1,0,0,1],"texture":"#9"},"east":{"uv":[1,0,0,1],"texture":"#9"},"south":{"uv":[1,0,0,1],"texture":"#9"},"west":{"uv":[1,0,0,1],"texture":"#9"},"up":{"uv":[1,0,0,1],"texture":"#9"},"down":{"uv":[1,0,0,1],"texture":"#9"}}},{"from":[9.5,11.25,9.875],"to":[12.5,11.6875,10.0625],"rotation":{"angle":0,"axis":"y","origin":[16,0,0]},"faces":{"north":{"uv":[1,0,0,1],"texture":"#9"},"east":{"uv":[1,0,0,1],"texture":"#9"},"south":{"uv":[1,0,0,1],"texture":"#9"},"west":{"uv":[1,0,0,1],"texture":"#9"},"up":{"uv":[1,0,0,1],"texture":"#9"},"down":{"uv":[1,0,0,1],"texture":"#9"}}},{"from":[10,11.6875,9.875],"to":[11.4375,12.125,10.0625],"rotation":{"angle":0,"axis":"y","origin":[16,0,0]},"faces":{"north":{"uv":[1,0,0,1],"texture":"#9"},"east":{"uv":[1,0,0,1],"texture":"#9"},"south":{"uv":[1,0,0,1],"texture":"#9"},"west":{"uv":[1,0,0,1],"texture":"#9"},"up":{"uv":[1,0,0,1],"texture":"#9"},"down":{"uv":[1,0,0,1],"texture":"#9"}}},{"from":[10.75,6,11.75],"to":[11.75,7.5,12.75],"rotation":{"angle":0,"axis":"y","origin":[0,5.75,-0.5]},"faces":{"north":{"uv":[1,0,2,2],"texture":"#10"},"east":{"uv":[1,0,2,2],"texture":"#10"},"south":{"uv":[1,0,2,2],"texture":"#10"},"west":{"uv":[1,0,2,2],"texture":"#10"},"up":{"uv":[1,0,2,1],"texture":"#10"},"down":{"uv":[1,1,2,2],"texture":"#10"}}},{"from":[11,7.5,12],"to":[11.5,8,12.5],"rotation":{"angle":0,"axis":"y","origin":[0,5.75,-0.5]},"faces":{"north":{"uv":[0,0,1,1],"texture":"#11"},"east":{"uv":[0,0,1,1],"texture":"#11"},"south":{"uv":[0,0,1,1],"texture":"#11"},"west":{"uv":[0,0,1,1],"texture":"#11"},"up":{"uv":[0,0,1,1],"texture":"#11"},"down":{"uv":[0,0,1,1],"texture":"#11"}}},{"from":[10.75,8,11.75],"to":[11.75,8.5,12.75],"rotation":{"angle":0,"axis":"y","origin":[0,5.75,-0.5]},"faces":{"north":{"uv":[0,0,1,1],"texture":"#7"},"east":{"uv":[0,0,1,1],"texture":"#7"},"south":{"uv":[0,0,1,1],"texture":"#7"},"west":{"uv":[0,0,1,1],"texture":"#7"},"up":{"uv":[0,0,1,1],"texture":"#7"},"down":{"uv":[0,0,1,1],"texture":"#7"}}},{"from":[11,8.5,12],"to":[11.5,9,12.5],"rotation":{"angle":0,"axis":"y","origin":[0,5.75,-0.5]},"faces":{"north":{"uv":[0,0,1,1],"texture":"#7"},"east":{"uv":[0,0,1,1],"texture":"#7"},"south":{"uv":[0,0,1,1],"texture":"#7"},"west":{"uv":[0,0,1,1],"texture":"#7"},"up":{"uv":[0,0,1,1],"texture":"#7"},"down":{"uv":[0,0,1,1],"texture":"#7"}}},{"from":[11.125,9,12.125],"to":[11.375,9.5,12.375],"rotation":{"angle":0,"axis":"y","origin":[0,5.75,-0.5]},"faces":{"north":{"uv":[0,0,1,1],"texture":"#12"},"east":{"uv":[0,0,1,1],"texture":"#12"},"south":{"uv":[0,0,1,1],"texture":"#12"},"west":{"uv":[0,0,1,1],"texture":"#12"},"up":{"uv":[0,0,1,1],"texture":"#12"},"down":{"uv":[0,0,1,1],"texture":"#12"}}},{"from":[11.375,9,10.125],"to":[11.625,9.5,10.375],"rotation":{"angle":0,"axis":"y","origin":[0,5.75,-0.5]},"faces":{"north":{"uv":[0,0,1,1],"texture":"#12"},"east":{"uv":[0,0,1,1],"texture":"#12"},"south":{"uv":[0,0,1,1],"texture":"#12"},"west":{"uv":[0,0,1,1],"texture":"#12"},"up":{"uv":[0,0,1,1],"texture":"#12"},"down":{"uv":[0,0,1,1],"texture":"#12"}}},{"from":[11.25,8.5,10],"to":[11.75,9,10.5],"rotation":{"angle":0,"axis":"y","origin":[0,5.75,-0.5]},"faces":{"north":{"uv":[0,0,1,1],"texture":"#7"},"east":{"uv":[0,0,1,1],"texture":"#7"},"south":{"uv":[0,0,1,1],"texture":"#7"},"west":{"uv":[0,0,1,1],"texture":"#7"},"up":{"uv":[0,0,1,1],"texture":"#7"},"down":{"uv":[0,0,1,1],"texture":"#7"}}},{"from":[11,8,9.75],"to":[12,8.5,10.75],"rotation":{"angle":0,"axis":"y","origin":[0,5.75,-0.5]},"faces":{"north":{"uv":[0,0,1,1],"texture":"#7"},"east":{"uv":[0,0,1,1],"texture":"#7"},"south":{"uv":[0,0,1,1],"texture":"#7"},"west":{"uv":[0,0,1,1],"texture":"#7"},"up":{"uv":[0,0,1,1],"texture":"#7"},"down":{"uv":[0,0,1,1],"texture":"#7"}}},{"from":[11.25,7.5,10],"to":[11.75,8,10.5],"rotation":{"angle":0,"axis":"y","origin":[0,5.75,-0.5]},"faces":{"north":{"uv":[0,0,1,1],"texture":"#11"},"east":{"uv":[0,0,1,1],"texture":"#11"},"south":{"uv":[0,0,1,1],"texture":"#11"},"west":{"uv":[0,0,1,1],"texture":"#11"},"up":{"uv":[0,0,1,1],"texture":"#11"},"down":{"uv":[0,0,1,1],"texture":"#11"}}},{"from":[11,6,9.75],"to":[12,7.5,10.75],"rotation":{"angle":0,"axis":"y","origin":[0,5.75,-0.5]},"faces":{"north":{"uv":[1,0,2,2],"texture":"#10"},"east":{"uv":[1,0,2,2],"texture":"#10"},"south":{"uv":[1,0,2,2],"texture":"#10"},"west":{"uv":[1,0,2,2],"texture":"#10"},"up":{"uv":[1,0,2,1],"texture":"#10"},"down":{"uv":[1,1,2,2],"texture":"#10"}}},{"from":[9,6,11.75],"to":[10,8.25,12.75],"rotation":{"angle":0,"axis":"y","origin":[0,5.75,-0.5]},"faces":{"north":{"uv":[1,0,2,3],"texture":"#10"},"east":{"uv":[1,0,2,3],"texture":"#10"},"south":{"uv":[1,0,2,3],"texture":"#10"},"west":{"uv":[1,0,2,3],"texture":"#10"},"up":{"uv":[1,0,2,1],"texture":"#10"},"down":{"uv":[1,2,2,3],"texture":"#10"}}},{"from":[8.5,6,12],"to":[11.25,7.25,12.5],"rotation":{"angle":0,"axis":"y","origin":[0,5.75,-0.5]},"faces":{"north":{"uv":[7,8,8,9],"texture":"#10"},"east":{"uv":[7,8,8,9],"texture":"#10"},"south":{"uv":[7,8,8,9],"texture":"#10"},"west":{"uv":[7,8,8,9],"texture":"#10"},"up":{"uv":[7,8,8,9],"texture":"#10"},"down":{"uv":[7,8,8,9],"texture":"#10"}}},{"from":[11,6,9.75],"to":[11.5,7.25,11.75],"rotation":{"angle":0,"axis":"y","origin":[0,5.75,-0.5]},"faces":{"north":{"uv":[7,8,8,9],"texture":"#10"},"east":{"uv":[7,8,8,9],"texture":"#10"},"south":{"uv":[7,8,8,9],"texture":"#10"},"west":{"uv":[7,8,8,9],"texture":"#10"},"up":{"uv":[7,8,8,9],"texture":"#10"},"down":{"uv":[7,8,8,9],"texture":"#10"}}},{"from":[4,6,9.75],"to":[6.5,7,12],"rotation":{"angle":0,"axis":"y","origin":[0,5.75,-0.5]},"faces":{"north":{"uv":[6,8,8,9],"texture":"#14"},"east":{"uv":[6,8,8,9],"texture":"#14"},"south":{"uv":[6,8,8,9],"texture":"#14"},"west":{"uv":[6,8,8,9],"texture":"#14"},"up":{"uv":[6,8,8,9],"texture":"#14"},"down":{"uv":[6,8,8,9],"texture":"#14"}}},{"from":[3.75,7.75,9.75],"to":[4.75,8.75,10.25],"rotation":{"angle":0,"axis":"y","origin":[0,5.75,-0.5]},"faces":{"north":{"uv":[6,8,8,9],"texture":"#15"},"east":{"uv":[6,8,8,9],"texture":"#15"},"south":{"uv":[6,8,8,9],"texture":"#15"},"west":{"uv":[6,8,8,9],"texture":"#15"},"up":{"uv":[6,8,8,9],"texture":"#15"},"down":{"uv":[6,8,8,9],"texture":"#15"}}},{"from":[2.25,7,9.75],"to":[3.25,8,10.25],"rotation":{"angle":0,"axis":"y","origin":[0,5.75,-0.5]},"faces":{"north":{"uv":[6,8,8,9],"texture":"#15"},"east":{"uv":[6,8,8,9],"texture":"#15"},"south":{"uv":[6,8,8,9],"texture":"#15"},"west":{"uv":[6,8,8,9],"texture":"#15"},"up":{"uv":[6,8,8,9],"texture":"#15"},"down":{"uv":[6,8,8,9],"texture":"#15"}}},{"from":[2.625,6,9.75],"to":[2.875,7,10.125],"rotation":{"angle":0,"axis":"y","origin":[0,5.75,-0.5]},"faces":{"north":{"uv":[6,8,8,9],"texture":"#16"},"east":{"uv":[6,8,8,9],"texture":"#16"},"south":{"uv":[6,8,8,9],"texture":"#16"},"west":{"uv":[6,8,8,9],"texture":"#16"},"up":{"uv":[6,8,8,9],"texture":"#16"},"down":{"uv":[6,8,8,9],"texture":"#16"}}},{"from":[1.875,6,7.3125],"to":[2.125,6.5,7.5625],"rotation":{"angle":0,"axis":"y","origin":[0,5.75,-0.5]},"faces":{"north":{"uv":[6,8,8,9],"texture":"#16"},"east":{"uv":[6,8,8,9],"texture":"#16"},"south":{"uv":[6,8,8,9],"texture":"#16"},"west":{"uv":[6,8,8,9],"texture":"#16"},"up":{"uv":[6,8,8,9],"texture":"#16"},"down":{"uv":[6,8,8,9],"texture":"#16"}}},{"from":[1.75,6.5,6.9375],"to":[2.25,7.5,7.9375],"rotation":{"angle":0,"axis":"y","origin":[0,5.75,-0.5]},"faces":{"north":{"uv":[6,8,8,9],"texture":"#15"},"east":{"uv":[6,8,8,9],"texture":"#15"},"south":{"uv":[6,8,8,9],"texture":"#15"},"west":{"uv":[6,8,8,9],"texture":"#15"},"up":{"uv":[6,8,8,9],"texture":"#15"},"down":{"uv":[6,8,8,9],"texture":"#15"}}},{"from":[4.125,6.75,9.75],"to":[4.375,7.75,10.125],"rotation":{"angle":0,"axis":"y","origin":[0,5.75,-0.5]},"faces":{"north":{"uv":[6,8,8,9],"texture":"#16"},"east":{"uv":[6,8,8,9],"texture":"#16"},"south":{"uv":[6,8,8,9],"texture":"#16"},"west":{"uv":[6,8,8,9],"texture":"#16"},"up":{"uv":[6,8,8,9],"texture":"#16"},"down":{"uv":[6,8,8,9],"texture":"#16"}}},{"from":[4.5,6,12],"to":[6.75,7.25,12.5],"rotation":{"angle":0,"axis":"y","origin":[0,5.75,-0.5]},"faces":{"north":{"uv":[7,8,8,9],"texture":"#10"},"east":{"uv":[7,8,8,9],"texture":"#10"},"south":{"uv":[7,8,8,9],"texture":"#10"},"west":{"uv":[7,8,8,9],"texture":"#10"},"up":{"uv":[7,8,8,9],"texture":"#10"},"down":{"uv":[7,8,8,9],"texture":"#10"}}},{"from":[7.5,7.5,12],"to":[7.75,8.5625,12.5],"rotation":{"angle":0,"axis":"y","origin":[0,5.75,-0.5]},"faces":{"north":{"uv":[7,8,8,9],"texture":"#10"},"east":{"uv":[7,8,8,9],"texture":"#10"},"south":{"uv":[7,8,8,9],"texture":"#10"},"west":{"uv":[7,8,8,9],"texture":"#10"},"up":{"uv":[7,8,8,9],"texture":"#10"},"down":{"uv":[7,8,8,9],"texture":"#10"}}},{"from":[7.57306,7.40459,12],"to":[9.22966,8.38621,12.5],"rotation":{"angle":-22.5,"axis":"z","origin":[8.10466,8.02959,12.25]},"faces":{"north":{"uv":[7,8,8,9],"texture":"#10"},"east":{"uv":[7,8,8,9],"texture":"#10"},"south":{"uv":[7,8,8,9],"texture":"#10"},"west":{"uv":[7,8,8,9],"texture":"#10"},"up":{"uv":[7,8,8,9],"texture":"#10"},"down":{"uv":[7,8,8,9],"texture":"#10"}}},{"from":[7.61523,6.92878,12],"to":[7.91232,7.57242,12.5],"rotation":{"angle":45,"axis":"z","origin":[7.99023,8.05378,12.25]},"faces":{"north":{"uv":[7,8,8,9],"rotation":270,"texture":"#10"},"east":{"uv":[7,8,8,9],"rotation":90,"texture":"#10"},"south":{"uv":[7,8,8,9],"rotation":90,"texture":"#10"},"west":{"uv":[7,8,8,9],"rotation":90,"texture":"#10"},"up":{"uv":[7,8,8,9],"rotation":90,"texture":"#10"},"down":{"uv":[7,8,8,9],"rotation":90,"texture":"#10"}}},{"from":[6.0927,7.78034,12],"to":[6.73634,8.32744,12.5],"rotation":{"angle":45,"axis":"z","origin":[7.36134,8.15534,12.25]},"faces":{"north":{"uv":[7,8,8,9],"texture":"#10"},"east":{"uv":[7,8,8,9],"texture":"#10"},"south":{"uv":[7,8,8,9],"texture":"#10"},"west":{"uv":[7,8,8,9],"texture":"#10"},"up":{"uv":[7,8,8,9],"texture":"#10"},"down":{"uv":[7,8,8,9],"texture":"#10"}}},{"from":[7.82306,8.34209,12],"to":[8.22966,8.63621,12.5],"rotation":{"angle":-22.5,"axis":"z","origin":[8.10466,8.02959,12.25]},"faces":{"north":{"uv":[7,8,8,9],"texture":"#10"},"east":{"uv":[7,8,8,9],"texture":"#10"},"south":{"uv":[7,8,8,9],"texture":"#10"},"west":{"uv":[7,8,8,9],"texture":"#10"},"up":{"uv":[7,8,8,9],"texture":"#10"},"down":{"uv":[7,8,8,9],"texture":"#10"}}},{"from":[8.57306,8.34209,12],"to":[8.97966,8.63621,12.5],"rotation":{"angle":-22.5,"axis":"z","origin":[8.10466,8.02959,12.25]},"faces":{"north":{"uv":[7,8,8,9],"texture":"#10"},"east":{"uv":[7,8,8,9],"texture":"#10"},"south":{"uv":[7,8,8,9],"texture":"#10"},"west":{"uv":[7,8,8,9],"texture":"#10"},"up":{"uv":[7,8,8,9],"texture":"#10"},"down":{"uv":[7,8,8,9],"texture":"#10"}}},{"from":[5.99205,7.79679,12],"to":[7.64865,8.77841,12.5],"rotation":{"angle":22.5,"axis":"z","origin":[8.11705,8.29679,12.25]},"faces":{"north":{"uv":[7,8,8,9],"texture":"#10"},"east":{"uv":[7,8,8,9],"texture":"#10"},"south":{"uv":[7,8,8,9],"texture":"#10"},"west":{"uv":[7,8,8,9],"texture":"#10"},"up":{"uv":[7,8,8,9],"texture":"#10"},"down":{"uv":[7,8,8,9],"texture":"#10"}}},{"from":[5.99205,8.73429,12],"to":[6.64865,9.02841,12.5],"rotation":{"angle":22.5,"axis":"z","origin":[8.11705,8.29679,12.25]},"faces":{"north":{"uv":[7,8,8,9],"texture":"#10"},"east":{"uv":[7,8,8,9],"texture":"#10"},"south":{"uv":[7,8,8,9],"texture":"#10"},"west":{"uv":[7,8,8,9],"texture":"#10"},"up":{"uv":[7,8,8,9],"texture":"#10"},"down":{"uv":[7,8,8,9],"texture":"#10"}}},{"from":[6.99205,8.73429,12],"to":[7.39865,9.02841,12.5],"rotation":{"angle":22.5,"axis":"z","origin":[8.11705,8.29679,12.25]},"faces":{"north":{"uv":[7,8,8,9],"texture":"#10"},"east":{"uv":[7,8,8,9],"texture":"#10"},"south":{"uv":[7,8,8,9],"texture":"#10"},"west":{"uv":[7,8,8,9],"texture":"#10"},"up":{"uv":[7,8,8,9],"texture":"#10"},"down":{"uv":[7,8,8,9],"texture":"#10"}}},{"from":[5.25,6,11.75],"to":[6.25,8.25,12.75],"rotation":{"angle":0,"axis":"y","origin":[0,5.75,-0.5]},"faces":{"north":{"uv":[1,0,2,3],"texture":"#10"},"east":{"uv":[1,0,2,3],"texture":"#10"},"south":{"uv":[1,0,2,3],"texture":"#10"},"west":{"uv":[1,0,2,3],"texture":"#10"},"up":{"uv":[1,0,2,1],"texture":"#10"},"down":{"uv":[1,2,2,3],"texture":"#10"}}},{"from":[4.5,5.31694,12.33839],"to":[6.75,6.06694,12.83839],"rotation":{"angle":45,"axis":"x","origin":[8.4375,6.44194,12.58839]},"faces":{"north":{"uv":[7,8,8,9],"texture":"#10"},"east":{"uv":[7,8,8,9],"texture":"#10"},"south":{"uv":[7,8,8,9],"texture":"#10"},"west":{"uv":[7,8,8,9],"texture":"#10"},"up":{"uv":[7,8,8,9],"texture":"#10"},"down":{"uv":[7,8,8,9],"texture":"#10"}}},{"from":[5.25,5.25444,11.98483],"to":[6.25,6.31694,12.98483],"rotation":{"angle":45,"axis":"x","origin":[8.4375,6.44194,12.48483]},"faces":{"north":{"uv":[1,3,2,0],"texture":"#10"},"east":{"uv":[1,3,2,0],"texture":"#10"},"south":{"uv":[1,3,2,0],"texture":"#10"},"west":{"uv":[1,3,2,0],"texture":"#10"},"up":{"uv":[1,3,2,0],"texture":"#10"},"down":{"uv":[1,3,2,0],"texture":"#10"}}},{"from":[8.5,5.31694,12.33839],"to":[11.25,6.06694,12.83839],"rotation":{"angle":45,"axis":"x","origin":[8.4375,6.44194,12.58839]},"faces":{"north":{"uv":[7,8,8,9],"texture":"#10"},"east":{"uv":[7,8,8,9],"texture":"#10"},"south":{"uv":[7,8,8,9],"texture":"#10"},"west":{"uv":[7,8,8,9],"texture":"#10"},"up":{"uv":[7,8,8,9],"texture":"#10"},"down":{"uv":[7,8,8,9],"texture":"#10"}}},{"from":[9,5.25444,11.98483],"to":[10,6.31694,12.98483],"rotation":{"angle":45,"axis":"x","origin":[8.4375,6.44194,12.48483]},"faces":{"north":{"uv":[1,3,2,0],"texture":"#10"},"east":{"uv":[1,3,2,0],"texture":"#10"},"south":{"uv":[1,3,2,0],"texture":"#10"},"west":{"uv":[1,3,2,0],"texture":"#10"},"up":{"uv":[1,3,2,0],"texture":"#10"},"down":{"uv":[1,3,2,0],"texture":"#10"}}},{"from":[10.75,5.25444,11.98483],"to":[11.75,6.31694,12.98483],"rotation":{"angle":45,"axis":"x","origin":[8.4375,6.44194,12.48483]},"faces":{"north":{"uv":[1,2,2,0],"texture":"#10"},"east":{"uv":[1,2,2,0],"texture":"#10"},"south":{"uv":[1,2,2,0],"texture":"#10"},"west":{"uv":[1,2,2,0],"texture":"#10"},"up":{"uv":[1,2,2,0],"texture":"#10"},"down":{"uv":[1,2,2,0],"texture":"#10"}}},{"from":[9.25,8.25,12],"to":[9.75,8.75,12.5],"rotation":{"angle":0,"axis":"y","origin":[0,5.75,-0.5]},"faces":{"north":{"uv":[0,0,1,1],"texture":"#11"},"east":{"uv":[0,0,1,1],"texture":"#11"},"south":{"uv":[0,0,1,1],"texture":"#11"},"west":{"uv":[0,0,1,1],"texture":"#11"},"up":{"uv":[0,0,1,1],"texture":"#11"},"down":{"uv":[0,0,1,1],"texture":"#11"}}},{"from":[9,8.75,11.75],"to":[10,9.25,12.75],"rotation":{"angle":0,"axis":"y","origin":[0,5.75,-0.5]},"faces":{"north":{"uv":[0,0,1,1],"texture":"#7"},"east":{"uv":[0,0,1,1],"texture":"#7"},"south":{"uv":[0,0,1,1],"texture":"#7"},"west":{"uv":[0,0,1,1],"texture":"#7"},"up":{"uv":[0,0,1,1],"texture":"#7"},"down":{"uv":[0,0,1,1],"texture":"#7"}}},{"from":[9.25,9.25,12],"to":[9.75,9.75,12.5],"rotation":{"angle":0,"axis":"y","origin":[0,5.75,-0.5]},"faces":{"north":{"uv":[0,0,1,1],"texture":"#7"},"east":{"uv":[0,0,1,1],"texture":"#7"},"south":{"uv":[0,0,1,1],"texture":"#7"},"west":{"uv":[0,0,1,1],"texture":"#7"},"up":{"uv":[0,0,1,1],"texture":"#7"},"down":{"uv":[0,0,1,1],"texture":"#7"}}},{"from":[9.375,9.75,12.125],"to":[9.625,10.25,12.375],"rotation":{"angle":0,"axis":"y","origin":[0,5.75,-0.5]},"faces":{"north":{"uv":[0,0,1,1],"texture":"#12"},"east":{"uv":[0,0,1,1],"texture":"#12"},"south":{"uv":[0,0,1,1],"texture":"#12"},"west":{"uv":[0,0,1,1],"texture":"#12"},"up":{"uv":[0,0,1,1],"texture":"#12"},"down":{"uv":[0,0,1,1],"texture":"#12"}}},{"from":[5.5,8.25,12],"to":[6,8.75,12.5],"rotation":{"angle":0,"axis":"y","origin":[0,5.75,-0.5]},"faces":{"north":{"uv":[0,0,1,1],"texture":"#11"},"east":{"uv":[0,0,1,1],"texture":"#11"},"south":{"uv":[0,0,1,1],"texture":"#11"},"west":{"uv":[0,0,1,1],"texture":"#11"},"up":{"uv":[0,0,1,1],"texture":"#11"},"down":{"uv":[0,0,1,1],"texture":"#11"}}},{"from":[5.25,8.75,11.75],"to":[6.25,9.25,12.75],"rotation":{"angle":0,"axis":"y","origin":[0,5.75,-0.5]},"faces":{"north":{"uv":[0,0,1,1],"texture":"#7"},"east":{"uv":[0,0,1,1],"texture":"#7"},"south":{"uv":[0,0,1,1],"texture":"#7"},"west":{"uv":[0,0,1,1],"texture":"#7"},"up":{"uv":[0,0,1,1],"texture":"#7"},"down":{"uv":[0,0,1,1],"texture":"#7"}}},{"from":[5.5,9.25,12],"to":[6,9.75,12.5],"rotation":{"angle":0,"axis":"y","origin":[0,5.75,-0.5]},"faces":{"north":{"uv":[0,0,1,1],"texture":"#7"},"east":{"uv":[0,0,1,1],"texture":"#7"},"south":{"uv":[0,0,1,1],"texture":"#7"},"west":{"uv":[0,0,1,1],"texture":"#7"},"up":{"uv":[0,0,1,1],"texture":"#7"},"down":{"uv":[0,0,1,1],"texture":"#7"}}},{"from":[5.625,9.75,12.125],"to":[5.875,10.25,12.375],"rotation":{"angle":0,"axis":"y","origin":[0,5.75,-0.5]},"faces":{"north":{"uv":[0,0,1,1],"texture":"#12"},"east":{"uv":[0,0,1,1],"texture":"#12"},"south":{"uv":[0,0,1,1],"texture":"#12"},"west":{"uv":[0,0,1,1],"texture":"#12"},"up":{"uv":[0,0,1,1],"texture":"#12"},"down":{"uv":[0,0,1,1],"texture":"#12"}}},{"from":[4.875,9.4375,10.25],"to":[5.25,9.9375,10.625],"rotation":{"angle":0,"axis":"y","origin":[0,4.75,-0.5]},"faces":{"north":{"uv":[0,0,1,1],"texture":"#11"},"east":{"uv":[0,0,1,1],"texture":"#11"},"south":{"uv":[0,0,1,1],"texture":"#11"},"west":{"uv":[0,0,1,1],"texture":"#11"},"up":{"uv":[0,0,1,1],"texture":"#11"},"down":{"uv":[0,0,1,1],"texture":"#11"}}},{"from":[5.375,8.9375,10.25],"to":[5.75,9.4375,10.625],"rotation":{"angle":0,"axis":"y","origin":[0,4.75,-0.5]},"faces":{"north":{"uv":[0,0,1,1],"texture":"#11"},"east":{"uv":[0,0,1,1],"texture":"#11"},"south":{"uv":[0,0,1,1],"texture":"#11"},"west":{"uv":[0,0,1,1],"texture":"#11"},"up":{"uv":[0,0,1,1],"texture":"#11"},"down":{"uv":[0,0,1,1],"texture":"#11"}}},{"from":[4.99686,9.23169,10.25],"to":[5.70397,9.66919,10.625],"rotation":{"angle":-45,"axis":"z","origin":[5.18436,9.48169,10.4375]},"faces":{"north":{"uv":[0,0,1,1],"texture":"#11"},"east":{"uv":[0,0,1,1],"texture":"#11"},"south":{"uv":[0,0,1,1],"texture":"#11"},"west":{"uv":[0,0,1,1],"texture":"#11"},"up":{"uv":[0,0,1,1],"texture":"#11"},"down":{"uv":[0,0,1,1],"texture":"#11"}}},{"from":[4.75,9.9375,10.125],"to":[5.375,10.4375,10.75],"rotation":{"angle":0,"axis":"y","origin":[0,4.75,-0.5]},"faces":{"north":{"uv":[0,0,1,1],"texture":"#7"},"east":{"uv":[0,0,1,1],"texture":"#7"},"south":{"uv":[0,0,1,1],"texture":"#7"},"west":{"uv":[0,0,1,1],"texture":"#7"},"up":{"uv":[0,0,1,1],"texture":"#7"},"down":{"uv":[0,0,1,1],"texture":"#7"}}},{"from":[4.875,10.4375,10.25],"to":[5.25,10.9375,10.625],"rotation":{"angle":0,"axis":"y","origin":[0,4.75,-0.5]},"faces":{"north":{"uv":[0,0,1,1],"texture":"#7"},"east":{"uv":[0,0,1,1],"texture":"#7"},"south":{"uv":[0,0,1,1],"texture":"#7"},"west":{"uv":[0,0,1,1],"texture":"#7"},"up":{"uv":[0,0,1,1],"texture":"#7"},"down":{"uv":[0,0,1,1],"texture":"#7"}}},{"from":[6.5,8.5,11.75],"to":[8.75,9.75,12.25],"rotation":{"angle":0,"axis":"y","origin":[0,5.75,-0.5]},"faces":{"north":{"uv":[0,0,1,1],"texture":"#11"},"east":{"uv":[0,0,1,1],"texture":"#11"},"south":{"uv":[0,0,1,1],"texture":"#11"},"west":{"uv":[0,0,1,1],"texture":"#11"},"up":{"uv":[0,0,1,1],"texture":"#11"},"down":{"uv":[0,0,1,1],"texture":"#11"}}},{"from":[7.3125,8.6875,12.25],"to":[7.9375,9.625,12.3125],"rotation":{"angle":0,"axis":"y","origin":[0,5.75,-0.5]},"faces":{"north":{"uv":[0,0,1,1],"texture":"#11"},"east":{"uv":[0,0,1,1],"texture":"#11"},"south":{"uv":[11.25,11.875,11.875,12.75],"texture":"#22"},"west":{"uv":[0,0,1,1],"texture":"#11"},"up":{"uv":[0,0,1,1],"texture":"#11"},"down":{"uv":[0,0,1,1],"texture":"#11"}}},{"from":[7.8125,17.4375,10.75],"to":[8.4375,18.375,11.3125],"rotation":{"angle":0,"axis":"y","origin":[0,5.75,-0.5]},"faces":{"north":{"uv":[0,0,1,1],"texture":"#11"},"east":{"uv":[0,0,1,1],"texture":"#11"},"south":{"uv":[11.625,3.6875,12.1875,4.5],"texture":"#22"},"west":{"uv":[0,0,1,1],"texture":"#11"},"up":{"uv":[0,0,1,1],"texture":"#11"},"down":{"uv":[0,0,1,1],"texture":"#11"}}},{"from":[6.75,8,11.75],"to":[8.5,8.5,12.25],"rotation":{"angle":0,"axis":"y","origin":[0,5.75,-0.5]},"faces":{"north":{"uv":[0,0,1,1],"texture":"#11"},"east":{"uv":[0,0,1,1],"texture":"#11"},"south":{"uv":[0,0,1,1],"texture":"#11"},"west":{"uv":[0,0,1,1],"texture":"#11"},"up":{"uv":[0,0,1,1],"texture":"#11"},"down":{"uv":[0,0,1,1],"texture":"#11"}}},{"from":[6.25,9.75,11.5],"to":[9,10.25,12.75],"rotation":{"angle":0,"axis":"y","origin":[0,5.75,-0.5]},"faces":{"north":{"uv":[0,0,1,1],"texture":"#7"},"east":{"uv":[0,0,1,1],"texture":"#7"},"south":{"uv":[0,0,1,1],"texture":"#7"},"west":{"uv":[0,0,1,1],"texture":"#7"},"up":{"uv":[0,0,1,1],"texture":"#7"},"down":{"uv":[0,0,1,1],"texture":"#7"}}},{"from":[6.75,10.25,11.625],"to":[8.5,10.75,12.625],"rotation":{"angle":0,"axis":"y","origin":[0,5.75,-0.5]},"faces":{"north":{"uv":[0,0,1,1],"texture":"#7"},"east":{"uv":[0,0,1,1],"texture":"#7"},"south":{"uv":[0,0,1,1],"texture":"#7"},"west":{"uv":[0,0,1,1],"texture":"#7"},"up":{"uv":[0,0,1,1],"texture":"#7"},"down":{"uv":[0,0,1,1],"texture":"#7"}}},{"from":[7.25,10.75,11.75],"to":[8,11.25,12.5],"rotation":{"angle":0,"axis":"y","origin":[0,5.75,-0.5]},"faces":{"north":{"uv":[0,0,1,1],"texture":"#7"},"east":{"uv":[0,0,1,1],"texture":"#7"},"south":{"uv":[0,0,1,1],"texture":"#7"},"west":{"uv":[0,0,1,1],"texture":"#7"},"up":{"uv":[0,0,1,1],"texture":"#7"},"down":{"uv":[0,0,1,1],"texture":"#7"}}},{"from":[7.5,11.25,12.125],"to":[7.75,11.75,12.375],"rotation":{"angle":0,"axis":"y","origin":[0,5.75,-0.5]},"faces":{"north":{"uv":[0,0,1,1],"texture":"#12"},"east":{"uv":[0,0,1,1],"texture":"#12"},"south":{"uv":[0,0,1,1],"texture":"#12"},"west":{"uv":[0,0,1,1],"texture":"#12"},"up":{"uv":[0,0,1,1],"texture":"#12"},"down":{"uv":[0,0,1,1],"texture":"#12"}}},{"from":[7,12.5,11.375],"to":[7.25,13,11.625],"rotation":{"angle":0,"axis":"y","origin":[0,5.75,-0.5]},"faces":{"north":{"uv":[0,0,1,1],"texture":"#12"},"east":{"uv":[0,0,1,1],"texture":"#12"},"south":{"uv":[0,0,1,1],"texture":"#12"},"west":{"uv":[0,0,1,1],"texture":"#12"},"up":{"uv":[0,0,1,1],"texture":"#12"},"down":{"uv":[0,0,1,1],"texture":"#12"}}},{"from":[6.5,11.5,11.125],"to":[7.75,12,11.875],"rotation":{"angle":0,"axis":"y","origin":[0,5.75,-0.5]},"faces":{"north":{"uv":[0,0,1,1],"texture":"#7"},"east":{"uv":[0,0,1,1],"texture":"#7"},"south":{"uv":[0,0,1,1],"texture":"#7"},"west":{"uv":[0,0,1,1],"texture":"#7"},"up":{"uv":[0,0,1,1],"texture":"#7"},"down":{"uv":[0,0,1,1],"texture":"#7"}}},{"from":[6.25,11,11],"to":[8,11.5,12],"rotation":{"angle":0,"axis":"y","origin":[0,5.75,-0.5]},"faces":{"north":{"uv":[0,0,1,1],"texture":"#7"},"east":{"uv":[0,0,1,1],"texture":"#7"},"south":{"uv":[0,0,1,1],"texture":"#7"},"west":{"uv":[0,0,1,1],"texture":"#7"},"up":{"uv":[0,0,1,1],"texture":"#7"},"down":{"uv":[0,0,1,1],"texture":"#7"}}},{"from":[6.5,9.75,11.125],"to":[7.75,11,11.875],"rotation":{"angle":0,"axis":"y","origin":[0,5.75,-0.5]},"faces":{"north":{"uv":[0,0,1,1],"texture":"#11"},"east":{"uv":[0,0,1,1],"texture":"#11"},"south":{"uv":[0,0,1,1],"texture":"#11"},"west":{"uv":[0,0,1,1],"texture":"#11"},"up":{"uv":[0,0,1,1],"texture":"#11"},"down":{"uv":[0,0,1,1],"texture":"#11"}}},{"from":[6.75,6,10.125],"to":[8.5,8,12.125],"rotation":{"angle":0,"axis":"y","origin":[0,5.75,-0.5]},"faces":{"north":{"uv":[0,0,1,1],"texture":"#13"},"east":{"uv":[0,0,1,1],"texture":"#13"},"south":{"uv":[0,0,1,1],"texture":"#13"},"west":{"uv":[0,0,1,1],"texture":"#13"},"up":{"uv":[0,0,1,1],"texture":"#13"},"down":{"uv":[0,0,1,1],"texture":"#13"}}},{"from":[6.75,12,11.25],"to":[7.5,12.5,11.75],"rotation":{"angle":0,"axis":"y","origin":[0,5.75,-0.5]},"faces":{"north":{"uv":[0,0,1,1],"texture":"#7"},"east":{"uv":[0,0,1,1],"texture":"#7"},"south":{"uv":[0,0,1,1],"texture":"#7"},"west":{"uv":[0,0,1,1],"texture":"#7"},"up":{"uv":[0,0,1,1],"texture":"#7"},"down":{"uv":[0,0,1,1],"texture":"#7"}}},{"from":[8,19.8125,10.375],"to":[8.25,20.5,10.625],"rotation":{"angle":0,"axis":"y","origin":[8.125,18.75,16]},"faces":{"north":{"uv":[0,0,1,1],"texture":"#12"},"east":{"uv":[0,0,1,1],"texture":"#12"},"south":{"uv":[0,0,1,1],"texture":"#12"},"west":{"uv":[0,0,1,1],"texture":"#12"},"up":{"uv":[0,0,1,1],"texture":"#12"},"down":{"uv":[0,0,1,1],"texture":"#12"}}},{"from":[8.0625,20.3125,10.4375],"to":[8.1875,21,10.5625],"rotation":{"angle":0,"axis":"y","origin":[8.125,18.75,16]},"faces":{"north":{"uv":[0,0,1,1],"texture":"#12"},"east":{"uv":[0,0,1,1],"texture":"#12"},"south":{"uv":[0,0,1,1],"texture":"#12"},"west":{"uv":[0,0,1,1],"texture":"#12"},"up":{"uv":[0,0,1,1],"texture":"#12"},"down":{"uv":[0,0,1,1],"texture":"#12"}}},{"from":[7.6875,18.5,10],"to":[8.5625,19.125,11],"rotation":{"angle":0,"axis":"y","origin":[8.125,18.75,16]},"faces":{"north":{"uv":[0,0,1,1],"texture":"#7"},"east":{"uv":[0,0,1,1],"texture":"#7"},"south":{"uv":[0,0,1,1],"texture":"#7"},"west":{"uv":[0,0,1,1],"texture":"#7"},"up":{"uv":[0,0,1,1],"texture":"#7"},"down":{"uv":[0,0,1,1],"texture":"#7"}}},{"from":[7.4375,18,9.75],"to":[8.8125,18.5,11.25],"rotation":{"angle":0,"axis":"y","origin":[8.125,18.75,16]},"faces":{"north":{"uv":[0,0,1,1],"texture":"#7"},"east":{"uv":[0,0,1,1],"texture":"#7"},"south":{"uv":[0,0,1,1],"texture":"#7"},"west":{"uv":[0,0,1,1],"texture":"#7"},"up":{"uv":[0,0,1,1],"texture":"#7"},"down":{"uv":[0,0,1,1],"texture":"#7"}}},{"from":[7.5,8.5,9.875],"to":[8.75,15.25,11.125],"rotation":{"angle":0,"axis":"y","origin":[0,5.75,3.5]},"faces":{"north":{"uv":[0,0,1,1],"texture":"#11"},"east":{"uv":[0,0,1,1],"texture":"#11"},"south":{"uv":[0,0,1,1],"texture":"#11"},"west":{"uv":[0,0,1,1],"texture":"#11"},"up":{"uv":[0,0,1,1],"texture":"#11"},"down":{"uv":[0,0,1,1],"texture":"#11"}}},{"from":[7.875,19.125,10.25],"to":[8.375,19.875,10.75],"rotation":{"angle":0,"axis":"y","origin":[8.125,18.75,16]},"faces":{"north":{"uv":[0,0,1,1],"texture":"#7"},"east":{"uv":[0,0,1,1],"texture":"#7"},"south":{"uv":[0,0,1,1],"texture":"#7"},"west":{"uv":[0,0,1,1],"texture":"#7"},"up":{"uv":[0,0,1,1],"texture":"#7"},"down":{"uv":[0,0,1,1],"texture":"#7"}}},{"from":[7.75,15.5,10],"to":[8.5,16.75,11],"rotation":{"angle":0,"axis":"y","origin":[0,5.75,3.5]},"faces":{"north":{"uv":[0,0,1,1],"texture":"#11"},"east":{"uv":[0,0,1,1],"texture":"#11"},"south":{"uv":[0,0,1,1],"texture":"#11"},"west":{"uv":[0,0,1,1],"texture":"#11"},"up":{"uv":[0,0,1,1],"texture":"#11"},"down":{"uv":[0,0,1,1],"texture":"#11"}}},{"from":[7.4375,15.25,9.6875],"to":[8.8125,15.5,11.3125],"rotation":{"angle":0,"axis":"y","origin":[0,5.75,3.5]},"faces":{"north":{"uv":[0,0,1,1],"texture":"#13"},"east":{"uv":[0,0,1,1],"texture":"#13"},"south":{"uv":[0,0,1,1],"texture":"#13"},"west":{"uv":[0,0,1,1],"texture":"#13"},"up":{"uv":[0,0,1,1],"texture":"#13"},"down":{"uv":[0,0,1,1],"texture":"#13"}}},{"from":[7.3125,14.1875,9.75],"to":[8.9375,14.5,11.25],"rotation":{"angle":0,"axis":"y","origin":[0,5.75,3.5]},"faces":{"north":{"uv":[0,0,1,1],"texture":"#13"},"east":{"uv":[0,0,1,1],"texture":"#13"},"south":{"uv":[0,0,1,1],"texture":"#13"},"west":{"uv":[0,0,1,1],"texture":"#13"},"up":{"uv":[0,0,1,1],"texture":"#13"},"down":{"uv":[0,0,1,1],"texture":"#13"}}},{"from":[7.5,16.75,9.875],"to":[8.75,17.25,11.125],"rotation":{"angle":0,"axis":"y","origin":[0,5.75,3.5]},"faces":{"north":{"uv":[0,0,1,1],"texture":"#13"},"east":{"uv":[0,0,1,1],"texture":"#13"},"south":{"uv":[0,0,1,1],"texture":"#13"},"west":{"uv":[0,0,1,1],"texture":"#13"},"up":{"uv":[0,0,1,1],"texture":"#13"},"down":{"uv":[0,0,1,1],"texture":"#13"}}},{"from":[7.5625,17.25,10.125],"to":[8.6875,18.125,10.875],"rotation":{"angle":0,"axis":"y","origin":[0,5.75,3.5]},"faces":{"north":{"uv":[0,0,1,1],"texture":"#11"},"east":{"uv":[0,0,1,1],"texture":"#11"},"south":{"uv":[0,0,1,1],"texture":"#11"},"west":{"uv":[0,0,1,1],"texture":"#11"},"up":{"uv":[0,0,1,1],"texture":"#11"},"down":{"uv":[0,0,1,1],"texture":"#11"}}},{"from":[5.75,14.625,10.25],"to":[6.25,15.125,10.75],"rotation":{"angle":0,"axis":"y","origin":[8.125,18.75,16]},"faces":{"north":{"uv":[0,0,1,1],"texture":"#7"},"east":{"uv":[0,0,1,1],"texture":"#7"},"south":{"uv":[0,0,1,1],"texture":"#7"},"west":{"uv":[0,0,1,1],"texture":"#7"},"up":{"uv":[0,0,1,1],"texture":"#7"},"down":{"uv":[0,0,1,1],"texture":"#7"}}},{"from":[5.6875,8,10.1875],"to":[6.3125,13.5,10.8125],"rotation":{"angle":0,"axis":"y","origin":[0,5.75,3.5]},"faces":{"north":{"uv":[0,0,1,1],"texture":"#11"},"east":{"uv":[0,0,1,1],"texture":"#11"},"south":{"uv":[0,0,1,1],"texture":"#11"},"west":{"uv":[0,0,1,1],"texture":"#11"},"up":{"uv":[0,0,1,1],"texture":"#11"},"down":{"uv":[0,0,1,1],"texture":"#11"}}},{"from":[5.4375,11.5,9.9375],"to":[6.5625,12.25,11.0625],"rotation":{"angle":0,"axis":"y","origin":[0,5.75,3.5]},"faces":{"north":{"uv":[0,0,1,1],"texture":"#11"},"east":{"uv":[0,0,1,1],"texture":"#11"},"south":{"uv":[0,0,1,1],"texture":"#11"},"west":{"uv":[0,0,1,1],"texture":"#11"},"up":{"uv":[0,0,1,1],"texture":"#11"},"down":{"uv":[0,0,1,1],"texture":"#11"}}},{"from":[5.5,12.25,10],"to":[6.5,12.3125,11],"rotation":{"angle":0,"axis":"y","origin":[0,5.75,3.5]},"faces":{"north":{"uv":[0,0,1,1],"texture":"#13"},"east":{"uv":[0,0,1,1],"texture":"#13"},"south":{"uv":[0,0,1,1],"texture":"#13"},"west":{"uv":[0,0,1,1],"texture":"#13"},"up":{"uv":[0,0,1,1],"texture":"#13"},"down":{"uv":[0,0,1,1],"texture":"#13"}}},{"from":[5.5,11.4375,10],"to":[6.5,11.5,11],"rotation":{"angle":0,"axis":"y","origin":[0,5.75,3.5]},"faces":{"north":{"uv":[0,0,1,1],"texture":"#13"},"east":{"uv":[0,0,1,1],"texture":"#13"},"south":{"uv":[0,0,1,1],"texture":"#13"},"west":{"uv":[0,0,1,1],"texture":"#13"},"up":{"uv":[0,0,1,1],"texture":"#13"},"down":{"uv":[0,0,1,1],"texture":"#13"}}},{"from":[5.4375,13.5,9.9375],"to":[6.5625,14,11.0625],"rotation":{"angle":0,"axis":"y","origin":[8.125,18.75,16]},"faces":{"north":{"uv":[0,0,1,1],"texture":"#7"},"east":{"uv":[0,0,1,1],"texture":"#7"},"south":{"uv":[0,0,1,1],"texture":"#7"},"west":{"uv":[0,0,1,1],"texture":"#7"},"up":{"uv":[0,0,1,1],"texture":"#7"},"down":{"uv":[0,0,1,1],"texture":"#7"}}},{"from":[5.625,14,10.125],"to":[6.375,14.625,10.875],"rotation":{"angle":0,"axis":"y","origin":[8.125,18.75,16]},"faces":{"north":{"uv":[0,0,1,1],"texture":"#7"},"east":{"uv":[0,0,1,1],"texture":"#7"},"south":{"uv":[0,0,1,1],"texture":"#7"},"west":{"uv":[0,0,1,1],"texture":"#7"},"up":{"uv":[0,0,1,1],"texture":"#7"},"down":{"uv":[0,0,1,1],"texture":"#7"}}},{"from":[5.875,15.0625,10.375],"to":[6.125,15.75,10.625],"rotation":{"angle":0,"axis":"y","origin":[8.125,18.75,16]},"faces":{"north":{"uv":[0,0,1,1],"texture":"#12"},"east":{"uv":[0,0,1,1],"texture":"#12"},"south":{"uv":[0,0,1,1],"texture":"#12"},"west":{"uv":[0,0,1,1],"texture":"#12"},"up":{"uv":[0,0,1,1],"texture":"#12"},"down":{"uv":[0,0,1,1],"texture":"#12"}}},{"from":[9.1875,8.5,10.1875],"to":[9.8125,12,10.8125],"rotation":{"angle":0,"axis":"y","origin":[0,5.75,3.5]},"faces":{"north":{"uv":[0,0,1,1],"texture":"#11"},"east":{"uv":[0,0,1,1],"texture":"#11"},"south":{"uv":[0,0,1,1],"texture":"#11"},"west":{"uv":[0,0,1,1],"texture":"#11"},"up":{"uv":[0,0,1,1],"texture":"#11"},"down":{"uv":[0,0,1,1],"texture":"#11"}}},{"from":[8.9375,10,9.9375],"to":[10.0625,10.75,11.0625],"rotation":{"angle":0,"axis":"y","origin":[0,5.75,3.5]},"faces":{"north":{"uv":[0,0,1,1],"texture":"#11"},"east":{"uv":[0,0,1,1],"texture":"#11"},"south":{"uv":[0,0,1,1],"texture":"#11"},"west":{"uv":[0,0,1,1],"texture":"#11"},"up":{"uv":[0,0,1,1],"texture":"#11"},"down":{"uv":[0,0,1,1],"texture":"#11"}}},{"from":[8.9375,12,9.9375],"to":[10.0625,12.5,11.0625],"rotation":{"angle":0,"axis":"y","origin":[8.125,18.75,16]},"faces":{"north":{"uv":[0,0,1,1],"texture":"#7"},"east":{"uv":[0,0,1,1],"texture":"#7"},"south":{"uv":[0,0,1,1],"texture":"#7"},"west":{"uv":[0,0,1,1],"texture":"#7"},"up":{"uv":[0,0,1,1],"texture":"#7"},"down":{"uv":[0,0,1,1],"texture":"#7"}}},{"from":[9.25,13.125,10.25],"to":[9.75,13.625,10.75],"rotation":{"angle":0,"axis":"y","origin":[8.125,18.75,16]},"faces":{"north":{"uv":[0,0,1,1],"texture":"#7"},"east":{"uv":[0,0,1,1],"texture":"#7"},"south":{"uv":[0,0,1,1],"texture":"#7"},"west":{"uv":[0,0,1,1],"texture":"#7"},"up":{"uv":[0,0,1,1],"texture":"#7"},"down":{"uv":[0,0,1,1],"texture":"#7"}}},{"from":[9.125,12.5,10.125],"to":[9.875,13.125,10.875],"rotation":{"angle":0,"axis":"y","origin":[8.125,18.75,16]},"faces":{"north":{"uv":[0,0,1,1],"texture":"#7"},"east":{"uv":[0,0,1,1],"texture":"#7"},"south":{"uv":[0,0,1,1],"texture":"#7"},"west":{"uv":[0,0,1,1],"texture":"#7"},"up":{"uv":[0,0,1,1],"texture":"#7"},"down":{"uv":[0,0,1,1],"texture":"#7"}}},{"from":[9.375,13.5625,10.375],"to":[9.625,14.25,10.625],"rotation":{"angle":0,"axis":"y","origin":[8.125,18.75,16]},"faces":{"north":{"uv":[0,0,1,1],"texture":"#12"},"east":{"uv":[0,0,1,1],"texture":"#12"},"south":{"uv":[0,0,1,1],"texture":"#12"},"west":{"uv":[0,0,1,1],"texture":"#12"},"up":{"uv":[0,0,1,1],"texture":"#12"},"down":{"uv":[0,0,1,1],"texture":"#12"}}}],"display":{"thirdperson_righthand":{"rotation":[73,0,0],"translation":[-6,-7.749,8.3913],"scale":[0.82,0.82,0.82]},"thirdperson_lefthand":{"rotation":[73,0,0],"translation":[-6,-7.749,8.3913],"scale":[0.82,0.82,0.82]},"firstperson_righthand":{"translation":[-9,-1.25,13],"scale":[2.25,0.85,1.05]},"firstperson_lefthand":{"translation":[-9,-1.25,13],"scale":[2.25,0.85,1.05]},"ground":{"translation":[0,3,0],"scale":[0.7,0.7,0.7]},"gui":{"rotation":[15,-34,0],"translation":[-0.5,-0.5,0],"scale":[0.7,0.7,0.7]},"head":{"scale":[1.3,1.3,1.3]},"fixed":{"rotation":[6,-180,0],"translation":[0,0,-3.5]}},"groups":[0,1,2,3,4,5,6,7,8,9,10,11,12,13,14,15,16,17,18,19,20,21,22,23,24,25,26,27,28,29,30,31,32,33,34,35,36,37,38,39,40,41,42,43,44,45,46,47,48,{"name":"group","origin":[4,8.5,10.03125],"color":0,"nbt":"{}","armAnimationEnabled":false,"children":[]},{"name":"group","origin":[16,0,0],"color":0,"nbt":"{}","armAnimationEnabled":false,"children":[]},{"name":"group","origin":[16,0,0],"color":0,"nbt":"{}","armAnimationEnabled":false,"children":[49,50,51,52,53,54]},{"name":"group","origin":[0,0,0],"color":0,"nbt":"{}","armAnimationEnabled":false,"children":[55,56,57,58,59,60,61,62,63,64,65,66,67,68,69,70,71,72,73,74,75,76,77,78,79,80,81,82,83,84,85,86,87,88,89,90,91,92,93,94,95,96,97,98,99,100,101,102,103,104,105,106,107,108,109,110,111,112,113,114,115,116,117,118,119,120,121,122,123,124,125,126,127,128,129,130,131,132,133,134,135,136,137,138,139,140,141,142]}]}