{"credit":"Made with Blockbench by Valvac","textures":{"0":"block/gray_wool","4":"block/light_gray_concrete","5":"block/black_concrete","6":"block/white_concrete","8":"block/green_concrete","9":"block/blue_concrete_powder","10":"block/brain_coral_block","11":"block/toonstudio","12":"block/lime_concrete","particle":"block/blue_concrete_powder"},"elements":[{"from":[3,-0.5,5],"to":[13,0,10],"faces":{"north":{"uv":[0,0,12,12],"texture":"#5"},"east":{"uv":[0,0,4,12],"texture":"#5"},"south":{"uv":[0,0,12,12],"texture":"#5"},"west":{"uv":[0,0,4,12],"texture":"#5"},"down":{"uv":[0,0,12,4],"texture":"#5"}}},{"from":[11,14,0],"to":[13,15,2],"faces":{"east":{"uv":[4,10,5,11],"texture":"#5"},"west":{"uv":[4,10,5,11],"texture":"#5"},"up":{"uv":[4,10,5,11],"texture":"#5"},"down":{"uv":[4,10,5,11],"texture":"#5"}}},{"from":[11,13.52513,-0.85355],"to":[13,14.93934,0.14645],"rotation":{"angle":45,"axis":"x","origin":[12,13.93934,-0.35355]},"faces":{"north":{"uv":[4,10,5,11],"texture":"#5"},"east":{"uv":[4,10,5,11],"texture":"#5"},"south":{"uv":[4,10,5,11],"texture":"#5"},"west":{"uv":[4,10,5,11],"texture":"#5"}}},{"from":[11.125,11,4.375],"to":[12.875,13.875,5],"faces":{"north":{"uv":[4,10,5,11],"texture":"#0"},"east":{"uv":[4,10,5,11],"texture":"#0"},"west":{"uv":[4,10,5,11],"texture":"#0"},"up":{"uv":[4,10,5,11],"texture":"#0"},"down":{"uv":[4,10,5,11],"texture":"#0"}}},{"from":[11,5,-1],"to":[13,14,-0.25],"faces":{"north":{"uv":[4,10,5,11],"texture":"#5"},"east":{"uv":[4,10,5,11],"texture":"#5"},"south":{"uv":[4,10,5,11],"texture":"#5"},"west":{"uv":[4,10,5,11],"texture":"#5"},"down":{"uv":[4,10,5,11],"texture":"#5"}}},{"from":[11.5,2.7065,1.13918],"to":[12.5,3.3315,5.13918],"rotation":{"angle":22.5,"axis":"x","origin":[0.5,0.7065,0.13918]},"faces":{"east":{"uv":[0,0,5,1],"texture":"#0"},"west":{"uv":[0,0,5,1],"texture":"#0"},"up":{"uv":[0,0,2,5],"texture":"#0"},"down":{"uv":[0,0,2,5],"texture":"#0"}}},{"from":[11,11.93434,2.38476],"to":[13,12.93434,5.38476],"rotation":{"angle":22.5,"axis":"x","origin":[0,14.93434,7.38476]},"faces":{"east":{"uv":[4,10,5,11],"texture":"#5"},"south":{"uv":[4,10,5,11],"texture":"#5"},"west":{"uv":[4,10,5,11],"texture":"#5"},"up":{"uv":[4,10,5,11],"texture":"#5"},"down":{"uv":[4,10,5,11],"texture":"#5"}}},{"from":[11.5,6.29289,-2.12132],"to":[12.5,6.91789,1.87868],"rotation":{"angle":45,"axis":"x","origin":[0.5,4.29289,-3.12132]},"faces":{"east":{"uv":[0,0,5,1],"texture":"#0"},"west":{"uv":[0,0,5,1],"texture":"#0"},"up":{"uv":[0,0,2,5],"texture":"#0"},"down":{"uv":[0,0,2,5],"texture":"#0"}}},{"from":[3.125,11,4.375],"to":[4.875,13.875,5],"rotation":{"angle":0,"axis":"y","origin":[-8,0,0]},"faces":{"north":{"uv":[4,10,5,11],"texture":"#0"},"east":{"uv":[4,10,5,11],"texture":"#0"},"west":{"uv":[4,10,5,11],"texture":"#0"},"up":{"uv":[4,10,5,11],"texture":"#0"},"down":{"uv":[4,10,5,11],"texture":"#0"}}},{"from":[3,11.93434,2.38476],"to":[5,12.93434,5.38476],"rotation":{"angle":22.5,"axis":"x","origin":[-8,14.93434,7.38476]},"faces":{"east":{"uv":[4,10,5,11],"texture":"#5"},"south":{"uv":[4,10,5,11],"texture":"#5"},"west":{"uv":[4,10,5,11],"texture":"#5"},"up":{"uv":[4,10,5,11],"texture":"#5"},"down":{"uv":[4,10,5,11],"texture":"#5"}}},{"from":[3,14,0],"to":[5,15,2],"rotation":{"angle":0,"axis":"y","origin":[-8,0,0]},"faces":{"east":{"uv":[4,10,5,11],"texture":"#5"},"west":{"uv":[4,10,5,11],"texture":"#5"},"up":{"uv":[4,10,5,11],"texture":"#5"},"down":{"uv":[4,10,5,11],"texture":"#5"}}},{"from":[3,5,-1],"to":[5,14,-0.25],"rotation":{"angle":0,"axis":"y","origin":[-8,0,0]},"faces":{"north":{"uv":[4,10,5,11],"texture":"#5"},"east":{"uv":[4,10,5,11],"texture":"#5"},"south":{"uv":[4,10,5,11],"texture":"#5"},"west":{"uv":[4,10,5,11],"texture":"#5"},"down":{"uv":[4,10,5,11],"texture":"#5"}}},{"from":[3.5,6.29289,-2.12132],"to":[4.5,6.91789,1.87868],"rotation":{"angle":45,"axis":"x","origin":[-7.5,4.29289,-3.12132]},"faces":{"east":{"uv":[0,0,5,1],"texture":"#0"},"west":{"uv":[0,0,5,1],"texture":"#0"},"up":{"uv":[0,0,2,5],"texture":"#0"},"down":{"uv":[0,0,2,5],"texture":"#0"}}},{"from":[3.5,2.7065,1.13918],"to":[4.5,3.3315,5.13918],"rotation":{"angle":22.5,"axis":"x","origin":[-7.5,0.7065,0.13918]},"faces":{"east":{"uv":[0,0,5,1],"texture":"#0"},"west":{"uv":[0,0,5,1],"texture":"#0"},"up":{"uv":[0,0,2,5],"texture":"#0"},"down":{"uv":[0,0,2,5],"texture":"#0"}}},{"from":[3,13.52513,-0.85355],"to":[5,14.93934,0.14645],"rotation":{"angle":45,"axis":"x","origin":[4,13.93934,-0.35355]},"faces":{"north":{"uv":[4,10,5,11],"texture":"#5"},"east":{"uv":[4,10,5,11],"texture":"#5"},"south":{"uv":[4,10,5,11],"texture":"#5"},"west":{"uv":[4,10,5,11],"texture":"#5"}}},{"from":[6.5,15.75,6],"to":[9.5,16,7],"faces":{"north":{"uv":[0,0,1,1],"texture":"#0"},"east":{"uv":[0,0,1,1],"texture":"#0"},"south":{"uv":[0,0,1,1],"texture":"#0"},"west":{"uv":[0,0,1,1],"texture":"#0"},"up":{"uv":[0,0,1,1],"texture":"#0"},"down":{"uv":[0,0,1,1],"texture":"#0"}}},{"from":[6.5,15,6],"to":[6.75,15.75,7],"faces":{"north":{"uv":[0,0,1,1],"texture":"#0"},"east":{"uv":[0,0,1,1],"texture":"#0"},"south":{"uv":[0,0,1,1],"texture":"#0"},"west":{"uv":[0,0,1,1],"texture":"#0"}}},{"from":[9.25,15,6],"to":[9.5,15.75,7],"faces":{"north":{"uv":[0,0,1,1],"texture":"#0"},"east":{"uv":[0,0,1,1],"texture":"#0"},"south":{"uv":[0,0,1,1],"texture":"#0"},"west":{"uv":[0,0,1,1],"texture":"#0"}}},{"from":[4,0,10],"to":[12,5,12],"faces":{"north":{"uv":[10,1,11,2],"rotation":90,"texture":"#9"},"east":{"uv":[10,1,11,2],"rotation":90,"texture":"#9"},"south":{"uv":[10,1,11,2],"rotation":90,"texture":"#9"},"west":{"uv":[10,1,11,2],"rotation":90,"texture":"#9"},"up":{"uv":[10,1,11,2],"rotation":90,"texture":"#9"},"down":{"uv":[10,1,11,2],"rotation":90,"texture":"#9"}}},{"from":[9.4375,2.6875,12.0625],"to":[11.1875,3.5625,12.0625],"faces":{"north":{"uv":[10,1,11,2],"rotation":90,"texture":"#9"},"east":{"uv":[10,1,11,2],"rotation":90,"texture":"#9"},"south":{"uv":[8.875,8.625,9.4375,9.70313],"rotation":90,"texture":"#11"},"west":{"uv":[10,1,11,2],"rotation":90,"texture":"#9"},"up":{"uv":[10,1,11,2],"rotation":90,"texture":"#9"},"down":{"uv":[10,1,11,2],"rotation":90,"texture":"#9"}}},{"from":[9.25,1.5,10],"to":[12.125,2.5,12.125],"faces":{"north":{"uv":[8,3,9,4],"rotation":90,"texture":"#9"},"east":{"uv":[8,3,9,4],"rotation":90,"texture":"#9"},"south":{"uv":[8,3,9,4],"rotation":90,"texture":"#9"},"west":{"uv":[8,3,9,4],"rotation":90,"texture":"#9"},"up":{"uv":[8,3,9,4],"rotation":90,"texture":"#9"},"down":{"uv":[8,3,9,4],"rotation":90,"texture":"#9"}}},{"from":[1.875,1.5,4.875],"to":[14.125,2.5,10.125],"faces":{"north":{"uv":[8,3,9,4],"rotation":90,"texture":"#9"},"east":{"uv":[8,3,9,4],"rotation":90,"texture":"#9"},"south":{"uv":[8,3,9,4],"rotation":90,"texture":"#9"},"west":{"uv":[8,3,9,4],"rotation":90,"texture":"#9"},"up":{"uv":[8,3,9,4],"rotation":90,"texture":"#9"},"down":{"uv":[8,3,9,4],"rotation":90,"texture":"#9"}}},{"from":[3.875,1.5,10],"to":[6.75,2.5,12.125],"rotation":{"angle":0,"axis":"y","origin":[16,0,0]},"faces":{"north":{"uv":[8,4,9,3],"rotation":90,"texture":"#9"},"east":{"uv":[8,4,9,3],"rotation":90,"texture":"#9"},"south":{"uv":[8,4,9,3],"rotation":90,"texture":"#9"},"west":{"uv":[8,4,9,3],"rotation":90,"texture":"#9"},"up":{"uv":[8,4,9,3],"rotation":90,"texture":"#9"},"down":{"uv":[8,4,9,3],"rotation":90,"texture":"#9"}}},{"from":[6.875,1.1875,10],"to":[9.125,2.8125,12.25],"faces":{"north":{"uv":[8,3,9,4],"rotation":90,"texture":"#9"},"east":{"uv":[8,3,9,4],"rotation":90,"texture":"#9"},"south":{"uv":[8,3,9,4],"rotation":90,"texture":"#9"},"west":{"uv":[8,3,9,4],"rotation":90,"texture":"#9"},"up":{"uv":[8,3,9,4],"rotation":90,"texture":"#9"},"down":{"uv":[8,3,9,4],"rotation":90,"texture":"#9"}}},{"from":[4,5,10],"to":[12,6,12],"faces":{"north":{"uv":[10,1,11,2],"texture":"#9"},"east":{"uv":[10,1,11,2],"texture":"#9"},"south":{"uv":[10,1,11,2],"texture":"#9"},"west":{"uv":[10,1,11,2],"texture":"#9"},"up":{"uv":[10,1,11,2],"texture":"#9"},"down":{"uv":[10,1,11,2],"texture":"#9"}}},{"from":[5,3.5,12.25],"to":[5.75,4.875,12.5],"faces":{"north":{"uv":[0,0,8,6],"texture":"#4"},"east":{"uv":[0,0,2,6],"texture":"#4"},"south":{"uv":[0,0,8,6],"texture":"#4"},"west":{"uv":[0,0,2,6],"texture":"#4"},"up":{"uv":[0,0,8,2],"texture":"#4"},"down":{"uv":[0,0,8,2],"texture":"#4"}}},{"from":[3.8125,4.25,10],"to":[12.1875,5,12.25],"faces":{"east":{"uv":[0,0,0.25,0.75],"texture":"#0"},"south":{"uv":[0,0,7,0.75],"texture":"#0"},"west":{"uv":[0,0,0.25,0.75],"texture":"#0"},"up":{"uv":[0,0,7,0.25],"texture":"#0"},"down":{"uv":[0,0,7,0.25],"texture":"#0"}}},{"from":[3.9375,5,10],"to":[12.0625,5.5,12.125],"faces":{"east":{"uv":[0,0,0.25,0.75],"texture":"#5"},"south":{"uv":[0,0,7,0.75],"texture":"#5"},"west":{"uv":[0,0,0.25,0.75],"texture":"#5"},"up":{"uv":[0,0,7,0.25],"texture":"#5"}}},{"from":[3.9375,3.75,10],"to":[12.0625,4.25,12.125],"faces":{"east":{"uv":[0,0,0.25,0.75],"texture":"#5"},"south":{"uv":[0,0,7,0.75],"texture":"#5"},"west":{"uv":[0,0,0.25,0.75],"texture":"#5"},"down":{"uv":[0,0,7,0.25],"texture":"#5"}}},{"from":[6,8,10],"to":[10,9,12],"faces":{"north":{"uv":[0.4375,0.4375,1.4375,1.4375],"texture":"#12"},"east":{"uv":[0.4375,0.4375,1.4375,1.4375],"texture":"#12"},"south":{"uv":[0.4375,0.4375,1.4375,1.4375],"texture":"#12"},"west":{"uv":[0.4375,0.4375,1.4375,1.4375],"texture":"#12"},"up":{"uv":[0.4375,0.4375,1.4375,1.4375],"texture":"#12"},"down":{"uv":[0.4375,0.4375,1.4375,1.4375],"texture":"#12"}}},{"from":[5,6.75,10],"to":[11,8,12],"faces":{"north":{"uv":[0.4375,0.4375,1.4375,1.4375],"texture":"#12"},"east":{"uv":[0.4375,0.4375,1.4375,1.4375],"texture":"#12"},"south":{"uv":[0.4375,0.4375,1.4375,1.4375],"texture":"#12"},"west":{"uv":[0.4375,0.4375,1.4375,1.4375],"texture":"#12"},"up":{"uv":[0.4375,0.4375,1.4375,1.4375],"texture":"#12"},"down":{"uv":[0.4375,0.4375,1.4375,1.4375],"texture":"#12"}}},{"from":[2,6.75,5],"to":[14,12,10],"faces":{"north":{"uv":[0.4375,0.4375,1.4375,1.4375],"texture":"#12"},"east":{"uv":[0.4375,0.4375,1.4375,1.4375],"texture":"#12"},"south":{"uv":[0.4375,0.4375,1.4375,1.4375],"texture":"#12"},"west":{"uv":[0.4375,0.4375,1.4375,1.4375],"texture":"#12"},"up":{"uv":[0.4375,0.4375,1.4375,1.4375],"texture":"#12"},"down":{"uv":[0.4375,0.4375,1.4375,1.4375],"texture":"#12"}}},{"from":[2,0,5],"to":[14,6,10],"faces":{"north":{"uv":[10,1,11,2],"texture":"#9"},"east":{"uv":[10,1,11,2],"texture":"#9"},"south":{"uv":[10,1,11,2],"texture":"#9"},"west":{"uv":[10,1,11,2],"texture":"#9"},"up":{"uv":[10,1,11,2],"texture":"#9"},"down":{"uv":[10,1,11,2],"texture":"#9"}}},{"from":[3,12,5],"to":[13,14,10],"faces":{"north":{"uv":[0.4375,0.4375,1.4375,1.4375],"texture":"#12"},"east":{"uv":[0.4375,0.4375,1.4375,1.4375],"texture":"#12"},"south":{"uv":[0.4375,0.4375,1.4375,1.4375],"texture":"#12"},"west":{"uv":[0.4375,0.4375,1.4375,1.4375],"texture":"#12"},"up":{"uv":[0.4375,0.4375,1.4375,1.4375],"texture":"#12"},"down":{"uv":[0.4375,0.4375,1.4375,1.4375],"texture":"#12"}}},{"from":[4,14,5],"to":[12,15,10],"faces":{"north":{"uv":[0.4375,0.4375,1.4375,1.4375],"texture":"#12"},"east":{"uv":[0.4375,0.4375,1.4375,1.4375],"texture":"#12"},"south":{"uv":[0.4375,0.4375,1.4375,1.4375],"texture":"#12"},"west":{"uv":[0.4375,0.4375,1.4375,1.4375],"texture":"#12"},"up":{"uv":[0.4375,0.4375,1.4375,1.4375],"texture":"#12"},"down":{"uv":[0.4375,0.4375,1.4375,1.4375],"texture":"#12"}}},{"from":[7,11.625,10],"to":[9,13.625,10.0925],"rotation":{"angle":0,"axis":"y","origin":[16,0.0625,0]},"faces":{"north":{"uv":[0,0,0,0],"texture":"#6"},"east":{"uv":[0,0,0,0],"texture":"#6"},"south":{"uv":[1.34375,6.14063,0.125,7.39063],"texture":"#6"},"west":{"uv":[0,0,0,0],"texture":"#6"},"up":{"uv":[0,0,0,0],"texture":"#6"},"down":{"uv":[0,0,0,0],"texture":"#6"}}},{"from":[7.5,12.125,10],"to":[8.5,13.125,10.155],"rotation":{"angle":0,"axis":"y","origin":[16,0.0625,0]},"faces":{"north":{"uv":[0,0,0,0],"texture":"#5"},"east":{"uv":[0,0,0,0],"texture":"#5"},"south":{"uv":[1.34375,6.14063,0.125,7.39063],"texture":"#5"},"west":{"uv":[0,0,0,0],"texture":"#5"},"up":{"uv":[0,0,0,0],"texture":"#5"},"down":{"uv":[0,0,0,0],"texture":"#5"}}},{"from":[9.5,11.125,10],"to":[11.5,13.125,10.0925],"rotation":{"angle":0,"axis":"y","origin":[16,0.0625,0]},"faces":{"north":{"uv":[0,0,0,0],"texture":"#6"},"east":{"uv":[0,0,0,0],"texture":"#6"},"south":{"uv":[1.34375,6.14063,0.125,7.39063],"texture":"#6"},"west":{"uv":[0,0,0,0],"texture":"#6"},"up":{"uv":[0,0,0,0],"texture":"#6"},"down":{"uv":[0,0,0,0],"texture":"#6"}}},{"from":[5.25,11.625,10],"to":[6.25,12.625,10.155],"rotation":{"angle":0,"axis":"y","origin":[0,0.0625,0]},"faces":{"north":{"uv":[0,0,0,0],"texture":"#5"},"east":{"uv":[0,0,0,0],"texture":"#5"},"south":{"uv":[0.125,6.14063,1.34375,7.39063],"texture":"#5"},"west":{"uv":[0,0,0,0],"texture":"#5"},"up":{"uv":[0,0,0,0],"texture":"#5"},"down":{"uv":[0,0,0,0],"texture":"#5"}}},{"from":[9.75,11.625,10],"to":[10.75,12.625,10.155],"rotation":{"angle":0,"axis":"y","origin":[16,0.0625,0]},"faces":{"north":{"uv":[0,0,0,0],"texture":"#5"},"east":{"uv":[0,0,0,0],"texture":"#5"},"south":{"uv":[1.34375,6.14063,0.125,7.39063],"texture":"#5"},"west":{"uv":[0,0,0,0],"texture":"#5"},"up":{"uv":[0,0,0,0],"texture":"#5"},"down":{"uv":[0,0,0,0],"texture":"#5"}}},{"from":[4.5,11.125,10],"to":[6.5,13.125,10.0925],"rotation":{"angle":0,"axis":"y","origin":[0,0.0625,0]},"faces":{"north":{"uv":[0,0,0,0],"texture":"#6"},"east":{"uv":[0,0,0,0],"texture":"#6"},"south":{"uv":[0.125,6.14063,1.34375,7.39063],"texture":"#6"},"west":{"uv":[0,0,0,0],"texture":"#6"},"up":{"uv":[0,0,0,0],"texture":"#6"},"down":{"uv":[0,0,0,0],"texture":"#6"}}},{"from":[2,6,5],"to":[14,6.75,7],"faces":{"north":{"uv":[3,4,4,5],"texture":"#10"},"east":{"uv":[3,4,4,5],"texture":"#10"},"south":{"uv":[3,4,4,5],"texture":"#10"},"west":{"uv":[3,4,4,5],"texture":"#10"},"up":{"uv":[3,4,4,5],"texture":"#10"},"down":{"uv":[3,4,4,5],"texture":"#10"}}},{"from":[2,6,7],"to":[14,6.75,10],"faces":{"north":{"uv":[3,4,4,5],"texture":"#10"},"east":{"uv":[3,4,4,5],"texture":"#10"},"south":{"uv":[3,4,4,5],"texture":"#10"},"west":{"uv":[3,4,4,5],"texture":"#10"},"up":{"uv":[3,4,4,5],"texture":"#10"},"down":{"uv":[3,4,4,5],"texture":"#10"}}},{"from":[5,6,10],"to":[11,6.75,12],"faces":{"north":{"uv":[3,4,4,5],"texture":"#10"},"east":{"uv":[3,4,4,5],"texture":"#10"},"south":{"uv":[3,4,4,5],"texture":"#10"},"west":{"uv":[3,4,4,5],"texture":"#10"},"up":{"uv":[3,4,4,5],"texture":"#10"},"down":{"uv":[3,4,4,5],"texture":"#10"}}},{"from":[1.875,5,8.625],"to":[14.125,12.125,9.625],"faces":{"north":{"uv":[0,0,12.25,7.125],"texture":"#0"},"east":{"uv":[0,0,1,7.125],"texture":"#0"},"south":{"uv":[0,0,12.25,7.125],"texture":"#0"},"west":{"uv":[0,0,1,7.125],"texture":"#0"},"up":{"uv":[0,0,1,12.25],"rotation":90,"texture":"#0"},"down":{"uv":[0,0,12.25,1],"texture":"#0"}}},{"from":[1.625,4.25,8.75],"to":[1.875,5.625,9.5],"faces":{"north":{"uv":[0,0,12,12],"texture":"#4"},"east":{"uv":[0,0,4,12],"texture":"#4"},"south":{"uv":[0,0,12,12],"texture":"#4"},"west":{"uv":[0,0,4,12],"texture":"#4"},"down":{"uv":[0,0,12,4],"texture":"#4"}}},{"from":[1.5,4.5,8.75],"to":[1.75,5.875,9.5],"rotation":{"angle":-22.5,"axis":"z","origin":[1.75,5.3125,9.125]},"faces":{"north":{"uv":[0,0,12,12],"texture":"#4"},"east":{"uv":[0,0,4,12],"texture":"#4"},"south":{"uv":[0,0,12,12],"texture":"#4"},"west":{"uv":[0,0,4,12],"texture":"#4"},"up":{"uv":[0,0,12,4],"texture":"#4"},"down":{"uv":[0,0,12,4],"texture":"#4"}}},{"from":[2.875,12.125,8.625],"to":[13.125,14.125,9.625],"faces":{"east":{"uv":[0,0,1,2],"texture":"#0"},"west":{"uv":[0,0,1,2],"texture":"#0"},"up":{"uv":[0,0,1,10.25],"rotation":90,"texture":"#0"}}},{"from":[3.875,14.125,8.625],"to":[12.125,15.125,9.625],"faces":{"east":{"uv":[0,0,1,1],"texture":"#0"},"west":{"uv":[0,0,1,1],"texture":"#0"},"up":{"uv":[0,0,1,8.25],"rotation":90,"texture":"#0"}}},{"from":[1.75,5.0625,8.3125],"to":[14.1875,12.1875,8.625],"faces":{"north":{"uv":[0,0,12.25,7.125],"texture":"#5"},"east":{"uv":[0,0,1,7.125],"texture":"#5"},"south":{"uv":[0,0,12.25,7.125],"texture":"#5"},"west":{"uv":[0,0,1,7.125],"texture":"#5"},"up":{"uv":[0,0,1,12.25],"rotation":90,"texture":"#5"},"down":{"uv":[0,0,12.25,1],"texture":"#5"}}},{"from":[2.8125,12.1875,8.3125],"to":[13.1875,14.1875,8.625],"faces":{"north":{"uv":[0,0,10.25,2],"texture":"#5"},"east":{"uv":[0,0,1,2],"texture":"#5"},"south":{"uv":[0,0,10.25,2],"texture":"#5"},"west":{"uv":[0,0,1,2],"texture":"#5"},"up":{"uv":[0,0,1,10.25],"rotation":90,"texture":"#5"}}},{"from":[3.8125,14.1875,8.3125],"to":[12.1875,15.1875,8.625],"faces":{"north":{"uv":[0,0,8.25,1],"texture":"#5"},"east":{"uv":[0,0,1,1],"texture":"#5"},"south":{"uv":[0,0,8.25,1],"texture":"#5"},"west":{"uv":[0,0,1,1],"texture":"#5"},"up":{"uv":[0,0,1,8.25],"rotation":90,"texture":"#5"}}},{"from":[1.75,5.0625,9.625],"to":[14.1875,12.1875,9.9375],"faces":{"north":{"uv":[0,0,12.25,7.125],"texture":"#5"},"east":{"uv":[0,0,1,7.125],"texture":"#5"},"south":{"uv":[0,0,12.25,7.125],"texture":"#5"},"west":{"uv":[0,0,1,7.125],"texture":"#5"},"up":{"uv":[0,0,1,12.25],"rotation":90,"texture":"#5"},"down":{"uv":[0,0,12.25,1],"texture":"#5"}}},{"from":[2.8125,12.1875,9.625],"to":[13.1875,14.1875,9.9375],"faces":{"north":{"uv":[0,0,10.25,2],"texture":"#5"},"east":{"uv":[0,0,1,2],"texture":"#5"},"south":{"uv":[0,0,10.25,2],"texture":"#5"},"west":{"uv":[0,0,1,2],"texture":"#5"},"up":{"uv":[0,0,1,10.25],"rotation":90,"texture":"#5"}}},{"from":[3.8125,14.1875,9.625],"to":[12.1875,15.1875,9.9375],"faces":{"north":{"uv":[0,0,8.25,1],"texture":"#5"},"east":{"uv":[0,0,1,1],"texture":"#5"},"south":{"uv":[0,0,8.25,1],"texture":"#5"},"west":{"uv":[0,0,1,1],"texture":"#5"},"up":{"uv":[0,0,1,8.25],"rotation":90,"texture":"#5"}}},{"from":[6,9.625,10],"to":[7.61,9.8125,10.03],"rotation":{"angle":0,"axis":"y","origin":[0,0.375,0]},"faces":{"north":{"uv":[0,0,0,0],"texture":"#8"},"east":{"uv":[0,0,0,0],"texture":"#8"},"south":{"uv":[0.125,6.14063,1.34375,7.39063],"texture":"#8"},"west":{"uv":[0,0,0,0],"texture":"#8"},"up":{"uv":[0,0,0,0],"texture":"#8"},"down":{"uv":[0,0,0,0],"texture":"#8"}}},{"from":[7.85236,9.41087,10],"to":[8.14764,9.51087,10.03],"rotation":{"angle":0,"axis":"y","origin":[0.16486,0.40163,0]},"faces":{"north":{"uv":[0,0,0,0],"texture":"#8"},"east":{"uv":[0,0,0,0],"texture":"#8"},"south":{"uv":[0.125,6.14063,1.34375,7.39063],"texture":"#8"},"west":{"uv":[0,0,0,0],"texture":"#8"},"up":{"uv":[0,0,0,0],"texture":"#8"},"down":{"uv":[0,0,0,0],"texture":"#8"}}},{"from":[7.85217,10.17708,10],"to":[8.14745,10.27708,10.03],"rotation":{"angle":0,"axis":"y","origin":[0.16467,0.29285,0]},"faces":{"north":{"uv":[0,0,0,0],"texture":"#8"},"east":{"uv":[0,0,0,0],"texture":"#8"},"south":{"uv":[0.125,6.14063,1.34375,7.39063],"texture":"#8"},"west":{"uv":[0,0,0,0],"texture":"#8"},"up":{"uv":[0,0,0,0],"texture":"#8"},"down":{"uv":[0,0,0,0],"texture":"#8"}}},{"from":[7.5319,9.78568,10],"to":[7.6319,10.16609,10.03],"rotation":{"angle":-22.5,"axis":"z","origin":[7.50642,9.87943,10.015]},"faces":{"north":{"uv":[0,0,0,0],"texture":"#8"},"east":{"uv":[0,0,0,0],"texture":"#8"},"south":{"uv":[1.34375,6.14063,0.125,7.39063],"texture":"#8"},"west":{"uv":[0,0,0,0],"texture":"#8"},"up":{"uv":[0,0,0,0],"texture":"#8"},"down":{"uv":[0,0,0,0],"texture":"#8"}}},{"from":[7.62905,9.70883,10],"to":[7.85405,10.15174,10.02],"rotation":{"angle":-22.5,"axis":"z","origin":[7.54106,9.86508,10.015]},"faces":{"north":{"uv":[0,0,0,0],"texture":"#5"},"east":{"uv":[0,0,0,0],"texture":"#5"},"south":{"uv":[1.34375,6.14063,0.125,7.39063],"texture":"#5"},"west":{"uv":[0,0,0,0],"texture":"#5"},"up":{"uv":[0,0,0,0],"texture":"#5"},"down":{"uv":[0,0,0,0],"texture":"#5"}}},{"from":[7.846,9.48693,10],"to":[7.946,9.80484,10.03],"rotation":{"angle":45,"axis":"z","origin":[7.82052,9.33609,10.015]},"faces":{"north":{"uv":[0,0,0,0],"texture":"#8"},"east":{"uv":[0,0,0,0],"texture":"#8"},"south":{"uv":[1.34375,7.39063,0.125,6.14063],"texture":"#8"},"west":{"uv":[0,0,0,0],"texture":"#8"},"up":{"uv":[0,0,0,0],"texture":"#8"},"down":{"uv":[0,0,0,0],"texture":"#8"}}},{"from":[7.79626,9.4604,10],"to":[7.92667,9.5604,10.03],"rotation":{"angle":-22.5,"axis":"z","origin":[7.76501,9.62241,10.015]},"faces":{"north":{"uv":[0,0,0,0],"rotation":90,"texture":"#8"},"east":{"uv":[0,0,0,0],"rotation":270,"texture":"#8"},"south":{"uv":[1.34375,7.39063,0.125,6.14063],"rotation":270,"texture":"#8"},"west":{"uv":[0,0,0,0],"rotation":270,"texture":"#8"},"up":{"uv":[0,0,0,0],"rotation":270,"texture":"#8"},"down":{"uv":[0,0,0,0],"rotation":270,"texture":"#8"}}},{"from":[7.79626,9.2729,10],"to":[7.92667,9.3354,10.03],"rotation":{"angle":-22.5,"axis":"z","origin":[7.76501,9.43491,10.015]},"faces":{"north":{"uv":[0,0,0,0],"rotation":90,"texture":"#8"},"east":{"uv":[0,0,0,0],"rotation":270,"texture":"#8"},"south":{"uv":[1.34375,7.39063,0.125,6.14063],"rotation":270,"texture":"#8"},"west":{"uv":[0,0,0,0],"rotation":270,"texture":"#8"},"up":{"uv":[0,0,0,0],"rotation":270,"texture":"#8"},"down":{"uv":[0,0,0,0],"rotation":270,"texture":"#8"}}},{"from":[7.85236,9.22337,10],"to":[8.14764,9.28587,10.03],"rotation":{"angle":0,"axis":"y","origin":[0.16486,0.21413,0]},"faces":{"north":{"uv":[0,0,0,0],"texture":"#8"},"east":{"uv":[0,0,0,0],"texture":"#8"},"south":{"uv":[0.125,6.14063,1.34375,7.39063],"texture":"#8"},"west":{"uv":[0,0,0,0],"texture":"#8"},"up":{"uv":[0,0,0,0],"texture":"#8"},"down":{"uv":[0,0,0,0],"texture":"#8"}}},{"from":[8.07333,9.2729,10],"to":[8.20374,9.3354,10.03],"rotation":{"angle":22.5,"axis":"z","origin":[8.23499,9.43491,10.015]},"faces":{"north":{"uv":[0,0,0,0],"rotation":90,"texture":"#8"},"east":{"uv":[0,0,0,0],"rotation":270,"texture":"#8"},"south":{"uv":[1.34375,6.14063,0.125,7.39063],"rotation":270,"texture":"#8"},"west":{"uv":[0,0,0,0],"rotation":270,"texture":"#8"},"up":{"uv":[0,0,0,0],"rotation":270,"texture":"#8"},"down":{"uv":[0,0,0,0],"rotation":270,"texture":"#8"}}},{"from":[7.79626,10.12759,10],"to":[7.92667,10.22759,10.03],"rotation":{"angle":22.5,"axis":"z","origin":[7.76501,10.06509,10.015]},"faces":{"north":{"uv":[0,0,0,0],"rotation":90,"texture":"#8"},"east":{"uv":[0,0,0,0],"rotation":270,"texture":"#8"},"south":{"uv":[0.125,7.39063,1.34375,6.14063],"rotation":270,"texture":"#8"},"west":{"uv":[0,0,0,0],"rotation":270,"texture":"#8"},"up":{"uv":[0,0,0,0],"rotation":270,"texture":"#8"},"down":{"uv":[0,0,0,0],"rotation":270,"texture":"#8"}}},{"from":[7.70454,9.5,10],"to":[8.29454,10.17708,10.02],"rotation":{"angle":0,"axis":"z","origin":[8.01975,9.93958,10.015]},"faces":{"north":{"uv":[0,0,0,0],"rotation":90,"texture":"#5"},"east":{"uv":[0,0,0,0],"rotation":270,"texture":"#5"},"south":{"uv":[0.125,7.39063,1.34375,6.14063],"rotation":270,"texture":"#5"},"west":{"uv":[0,0,0,0],"rotation":270,"texture":"#5"},"up":{"uv":[0,0,0,0],"rotation":270,"texture":"#5"},"down":{"uv":[0,0,0,0],"rotation":270,"texture":"#5"}}},{"from":[7.846,10.07016,10],"to":[7.946,10.20057,10.03],"rotation":{"angle":-45,"axis":"z","origin":[7.82052,10.35141,10.015]},"faces":{"north":{"uv":[0,0,0,0],"texture":"#8"},"east":{"uv":[0,0,0,0],"texture":"#8"},"south":{"uv":[1.34375,6.14063,0.125,7.39063],"texture":"#8"},"west":{"uv":[0,0,0,0],"texture":"#8"},"up":{"uv":[0,0,0,0],"texture":"#8"},"down":{"uv":[0,0,0,0],"texture":"#8"}}},{"from":[8.07333,10.12759,10],"to":[8.20374,10.22759,10.03],"rotation":{"angle":-22.5,"axis":"z","origin":[8.23499,10.06509,10.015]},"faces":{"north":{"uv":[0,0,0,0],"rotation":90,"texture":"#8"},"east":{"uv":[0,0,0,0],"rotation":270,"texture":"#8"},"south":{"uv":[0.125,6.14063,1.34375,7.39063],"rotation":270,"texture":"#8"},"west":{"uv":[0,0,0,0],"rotation":270,"texture":"#8"},"up":{"uv":[0,0,0,0],"rotation":270,"texture":"#8"},"down":{"uv":[0,0,0,0],"rotation":270,"texture":"#8"}}},{"from":[8.054,10.07016,10],"to":[8.154,10.20057,10.03],"rotation":{"angle":45,"axis":"z","origin":[8.17948,10.35141,10.015]},"faces":{"north":{"uv":[0,0,0,0],"texture":"#8"},"east":{"uv":[0,0,0,0],"texture":"#8"},"south":{"uv":[0.125,6.14063,1.34375,7.39063],"texture":"#8"},"west":{"uv":[0,0,0,0],"texture":"#8"},"up":{"uv":[0,0,0,0],"texture":"#8"},"down":{"uv":[0,0,0,0],"texture":"#8"}}},{"from":[8.3681,9.78568,10],"to":[8.4681,10.16609,10.03],"rotation":{"angle":22.5,"axis":"z","origin":[8.49358,9.87943,10.015]},"faces":{"north":{"uv":[0,0,0,0],"texture":"#8"},"east":{"uv":[0,0,0,0],"texture":"#8"},"south":{"uv":[0.125,6.14063,1.34375,7.39063],"texture":"#8"},"west":{"uv":[0,0,0,0],"texture":"#8"},"up":{"uv":[0,0,0,0],"texture":"#8"},"down":{"uv":[0,0,0,0],"texture":"#8"}}},{"from":[8.14595,9.70883,10],"to":[8.37095,10.15174,10.02],"rotation":{"angle":22.5,"axis":"z","origin":[8.45894,9.86508,10.015]},"faces":{"north":{"uv":[0,0,0,0],"texture":"#5"},"east":{"uv":[0,0,0,0],"texture":"#5"},"south":{"uv":[0.125,6.14063,1.34375,7.39063],"texture":"#5"},"west":{"uv":[0,0,0,0],"texture":"#5"},"up":{"uv":[0,0,0,0],"texture":"#5"},"down":{"uv":[0,0,0,0],"texture":"#5"}}},{"from":[8.054,9.48693,10],"to":[8.154,9.80484,10.03],"rotation":{"angle":-45,"axis":"z","origin":[8.17948,9.33609,10.015]},"faces":{"north":{"uv":[0,0,0,0],"texture":"#8"},"east":{"uv":[0,0,0,0],"texture":"#8"},"south":{"uv":[0.125,7.39063,1.34375,6.14063],"texture":"#8"},"west":{"uv":[0,0,0,0],"texture":"#8"},"up":{"uv":[0,0,0,0],"texture":"#8"},"down":{"uv":[0,0,0,0],"texture":"#8"}}},{"from":[8.07333,9.4604,10],"to":[8.20374,9.5604,10.03],"rotation":{"angle":22.5,"axis":"z","origin":[8.23499,9.62241,10.015]},"faces":{"north":{"uv":[0,0,0,0],"rotation":90,"texture":"#8"},"east":{"uv":[0,0,0,0],"rotation":270,"texture":"#8"},"south":{"uv":[1.34375,6.14063,0.125,7.39063],"rotation":270,"texture":"#8"},"west":{"uv":[0,0,0,0],"rotation":270,"texture":"#8"},"up":{"uv":[0,0,0,0],"rotation":270,"texture":"#8"},"down":{"uv":[0,0,0,0],"rotation":270,"texture":"#8"}}},{"from":[7.85236,9.41087,10],"to":[8.14764,9.51087,10.03],"rotation":{"angle":0,"axis":"y","origin":[15.83514,0.40163,0]},"faces":{"north":{"uv":[0,0,0,0],"texture":"#8"},"east":{"uv":[0,0,0,0],"texture":"#8"},"south":{"uv":[1.34375,6.14063,0.125,7.39063],"texture":"#8"},"west":{"uv":[0,0,0,0],"texture":"#8"},"up":{"uv":[0,0,0,0],"texture":"#8"},"down":{"uv":[0,0,0,0],"texture":"#8"}}},{"from":[8.39,9.625,10],"to":[10,9.8125,10.03],"rotation":{"angle":0,"axis":"y","origin":[16,0.375,0]},"faces":{"north":{"uv":[0,0,0,0],"texture":"#8"},"east":{"uv":[0,0,0,0],"texture":"#8"},"south":{"uv":[1.34375,6.14063,0.125,7.39063],"texture":"#8"},"west":{"uv":[0,0,0,0],"texture":"#8"},"up":{"uv":[0,0,0,0],"texture":"#8"},"down":{"uv":[0,0,0,0],"texture":"#8"}}},{"from":[9.80712,10.40715,10],"to":[11.43212,10.59465,10.03],"rotation":{"angle":22.5,"axis":"z","origin":[11.86962,10.5009,10.015]},"faces":{"north":{"uv":[0,0,0,0],"texture":"#8"},"east":{"uv":[0,0,0,0],"texture":"#8"},"south":{"uv":[0.125,6.14063,1.34375,7.39063],"texture":"#8"},"west":{"uv":[0,0,0,0],"texture":"#8"},"up":{"uv":[0,0,0,0],"texture":"#8"},"down":{"uv":[0,0,0,0],"texture":"#8"}}},{"from":[11.6945,9.46308,10],"to":[11.882,10.21308,10.03],"rotation":{"angle":22.5,"axis":"z","origin":[10.41325,9.52558,10.015]},"faces":{"north":{"uv":[0,0,0,0],"rotation":270,"texture":"#8"},"east":{"uv":[0,0,0,0],"rotation":90,"texture":"#8"},"south":{"uv":[0.125,6.14063,1.34375,7.39063],"rotation":90,"texture":"#8"},"west":{"uv":[0,0,0,0],"rotation":90,"texture":"#8"},"up":{"uv":[0,0,0,0],"rotation":90,"texture":"#8"},"down":{"uv":[0,0,0,0],"rotation":90,"texture":"#8"}}},{"from":[4.56788,10.40715,10],"to":[6.19288,10.59465,10.03],"rotation":{"angle":-22.5,"axis":"z","origin":[4.13038,10.5009,10.015]},"faces":{"north":{"uv":[0,0,0,0],"texture":"#8"},"east":{"uv":[0,0,0,0],"texture":"#8"},"south":{"uv":[1.34375,6.14063,0.125,7.39063],"texture":"#8"},"west":{"uv":[0,0,0,0],"texture":"#8"},"up":{"uv":[0,0,0,0],"texture":"#8"},"down":{"uv":[0,0,0,0],"texture":"#8"}}},{"from":[4.118,9.46308,10],"to":[4.3055,10.21308,10.03],"rotation":{"angle":-22.5,"axis":"z","origin":[5.58675,9.52558,10.015]},"faces":{"north":{"uv":[0,0,0,0],"rotation":270,"texture":"#8"},"east":{"uv":[0,0,0,0],"rotation":90,"texture":"#8"},"south":{"uv":[0.125,7.39063,1.34375,6.14063],"rotation":90,"texture":"#8"},"west":{"uv":[0,0,0,0],"rotation":90,"texture":"#8"},"up":{"uv":[0,0,0,0],"rotation":90,"texture":"#8"},"down":{"uv":[0,0,0,0],"rotation":90,"texture":"#8"}}},{"from":[9.98696,13.73215,10],"to":[10.79946,13.91965,10.03],"rotation":{"angle":0,"axis":"z","origin":[8.5625,13.58209,10.015]},"faces":{"north":{"uv":[0,0,0,0],"texture":"#8"},"east":{"uv":[0,0,0,0],"texture":"#8"},"south":{"uv":[1.34375,7.39063,0.125,6.14063],"texture":"#8"},"west":{"uv":[0,0,0,0],"texture":"#8"},"up":{"uv":[0,0,0,0],"texture":"#8"},"down":{"uv":[0,0,0,0],"texture":"#8"}}},{"from":[10.5,14.5625,10],"to":[11.625,14.75,10.03],"rotation":{"angle":-22.5,"axis":"z","origin":[8.5625,13.58209,10.015]},"faces":{"north":{"uv":[0,0,0,0],"texture":"#8"},"east":{"uv":[0,0,0,0],"texture":"#8"},"south":{"uv":[0.125,7.39063,1.34375,6.14063],"texture":"#8"},"west":{"uv":[0,0,0,0],"texture":"#8"},"up":{"uv":[0,0,0,0],"texture":"#8"},"down":{"uv":[0,0,0,0],"texture":"#8"}}},{"from":[10.94494,15.64557,10],"to":[11.75744,15.83307,10.03],"rotation":{"angle":-45,"axis":"z","origin":[8.5625,13.58209,10.015]},"faces":{"north":{"uv":[0,0,0,0],"texture":"#8"},"east":{"uv":[0,0,0,0],"texture":"#8"},"south":{"uv":[0.125,7.39063,1.34375,6.14063],"texture":"#8"},"west":{"uv":[0,0,0,0],"texture":"#8"},"up":{"uv":[0,0,0,0],"texture":"#8"},"down":{"uv":[0,0,0,0],"texture":"#8"}}},{"from":[8.36962,13.71785,10],"to":[9.18212,13.90535,10.03],"rotation":{"angle":-22.5,"axis":"z","origin":[10.43212,13.8116,10.015]},"faces":{"north":{"uv":[0,0,0,0],"texture":"#8"},"east":{"uv":[0,0,0,0],"texture":"#8"},"south":{"uv":[0.125,7.39063,1.34375,6.14063],"texture":"#8"},"west":{"uv":[0,0,0,0],"texture":"#8"},"up":{"uv":[0,0,0,0],"texture":"#8"},"down":{"uv":[0,0,0,0],"texture":"#8"}}},{"from":[7.4375,14.5,10],"to":[8.5625,14.6875,10.03],"rotation":{"angle":0,"axis":"y","origin":[0,23.9375,0]},"faces":{"north":{"uv":[0,0,0,0],"texture":"#8"},"east":{"uv":[0,0,0,0],"texture":"#8"},"south":{"uv":[0.125,7.39063,1.34375,6.14063],"texture":"#8"},"west":{"uv":[0,0,0,0],"texture":"#8"},"up":{"uv":[0,0,0,0],"texture":"#8"},"down":{"uv":[0,0,0,0],"texture":"#8"}}},{"from":[6.81788,13.71785,10],"to":[7.63038,13.90535,10.03],"rotation":{"angle":22.5,"axis":"z","origin":[5.56788,13.8116,10.015]},"faces":{"north":{"uv":[0,0,0,0],"texture":"#8"},"east":{"uv":[0,0,0,0],"texture":"#8"},"south":{"uv":[1.34375,7.39063,0.125,6.14063],"texture":"#8"},"west":{"uv":[0,0,0,0],"texture":"#8"},"up":{"uv":[0,0,0,0],"texture":"#8"},"down":{"uv":[0,0,0,0],"texture":"#8"}}},{"from":[5.20054,13.73215,10],"to":[6.01304,13.91965,10.03],"rotation":{"angle":0,"axis":"z","origin":[7.4375,13.58209,10.015]},"faces":{"north":{"uv":[0,0,0,0],"texture":"#8"},"east":{"uv":[0,0,0,0],"texture":"#8"},"south":{"uv":[0.125,7.39063,1.34375,6.14063],"texture":"#8"},"west":{"uv":[0,0,0,0],"texture":"#8"},"up":{"uv":[0,0,0,0],"texture":"#8"},"down":{"uv":[0,0,0,0],"texture":"#8"}}},{"from":[4.375,14.5625,10],"to":[5.5,14.75,10.03],"rotation":{"angle":22.5,"axis":"z","origin":[7.4375,13.58209,10.015]},"faces":{"north":{"uv":[0,0,0,0],"texture":"#8"},"east":{"uv":[0,0,0,0],"texture":"#8"},"south":{"uv":[1.34375,7.39063,0.125,6.14063],"texture":"#8"},"west":{"uv":[0,0,0,0],"texture":"#8"},"up":{"uv":[0,0,0,0],"texture":"#8"},"down":{"uv":[0,0,0,0],"texture":"#8"}}},{"from":[4.24256,15.64557,10],"to":[5.05506,15.83307,10.03],"rotation":{"angle":45,"axis":"z","origin":[7.4375,13.58209,10.015]},"faces":{"north":{"uv":[0,0,0,0],"texture":"#8"},"east":{"uv":[0,0,0,0],"texture":"#8"},"south":{"uv":[1.34375,7.39063,0.125,6.14063],"texture":"#8"},"west":{"uv":[0,0,0,0],"texture":"#8"},"up":{"uv":[0,0,0,0],"texture":"#8"},"down":{"uv":[0,0,0,0],"texture":"#8"}}}],"display":{"thirdperson_righthand":{"rotation":[73,0,0],"translation":[-6,-7.749,8.3913],"scale":[0.82,0.82,0.82]},"thirdperson_lefthand":{"rotation":[73,0,0],"translation":[-6,-7.749,8.3913],"scale":[0.82,0.82,0.82]},"firstperson_righthand":{"translation":[-9,-1.25,13],"scale":[2.25,0.85,1.05]},"firstperson_lefthand":{"translation":[-9,-1.25,13],"scale":[2.25,0.85,1.05]},"ground":{"translation":[0,3,0],"scale":[0.7,0.7,0.7]},"gui":{"rotation":[15,-34,0],"translation":[-0.5,-0.5,0],"scale":[0.7,0.7,0.7]},"head":{"scale":[1.3,1.3,1.3]},"fixed":{"rotation":[6,-180,0],"translation":[0,0,-3.5]}},"groups":[0,1,2,3,4,5,6,7,8,9,10,11,12,13,14,15,16,17,18,19,20,21,22,23,24,25,26,27,28,29,30,31,32,33,34,35,36,37,38,39,40,41,42,43,44,45,46,47,48,49,50,51,52,53,54,{"name":"group","origin":[7.4375,13.58209,10.015],"color":0,"nbt":"{}","armAnimationEnabled":false,"children":[55,56,57,58,59,60,61,62,63,64,65,66,67,68,69,70,71,72,73,74,75,76,77,78,79,80,81,82,83,84,85,86,87,88]}]}