{"credit":"Made with Blockbench by Valvac","textures":{"0":"block/gray_wool","2":"block/white_concrete","3":"block/black_concrete","4":"block/light_gray_concrete","5":"block/backpack_jack","particle":"block/gray_wool"},"elements":[{"from":[6.5,0,5],"to":[7.5,12,10],"faces":{"north":{"uv":[0,0,1,1],"texture":"#2"},"east":{"uv":[0,0,1,1],"texture":"#2"},"south":{"uv":[0,0,1,1],"texture":"#2"},"west":{"uv":[0,0,1,1],"texture":"#2"},"up":{"uv":[0,0,1,1],"texture":"#2"},"down":{"uv":[0,0,0,0],"texture":"#2"}}},{"from":[8.5,0,5],"to":[9.5,12,10],"faces":{"north":{"uv":[0,0,1,1],"texture":"#2"},"east":{"uv":[0,0,1,1],"texture":"#2"},"south":{"uv":[0,0,1,1],"texture":"#2"},"west":{"uv":[0,0,1,1],"texture":"#2"},"up":{"uv":[0,0,1,1],"texture":"#2"},"down":{"uv":[0,0,0,0],"texture":"#2"}}},{"from":[4.375,0,5],"to":[5.5,12,10],"faces":{"north":{"uv":[0,0,1,1],"texture":"#2"},"east":{"uv":[0,0,1,1],"texture":"#2"},"south":{"uv":[0,0,1,1],"texture":"#2"},"west":{"uv":[0,0,1,1],"texture":"#2"},"up":{"uv":[0,0,1,1],"texture":"#2"},"down":{"uv":[0,0,0,0],"texture":"#2"}}},{"from":[10.5,0,5],"to":[11.625,12,10],"faces":{"north":{"uv":[0,0,1,1],"texture":"#2"},"east":{"uv":[0,0,1,1],"texture":"#2"},"south":{"uv":[0,0,1,1],"texture":"#2"},"west":{"uv":[0,0,1,1],"texture":"#2"},"up":{"uv":[0,0,1,1],"texture":"#2"},"down":{"uv":[0,0,0,0],"texture":"#2"}}},{"from":[2.25,0,5],"to":[3.25,12,10],"faces":{"north":{"uv":[0,0,1,1],"texture":"#2"},"east":{"uv":[0,0,1,1],"texture":"#2"},"south":{"uv":[0,0,1,1],"texture":"#2"},"west":{"uv":[0,0,1,1],"texture":"#2"},"up":{"uv":[0,0,1,1],"texture":"#2"},"down":{"uv":[0,0,0,0],"texture":"#3"}}},{"from":[12.75,0,5],"to":[13.75,12,10],"faces":{"north":{"uv":[0,0,1,1],"texture":"#2"},"east":{"uv":[0,0,1,1],"texture":"#2"},"south":{"uv":[0,0,1,1],"texture":"#2"},"west":{"uv":[0,0,1,1],"texture":"#2"},"up":{"uv":[0,0,1,1],"texture":"#2"},"down":{"uv":[0,0,0,0],"texture":"#3"}}},{"from":[2.125,0,5.0625],"to":[13.875,11.9375,9.9375],"rotation":{"angle":0,"axis":"y","origin":[16,0,0]},"faces":{"north":{"uv":[1,0,0,1],"texture":"#3"},"east":{"uv":[1,0,0,1],"texture":"#3"},"south":{"uv":[1,0,0,1],"texture":"#3"},"west":{"uv":[1,0,0,1],"texture":"#3"},"up":{"uv":[1,0,0,1],"texture":"#3"},"down":{"uv":[1,0,0,1],"texture":"#3"}}},{"from":[12.75,12,5],"to":[13,14,10],"faces":{"north":{"uv":[0,0,1,1],"texture":"#2"},"east":{"uv":[0,0,1,1],"texture":"#2"},"south":{"uv":[0,0,1,1],"texture":"#2"},"west":{"uv":[0,0,1,1],"texture":"#2"},"up":{"uv":[0,0,1,1],"texture":"#2"},"down":{"uv":[0,0,0,0],"texture":"#2"}}},{"from":[3.25,11.9375,5.0625],"to":[12.75,14,9.9375],"faces":{"north":{"uv":[0,0,1,1],"texture":"#3"},"east":{"uv":[0,0,1,1],"texture":"#3"},"south":{"uv":[0,0,1,1],"texture":"#3"},"west":{"uv":[0,0,1,1],"texture":"#3"},"up":{"uv":[0,0,1,1],"texture":"#3"},"down":{"uv":[0,0,0,0],"texture":"#3"}}},{"from":[4,14,5.0625],"to":[12,14.9375,9.9375],"rotation":{"angle":0,"axis":"y","origin":[16,0,0]},"faces":{"north":{"uv":[1,0,0,1],"texture":"#3"},"east":{"uv":[1,0,0,1],"texture":"#3"},"south":{"uv":[1,0,0,1],"texture":"#3"},"west":{"uv":[1,0,0,1],"texture":"#3"},"up":{"uv":[1,0,0,1],"texture":"#3"},"down":{"uv":[0,0,0,0],"texture":"#3"}}},{"from":[3,12,5],"to":[3.25,14,10],"rotation":{"angle":0,"axis":"y","origin":[16,0,0]},"faces":{"north":{"uv":[1,0,0,1],"texture":"#2"},"east":{"uv":[1,0,0,1],"texture":"#2"},"south":{"uv":[1,0,0,1],"texture":"#2"},"west":{"uv":[1,0,0,1],"texture":"#2"},"up":{"uv":[1,0,0,1],"texture":"#2"},"down":{"uv":[0,0,0,0],"texture":"#2"}}},{"from":[10.5,12,5],"to":[11.625,15,10],"faces":{"north":{"uv":[0,0,1,1],"texture":"#2"},"east":{"uv":[0,0,1,1],"texture":"#2"},"south":{"uv":[0,0,1,1],"texture":"#2"},"west":{"uv":[0,0,1,1],"texture":"#2"},"up":{"uv":[0,0,1,1],"texture":"#2"},"down":{"uv":[0,0,0,0],"texture":"#2"}}},{"from":[8.5,12,5],"to":[9.5,15,10],"faces":{"north":{"uv":[0,0,1,1],"texture":"#2"},"east":{"uv":[0,0,1,1],"texture":"#2"},"south":{"uv":[0,0,1,1],"texture":"#2"},"west":{"uv":[0,0,1,1],"texture":"#2"},"up":{"uv":[0,0,1,1],"texture":"#2"},"down":{"uv":[0,0,0,0],"texture":"#2"}}},{"from":[6.5,12,5],"to":[7.5,15,10],"faces":{"north":{"uv":[0,0,1,1],"texture":"#2"},"east":{"uv":[0,0,1,1],"texture":"#2"},"south":{"uv":[0,0,1,1],"texture":"#2"},"west":{"uv":[0,0,1,1],"texture":"#2"},"up":{"uv":[0,0,1,1],"texture":"#2"},"down":{"uv":[0,0,0,0],"texture":"#2"}}},{"from":[4.375,12,5],"to":[5.5,15,10],"faces":{"north":{"uv":[0,0,1,1],"texture":"#2"},"east":{"uv":[0,0,1,1],"texture":"#2"},"south":{"uv":[0,0,1,1],"texture":"#2"},"west":{"uv":[0,0,1,1],"texture":"#2"},"up":{"uv":[0,0,1,1],"texture":"#2"},"down":{"uv":[0,0,0,0],"texture":"#2"}}},{"from":[4,0,10],"to":[4.375,6,12],"faces":{"north":{"uv":[0,0,1,1],"texture":"#2"},"east":{"uv":[0,0,1,1],"texture":"#2"},"south":{"uv":[0,0,1,1],"texture":"#2"},"west":{"uv":[0,0,1,1],"texture":"#2"},"up":{"uv":[0,0,1,1],"texture":"#2"},"down":{"uv":[0,0,1,1],"texture":"#2"}}},{"from":[4.375,-0.0625,10],"to":[11.625,5.9375,11.9375],"faces":{"north":{"uv":[0,0,1,1],"texture":"#3"},"east":{"uv":[0,0,1,1],"texture":"#3"},"south":{"uv":[0,0,1,1],"texture":"#3"},"west":{"uv":[0,0,1,1],"texture":"#3"},"up":{"uv":[0,0,1,1],"texture":"#3"},"down":{"uv":[0,0,1,1],"texture":"#3"}}},{"from":[5.5,0,10],"to":[6,8,12],"faces":{"north":{"uv":[0,0,1,1],"texture":"#2"},"east":{"uv":[0,0,1,1],"texture":"#2"},"south":{"uv":[0,0,1,1],"texture":"#2"},"west":{"uv":[0,0,1,1],"texture":"#2"},"up":{"uv":[0,0,1,1],"texture":"#2"},"down":{"uv":[0,0,1,1],"texture":"#2"}}},{"from":[6,0,10],"to":[6.5,9,12],"faces":{"north":{"uv":[0,0,1,1],"texture":"#2"},"east":{"uv":[0,0,1,1],"texture":"#2"},"south":{"uv":[0,0,1,1],"texture":"#2"},"west":{"uv":[0,0,1,1],"texture":"#2"},"up":{"uv":[0,0,1,1],"texture":"#2"},"down":{"uv":[0,0,1,1],"texture":"#2"}}},{"from":[6.5,0.0625,10],"to":[9.5,8.9375,11.9375],"faces":{"north":{"uv":[0,0,1,1],"texture":"#3"},"east":{"uv":[0,0,1,1],"texture":"#3"},"south":{"uv":[0,0,1,1],"texture":"#3"},"west":{"uv":[0,0,1,1],"texture":"#3"},"up":{"uv":[0,0,1,1],"texture":"#3"},"down":{"uv":[0,0,1,1],"texture":"#3"}}},{"from":[7.5,0,10],"to":[8.5,9,12],"faces":{"north":{"uv":[0,0,1,1],"texture":"#2"},"east":{"uv":[0,0,1,1],"texture":"#2"},"south":{"uv":[0,0,1,1],"texture":"#2"},"west":{"uv":[0,0,1,1],"texture":"#2"},"up":{"uv":[0,0,1,1],"texture":"#2"},"down":{"uv":[0,0,1,1],"texture":"#2"}}},{"from":[4.75,9.5,9.125],"to":[11.25,14.25,10.125],"faces":{"south":{"uv":[0,0,8.4375,6.25],"texture":"#5"}}},{"from":[10,0,10],"to":[10.5,8,12],"faces":{"north":{"uv":[0,0,1,1],"texture":"#2"},"east":{"uv":[0,0,1,1],"texture":"#2"},"south":{"uv":[0,0,1,1],"texture":"#2"},"west":{"uv":[0,0,1,1],"texture":"#2"},"up":{"uv":[0,0,1,1],"texture":"#2"},"down":{"uv":[0,0,1,1],"texture":"#2"}}},{"from":[9.5,0,10],"to":[10,9,12],"faces":{"north":{"uv":[0,0,1,1],"texture":"#2"},"east":{"uv":[0,0,1,1],"texture":"#2"},"south":{"uv":[0,0,1,1],"texture":"#2"},"west":{"uv":[0,0,1,1],"texture":"#2"},"up":{"uv":[0,0,1,1],"texture":"#2"},"down":{"uv":[0,0,1,1],"texture":"#2"}}},{"from":[5,0,10],"to":[11,7.9375,11.9375],"faces":{"north":{"uv":[0,0,1,1],"texture":"#3"},"east":{"uv":[0,0,1,1],"texture":"#3"},"south":{"uv":[0,0,1,1],"texture":"#3"},"west":{"uv":[0,0,1,1],"texture":"#3"},"up":{"uv":[0,0,1,1],"texture":"#3"},"down":{"uv":[0,0,1,1],"texture":"#3"}}},{"from":[11.625,0,10],"to":[12,6,12],"faces":{"north":{"uv":[0,0,1,1],"texture":"#2"},"east":{"uv":[0,0,1,1],"texture":"#2"},"south":{"uv":[0,0,1,1],"texture":"#2"},"west":{"uv":[0,0,1,1],"texture":"#2"},"up":{"uv":[0,0,1,1],"texture":"#2"},"down":{"uv":[0,0,1,1],"texture":"#2"}}},{"from":[3,-0.5,5],"to":[13,-0.125,10],"faces":{"north":{"uv":[0,0,12,12],"texture":"#3"},"east":{"uv":[0,0,4,12],"texture":"#3"},"south":{"uv":[0,0,12,12],"texture":"#3"},"west":{"uv":[0,0,4,12],"texture":"#3"},"down":{"uv":[0,0,12,4],"texture":"#3"}}},{"from":[3.8125,14.1875,9.375],"to":[12.1875,15.1875,9.6875],"faces":{"north":{"uv":[0,0,8.25,1],"texture":"#3"},"east":{"uv":[0,0,1,1],"texture":"#3"},"south":{"uv":[0,0,8.25,1],"texture":"#3"},"west":{"uv":[0,0,1,1],"texture":"#3"},"up":{"uv":[0,0,1,8.25],"rotation":90,"texture":"#3"},"down":{"uv":[0,0,0,0],"texture":"#3"}}},{"from":[3.8125,14.1875,8.0625],"to":[12.1875,15.1875,8.375],"faces":{"north":{"uv":[0,0,8.25,1],"texture":"#3"},"east":{"uv":[0,0,1,1],"texture":"#3"},"south":{"uv":[0,0,8.25,1],"texture":"#3"},"west":{"uv":[0,0,1,1],"texture":"#3"},"up":{"uv":[0,0,1,8.25],"rotation":90,"texture":"#3"},"down":{"uv":[0,0,0,0],"texture":"#3"}}},{"from":[2.8125,12.1875,9.375],"to":[13.1875,14.1875,9.6875],"faces":{"north":{"uv":[0,0,10.25,2],"texture":"#3"},"east":{"uv":[0,0,1,2],"texture":"#3"},"south":{"uv":[0,0,10.25,2],"texture":"#3"},"west":{"uv":[0,0,1,2],"texture":"#3"},"up":{"uv":[0,0,1,10.25],"rotation":90,"texture":"#3"},"down":{"uv":[0,0,0,0],"texture":"#3"}}},{"from":[2.8125,12.1875,8.0625],"to":[13.1875,14.1875,8.375],"faces":{"north":{"uv":[0,0,10.25,2],"texture":"#3"},"east":{"uv":[0,0,1,2],"texture":"#3"},"south":{"uv":[0,0,10.25,2],"texture":"#3"},"west":{"uv":[0,0,1,2],"texture":"#3"},"up":{"uv":[0,0,1,10.25],"rotation":90,"texture":"#3"},"down":{"uv":[0,0,0,0],"texture":"#3"}}},{"from":[1.75,5.0625,8.0625],"to":[14.1875,12.1875,8.375],"faces":{"north":{"uv":[0,0,12.25,7.125],"texture":"#3"},"east":{"uv":[0,0,1,7.125],"texture":"#3"},"south":{"uv":[0,0,12.25,7.125],"texture":"#3"},"west":{"uv":[0,0,1,7.125],"texture":"#3"},"up":{"uv":[0,0,1,12.25],"rotation":90,"texture":"#3"},"down":{"uv":[0,0,12.25,1],"texture":"#3"}}},{"from":[1.75,5.0625,9.375],"to":[14.1875,12.1875,9.6875],"faces":{"north":{"uv":[0,0,12.25,7.125],"texture":"#3"},"east":{"uv":[0,0,1,7.125],"texture":"#3"},"south":{"uv":[0,0,12.25,7.125],"texture":"#3"},"west":{"uv":[0,0,1,7.125],"texture":"#3"},"up":{"uv":[0,0,1,12.25],"rotation":90,"texture":"#3"},"down":{"uv":[0,0,12.25,1],"texture":"#3"}}},{"from":[2.25,-0.125,5],"to":[13.75,0,10],"faces":{"north":{"uv":[0,0,12,12],"texture":"#3"},"east":{"uv":[0,0,4,12],"texture":"#3"},"south":{"uv":[0,0,12,12],"texture":"#3"},"west":{"uv":[0,0,4,12],"texture":"#3"},"down":{"uv":[0,0,12,4],"texture":"#3"}}},{"from":[11,14,0],"to":[13,15,2],"faces":{"east":{"uv":[4,10,5,11],"texture":"#3"},"west":{"uv":[4,10,5,11],"texture":"#3"},"up":{"uv":[4,10,5,11],"texture":"#3"},"down":{"uv":[4,10,5,11],"texture":"#3"}}},{"from":[11,13.52513,-0.85355],"to":[13,14.93934,0.14645],"rotation":{"angle":45,"axis":"x","origin":[12,13.93934,-0.35355]},"faces":{"north":{"uv":[4,10,5,11],"texture":"#3"},"east":{"uv":[4,10,5,11],"texture":"#3"},"south":{"uv":[4,10,5,11],"texture":"#3"},"west":{"uv":[4,10,5,11],"texture":"#3"}}},{"from":[11.125,11,4.375],"to":[12.875,13.875,5],"faces":{"north":{"uv":[4,10,5,11],"texture":"#0"},"east":{"uv":[4,10,5,11],"texture":"#0"},"west":{"uv":[4,10,5,11],"texture":"#0"},"up":{"uv":[4,10,5,11],"texture":"#0"},"down":{"uv":[4,10,5,11],"texture":"#0"}}},{"from":[11,5,-1],"to":[13,14,-0.25],"faces":{"north":{"uv":[4,10,5,11],"texture":"#3"},"east":{"uv":[4,10,5,11],"texture":"#3"},"south":{"uv":[4,10,5,11],"texture":"#3"},"west":{"uv":[4,10,5,11],"texture":"#3"},"down":{"uv":[4,10,5,11],"texture":"#3"}}},{"from":[11.5,2.7065,1.13918],"to":[12.5,3.3315,5.13918],"rotation":{"angle":22.5,"axis":"x","origin":[0.5,0.7065,0.13918]},"faces":{"east":{"uv":[0,0,5,1],"texture":"#0"},"west":{"uv":[0,0,5,1],"texture":"#0"},"up":{"uv":[0,0,2,5],"texture":"#0"},"down":{"uv":[0,0,2,5],"texture":"#0"}}},{"from":[11,11.93434,2.38476],"to":[13,12.93434,5.38476],"rotation":{"angle":22.5,"axis":"x","origin":[0,14.93434,7.38476]},"faces":{"east":{"uv":[4,10,5,11],"texture":"#3"},"south":{"uv":[4,10,5,11],"texture":"#3"},"west":{"uv":[4,10,5,11],"texture":"#3"},"up":{"uv":[4,10,5,11],"texture":"#3"},"down":{"uv":[4,10,5,11],"texture":"#3"}}},{"from":[11.5,6.29289,-2.12132],"to":[12.5,6.91789,1.87868],"rotation":{"angle":45,"axis":"x","origin":[0.5,4.29289,-3.12132]},"faces":{"east":{"uv":[0,0,5,1],"texture":"#0"},"west":{"uv":[0,0,5,1],"texture":"#0"},"up":{"uv":[0,0,2,5],"texture":"#0"},"down":{"uv":[0,0,2,5],"texture":"#0"}}},{"from":[3.125,11,4.375],"to":[4.875,13.875,5],"rotation":{"angle":0,"axis":"y","origin":[-8,0,0]},"faces":{"north":{"uv":[4,10,5,11],"texture":"#0"},"east":{"uv":[4,10,5,11],"texture":"#0"},"west":{"uv":[4,10,5,11],"texture":"#0"},"up":{"uv":[4,10,5,11],"texture":"#0"},"down":{"uv":[4,10,5,11],"texture":"#0"}}},{"from":[3,11.93434,2.38476],"to":[5,12.93434,5.38476],"rotation":{"angle":22.5,"axis":"x","origin":[-8,14.93434,7.38476]},"faces":{"east":{"uv":[4,10,5,11],"texture":"#3"},"south":{"uv":[4,10,5,11],"texture":"#3"},"west":{"uv":[4,10,5,11],"texture":"#3"},"up":{"uv":[4,10,5,11],"texture":"#3"},"down":{"uv":[4,10,5,11],"texture":"#3"}}},{"from":[3,14,0],"to":[5,15,2],"rotation":{"angle":0,"axis":"y","origin":[-8,0,0]},"faces":{"east":{"uv":[4,10,5,11],"texture":"#3"},"west":{"uv":[4,10,5,11],"texture":"#3"},"up":{"uv":[4,10,5,11],"texture":"#3"},"down":{"uv":[4,10,5,11],"texture":"#3"}}},{"from":[3,5,-1],"to":[5,14,-0.25],"rotation":{"angle":0,"axis":"y","origin":[-8,0,0]},"faces":{"north":{"uv":[4,10,5,11],"texture":"#3"},"east":{"uv":[4,10,5,11],"texture":"#3"},"south":{"uv":[4,10,5,11],"texture":"#3"},"west":{"uv":[4,10,5,11],"texture":"#3"},"down":{"uv":[4,10,5,11],"texture":"#3"}}},{"from":[3.5,6.29289,-2.12132],"to":[4.5,6.91789,1.87868],"rotation":{"angle":45,"axis":"x","origin":[-7.5,4.29289,-3.12132]},"faces":{"east":{"uv":[0,0,5,1],"texture":"#0"},"west":{"uv":[0,0,5,1],"texture":"#0"},"up":{"uv":[0,0,2,5],"texture":"#0"},"down":{"uv":[0,0,2,5],"texture":"#0"}}},{"from":[3.5,2.7065,1.13918],"to":[4.5,3.3315,5.13918],"rotation":{"angle":22.5,"axis":"x","origin":[-7.5,0.7065,0.13918]},"faces":{"east":{"uv":[0,0,5,1],"texture":"#0"},"west":{"uv":[0,0,5,1],"texture":"#0"},"up":{"uv":[0,0,2,5],"texture":"#0"},"down":{"uv":[0,0,2,5],"texture":"#0"}}},{"from":[3,13.52513,-0.85355],"to":[5,14.93934,0.14645],"rotation":{"angle":45,"axis":"x","origin":[4,13.93934,-0.35355]},"faces":{"north":{"uv":[4,10,5,11],"texture":"#3"},"east":{"uv":[4,10,5,11],"texture":"#3"},"south":{"uv":[4,10,5,11],"texture":"#3"},"west":{"uv":[4,10,5,11],"texture":"#3"}}},{"from":[6.5,15.75,6],"to":[9.5,16,7],"faces":{"north":{"uv":[0,0,1,1],"texture":"#0"},"east":{"uv":[0,0,1,1],"texture":"#0"},"south":{"uv":[0,0,1,1],"texture":"#0"},"west":{"uv":[0,0,1,1],"texture":"#0"},"up":{"uv":[0,0,1,1],"texture":"#0"},"down":{"uv":[0,0,1,1],"texture":"#0"}}},{"from":[6.5,15,6],"to":[6.75,15.75,7],"faces":{"north":{"uv":[0,0,1,1],"texture":"#0"},"east":{"uv":[0,0,1,1],"texture":"#0"},"south":{"uv":[0,0,1,1],"texture":"#0"},"west":{"uv":[0,0,1,1],"texture":"#0"}}},{"from":[9.25,15,6],"to":[9.5,15.75,7],"faces":{"north":{"uv":[0,0,1,1],"texture":"#0"},"east":{"uv":[0,0,1,1],"texture":"#0"},"south":{"uv":[0,0,1,1],"texture":"#0"},"west":{"uv":[0,0,1,1],"texture":"#0"}}},{"from":[5,3.5,12.25],"to":[5.75,4.875,12.5],"faces":{"north":{"uv":[0,0,8,6],"texture":"#4"},"east":{"uv":[0,0,2,6],"texture":"#4"},"south":{"uv":[0,0,8,6],"texture":"#4"},"west":{"uv":[0,0,2,6],"texture":"#4"},"up":{"uv":[0,0,8,2],"texture":"#4"},"down":{"uv":[0,0,8,2],"texture":"#4"}}},{"from":[3.8125,4.25,9.75],"to":[12.1875,5,12.25],"faces":{"east":{"uv":[0,0,0.25,0.75],"texture":"#0"},"south":{"uv":[0,0,7,0.75],"texture":"#0"},"west":{"uv":[0,0,0.25,0.75],"texture":"#0"},"up":{"uv":[0,0,7,0.25],"texture":"#0"},"down":{"uv":[0,0,7,0.25],"texture":"#0"}}},{"from":[3.9375,3.9375,9.75],"to":[12.0625,5.3125,12.0625],"faces":{"north":{"uv":[0,0,0,0],"texture":"#3"},"east":{"uv":[0,0,0.25,0.75],"texture":"#3"},"south":{"uv":[0,0,7,0.75],"texture":"#3"},"west":{"uv":[0,0,0.25,0.75],"texture":"#3"},"up":{"uv":[0,0,7,0.25],"texture":"#3"},"down":{"uv":[0,0,7,0.25],"texture":"#3"}}},{"from":[1.875,5,8.375],"to":[14.125,12.125,9.375],"faces":{"north":{"uv":[0,0,12.25,7.125],"texture":"#0"},"east":{"uv":[0,0,1,7.125],"texture":"#0"},"south":{"uv":[0,0,12.25,7.125],"texture":"#0"},"west":{"uv":[0,0,1,7.125],"texture":"#0"},"up":{"uv":[0,0,1,12.25],"rotation":90,"texture":"#0"},"down":{"uv":[0,0,12.25,1],"texture":"#0"}}},{"from":[1.625,4.25,8.75],"to":[1.875,5.625,9.5],"faces":{"north":{"uv":[0,0,12,12],"texture":"#4"},"east":{"uv":[0,0,4,12],"texture":"#4"},"south":{"uv":[0,0,12,12],"texture":"#4"},"west":{"uv":[0,0,4,12],"texture":"#4"},"down":{"uv":[0,0,12,4],"texture":"#4"}}},{"from":[1.5,4.5,8.75],"to":[1.75,5.875,9.5],"rotation":{"angle":-22.5,"axis":"z","origin":[1.75,5.3125,9.125]},"faces":{"north":{"uv":[0,0,12,12],"texture":"#4"},"east":{"uv":[0,0,4,12],"texture":"#4"},"south":{"uv":[0,0,12,12],"texture":"#4"},"west":{"uv":[0,0,4,12],"texture":"#4"},"up":{"uv":[0,0,12,4],"texture":"#4"},"down":{"uv":[0,0,12,4],"texture":"#4"}}},{"from":[2.875,12.125,8.375],"to":[13.125,14.125,9.375],"faces":{"north":{"uv":[0,0,10.25,2],"texture":"#0"},"east":{"uv":[0,0,1,2],"texture":"#0"},"south":{"uv":[0,0,10.25,2],"texture":"#0"},"west":{"uv":[0,0,1,2],"texture":"#0"},"up":{"uv":[0,0,1,10.25],"rotation":90,"texture":"#0"}}},{"from":[3.875,14.125,8.375],"to":[12.125,15.125,9.375],"faces":{"north":{"uv":[0,0,8.25,1],"texture":"#0"},"east":{"uv":[0,0,1,1],"texture":"#0"},"south":{"uv":[0,0,8.25,1],"texture":"#0"},"west":{"uv":[0,0,1,1],"texture":"#0"},"up":{"uv":[0,0,1,8.25],"rotation":90,"texture":"#0"}}}],"display":{"thirdperson_righthand":{"rotation":[73,0,0],"translation":[-6,-7.749,8.3913],"scale":[0.82,0.82,0.82]},"thirdperson_lefthand":{"rotation":[73,0,0],"translation":[-6,-7.749,8.3913],"scale":[0.82,0.82,0.82]},"firstperson_righthand":{"translation":[-9,-1.25,13],"scale":[2.25,0.85,1.05]},"firstperson_lefthand":{"translation":[-9,-1.25,13],"scale":[2.25,0.85,1.05]},"ground":{"translation":[0,3,0],"scale":[0.7,0.7,0.7]},"gui":{"rotation":[15,-34,0],"translation":[-0.5,-0.5,0],"scale":[0.7,0.7,0.7]},"head":{"scale":[1.3,1.3,1.3]},"fixed":{"rotation":[6,-180,0],"translation":[0,0,-3.5]}}}