{"credit":"Made with Blockbench by Valvac","textures":{"0":"block/gray_wool","2":"block/white_concrete","3":"block/black_concrete","4":"block/light_gray_concrete","5":"block/backpack_jack","particle":"block/gray_wool"},"elements":[{"from":[13.25,0,4.9375],"to":[13.5,12.0625,10],"faces":{"north":{"uv":[0,0,1,1],"texture":"#2"},"east":{"uv":[0,0,1,1],"texture":"#2"},"south":{"uv":[0,0,1,1],"texture":"#2"},"west":{"uv":[0,0,1,1],"texture":"#2"},"up":{"uv":[0,0,1,1],"texture":"#2"},"down":{"uv":[0,0,0,0],"texture":"#2"}}},{"from":[2,0,5],"to":[14,12,9.9375],"faces":{"north":{"uv":[0,0,1,1],"texture":"#3"},"east":{"uv":[0,0,1,1],"texture":"#3"},"south":{"uv":[0,0,1,1],"texture":"#3"},"west":{"uv":[0,0,1,1],"texture":"#3"},"up":{"uv":[0,0,1,1],"texture":"#3"},"down":{"uv":[0,0,1,1],"texture":"#3"}}},{"from":[2.5,0,4.9375],"to":[2.75,12.0625,10],"rotation":{"angle":0,"axis":"y","origin":[16,0,0]},"faces":{"north":{"uv":[1,0,0,1],"texture":"#2"},"east":{"uv":[1,0,0,1],"texture":"#2"},"south":{"uv":[1,0,0,1],"texture":"#2"},"west":{"uv":[1,0,0,1],"texture":"#2"},"up":{"uv":[1,0,0,1],"texture":"#2"},"down":{"uv":[0,0,0,0],"texture":"#2"}}},{"from":[3,12,5],"to":[13,14,9.9375],"rotation":{"angle":0,"axis":"y","origin":[16,0,0]},"faces":{"north":{"uv":[1,0,0,1],"texture":"#3"},"east":{"uv":[1,0,0,1],"texture":"#3"},"south":{"uv":[1,0,0,1],"texture":"#3"},"west":{"uv":[1,0,0,1],"texture":"#3"},"up":{"uv":[1,0,0,1],"texture":"#3"},"down":{"uv":[0,0,0,0],"texture":"#3"}}},{"from":[5.6875,10.0625,5.125],"to":[10.3125,14.875,10.0625],"rotation":{"angle":0,"axis":"y","origin":[16,0,0]},"faces":{"north":{"uv":[1,0,0,1],"texture":"#2"},"east":{"uv":[1,0,0,1],"texture":"#2"},"south":{"uv":[1,0,0,1],"texture":"#2"},"west":{"uv":[1,0,0,1],"texture":"#2"},"up":{"uv":[1,0,0,1],"texture":"#3"},"down":{"uv":[0,0,0,0],"texture":"#2"}}},{"from":[6.6875,8.875,5.125],"to":[9.3125,10.0625,10.0625],"rotation":{"angle":0,"axis":"y","origin":[16,0,0]},"faces":{"north":{"uv":[1,0,0,1],"texture":"#2"},"east":{"uv":[1,0,0,1],"texture":"#2"},"south":{"uv":[1,0,0,1],"texture":"#2"},"west":{"uv":[1,0,0,1],"texture":"#2"},"up":{"uv":[1,0,0,1],"texture":"#3"},"down":{"uv":[0,0,0,0],"texture":"#2"}}},{"from":[3.875,0,4.9375],"to":[4.125,14.0625,10],"rotation":{"angle":0,"axis":"y","origin":[16,0,0]},"faces":{"north":{"uv":[1,0,0,1],"texture":"#2"},"east":{"uv":[1,0,0,1],"texture":"#2"},"south":{"uv":[1,0,0,1],"texture":"#2"},"west":{"uv":[1,0,0,1],"texture":"#2"},"up":{"uv":[1,0,0,1],"texture":"#2"},"down":{"uv":[0,0,0,0],"texture":"#2"}}},{"from":[11.875,0,4.9375],"to":[12.125,14.0625,10],"faces":{"north":{"uv":[0,0,1,1],"texture":"#2"},"east":{"uv":[0,0,1,1],"texture":"#2"},"south":{"uv":[0,0,1,1],"texture":"#2"},"west":{"uv":[0,0,1,1],"texture":"#2"},"up":{"uv":[0,0,1,1],"texture":"#2"},"down":{"uv":[0,0,0,0],"texture":"#2"}}},{"from":[4.125,0,5],"to":[11.875,15,9.9375],"faces":{"north":{"uv":[0,0,1,1],"texture":"#3"},"east":{"uv":[0,0,1,1],"texture":"#3"},"south":{"uv":[0,0,1,1],"texture":"#3"},"west":{"uv":[0,0,1,1],"texture":"#3"},"up":{"uv":[0,0,1,1],"texture":"#3"},"down":{"uv":[0,0,0,0],"texture":"#3"}}},{"from":[10.5,0,4.9375],"to":[10.75,15.0625,10],"faces":{"north":{"uv":[0,0,1,1],"texture":"#2"},"east":{"uv":[0,0,1,1],"texture":"#2"},"south":{"uv":[0,0,1,1],"texture":"#2"},"west":{"uv":[0,0,1,1],"texture":"#2"},"up":{"uv":[0,0,1,1],"texture":"#2"},"down":{"uv":[0,0,0,0],"texture":"#2"}}},{"from":[9.125,0,4.9375],"to":[9.375,15.0625,10],"faces":{"north":{"uv":[0,0,1,1],"texture":"#2"},"east":{"uv":[0,0,1,1],"texture":"#2"},"south":{"uv":[0,0,1,1],"texture":"#2"},"west":{"uv":[0,0,1,1],"texture":"#2"},"up":{"uv":[0,0,1,1],"texture":"#2"},"down":{"uv":[0,0,0,0],"texture":"#2"}}},{"from":[7.875,0,4.9375],"to":[8.125,15.0625,10],"faces":{"north":{"uv":[0,0,1,1],"texture":"#2"},"east":{"uv":[0,0,1,1],"texture":"#2"},"south":{"uv":[0,0,1,1],"texture":"#2"},"west":{"uv":[0,0,1,1],"texture":"#2"},"up":{"uv":[0,0,1,1],"texture":"#2"},"down":{"uv":[0,0,0,0],"texture":"#2"}}},{"from":[6.625,0,4.9375],"to":[6.875,15.0625,10],"faces":{"north":{"uv":[0,0,1,1],"texture":"#2"},"east":{"uv":[0,0,1,1],"texture":"#2"},"south":{"uv":[0,0,1,1],"texture":"#2"},"west":{"uv":[0,0,1,1],"texture":"#2"},"up":{"uv":[0,0,1,1],"texture":"#2"},"down":{"uv":[0,0,0,0],"texture":"#2"}}},{"from":[5.25,0,4.9375],"to":[5.5,15.0625,10],"rotation":{"angle":0,"axis":"y","origin":[16,0,0]},"faces":{"north":{"uv":[1,0,0,1],"texture":"#2"},"east":{"uv":[1,0,0,1],"texture":"#2"},"south":{"uv":[1,0,0,1],"texture":"#2"},"west":{"uv":[1,0,0,1],"texture":"#2"},"up":{"uv":[1,0,0,1],"texture":"#2"},"down":{"uv":[0,0,0,0],"texture":"#2"}}},{"from":[7.1875,0,10],"to":[7.4375,9,12],"faces":{"north":{"uv":[0,0,1,1],"texture":"#2"},"east":{"uv":[0,0,1,1],"texture":"#2"},"south":{"uv":[0,0,1,1],"texture":"#2"},"west":{"uv":[0,0,1,1],"texture":"#2"},"up":{"uv":[0,0,1,1],"texture":"#2"},"down":{"uv":[0,0,1,1],"texture":"#2"}}},{"from":[5.625,0.25,11.0625],"to":[10.375,4.4375,12.0625],"faces":{"south":{"uv":[8.375,0,16,6.46875],"texture":"#5"}}},{"from":[10,0,10],"to":[10.125,8,12],"faces":{"north":{"uv":[0,0,1,1],"texture":"#2"},"east":{"uv":[0,0,1,1],"texture":"#2"},"south":{"uv":[0,0,1,1],"texture":"#2"},"west":{"uv":[0,0,1,1],"texture":"#2"},"up":{"uv":[0,0,1,1],"texture":"#2"},"down":{"uv":[0,0,1,1],"texture":"#2"}}},{"from":[8.125,-0.125,11.9375],"to":[12,2.125,12.1875],"faces":{"south":{"uv":[4.75,9.9375,8.59375,12.09375],"texture":"#5"}}},{"from":[4,-0.125,11.9375],"to":[7.875,2.125,12.1875],"faces":{"south":{"uv":[0,9.8125,3.78125,11.96875],"texture":"#5"}}},{"from":[9.875,0,10],"to":[10,9,12],"faces":{"north":{"uv":[0,0,1,1],"texture":"#2"},"east":{"uv":[0,0,1,1],"texture":"#2"},"south":{"uv":[0,0,1,1],"texture":"#2"},"west":{"uv":[0,0,1,1],"texture":"#2"},"up":{"uv":[0,0,1,1],"texture":"#2"},"down":{"uv":[0,0,1,1],"texture":"#2"}}},{"from":[8.5625,0,10],"to":[8.8125,9,12],"faces":{"north":{"uv":[0,0,1,1],"texture":"#2"},"east":{"uv":[0,0,1,1],"texture":"#2"},"south":{"uv":[0,0,1,1],"texture":"#2"},"west":{"uv":[0,0,1,1],"texture":"#2"},"up":{"uv":[0,0,1,1],"texture":"#2"},"down":{"uv":[0,0,1,1],"texture":"#2"}}},{"from":[4.0625,0,10],"to":[11.9375,5.9375,11.9375],"faces":{"north":{"uv":[0,0,1,1],"texture":"#3"},"east":{"uv":[0,0,1,1],"texture":"#3"},"south":{"uv":[0,0,1,1],"texture":"#3"},"west":{"uv":[0,0,1,1],"texture":"#3"},"up":{"uv":[0,0,1,1],"texture":"#3"},"down":{"uv":[0,0,1,1],"texture":"#3"}}},{"from":[11,0,10],"to":[11.25,6,12],"faces":{"north":{"uv":[0,0,1,1],"texture":"#2"},"east":{"uv":[0,0,1,1],"texture":"#2"},"south":{"uv":[0,0,1,1],"texture":"#2"},"west":{"uv":[0,0,1,1],"texture":"#2"},"up":{"uv":[0,0,1,1],"texture":"#2"},"down":{"uv":[0,0,1,1],"texture":"#2"}}},{"from":[6.125,0,10],"to":[9.875,8.9375,11.9375],"rotation":{"angle":0,"axis":"y","origin":[16,0,0]},"faces":{"north":{"uv":[1,0,0,1],"texture":"#3"},"east":{"uv":[1,0,0,1],"texture":"#3"},"south":{"uv":[1,0,0,1],"texture":"#3"},"west":{"uv":[1,0,0,1],"texture":"#3"},"up":{"uv":[1,0,0,1],"texture":"#3"},"down":{"uv":[1,0,0,1],"texture":"#3"}}},{"from":[6,0,10],"to":[6.125,9,12],"rotation":{"angle":0,"axis":"y","origin":[16,0,0]},"faces":{"north":{"uv":[1,0,0,1],"texture":"#2"},"east":{"uv":[1,0,0,1],"texture":"#2"},"south":{"uv":[1,0,0,1],"texture":"#2"},"west":{"uv":[1,0,0,1],"texture":"#2"},"up":{"uv":[1,0,0,1],"texture":"#2"},"down":{"uv":[1,0,0,1],"texture":"#2"}}},{"from":[5.875,0,10],"to":[6,8,12],"rotation":{"angle":0,"axis":"y","origin":[16,0,0]},"faces":{"north":{"uv":[1,0,0,1],"texture":"#2"},"east":{"uv":[1,0,0,1],"texture":"#2"},"south":{"uv":[1,0,0,1],"texture":"#2"},"west":{"uv":[1,0,0,1],"texture":"#2"},"up":{"uv":[1,0,0,1],"texture":"#2"},"down":{"uv":[1,0,0,1],"texture":"#2"}}},{"from":[5,0,10],"to":[11,7.9375,11.9375],"rotation":{"angle":0,"axis":"y","origin":[16,0,0]},"faces":{"north":{"uv":[1,0,0,1],"texture":"#3"},"east":{"uv":[1,0,0,1],"texture":"#3"},"south":{"uv":[1,0,0,1],"texture":"#3"},"west":{"uv":[1,0,0,1],"texture":"#3"},"up":{"uv":[1,0,0,1],"texture":"#3"},"down":{"uv":[1,0,0,1],"texture":"#3"}}},{"from":[4.75,0,10],"to":[5,6,12],"rotation":{"angle":0,"axis":"y","origin":[16,0,0]},"faces":{"north":{"uv":[1,0,0,1],"texture":"#2"},"east":{"uv":[1,0,0,1],"texture":"#2"},"south":{"uv":[1,0,0,1],"texture":"#2"},"west":{"uv":[1,0,0,1],"texture":"#2"},"up":{"uv":[1,0,0,1],"texture":"#2"},"down":{"uv":[1,0,0,1],"texture":"#2"}}},{"from":[3,-0.5,5],"to":[13,-0.125,10],"faces":{"north":{"uv":[0,0,12,12],"texture":"#3"},"east":{"uv":[0,0,4,12],"texture":"#3"},"south":{"uv":[0,0,12,12],"texture":"#3"},"west":{"uv":[0,0,4,12],"texture":"#3"},"down":{"uv":[0,0,12,4],"texture":"#3"}}},{"from":[3.8125,14.1875,9.3125],"to":[12.1875,15.1875,9.625],"faces":{"north":{"uv":[0,0,8.25,1],"texture":"#3"},"east":{"uv":[0,0,1,1],"texture":"#3"},"south":{"uv":[0,0,8.25,1],"texture":"#3"},"west":{"uv":[0,0,1,1],"texture":"#3"},"up":{"uv":[0,0,1,8.25],"rotation":90,"texture":"#3"},"down":{"uv":[0,0,0,0],"texture":"#3"}}},{"from":[3.8125,14.1875,8],"to":[12.1875,15.1875,8.3125],"faces":{"north":{"uv":[0,0,8.25,1],"texture":"#3"},"east":{"uv":[0,0,1,1],"texture":"#3"},"south":{"uv":[0,0,8.25,1],"texture":"#3"},"west":{"uv":[0,0,1,1],"texture":"#3"},"up":{"uv":[0,0,1,8.25],"rotation":90,"texture":"#3"},"down":{"uv":[0,0,0,0],"texture":"#3"}}},{"from":[2.8125,12.1875,9.3125],"to":[13.1875,14.1875,9.625],"faces":{"north":{"uv":[0,0,10.25,2],"texture":"#3"},"east":{"uv":[0,0,1,2],"texture":"#3"},"south":{"uv":[0,0,10.25,2],"texture":"#3"},"west":{"uv":[0,0,1,2],"texture":"#3"},"up":{"uv":[0,0,1,10.25],"rotation":90,"texture":"#3"},"down":{"uv":[0,0,0,0],"texture":"#3"}}},{"from":[2.8125,12.1875,8],"to":[13.1875,14.1875,8.3125],"faces":{"north":{"uv":[0,0,10.25,2],"texture":"#3"},"east":{"uv":[0,0,1,2],"texture":"#3"},"south":{"uv":[0,0,10.25,2],"texture":"#3"},"west":{"uv":[0,0,1,2],"texture":"#3"},"up":{"uv":[0,0,1,10.25],"rotation":90,"texture":"#3"},"down":{"uv":[0,0,0,0],"texture":"#3"}}},{"from":[1.75,5.0625,8],"to":[14.1875,12.1875,8.3125],"faces":{"north":{"uv":[0,0,12.25,7.125],"texture":"#3"},"east":{"uv":[0,0,1,7.125],"texture":"#3"},"south":{"uv":[0,0,12.25,7.125],"texture":"#3"},"west":{"uv":[0,0,1,7.125],"texture":"#3"},"up":{"uv":[0,0,1,12.25],"rotation":90,"texture":"#3"},"down":{"uv":[0,0,12.25,1],"texture":"#3"}}},{"from":[1.75,5.0625,9.3125],"to":[14.1875,12.1875,9.625],"faces":{"north":{"uv":[0,0,12.25,7.125],"texture":"#3"},"east":{"uv":[0,0,1,7.125],"texture":"#3"},"south":{"uv":[0,0,12.25,7.125],"texture":"#3"},"west":{"uv":[0,0,1,7.125],"texture":"#3"},"up":{"uv":[0,0,1,12.25],"rotation":90,"texture":"#3"},"down":{"uv":[0,0,12.25,1],"texture":"#3"}}},{"from":[2.25,-0.125,5],"to":[13.75,0,10],"faces":{"north":{"uv":[0,0,12,12],"texture":"#3"},"east":{"uv":[0,0,4,12],"texture":"#3"},"south":{"uv":[0,0,12,12],"texture":"#3"},"west":{"uv":[0,0,4,12],"texture":"#3"},"down":{"uv":[0,0,12,4],"texture":"#3"}}},{"from":[12.5,14,0],"to":[13,15,2],"faces":{"east":{"uv":[4,10,5,11],"texture":"#3"},"west":{"uv":[4,10,5,11],"texture":"#3"},"up":{"uv":[4,10,5,11],"texture":"#3"},"down":{"uv":[4,10,5,11],"texture":"#3"}}},{"from":[12.5,13.52513,-0.85355],"to":[13,14.93934,0.14645],"rotation":{"angle":45,"axis":"x","origin":[12,13.93934,-0.35355]},"faces":{"north":{"uv":[4,10,5,11],"texture":"#3"},"east":{"uv":[4,10,5,11],"texture":"#3"},"south":{"uv":[4,10,5,11],"texture":"#3"},"west":{"uv":[4,10,5,11],"texture":"#3"}}},{"from":[11.125,11,4.375],"to":[12.875,13.875,5],"faces":{"north":{"uv":[4,10,5,11],"texture":"#0"},"east":{"uv":[4,10,5,11],"texture":"#0"},"west":{"uv":[4,10,5,11],"texture":"#0"},"up":{"uv":[4,10,5,11],"texture":"#0"},"down":{"uv":[4,10,5,11],"texture":"#0"}}},{"from":[12.5,5,-1],"to":[13,14,-0.25],"faces":{"north":{"uv":[4,10,5,11],"texture":"#3"},"east":{"uv":[4,10,5,11],"texture":"#3"},"south":{"uv":[4,10,5,11],"texture":"#3"},"west":{"uv":[4,10,5,11],"texture":"#3"},"down":{"uv":[4,10,5,11],"texture":"#3"}}},{"from":[11.375,2.7065,1.13918],"to":[12.5,3.3315,5.13918],"rotation":{"angle":22.5,"axis":"x","origin":[0.5,0.7065,0.13918]},"faces":{"east":{"uv":[0,0,5,1],"texture":"#0"},"west":{"uv":[0,0,5,1],"texture":"#0"},"up":{"uv":[0,0,2,5],"texture":"#0"},"down":{"uv":[0,0,2,5],"texture":"#0"}}},{"from":[12.5,11.93434,2.38476],"to":[13,12.93434,5.38476],"rotation":{"angle":22.5,"axis":"x","origin":[0,14.93434,7.38476]},"faces":{"east":{"uv":[4,10,5,11],"texture":"#3"},"south":{"uv":[4,10,5,11],"texture":"#3"},"west":{"uv":[4,10,5,11],"texture":"#3"},"up":{"uv":[4,10,5,11],"texture":"#3"},"down":{"uv":[4,10,5,11],"texture":"#3"}}},{"from":[12.375,5,-1],"to":[12.5,14,-0.25],"rotation":{"angle":0,"axis":"y","origin":[-0.5,0,0]},"faces":{"north":{"uv":[4,10,5,11],"texture":"#2"},"east":{"uv":[4,10,5,11],"texture":"#2"},"south":{"uv":[4,10,5,11],"texture":"#2"},"west":{"uv":[4,10,5,11],"texture":"#2"},"up":{"uv":[0,0,0,0],"texture":"#2"},"down":{"uv":[4,10,5,11],"texture":"#2"}}},{"from":[12.375,13.52513,-0.85355],"to":[12.5,14.93934,0.14645],"rotation":{"angle":45,"axis":"x","origin":[11.5,13.93934,-0.35355]},"faces":{"north":{"uv":[4,10,5,11],"texture":"#2"},"east":{"uv":[4,10,5,11],"texture":"#2"},"south":{"uv":[4,10,5,11],"texture":"#2"},"west":{"uv":[4,10,5,11],"texture":"#2"},"up":{"uv":[0,0,0,0],"texture":"#2"},"down":{"uv":[0,0,0,0],"texture":"#2"}}},{"from":[12.375,14,0],"to":[12.5,15,2],"rotation":{"angle":0,"axis":"y","origin":[-0.5,0,0]},"faces":{"north":{"uv":[0,0,0,0],"texture":"#2"},"east":{"uv":[4,10,5,11],"texture":"#2"},"south":{"uv":[0,0,0,0],"texture":"#2"},"west":{"uv":[4,10,5,11],"texture":"#2"},"up":{"uv":[4,10,5,11],"texture":"#2"},"down":{"uv":[4,10,5,11],"texture":"#2"}}},{"from":[12.375,11.93434,2.38476],"to":[12.5,12.93434,5.38476],"rotation":{"angle":22.5,"axis":"x","origin":[-0.5,14.93434,7.38476]},"faces":{"north":{"uv":[0,0,0,0],"texture":"#2"},"east":{"uv":[4,10,5,11],"texture":"#2"},"south":{"uv":[4,10,5,11],"texture":"#2"},"west":{"uv":[4,10,5,11],"texture":"#2"},"up":{"uv":[4,10,5,11],"texture":"#2"},"down":{"uv":[4,10,5,11],"texture":"#2"}}},{"from":[11.375,5,-1],"to":[11.5,14,-0.25],"rotation":{"angle":0,"axis":"y","origin":[-1.5,0,0]},"faces":{"north":{"uv":[4,10,5,11],"texture":"#2"},"east":{"uv":[4,10,5,11],"texture":"#2"},"south":{"uv":[4,10,5,11],"texture":"#2"},"west":{"uv":[4,10,5,11],"texture":"#2"},"up":{"uv":[0,0,0,0],"texture":"#2"},"down":{"uv":[4,10,5,11],"texture":"#2"}}},{"from":[11.375,13.52513,-0.85355],"to":[11.5,14.93934,0.14645],"rotation":{"angle":45,"axis":"x","origin":[10.5,13.93934,-0.35355]},"faces":{"north":{"uv":[4,10,5,11],"texture":"#2"},"east":{"uv":[4,10,5,11],"texture":"#2"},"south":{"uv":[4,10,5,11],"texture":"#2"},"west":{"uv":[4,10,5,11],"texture":"#2"},"up":{"uv":[0,0,0,0],"texture":"#2"},"down":{"uv":[0,0,0,0],"texture":"#2"}}},{"from":[11.375,14,0],"to":[11.5,15,2],"rotation":{"angle":0,"axis":"y","origin":[-1.5,0,0]},"faces":{"north":{"uv":[0,0,0,0],"texture":"#2"},"east":{"uv":[4,10,5,11],"texture":"#2"},"south":{"uv":[0,0,0,0],"texture":"#2"},"west":{"uv":[4,10,5,11],"texture":"#2"},"up":{"uv":[4,10,5,11],"texture":"#2"},"down":{"uv":[4,10,5,11],"texture":"#2"}}},{"from":[11.375,11.93434,2.38476],"to":[11.5,12.93434,5.38476],"rotation":{"angle":22.5,"axis":"x","origin":[-1.5,14.93434,7.38476]},"faces":{"north":{"uv":[0,0,0,0],"texture":"#2"},"east":{"uv":[4,10,5,11],"texture":"#2"},"south":{"uv":[4,10,5,11],"texture":"#2"},"west":{"uv":[4,10,5,11],"texture":"#2"},"up":{"uv":[4,10,5,11],"texture":"#2"},"down":{"uv":[4,10,5,11],"texture":"#2"}}},{"from":[11.5,5,-1],"to":[12.375,14,-0.25],"rotation":{"angle":0,"axis":"y","origin":[-1.375,0,0]},"faces":{"north":{"uv":[4,10,5,11],"texture":"#3"},"east":{"uv":[4,10,5,11],"texture":"#3"},"south":{"uv":[4,10,5,11],"texture":"#3"},"west":{"uv":[4,10,5,11],"texture":"#3"},"up":{"uv":[0,0,0,0],"texture":"#3"},"down":{"uv":[4,10,5,11],"texture":"#3"}}},{"from":[11.5,13.52513,-0.85355],"to":[12.375,14.93934,0.14645],"rotation":{"angle":45,"axis":"x","origin":[10.625,13.93934,-0.35355]},"faces":{"north":{"uv":[4,10,5,11],"texture":"#3"},"east":{"uv":[4,10,5,11],"texture":"#3"},"south":{"uv":[4,10,5,11],"texture":"#3"},"west":{"uv":[4,10,5,11],"texture":"#3"},"up":{"uv":[0,0,0,0],"texture":"#3"},"down":{"uv":[0,0,0,0],"texture":"#3"}}},{"from":[11.5,14,0],"to":[12.375,15,2],"rotation":{"angle":0,"axis":"y","origin":[-1.375,0,0]},"faces":{"north":{"uv":[0,0,0,0],"texture":"#3"},"east":{"uv":[4,10,5,11],"texture":"#3"},"south":{"uv":[0,0,0,0],"texture":"#3"},"west":{"uv":[4,10,5,11],"texture":"#3"},"up":{"uv":[4,10,5,11],"texture":"#3"},"down":{"uv":[4,10,5,11],"texture":"#3"}}},{"from":[11.5,11.93434,2.38476],"to":[12.375,12.93434,5.38476],"rotation":{"angle":22.5,"axis":"x","origin":[-1.375,14.93434,7.38476]},"faces":{"north":{"uv":[0,0,0,0],"texture":"#3"},"east":{"uv":[4,10,5,11],"texture":"#3"},"south":{"uv":[4,10,5,11],"texture":"#3"},"west":{"uv":[4,10,5,11],"texture":"#3"},"up":{"uv":[4,10,5,11],"texture":"#3"},"down":{"uv":[4,10,5,11],"texture":"#3"}}},{"from":[11,11.93434,2.38476],"to":[11.375,12.93434,5.38476],"rotation":{"angle":22.5,"axis":"x","origin":[0,14.93434,7.38476]},"faces":{"east":{"uv":[4,10,5,11],"texture":"#3"},"south":{"uv":[4,10,5,11],"texture":"#3"},"west":{"uv":[4,10,5,11],"texture":"#3"},"up":{"uv":[4,10,5,11],"texture":"#3"},"down":{"uv":[4,10,5,11],"texture":"#3"}}},{"from":[11,14,0],"to":[11.375,15,2],"faces":{"east":{"uv":[4,10,5,11],"texture":"#3"},"west":{"uv":[4,10,5,11],"texture":"#3"},"up":{"uv":[4,10,5,11],"texture":"#3"},"down":{"uv":[4,10,5,11],"texture":"#3"}}},{"from":[11,13.52513,-0.85355],"to":[11.375,14.93934,0.14645],"rotation":{"angle":45,"axis":"x","origin":[12,13.93934,-0.35355]},"faces":{"north":{"uv":[4,10,5,11],"texture":"#3"},"east":{"uv":[4,10,5,11],"texture":"#3"},"south":{"uv":[4,10,5,11],"texture":"#3"},"west":{"uv":[4,10,5,11],"texture":"#3"}}},{"from":[11,5,-1],"to":[11.375,14,-0.25],"faces":{"north":{"uv":[4,10,5,11],"texture":"#3"},"east":{"uv":[4,10,5,11],"texture":"#3"},"south":{"uv":[4,10,5,11],"texture":"#3"},"west":{"uv":[4,10,5,11],"texture":"#3"},"down":{"uv":[4,10,5,11],"texture":"#3"}}},{"from":[4.625,5,-1],"to":[5,14,-0.25],"rotation":{"angle":0,"axis":"y","origin":[16,0,0]},"faces":{"north":{"uv":[5,10,4,11],"texture":"#3"},"east":{"uv":[5,10,4,11],"texture":"#3"},"south":{"uv":[5,10,4,11],"texture":"#3"},"west":{"uv":[5,10,4,11],"texture":"#3"},"down":{"uv":[5,10,4,11],"texture":"#3"}}},{"from":[4.5,5,-1],"to":[4.625,14,-0.25],"rotation":{"angle":0,"axis":"y","origin":[17.5,0,0]},"faces":{"north":{"uv":[5,10,4,11],"texture":"#2"},"east":{"uv":[5,10,4,11],"texture":"#2"},"south":{"uv":[5,10,4,11],"texture":"#2"},"west":{"uv":[5,10,4,11],"texture":"#2"},"up":{"uv":[0,0,0,0],"texture":"#2"},"down":{"uv":[5,10,4,11],"texture":"#2"}}},{"from":[3.625,5,-1],"to":[4.5,14,-0.25],"rotation":{"angle":0,"axis":"y","origin":[17.375,0,0]},"faces":{"north":{"uv":[5,10,4,11],"texture":"#3"},"east":{"uv":[5,10,4,11],"texture":"#3"},"south":{"uv":[5,10,4,11],"texture":"#3"},"west":{"uv":[5,10,4,11],"texture":"#3"},"up":{"uv":[0,0,0,0],"texture":"#3"},"down":{"uv":[5,10,4,11],"texture":"#3"}}},{"from":[3.5,5,-1],"to":[3.625,14,-0.25],"rotation":{"angle":0,"axis":"y","origin":[16.5,0,0]},"faces":{"north":{"uv":[5,10,4,11],"texture":"#2"},"east":{"uv":[5,10,4,11],"texture":"#2"},"south":{"uv":[5,10,4,11],"texture":"#2"},"west":{"uv":[5,10,4,11],"texture":"#2"},"up":{"uv":[0,0,0,0],"texture":"#2"},"down":{"uv":[5,10,4,11],"texture":"#2"}}},{"from":[3,5,-1],"to":[3.5,14,-0.25],"rotation":{"angle":0,"axis":"y","origin":[16,0,0]},"faces":{"north":{"uv":[5,10,4,11],"texture":"#3"},"east":{"uv":[5,10,4,11],"texture":"#3"},"south":{"uv":[5,10,4,11],"texture":"#3"},"west":{"uv":[5,10,4,11],"texture":"#3"},"down":{"uv":[5,10,4,11],"texture":"#3"}}},{"from":[3,13.52513,-0.85355],"to":[3.5,14.93934,0.14645],"rotation":{"angle":45,"axis":"x","origin":[4,13.93934,-0.35355]},"faces":{"north":{"uv":[5,10,4,11],"texture":"#3"},"east":{"uv":[5,10,4,11],"texture":"#3"},"south":{"uv":[5,10,4,11],"texture":"#3"},"west":{"uv":[5,10,4,11],"texture":"#3"}}},{"from":[3.5,13.52513,-0.85355],"to":[3.625,14.93934,0.14645],"rotation":{"angle":45,"axis":"x","origin":[4.5,13.93934,-0.35355]},"faces":{"north":{"uv":[5,10,4,11],"texture":"#2"},"east":{"uv":[5,10,4,11],"texture":"#2"},"south":{"uv":[5,10,4,11],"texture":"#2"},"west":{"uv":[5,10,4,11],"texture":"#2"},"up":{"uv":[0,0,0,0],"texture":"#2"},"down":{"uv":[0,0,0,0],"texture":"#2"}}},{"from":[3.625,13.52513,-0.85355],"to":[4.5,14.93934,0.14645],"rotation":{"angle":45,"axis":"x","origin":[5.375,13.93934,-0.35355]},"faces":{"north":{"uv":[5,10,4,11],"texture":"#3"},"east":{"uv":[5,10,4,11],"texture":"#3"},"south":{"uv":[5,10,4,11],"texture":"#3"},"west":{"uv":[5,10,4,11],"texture":"#3"},"up":{"uv":[0,0,0,0],"texture":"#3"},"down":{"uv":[0,0,0,0],"texture":"#3"}}},{"from":[4.5,13.52513,-0.85355],"to":[4.625,14.93934,0.14645],"rotation":{"angle":45,"axis":"x","origin":[5.5,13.93934,-0.35355]},"faces":{"north":{"uv":[5,10,4,11],"texture":"#2"},"east":{"uv":[5,10,4,11],"texture":"#2"},"south":{"uv":[5,10,4,11],"texture":"#2"},"west":{"uv":[5,10,4,11],"texture":"#2"},"up":{"uv":[0,0,0,0],"texture":"#2"},"down":{"uv":[0,0,0,0],"texture":"#2"}}},{"from":[4.625,13.52513,-0.85355],"to":[5,14.93934,0.14645],"rotation":{"angle":45,"axis":"x","origin":[4,13.93934,-0.35355]},"faces":{"north":{"uv":[5,10,4,11],"texture":"#3"},"east":{"uv":[5,10,4,11],"texture":"#3"},"south":{"uv":[5,10,4,11],"texture":"#3"},"west":{"uv":[5,10,4,11],"texture":"#3"}}},{"from":[4.625,14,0],"to":[5,15,2],"rotation":{"angle":0,"axis":"y","origin":[16,0,0]},"faces":{"east":{"uv":[5,10,4,11],"texture":"#3"},"west":{"uv":[5,10,4,11],"texture":"#3"},"up":{"uv":[5,10,4,11],"texture":"#3"},"down":{"uv":[5,10,4,11],"texture":"#3"}}},{"from":[4.5,14,0],"to":[4.625,15,2],"rotation":{"angle":0,"axis":"y","origin":[17.5,0,0]},"faces":{"north":{"uv":[0,0,0,0],"texture":"#2"},"east":{"uv":[5,10,4,11],"texture":"#2"},"south":{"uv":[0,0,0,0],"texture":"#2"},"west":{"uv":[5,10,4,11],"texture":"#2"},"up":{"uv":[5,10,4,11],"texture":"#2"},"down":{"uv":[5,10,4,11],"texture":"#2"}}},{"from":[3.625,14,0],"to":[4.5,15,2],"rotation":{"angle":0,"axis":"y","origin":[17.375,0,0]},"faces":{"north":{"uv":[0,0,0,0],"texture":"#3"},"east":{"uv":[5,10,4,11],"texture":"#3"},"south":{"uv":[0,0,0,0],"texture":"#3"},"west":{"uv":[5,10,4,11],"texture":"#3"},"up":{"uv":[5,10,4,11],"texture":"#3"},"down":{"uv":[5,10,4,11],"texture":"#3"}}},{"from":[3.5,14,0],"to":[3.625,15,2],"rotation":{"angle":0,"axis":"y","origin":[16.5,0,0]},"faces":{"north":{"uv":[0,0,0,0],"texture":"#2"},"east":{"uv":[5,10,4,11],"texture":"#2"},"south":{"uv":[0,0,0,0],"texture":"#2"},"west":{"uv":[5,10,4,11],"texture":"#2"},"up":{"uv":[5,10,4,11],"texture":"#2"},"down":{"uv":[5,10,4,11],"texture":"#2"}}},{"from":[3,14,0],"to":[3.5,15,2],"rotation":{"angle":0,"axis":"y","origin":[16,0,0]},"faces":{"east":{"uv":[5,10,4,11],"texture":"#3"},"west":{"uv":[5,10,4,11],"texture":"#3"},"up":{"uv":[5,10,4,11],"texture":"#3"},"down":{"uv":[5,10,4,11],"texture":"#3"}}},{"from":[3,11.93434,2.38476],"to":[3.5,12.93434,5.38476],"rotation":{"angle":22.5,"axis":"x","origin":[16,14.93434,7.38476]},"faces":{"east":{"uv":[5,10,4,11],"texture":"#3"},"south":{"uv":[5,10,4,11],"texture":"#3"},"west":{"uv":[5,10,4,11],"texture":"#3"},"up":{"uv":[5,10,4,11],"texture":"#3"},"down":{"uv":[5,10,4,11],"texture":"#3"}}},{"from":[3.5,11.93434,2.38476],"to":[3.625,12.93434,5.38476],"rotation":{"angle":22.5,"axis":"x","origin":[16.5,14.93434,7.38476]},"faces":{"north":{"uv":[0,0,0,0],"texture":"#2"},"east":{"uv":[5,10,4,11],"texture":"#2"},"south":{"uv":[5,10,4,11],"texture":"#2"},"west":{"uv":[5,10,4,11],"texture":"#2"},"up":{"uv":[5,10,4,11],"texture":"#2"},"down":{"uv":[5,10,4,11],"texture":"#2"}}},{"from":[3.625,11.93434,2.38476],"to":[4.5,12.93434,5.38476],"rotation":{"angle":22.5,"axis":"x","origin":[17.375,14.93434,7.38476]},"faces":{"north":{"uv":[0,0,0,0],"texture":"#3"},"east":{"uv":[5,10,4,11],"texture":"#3"},"south":{"uv":[5,10,4,11],"texture":"#3"},"west":{"uv":[5,10,4,11],"texture":"#3"},"up":{"uv":[5,10,4,11],"texture":"#3"},"down":{"uv":[5,10,4,11],"texture":"#3"}}},{"from":[4.5,11.93434,2.38476],"to":[4.625,12.93434,5.38476],"rotation":{"angle":22.5,"axis":"x","origin":[17.5,14.93434,7.38476]},"faces":{"north":{"uv":[0,0,0,0],"texture":"#2"},"east":{"uv":[5,10,4,11],"texture":"#2"},"south":{"uv":[5,10,4,11],"texture":"#2"},"west":{"uv":[5,10,4,11],"texture":"#2"},"up":{"uv":[5,10,4,11],"texture":"#2"},"down":{"uv":[5,10,4,11],"texture":"#2"}}},{"from":[4.625,11.93434,2.38476],"to":[5,12.93434,5.38476],"rotation":{"angle":22.5,"axis":"x","origin":[16,14.93434,7.38476]},"faces":{"east":{"uv":[5,10,4,11],"texture":"#3"},"south":{"uv":[5,10,4,11],"texture":"#3"},"west":{"uv":[5,10,4,11],"texture":"#3"},"up":{"uv":[5,10,4,11],"texture":"#3"},"down":{"uv":[5,10,4,11],"texture":"#3"}}},{"from":[11.375,6.29289,-2.12132],"to":[12.5,6.91789,1.87868],"rotation":{"angle":45,"axis":"x","origin":[0.5,4.29289,-3.12132]},"faces":{"east":{"uv":[0,0,5,1],"texture":"#0"},"west":{"uv":[0,0,5,1],"texture":"#0"},"up":{"uv":[0,0,2,5],"texture":"#0"},"down":{"uv":[0,0,2,5],"texture":"#0"}}},{"from":[3.125,11,4.375],"to":[4.875,13.875,5],"rotation":{"angle":0,"axis":"y","origin":[-8,0,0]},"faces":{"north":{"uv":[4,10,5,11],"texture":"#0"},"east":{"uv":[4,10,5,11],"texture":"#0"},"west":{"uv":[4,10,5,11],"texture":"#0"},"up":{"uv":[4,10,5,11],"texture":"#0"},"down":{"uv":[4,10,5,11],"texture":"#0"}}},{"from":[3.5,6.29289,-2.12132],"to":[4.625,6.91789,1.87868],"rotation":{"angle":45,"axis":"x","origin":[-7.5,4.29289,-3.12132]},"faces":{"east":{"uv":[0,0,5,1],"texture":"#0"},"west":{"uv":[0,0,5,1],"texture":"#0"},"up":{"uv":[0,0,2,5],"texture":"#0"},"down":{"uv":[0,0,2,5],"texture":"#0"}}},{"from":[3.5,2.7065,1.13918],"to":[4.625,3.3315,5.13918],"rotation":{"angle":22.5,"axis":"x","origin":[-7.5,0.7065,0.13918]},"faces":{"east":{"uv":[0,0,5,1],"texture":"#0"},"west":{"uv":[0,0,5,1],"texture":"#0"},"up":{"uv":[0,0,2,5],"texture":"#0"},"down":{"uv":[0,0,2,5],"texture":"#0"}}},{"from":[6.5,15.75,6],"to":[9.5,16,7],"faces":{"north":{"uv":[0,0,1,1],"texture":"#0"},"east":{"uv":[0,0,1,1],"texture":"#0"},"south":{"uv":[0,0,1,1],"texture":"#0"},"west":{"uv":[0,0,1,1],"texture":"#0"},"up":{"uv":[0,0,1,1],"texture":"#0"},"down":{"uv":[0,0,1,1],"texture":"#0"}}},{"from":[6.5,15,6],"to":[6.75,15.75,7],"faces":{"north":{"uv":[0,0,1,1],"texture":"#0"},"east":{"uv":[0,0,1,1],"texture":"#0"},"south":{"uv":[0,0,1,1],"texture":"#0"},"west":{"uv":[0,0,1,1],"texture":"#0"}}},{"from":[9.25,15,6],"to":[9.5,15.75,7],"faces":{"north":{"uv":[0,0,1,1],"texture":"#0"},"east":{"uv":[0,0,1,1],"texture":"#0"},"south":{"uv":[0,0,1,1],"texture":"#0"},"west":{"uv":[0,0,1,1],"texture":"#0"}}},{"from":[5,3.5,12.25],"to":[5.75,4.875,12.5],"faces":{"north":{"uv":[0,0,8,6],"texture":"#4"},"east":{"uv":[0,0,2,6],"texture":"#4"},"south":{"uv":[0,0,8,6],"texture":"#4"},"west":{"uv":[0,0,2,6],"texture":"#4"},"up":{"uv":[0,0,8,2],"texture":"#4"},"down":{"uv":[0,0,8,2],"texture":"#4"}}},{"from":[3.8125,4.25,9.75],"to":[12.1875,5,12.25],"faces":{"east":{"uv":[0,0,0.25,0.75],"texture":"#0"},"south":{"uv":[0,0,7,0.75],"texture":"#0"},"west":{"uv":[0,0,0.25,0.75],"texture":"#0"},"up":{"uv":[0,0,7,0.25],"texture":"#0"},"down":{"uv":[0,0,7,0.25],"texture":"#0"}}},{"from":[1.875,5,8.3125],"to":[14.125,12.125,9.3125],"faces":{"north":{"uv":[0,0,12.25,7.125],"texture":"#0"},"east":{"uv":[0,0,1,7.125],"texture":"#0"},"south":{"uv":[0,0,12.25,7.125],"texture":"#0"},"west":{"uv":[0,0,1,7.125],"texture":"#0"},"up":{"uv":[0,0,1,12.25],"rotation":90,"texture":"#0"},"down":{"uv":[0,0,12.25,1],"texture":"#0"}}},{"from":[1.625,4.25,8.75],"to":[1.875,5.625,9.5],"faces":{"north":{"uv":[0,0,12,12],"texture":"#4"},"east":{"uv":[0,0,4,12],"texture":"#4"},"south":{"uv":[0,0,12,12],"texture":"#4"},"west":{"uv":[0,0,4,12],"texture":"#4"},"down":{"uv":[0,0,12,4],"texture":"#4"}}},{"from":[1.5,4.5,8.75],"to":[1.75,5.875,9.5],"rotation":{"angle":-22.5,"axis":"z","origin":[1.75,5.3125,9.125]},"faces":{"north":{"uv":[0,0,12,12],"texture":"#4"},"east":{"uv":[0,0,4,12],"texture":"#4"},"south":{"uv":[0,0,12,12],"texture":"#4"},"west":{"uv":[0,0,4,12],"texture":"#4"},"up":{"uv":[0,0,12,4],"texture":"#4"},"down":{"uv":[0,0,12,4],"texture":"#4"}}},{"from":[2.875,12.125,8.3125],"to":[13.125,14.125,9.3125],"faces":{"north":{"uv":[0,0,10.25,2],"texture":"#0"},"east":{"uv":[0,0,1,2],"texture":"#0"},"south":{"uv":[0,0,10.25,2],"texture":"#0"},"west":{"uv":[0,0,1,2],"texture":"#0"},"up":{"uv":[0,0,1,10.25],"rotation":90,"texture":"#0"}}},{"from":[3.875,14.125,8.3125],"to":[12.125,15.125,9.3125],"faces":{"north":{"uv":[0,0,8.25,1],"texture":"#0"},"east":{"uv":[0,0,1,1],"texture":"#0"},"south":{"uv":[0,0,8.25,1],"texture":"#0"},"west":{"uv":[0,0,1,1],"texture":"#0"},"up":{"uv":[0,0,1,8.25],"rotation":90,"texture":"#0"}}},{"from":[3.9375,3.75,10],"to":[12.0625,5.5,12.125],"faces":{"north":{"uv":[0,0,0,0],"texture":"#3"},"east":{"uv":[0,0,0.25,0.75],"texture":"#3"},"south":{"uv":[0,0,7,0.75],"texture":"#3"},"west":{"uv":[0,0,0.25,0.75],"texture":"#3"},"up":{"uv":[0,0,0,0],"texture":"#3"},"down":{"uv":[0,0,7,0.25],"texture":"#3"}}},{"from":[5.20006,13.36612,9.875],"to":[5.51256,13.61612,10.1875],"rotation":{"angle":45,"axis":"z","origin":[4.20006,14.11612,8.5]},"faces":{"north":{"uv":[1,0,0,1],"texture":"#3"},"east":{"uv":[1,0,0,1],"texture":"#3"},"south":{"uv":[1,0,0,1],"texture":"#3"},"west":{"uv":[1,0,0,1],"texture":"#3"},"up":{"uv":[1,0,0,1],"texture":"#3"},"down":{"uv":[0,0,0,0],"texture":"#3"}}},{"from":[4.38756,12.55362,9.875],"to":[4.70006,12.86612,10.1875],"rotation":{"angle":45,"axis":"z","origin":[4.20006,14.11612,8.5]},"faces":{"north":{"uv":[1,0,0,1],"texture":"#3"},"east":{"uv":[1,0,0,1],"texture":"#3"},"south":{"uv":[1,0,0,1],"texture":"#3"},"west":{"uv":[1,0,0,1],"texture":"#3"},"up":{"uv":[1,0,0,1],"texture":"#3"},"down":{"uv":[0,0,0,0],"texture":"#3"}}},{"from":[2.20006,13.05362,9.875],"to":[5.20006,13.61612,10.1875],"rotation":{"angle":45,"axis":"z","origin":[4.20006,14.11612,8.5]},"faces":{"north":{"uv":[1,0,0,1],"texture":"#3"},"east":{"uv":[1,0,0,1],"texture":"#3"},"south":{"uv":[1,0,0,1],"texture":"#3"},"west":{"uv":[1,0,0,1],"texture":"#3"},"up":{"uv":[1,0,0,1],"texture":"#3"},"down":{"uv":[0,0,0,0],"texture":"#3"}}},{"from":[2.20006,11.55362,9.875],"to":[3.95006,12.11612,10.1875],"rotation":{"angle":45,"axis":"z","origin":[4.20006,14.11612,8.5]},"faces":{"north":{"uv":[1,0,0,1],"texture":"#3"},"east":{"uv":[1,0,0,1],"texture":"#3"},"south":{"uv":[1,0,0,1],"texture":"#3"},"west":{"uv":[1,0,0,1],"texture":"#3"},"up":{"uv":[1,0,0,1],"texture":"#3"},"down":{"uv":[0,0,0,0],"texture":"#3"}}},{"from":[2.20006,10.80362,9.875],"to":[3.63756,11.36612,10.1875],"rotation":{"angle":45,"axis":"z","origin":[4.20006,14.11612,8.5]},"faces":{"north":{"uv":[1,0,0,1],"texture":"#3"},"east":{"uv":[1,0,0,1],"texture":"#3"},"south":{"uv":[1,0,0,1],"texture":"#3"},"west":{"uv":[1,0,0,1],"texture":"#3"},"up":{"uv":[1,0,0,1],"texture":"#3"},"down":{"uv":[0,0,0,0],"texture":"#3"}}},{"from":[2.20006,10.05362,9.875],"to":[3.32506,10.61612,10.1875],"rotation":{"angle":45,"axis":"z","origin":[4.20006,14.11612,8.5]},"faces":{"north":{"uv":[1,0,0,1],"texture":"#3"},"east":{"uv":[1,0,0,1],"texture":"#3"},"south":{"uv":[1,0,0,1],"texture":"#3"},"west":{"uv":[1,0,0,1],"texture":"#3"},"up":{"uv":[1,0,0,1],"texture":"#3"},"down":{"uv":[0,0,0,0],"texture":"#3"}}},{"from":[2.20006,9.11612,9.875],"to":[2.95006,13.05362,10.125],"rotation":{"angle":45,"axis":"z","origin":[4.20006,14.11612,8.5]},"faces":{"north":{"uv":[1,0,0,1],"texture":"#2"},"east":{"uv":[1,0,0,1],"texture":"#2"},"south":{"uv":[1,0,0,1],"texture":"#2"},"west":{"uv":[1,0,0,1],"texture":"#2"},"up":{"uv":[1,0,0,1],"texture":"#2"},"down":{"uv":[0,0,0,0],"texture":"#2"}}},{"from":[2.95006,12.86612,9.875],"to":[4.88756,13.05362,10.125],"rotation":{"angle":45,"axis":"z","origin":[4.20006,14.11612,8.5]},"faces":{"north":{"uv":[1,0,0,1],"texture":"#2"},"east":{"uv":[1,0,0,1],"texture":"#2"},"south":{"uv":[1,0,0,1],"texture":"#2"},"west":{"uv":[1,0,0,1],"texture":"#2"},"up":{"uv":[1,0,0,1],"texture":"#2"},"down":{"uv":[0,0,0,0],"texture":"#2"}}},{"from":[3.76256,9.61612,9.875],"to":[4.70006,13.17862,10.125],"rotation":{"angle":22.5,"axis":"z","origin":[4.20006,14.11612,8.5]},"faces":{"north":{"uv":[1,0,0,1],"texture":"#2"},"east":{"uv":[1,0,0,1],"texture":"#2"},"south":{"uv":[1,0,0,1],"texture":"#2"},"west":{"uv":[1,0,0,1],"texture":"#2"},"up":{"uv":[1,0,0,1],"texture":"#2"},"down":{"uv":[0,0,0,0],"texture":"#2"}}},{"from":[2.20006,9.30362,9.875],"to":[3.01256,9.86612,10.1875],"rotation":{"angle":45,"axis":"z","origin":[4.20006,14.11612,8.5]},"faces":{"north":{"uv":[1,0,0,1],"texture":"#3"},"east":{"uv":[1,0,0,1],"texture":"#3"},"south":{"uv":[1,0,0,1],"texture":"#3"},"west":{"uv":[1,0,0,1],"texture":"#3"},"up":{"uv":[1,0,0,1],"texture":"#3"},"down":{"uv":[0,0,0,0],"texture":"#3"}}},{"from":[2.20006,8.55362,9.875],"to":[2.70006,9.11612,10.1875],"rotation":{"angle":45,"axis":"z","origin":[4.20006,14.11612,8.5]},"faces":{"north":{"uv":[1,0,0,1],"texture":"#3"},"east":{"uv":[1,0,0,1],"texture":"#3"},"south":{"uv":[1,0,0,1],"texture":"#3"},"west":{"uv":[1,0,0,1],"texture":"#3"},"up":{"uv":[1,0,0,1],"texture":"#3"},"down":{"uv":[0,0,0,0],"texture":"#3"}}},{"from":[2.20006,12.30362,9.875],"to":[4.38756,12.86612,10.1875],"rotation":{"angle":45,"axis":"z","origin":[4.20006,14.11612,8.5]},"faces":{"north":{"uv":[1,0,0,1],"texture":"#3"},"east":{"uv":[1,0,0,1],"texture":"#3"},"south":{"uv":[1,0,0,1],"texture":"#3"},"west":{"uv":[1,0,0,1],"texture":"#3"},"up":{"uv":[1,0,0,1],"texture":"#3"},"down":{"uv":[0,0,0,0],"texture":"#3"}}},{"from":[5.4375,12.5,9.875],"to":[5.6875,15,10.25],"rotation":{"angle":0,"axis":"z","origin":[5.1875,13.5,8.5]},"faces":{"north":{"uv":[1,0,0,1],"texture":"#3"},"east":{"uv":[1,0,0,1],"texture":"#3"},"south":{"uv":[1,0,0,1],"texture":"#3"},"west":{"uv":[1,0,0,1],"texture":"#3"},"up":{"uv":[1,0,0,1],"texture":"#3"},"down":{"uv":[0,0,0,0],"texture":"#3"}}},{"from":[6.24581,7.99883,9.875],"to":[6.49581,12.56133,10.25],"rotation":{"angle":22.5,"axis":"z","origin":[5.99581,10.49883,8.5]},"faces":{"north":{"uv":[1,0,0,1],"texture":"#3"},"east":{"uv":[1,0,0,1],"texture":"#3"},"south":{"uv":[1,0,0,1],"texture":"#3"},"west":{"uv":[1,0,0,1],"texture":"#3"},"up":{"uv":[1,0,0,1],"texture":"#3"},"down":{"uv":[0,0,0,0],"texture":"#3"}}},{"from":[4.46837,11.91031,9.875],"to":[4.71837,15.66031,10.25],"rotation":{"angle":-45,"axis":"z","origin":[4.15587,14.16031,8.5]},"faces":{"north":{"uv":[1,0,0,1],"texture":"#3"},"east":{"uv":[1,0,0,1],"texture":"#3"},"south":{"uv":[1,0,0,1],"texture":"#3"},"west":{"uv":[1,0,0,1],"texture":"#3"},"up":{"uv":[1,0,0,1],"texture":"#3"},"down":{"uv":[1,0,0,1],"texture":"#3"}}},{"from":[1.95006,8.11612,9.875],"to":[2.20006,13.61612,10.25],"rotation":{"angle":45,"axis":"z","origin":[4.20006,14.11612,8.5]},"faces":{"north":{"uv":[1,0,0,1],"texture":"#3"},"east":{"uv":[1,0,0,1],"texture":"#3"},"south":{"uv":[1,0,0,1],"texture":"#3"},"west":{"uv":[1,0,0,1],"texture":"#3"},"up":{"uv":[1,0,0,1],"texture":"#3"},"down":{"uv":[0,0,0,0],"texture":"#3"}}},{"from":[10.48744,13.36612,9.875],"to":[10.79994,13.61612,10.1875],"rotation":{"angle":-45,"axis":"z","origin":[11.79994,14.11612,8.5]},"faces":{"north":{"uv":[0,0,1,1],"texture":"#3"},"east":{"uv":[0,0,1,1],"texture":"#3"},"south":{"uv":[0,0,1,1],"texture":"#3"},"west":{"uv":[0,0,1,1],"texture":"#3"},"up":{"uv":[0,0,1,1],"texture":"#3"},"down":{"uv":[0,0,0,0],"texture":"#3"}}},{"from":[11.29994,12.55362,9.875],"to":[11.61244,12.86612,10.1875],"rotation":{"angle":-45,"axis":"z","origin":[11.79994,14.11612,8.5]},"faces":{"north":{"uv":[0,0,1,1],"texture":"#3"},"east":{"uv":[0,0,1,1],"texture":"#3"},"south":{"uv":[0,0,1,1],"texture":"#3"},"west":{"uv":[0,0,1,1],"texture":"#3"},"up":{"uv":[0,0,1,1],"texture":"#3"},"down":{"uv":[0,0,0,0],"texture":"#3"}}},{"from":[10.79994,13.05362,9.875],"to":[13.79994,13.61612,10.1875],"rotation":{"angle":-45,"axis":"z","origin":[11.79994,14.11612,8.5]},"faces":{"north":{"uv":[0,0,1,1],"texture":"#3"},"east":{"uv":[0,0,1,1],"texture":"#3"},"south":{"uv":[0,0,1,1],"texture":"#3"},"west":{"uv":[0,0,1,1],"texture":"#3"},"up":{"uv":[0,0,1,1],"texture":"#3"},"down":{"uv":[0,0,0,0],"texture":"#3"}}},{"from":[12.04994,11.55362,9.875],"to":[13.79994,12.11612,10.1875],"rotation":{"angle":-45,"axis":"z","origin":[11.79994,14.11612,8.5]},"faces":{"north":{"uv":[0,0,1,1],"texture":"#3"},"east":{"uv":[0,0,1,1],"texture":"#3"},"south":{"uv":[0,0,1,1],"texture":"#3"},"west":{"uv":[0,0,1,1],"texture":"#3"},"up":{"uv":[0,0,1,1],"texture":"#3"},"down":{"uv":[0,0,0,0],"texture":"#3"}}},{"from":[12.36244,10.80362,9.875],"to":[13.79994,11.36612,10.1875],"rotation":{"angle":-45,"axis":"z","origin":[11.79994,14.11612,8.5]},"faces":{"north":{"uv":[0,0,1,1],"texture":"#3"},"east":{"uv":[0,0,1,1],"texture":"#3"},"south":{"uv":[0,0,1,1],"texture":"#3"},"west":{"uv":[0,0,1,1],"texture":"#3"},"up":{"uv":[0,0,1,1],"texture":"#3"},"down":{"uv":[0,0,0,0],"texture":"#3"}}},{"from":[12.67494,10.05362,9.875],"to":[13.79994,10.61612,10.1875],"rotation":{"angle":-45,"axis":"z","origin":[11.79994,14.11612,8.5]},"faces":{"north":{"uv":[0,0,1,1],"texture":"#3"},"east":{"uv":[0,0,1,1],"texture":"#3"},"south":{"uv":[0,0,1,1],"texture":"#3"},"west":{"uv":[0,0,1,1],"texture":"#3"},"up":{"uv":[0,0,1,1],"texture":"#3"},"down":{"uv":[0,0,0,0],"texture":"#3"}}},{"from":[13.04994,9.11612,9.875],"to":[13.79994,13.05362,10.125],"rotation":{"angle":-45,"axis":"z","origin":[11.79994,14.11612,8.5]},"faces":{"north":{"uv":[0,0,1,1],"texture":"#2"},"east":{"uv":[0,0,1,1],"texture":"#2"},"south":{"uv":[0,0,1,1],"texture":"#2"},"west":{"uv":[0,0,1,1],"texture":"#2"},"up":{"uv":[0,0,1,1],"texture":"#2"},"down":{"uv":[0,0,0,0],"texture":"#2"}}},{"from":[12.98744,9.30362,9.875],"to":[13.79994,9.86612,10.1875],"rotation":{"angle":-45,"axis":"z","origin":[11.79994,14.11612,8.5]},"faces":{"north":{"uv":[0,0,1,1],"texture":"#3"},"east":{"uv":[0,0,1,1],"texture":"#3"},"south":{"uv":[0,0,1,1],"texture":"#3"},"west":{"uv":[0,0,1,1],"texture":"#3"},"up":{"uv":[0,0,1,1],"texture":"#3"},"down":{"uv":[0,0,0,0],"texture":"#3"}}},{"from":[13.29994,8.55362,9.875],"to":[13.79994,9.11612,10.1875],"rotation":{"angle":-45,"axis":"z","origin":[11.79994,14.11612,8.5]},"faces":{"north":{"uv":[0,0,1,1],"texture":"#3"},"east":{"uv":[0,0,1,1],"texture":"#3"},"south":{"uv":[0,0,1,1],"texture":"#3"},"west":{"uv":[0,0,1,1],"texture":"#3"},"up":{"uv":[0,0,1,1],"texture":"#3"},"down":{"uv":[0,0,0,0],"texture":"#3"}}},{"from":[11.61244,12.30362,9.875],"to":[13.79994,12.86612,10.1875],"rotation":{"angle":-45,"axis":"z","origin":[11.79994,14.11612,8.5]},"faces":{"north":{"uv":[0,0,1,1],"texture":"#3"},"east":{"uv":[0,0,1,1],"texture":"#3"},"south":{"uv":[0,0,1,1],"texture":"#3"},"west":{"uv":[0,0,1,1],"texture":"#3"},"up":{"uv":[0,0,1,1],"texture":"#3"},"down":{"uv":[0,0,0,0],"texture":"#3"}}},{"from":[10.3125,12.5,9.875],"to":[10.5625,15,10.25],"rotation":{"angle":0,"axis":"z","origin":[10.8125,13.5,8.5]},"faces":{"north":{"uv":[0,0,1,1],"texture":"#3"},"east":{"uv":[0,0,1,1],"texture":"#3"},"south":{"uv":[0,0,1,1],"texture":"#3"},"west":{"uv":[0,0,1,1],"texture":"#3"},"up":{"uv":[0,0,1,1],"texture":"#3"},"down":{"uv":[0,0,0,0],"texture":"#3"}}},{"from":[9.50419,7.99883,9.875],"to":[9.75419,12.56133,10.25],"rotation":{"angle":-22.5,"axis":"z","origin":[10.00419,10.49883,8.5]},"faces":{"north":{"uv":[0,0,1,1],"texture":"#3"},"east":{"uv":[0,0,1,1],"texture":"#3"},"south":{"uv":[0,0,1,1],"texture":"#3"},"west":{"uv":[0,0,1,1],"texture":"#3"},"up":{"uv":[0,0,1,1],"texture":"#3"},"down":{"uv":[0,0,0,0],"texture":"#3"}}},{"from":[11.28163,11.91031,9.875],"to":[11.53163,15.66031,10.25],"rotation":{"angle":45,"axis":"z","origin":[11.84413,14.16031,8.5]},"faces":{"north":{"uv":[0,0,1,1],"texture":"#3"},"east":{"uv":[0,0,1,1],"texture":"#3"},"south":{"uv":[0,0,1,1],"texture":"#3"},"west":{"uv":[0,0,1,1],"texture":"#3"},"up":{"uv":[0,0,1,1],"texture":"#3"},"down":{"uv":[0,0,1,1],"texture":"#3"}}},{"from":[13.79994,8.11612,9.875],"to":[14.04994,13.61612,10.25],"rotation":{"angle":-45,"axis":"z","origin":[11.79994,14.11612,8.5]},"faces":{"north":{"uv":[0,0,1,1],"texture":"#3"},"east":{"uv":[0,0,1,1],"texture":"#3"},"south":{"uv":[0,0,1,1],"texture":"#3"},"west":{"uv":[0,0,1,1],"texture":"#3"},"up":{"uv":[0,0,1,1],"texture":"#3"},"down":{"uv":[0,0,0,0],"texture":"#3"}}},{"from":[11.29994,9.61612,9.875],"to":[12.23744,13.17862,10.125],"rotation":{"angle":-22.5,"axis":"z","origin":[11.79994,14.11612,8.5]},"faces":{"north":{"uv":[0,0,1,1],"texture":"#2"},"east":{"uv":[0,0,1,1],"texture":"#2"},"south":{"uv":[0,0,1,1],"texture":"#2"},"west":{"uv":[0,0,1,1],"texture":"#2"},"up":{"uv":[0,0,1,1],"texture":"#2"},"down":{"uv":[0,0,0,0],"texture":"#2"}}},{"from":[11.11244,12.86612,9.875],"to":[13.04994,13.05362,10.125],"rotation":{"angle":-45,"axis":"z","origin":[11.79994,14.11612,8.5]},"faces":{"north":{"uv":[0,0,1,1],"texture":"#2"},"east":{"uv":[0,0,1,1],"texture":"#2"},"south":{"uv":[0,0,1,1],"texture":"#2"},"west":{"uv":[0,0,1,1],"texture":"#2"},"up":{"uv":[0,0,1,1],"texture":"#2"},"down":{"uv":[0,0,0,0],"texture":"#2"}}},{"from":[10.18877,15.36712,10.4375],"to":[11.85942,16.42962,10.625],"rotation":{"angle":22.5,"axis":"z","origin":[11.08659,14.86712,10.25]},"faces":{"north":{"uv":[0,0,1,1],"rotation":180,"texture":"#0"},"east":{"uv":[0,0,1,1],"rotation":180,"texture":"#0"},"south":{"uv":[0,0,1,1],"rotation":180,"texture":"#0"},"west":{"uv":[0,0,1,1],"rotation":180,"texture":"#0"},"up":{"uv":[0,0,1,1],"rotation":180,"texture":"#0"},"down":{"uv":[0,0,1,1],"rotation":180,"texture":"#0"}}},{"from":[9.4949,14.53513,10.3125],"to":[11.41555,15.03513,10.75],"rotation":{"angle":-22.5,"axis":"z","origin":[10.26772,13.97263,10.25]},"faces":{"north":{"uv":[0,0,1,1],"texture":"#3"},"east":{"uv":[0,0,1,1],"texture":"#3"},"south":{"uv":[0,0,1,1],"texture":"#3"},"west":{"uv":[0,0,1,1],"texture":"#3"},"up":{"uv":[0,0,1,1],"texture":"#3"},"down":{"uv":[0,0,1,1],"texture":"#3"}}},{"from":[11.4927,14.08416,10.3125],"to":[11.84625,14.43772,10.75],"rotation":{"angle":22.5,"axis":"z","origin":[11.59625,14.19614,10.25]},"faces":{"north":{"uv":[0,0,1,1],"rotation":270,"texture":"#3"},"east":{"uv":[0,0,1,1],"rotation":90,"texture":"#3"},"south":{"uv":[0,0,1,1],"rotation":90,"texture":"#3"},"west":{"uv":[0,0,1,1],"rotation":90,"texture":"#3"},"up":{"uv":[0,0,1,1],"rotation":90,"texture":"#3"},"down":{"uv":[0,0,1,1],"rotation":90,"texture":"#3"}}},{"from":[14.01584,13.96348,10.3125],"to":[14.36939,14.31704,10.75],"rotation":{"angle":22.5,"axis":"z","origin":[11.11939,14.07546,10.25]},"faces":{"north":{"uv":[0,0,1,1],"rotation":270,"texture":"#3"},"east":{"uv":[0,0,1,1],"rotation":90,"texture":"#3"},"south":{"uv":[0,0,1,1],"rotation":90,"texture":"#3"},"west":{"uv":[0,0,1,1],"rotation":90,"texture":"#3"},"up":{"uv":[0,0,1,1],"rotation":90,"texture":"#3"},"down":{"uv":[0,0,1,1],"rotation":90,"texture":"#3"}}},{"from":[12.06311,17.03353,10.3125],"to":[12.41666,17.38708,10.75],"rotation":{"angle":-22.5,"axis":"z","origin":[12.23989,17.2103,10.25]},"faces":{"north":{"uv":[0,0,1,1],"texture":"#3"},"east":{"uv":[0,0,1,1],"texture":"#3"},"south":{"uv":[0,0,1,1],"texture":"#3"},"west":{"uv":[0,0,1,1],"texture":"#3"},"up":{"uv":[0,0,1,1],"texture":"#3"},"down":{"uv":[0,0,1,1],"texture":"#3"}}},{"from":[8.60218,14.75,10.3125],"to":[9.96032,15.25,10.75],"rotation":{"angle":0,"axis":"z","origin":[10.1875,14,10.25]},"faces":{"north":{"uv":[0,0,1,1],"texture":"#3"},"east":{"uv":[0,0,1,1],"texture":"#3"},"south":{"uv":[0,0,1,1],"texture":"#3"},"west":{"uv":[0,0,1,1],"texture":"#3"},"up":{"uv":[0,0,1,1],"texture":"#3"},"down":{"uv":[0,0,1,1],"texture":"#3"}}},{"from":[11.78968,15.5625,10.3125],"to":[13.71032,16.0625,10.75],"rotation":{"angle":-22.5,"axis":"z","origin":[12.5625,15,10.25]},"faces":{"north":{"uv":[0,0,1,1],"texture":"#3"},"east":{"uv":[0,0,1,1],"texture":"#3"},"south":{"uv":[0,0,1,1],"texture":"#3"},"west":{"uv":[0,0,1,1],"texture":"#3"},"up":{"uv":[0,0,1,1],"texture":"#3"},"down":{"uv":[0,0,1,1],"texture":"#3"}}},{"from":[11.14695,15.77737,10.3125],"to":[12.2551,16.27737,10.75],"rotation":{"angle":0,"axis":"z","origin":[12.48228,15.02737,10.25]},"faces":{"north":{"uv":[0,0,1,1],"texture":"#3"},"east":{"uv":[0,0,1,1],"texture":"#3"},"south":{"uv":[0,0,1,1],"texture":"#3"},"west":{"uv":[0,0,1,1],"texture":"#3"},"up":{"uv":[0,0,1,1],"texture":"#3"},"down":{"uv":[0,0,1,1],"texture":"#3"}}},{"from":[11.02195,15.58987,10.4375],"to":[12.6926,15.77737,10.625],"rotation":{"angle":0,"axis":"z","origin":[12.48228,15.02737,10.25]},"faces":{"north":{"uv":[0,0,1,1],"texture":"#0"},"east":{"uv":[0,0,1,1],"texture":"#0"},"south":{"uv":[0,0,1,1],"texture":"#0"},"west":{"uv":[0,0,1,1],"texture":"#0"},"up":{"uv":[0,0,1,1],"texture":"#0"},"down":{"uv":[0,0,1,1],"texture":"#0"}}},{"from":[10.83347,15.9222,10.3125],"to":[13.31662,16.4222,10.75],"rotation":{"angle":22.5,"axis":"z","origin":[10.1688,13.9847,10.25]},"faces":{"north":{"uv":[0,0,1,1],"texture":"#3"},"east":{"uv":[0,0,1,1],"texture":"#3"},"south":{"uv":[0,0,1,1],"texture":"#3"},"west":{"uv":[0,0,1,1],"texture":"#3"},"up":{"uv":[0,0,1,1],"texture":"#3"},"down":{"uv":[0,0,1,1],"texture":"#3"}}},{"from":[9.65595,15.23215,10.3125],"to":[11.9516,15.73215,10.75],"rotation":{"angle":22.5,"axis":"z","origin":[10.17877,13.98215,10.25]},"faces":{"north":{"uv":[0,0,1,1],"texture":"#3"},"east":{"uv":[0,0,1,1],"texture":"#3"},"south":{"uv":[0,0,1,1],"texture":"#3"},"west":{"uv":[0,0,1,1],"texture":"#3"},"up":{"uv":[0,0,1,1],"texture":"#3"},"down":{"uv":[0,0,1,1],"texture":"#3"}}},{"from":[9.78968,15.5,10.3125],"to":[11.71032,16,10.75],"rotation":{"angle":45,"axis":"z","origin":[10.1875,14,10.25]},"faces":{"north":{"uv":[0,0,1,1],"texture":"#3"},"east":{"uv":[0,0,1,1],"texture":"#3"},"south":{"uv":[0,0,1,1],"texture":"#3"},"west":{"uv":[0,0,1,1],"texture":"#3"},"up":{"uv":[0,0,1,1],"texture":"#3"},"down":{"uv":[0,0,1,1],"texture":"#3"}}},{"from":[10.41031,13.79986,10.4375],"to":[10.91031,14.72051,10.625],"rotation":{"angle":22.5,"axis":"z","origin":[9.34781,15.63518,10.25]},"faces":{"north":{"uv":[0,0,1,1],"rotation":270,"texture":"#0"},"east":{"uv":[0,0,1,1],"rotation":90,"texture":"#0"},"south":{"uv":[0,0,1,1],"rotation":90,"texture":"#0"},"west":{"uv":[0,0,1,1],"rotation":90,"texture":"#0"},"up":{"uv":[0,0,1,1],"rotation":90,"texture":"#0"},"down":{"uv":[0,0,1,1],"rotation":90,"texture":"#0"}}},{"from":[5.59781,15.77949,10.4375],"to":[6.09781,16.70014,10.625],"rotation":{"angle":-22.5,"axis":"z","origin":[9.34781,2.36482,10.25]},"faces":{"north":{"uv":[1,0,0,1],"rotation":270,"texture":"#0"},"east":{"uv":[1,0,0,1],"rotation":90,"texture":"#0"},"south":{"uv":[1,0,0,1],"rotation":90,"texture":"#0"},"west":{"uv":[1,0,0,1],"rotation":90,"texture":"#0"},"up":{"uv":[1,0,0,1],"rotation":90,"texture":"#0"},"down":{"uv":[1,0,0,1],"rotation":90,"texture":"#0"}}},{"from":[9.21159,14.8443,10.4375],"to":[11.21159,15.76495,10.625],"rotation":{"angle":0,"axis":"z","origin":[11.08659,14.86712,10.25]},"faces":{"north":{"uv":[0,0,1,1],"rotation":270,"texture":"#0"},"east":{"uv":[0,0,1,1],"rotation":90,"texture":"#0"},"south":{"uv":[0,0,1,1],"rotation":90,"texture":"#0"},"west":{"uv":[0,0,1,1],"rotation":90,"texture":"#0"},"up":{"uv":[0,0,1,1],"rotation":90,"texture":"#0"},"down":{"uv":[0,0,1,1],"rotation":90,"texture":"#0"}}},{"from":[5.59691,13.60904,10.3125],"to":[6.09691,15.52969,10.75],"rotation":{"angle":-45,"axis":"z","origin":[4.76716,14.49603,10.51042]},"faces":{"north":{"uv":[1,0,0,1],"rotation":90,"texture":"#3"},"east":{"uv":[1,0,0,1],"rotation":270,"texture":"#3"},"south":{"uv":[1,0,0,1],"rotation":270,"texture":"#3"},"west":{"uv":[1,0,0,1],"rotation":270,"texture":"#3"},"up":{"uv":[1,0,0,1],"rotation":270,"texture":"#3"},"down":{"uv":[1,0,0,1],"rotation":270,"texture":"#3"}}},{"from":[4.72669,12.92856,10.3125],"to":[5.08025,13.28211,10.75],"rotation":{"angle":0,"axis":"z","origin":[4.76716,14.49603,10.51042]},"faces":{"north":{"uv":[0,1,1,0],"rotation":270,"texture":"#3"},"east":{"uv":[0,1,1,0],"rotation":90,"texture":"#3"},"south":{"uv":[0,1,1,0],"rotation":90,"texture":"#3"},"west":{"uv":[0,1,1,0],"rotation":90,"texture":"#3"},"up":{"uv":[0,1,1,0],"rotation":90,"texture":"#3"},"down":{"uv":[0,1,1,0],"rotation":90,"texture":"#3"}}},{"from":[2.21343,12.99955,10.3125],"to":[2.56699,13.3531,10.75],"rotation":{"angle":0,"axis":"z","origin":[4.76716,14.49603,10.51042]},"faces":{"north":{"uv":[0,1,1,0],"rotation":270,"texture":"#3"},"east":{"uv":[0,1,1,0],"rotation":90,"texture":"#3"},"south":{"uv":[0,1,1,0],"rotation":90,"texture":"#3"},"west":{"uv":[0,1,1,0],"rotation":90,"texture":"#3"},"up":{"uv":[0,1,1,0],"rotation":90,"texture":"#3"},"down":{"uv":[0,1,1,0],"rotation":90,"texture":"#3"}}},{"from":[2.27476,14.18839,10.3125],"to":[2.62831,14.54195,10.75],"rotation":{"angle":-45,"axis":"z","origin":[4.30522,14.68737,10.51042]},"faces":{"north":{"uv":[1,0,0,1],"rotation":90,"texture":"#3"},"east":{"uv":[1,0,0,1],"rotation":270,"texture":"#3"},"south":{"uv":[1,0,0,1],"rotation":270,"texture":"#3"},"west":{"uv":[1,0,0,1],"rotation":270,"texture":"#3"},"up":{"uv":[1,0,0,1],"rotation":270,"texture":"#3"},"down":{"uv":[1,0,0,1],"rotation":270,"texture":"#3"}}},{"from":[6.03968,13.625,10.3125],"to":[7.27282,14.125,10.75],"rotation":{"angle":22.5,"axis":"z","origin":[4.76716,14.49603,10.51042]},"faces":{"north":{"uv":[1,0,0,1],"texture":"#3"},"east":{"uv":[1,0,0,1],"texture":"#3"},"south":{"uv":[1,0,0,1],"texture":"#3"},"west":{"uv":[1,0,0,1],"texture":"#3"},"up":{"uv":[1,0,0,1],"texture":"#3"},"down":{"uv":[1,0,0,1],"texture":"#3"}}},{"from":[3.76957,11.8821,10.3125],"to":[4.26957,13.80275,10.75],"rotation":{"angle":-45,"axis":"z","origin":[4.76716,14.49603,10.51042]},"faces":{"north":{"uv":[1,0,0,1],"rotation":90,"texture":"#3"},"east":{"uv":[1,0,0,1],"rotation":270,"texture":"#3"},"south":{"uv":[1,0,0,1],"rotation":270,"texture":"#3"},"west":{"uv":[1,0,0,1],"rotation":270,"texture":"#3"},"up":{"uv":[1,0,0,1],"rotation":270,"texture":"#3"},"down":{"uv":[1,0,0,1],"rotation":270,"texture":"#3"}}},{"from":[3.7449,14.65237,10.3125],"to":[4.85305,15.15237,10.75],"rotation":{"angle":22.5,"axis":"z","origin":[4.76716,14.49603,10.51042]},"faces":{"north":{"uv":[1,0,0,1],"texture":"#3"},"east":{"uv":[1,0,0,1],"texture":"#3"},"south":{"uv":[1,0,0,1],"texture":"#3"},"west":{"uv":[1,0,0,1],"texture":"#3"},"up":{"uv":[1,0,0,1],"texture":"#3"},"down":{"uv":[1,0,0,1],"texture":"#3"}}},{"from":[3.3074,14.46487,10.4375],"to":[4.97805,14.65237,10.625],"rotation":{"angle":22.5,"axis":"z","origin":[4.76716,14.49603,10.51042]},"faces":{"north":{"uv":[1,0,0,1],"texture":"#0"},"east":{"uv":[1,0,0,1],"texture":"#0"},"south":{"uv":[1,0,0,1],"texture":"#0"},"west":{"uv":[1,0,0,1],"texture":"#0"},"up":{"uv":[1,0,0,1],"texture":"#0"},"down":{"uv":[1,0,0,1],"texture":"#0"}}},{"from":[2.76664,15.52029,10.3125],"to":[5.24979,16.02029,10.75],"rotation":{"angle":0,"axis":"z","origin":[4.30522,14.68737,10.51042]},"faces":{"north":{"uv":[1,0,0,1],"texture":"#3"},"east":{"uv":[1,0,0,1],"texture":"#3"},"south":{"uv":[1,0,0,1],"texture":"#3"},"west":{"uv":[1,0,0,1],"texture":"#3"},"up":{"uv":[1,0,0,1],"texture":"#3"},"down":{"uv":[1,0,0,1],"texture":"#3"}}},{"from":[4.59534,14.63528,10.3125],"to":[6.89099,15.13528,10.75],"rotation":{"angle":0,"axis":"z","origin":[4.76716,14.49603,10.51042]},"faces":{"north":{"uv":[1,0,0,1],"texture":"#3"},"east":{"uv":[1,0,0,1],"texture":"#3"},"south":{"uv":[1,0,0,1],"texture":"#3"},"west":{"uv":[1,0,0,1],"texture":"#3"},"up":{"uv":[1,0,0,1],"texture":"#3"},"down":{"uv":[1,0,0,1],"texture":"#3"}}},{"from":[4.62974,15.58896,10.3125],"to":[7.05039,16.08896,10.75],"rotation":{"angle":-22.5,"axis":"z","origin":[4.76716,14.49603,10.51042]},"faces":{"north":{"uv":[1,0,0,1],"texture":"#3"},"east":{"uv":[1,0,0,1],"texture":"#3"},"south":{"uv":[1,0,0,1],"texture":"#3"},"west":{"uv":[1,0,0,1],"texture":"#3"},"up":{"uv":[1,0,0,1],"texture":"#3"},"down":{"uv":[1,0,0,1],"texture":"#3"}}},{"from":[7.26031,14.50212,10.3125],"to":[8.36846,15.00212,10.75],"rotation":{"angle":-45,"axis":"z","origin":[7.65813,14.75212,10.53125]},"faces":{"north":{"uv":[1,0,0,1],"texture":"#3"},"east":{"uv":[1,0,0,1],"texture":"#3"},"south":{"uv":[1,0,0,1],"texture":"#3"},"west":{"uv":[1,0,0,1],"texture":"#3"},"up":{"uv":[1,0,0,1],"texture":"#3"},"down":{"uv":[1,0,0,1],"texture":"#3"}}},{"from":[7.26031,15.12712,10.3125],"to":[7.80596,15.31462,10.75],"rotation":{"angle":-45,"axis":"z","origin":[7.65813,14.75212,10.53125]},"faces":{"north":{"uv":[1,0,0,1],"texture":"#3"},"east":{"uv":[1,0,0,1],"texture":"#3"},"south":{"uv":[1,0,0,1],"texture":"#3"},"west":{"uv":[1,0,0,1],"texture":"#3"},"up":{"uv":[1,0,0,1],"texture":"#3"},"down":{"uv":[1,0,0,1],"texture":"#3"}}},{"from":[8.39786,14.71495,10.3125],"to":[8.64786,15.9481,10.75],"rotation":{"angle":0,"axis":"z","origin":[7.64786,14.73777,10.53125]},"faces":{"north":{"uv":[1,0,0,1],"rotation":270,"texture":"#3"},"east":{"uv":[1,0,0,1],"rotation":90,"texture":"#3"},"south":{"uv":[1,0,0,1],"rotation":90,"texture":"#3"},"west":{"uv":[1,0,0,1],"rotation":90,"texture":"#3"},"up":{"uv":[1,0,0,1],"rotation":90,"texture":"#3"},"down":{"uv":[1,0,0,1],"rotation":90,"texture":"#3"}}},{"from":[7.98363,14.07307,10.3125],"to":[8.23363,14.49372,10.75],"rotation":{"angle":0,"axis":"z","origin":[7.67113,14.7209,10.53125]},"faces":{"north":{"uv":[1,0,0,1],"rotation":270,"texture":"#3"},"east":{"uv":[1,0,0,1],"rotation":90,"texture":"#3"},"south":{"uv":[1,0,0,1],"rotation":90,"texture":"#3"},"west":{"uv":[1,0,0,1],"rotation":90,"texture":"#3"},"up":{"uv":[1,0,0,1],"rotation":90,"texture":"#3"},"down":{"uv":[1,0,0,1],"rotation":90,"texture":"#3"}}},{"from":[7.79613,14.51057,10.3125],"to":[8.42113,14.86872,10.75],"rotation":{"angle":0,"axis":"z","origin":[7.67113,14.7209,10.53125]},"faces":{"north":{"uv":[1,0,0,1],"rotation":270,"texture":"#3"},"east":{"uv":[1,0,0,1],"rotation":90,"texture":"#3"},"south":{"uv":[1,0,0,1],"rotation":90,"texture":"#3"},"west":{"uv":[1,0,0,1],"rotation":90,"texture":"#3"},"up":{"uv":[1,0,0,1],"rotation":90,"texture":"#3"},"down":{"uv":[1,0,0,1],"rotation":90,"texture":"#3"}}},{"from":[7.98363,14.82307,10.3125],"to":[8.17113,15.30622,10.75],"rotation":{"angle":0,"axis":"z","origin":[7.67113,14.7209,10.53125]},"faces":{"north":{"uv":[1,0,0,1],"rotation":270,"texture":"#3"},"east":{"uv":[1,0,0,1],"rotation":90,"texture":"#3"},"south":{"uv":[1,0,0,1],"rotation":90,"texture":"#3"},"west":{"uv":[1,0,0,1],"rotation":90,"texture":"#3"},"up":{"uv":[1,0,0,1],"rotation":90,"texture":"#3"},"down":{"uv":[1,0,0,1],"rotation":90,"texture":"#3"}}},{"from":[7.54613,14.82307,10.3125],"to":[7.73363,15.30622,10.75],"rotation":{"angle":0,"axis":"z","origin":[7.67113,14.7209,10.53125]},"faces":{"north":{"uv":[1,0,0,1],"rotation":270,"texture":"#3"},"east":{"uv":[1,0,0,1],"rotation":90,"texture":"#3"},"south":{"uv":[1,0,0,1],"rotation":90,"texture":"#3"},"west":{"uv":[1,0,0,1],"rotation":90,"texture":"#3"},"up":{"uv":[1,0,0,1],"rotation":90,"texture":"#3"},"down":{"uv":[1,0,0,1],"rotation":90,"texture":"#3"}}},{"from":[7.42113,15.19807,10.3125],"to":[8.29613,15.61872,10.75],"rotation":{"angle":0,"axis":"z","origin":[7.67113,14.7209,10.53125]},"faces":{"north":{"uv":[1,0,0,1],"rotation":270,"texture":"#3"},"east":{"uv":[1,0,0,1],"rotation":90,"texture":"#3"},"south":{"uv":[1,0,0,1],"rotation":90,"texture":"#3"},"west":{"uv":[1,0,0,1],"rotation":90,"texture":"#3"},"up":{"uv":[1,0,0,1],"rotation":90,"texture":"#3"},"down":{"uv":[1,0,0,1],"rotation":90,"texture":"#3"}}},{"from":[7.60863,14.82307,10.3425],"to":[8.48363,15.24372,10.7175],"rotation":{"angle":0,"axis":"z","origin":[7.67113,14.7209,10.53125]},"faces":{"north":{"uv":[1,0,0,1],"rotation":270,"texture":"#2"},"east":{"uv":[1,0,0,1],"rotation":90,"texture":"#2"},"south":{"uv":[1,0,0,1],"rotation":90,"texture":"#2"},"west":{"uv":[1,0,0,1],"rotation":90,"texture":"#2"},"up":{"uv":[1,0,0,1],"rotation":90,"texture":"#2"},"down":{"uv":[1,0,0,1],"rotation":90,"texture":"#2"}}},{"from":[8.20201,14.5446,10.3125],"to":[8.51451,14.96525,10.75],"rotation":{"angle":-22.5,"axis":"z","origin":[7.95201,14.50492,10.53125]},"faces":{"north":{"uv":[1,0,0,1],"rotation":270,"texture":"#3"},"east":{"uv":[1,0,0,1],"rotation":90,"texture":"#3"},"south":{"uv":[1,0,0,1],"rotation":90,"texture":"#3"},"west":{"uv":[1,0,0,1],"rotation":90,"texture":"#3"},"up":{"uv":[1,0,0,1],"rotation":90,"texture":"#3"},"down":{"uv":[1,0,0,1],"rotation":90,"texture":"#3"}}},{"from":[7.82433,15.38775,10.3125],"to":[8.0553,16.10201,10.75],"rotation":{"angle":-22.5,"axis":"z","origin":[7.96471,14.53557,10.53125]},"faces":{"north":{"uv":[1,0,0,1],"rotation":270,"texture":"#3"},"east":{"uv":[1,0,0,1],"rotation":90,"texture":"#3"},"south":{"uv":[1,0,0,1],"rotation":90,"texture":"#3"},"west":{"uv":[1,0,0,1],"rotation":90,"texture":"#3"},"up":{"uv":[1,0,0,1],"rotation":90,"texture":"#3"},"down":{"uv":[1,0,0,1],"rotation":90,"texture":"#3"}}},{"from":[8.41315,15.9416,10.3125],"to":[8.57647,16.10492,10.75],"rotation":{"angle":22.5,"axis":"z","origin":[8.59584,16.12429,10.53125]},"faces":{"north":{"uv":[1,0,0,1],"rotation":180,"texture":"#3"},"east":{"uv":[1,0,0,1],"rotation":180,"texture":"#3"},"south":{"uv":[1,0,0,1],"rotation":180,"texture":"#3"},"west":{"uv":[1,0,0,1],"rotation":180,"texture":"#3"},"up":{"uv":[1,0,0,1],"rotation":180,"texture":"#3"},"down":{"uv":[1,0,0,1],"rotation":180,"texture":"#3"}}},{"from":[6.94351,16.03077,10.3125],"to":[7.10683,16.19409,10.75],"rotation":{"angle":0,"axis":"z","origin":[7.02517,16.11243,10.53125]},"faces":{"north":{"uv":[1,0,0,1],"rotation":180,"texture":"#3"},"east":{"uv":[1,0,0,1],"rotation":180,"texture":"#3"},"south":{"uv":[1,0,0,1],"rotation":180,"texture":"#3"},"west":{"uv":[1,0,0,1],"rotation":180,"texture":"#3"},"up":{"uv":[1,0,0,1],"rotation":180,"texture":"#3"},"down":{"uv":[1,0,0,1],"rotation":180,"texture":"#3"}}},{"from":[7.10214,14.90245,10.3125],"to":[7.35214,16.1356,10.75],"rotation":{"angle":22.5,"axis":"z","origin":[7.28633,15.68444,10.53125]},"faces":{"north":{"uv":[1,1,0,0],"rotation":270,"texture":"#3"},"east":{"uv":[1,1,0,0],"rotation":90,"texture":"#3"},"south":{"uv":[1,1,0,0],"rotation":90,"texture":"#3"},"west":{"uv":[1,1,0,0],"rotation":90,"texture":"#3"},"up":{"uv":[1,1,0,0],"rotation":90,"texture":"#3"},"down":{"uv":[1,1,0,0],"rotation":90,"texture":"#3"}}},{"from":[7.28882,15.26998,10.3125],"to":[7.51979,16.17174,10.75],"rotation":{"angle":45,"axis":"z","origin":[7.28633,15.68444,10.53125]},"faces":{"north":{"uv":[1,1,0,0],"rotation":270,"texture":"#3"},"east":{"uv":[1,1,0,0],"rotation":90,"texture":"#3"},"south":{"uv":[1,1,0,0],"rotation":90,"texture":"#3"},"west":{"uv":[1,1,0,0],"rotation":90,"texture":"#3"},"up":{"uv":[1,1,0,0],"rotation":90,"texture":"#3"},"down":{"uv":[1,1,0,0],"rotation":90,"texture":"#3"}}},{"from":[8.27122,14.44583,10.3125],"to":[8.45872,14.80398,10.75],"rotation":{"angle":-45,"axis":"z","origin":[7.89622,14.53115,10.53125]},"faces":{"north":{"uv":[1,0,0,1],"rotation":270,"texture":"#3"},"east":{"uv":[1,0,0,1],"rotation":90,"texture":"#3"},"south":{"uv":[1,0,0,1],"rotation":90,"texture":"#3"},"west":{"uv":[1,0,0,1],"rotation":90,"texture":"#3"},"up":{"uv":[1,0,0,1],"rotation":90,"texture":"#3"},"down":{"uv":[1,0,0,1],"rotation":90,"texture":"#3"}}},{"from":[7.89622,15.00833,10.3125],"to":[8.08372,15.30398,10.75],"rotation":{"angle":-45,"axis":"z","origin":[7.89622,14.53115,10.53125]},"faces":{"north":{"uv":[1,0,0,1],"rotation":270,"texture":"#3"},"east":{"uv":[1,0,0,1],"rotation":90,"texture":"#3"},"south":{"uv":[1,0,0,1],"rotation":90,"texture":"#3"},"west":{"uv":[1,0,0,1],"rotation":90,"texture":"#3"},"up":{"uv":[1,0,0,1],"rotation":90,"texture":"#3"},"down":{"uv":[1,0,0,1],"rotation":90,"texture":"#3"}}},{"from":[7.58372,15.00833,10.3125],"to":[7.77122,15.55398,10.75],"rotation":{"angle":-45,"axis":"z","origin":[7.89622,14.53115,10.53125]},"faces":{"north":{"uv":[1,0,0,1],"rotation":270,"texture":"#3"},"east":{"uv":[1,0,0,1],"rotation":90,"texture":"#3"},"south":{"uv":[1,0,0,1],"rotation":90,"texture":"#3"},"west":{"uv":[1,0,0,1],"rotation":90,"texture":"#3"},"up":{"uv":[1,0,0,1],"rotation":90,"texture":"#3"},"down":{"uv":[1,0,0,1],"rotation":90,"texture":"#3"}}},{"from":[4.94078,13.39515,10.4375],"to":[5.44078,14.3158,10.625],"rotation":{"angle":0,"axis":"z","origin":[4.76716,14.49603,10.51042]},"faces":{"north":{"uv":[0,1,1,0],"rotation":270,"texture":"#0"},"east":{"uv":[0,1,1,0],"rotation":90,"texture":"#0"},"south":{"uv":[0,1,1,0],"rotation":90,"texture":"#0"},"west":{"uv":[0,1,1,0],"rotation":90,"texture":"#0"},"up":{"uv":[0,1,1,0],"rotation":90,"texture":"#0"},"down":{"uv":[0,1,1,0],"rotation":90,"texture":"#0"}}},{"from":[2.99088,15.07632,10.4375],"to":[4.78653,15.45132,10.625],"rotation":{"angle":-22.5,"axis":"z","origin":[4.2012,15.38882,10.46875]},"faces":{"north":{"uv":[1,1,0,0],"texture":"#0"},"east":{"uv":[1,1,0,0],"texture":"#0"},"south":{"uv":[1,1,0,0],"texture":"#0"},"west":{"uv":[1,1,0,0],"texture":"#0"},"up":{"uv":[1,1,0,0],"texture":"#0"},"down":{"uv":[1,1,0,0],"texture":"#0"}}},{"from":[3.92838,15.45132,10.4375],"to":[4.78653,15.82632,10.625],"rotation":{"angle":-22.5,"axis":"z","origin":[4.2012,15.38882,10.46875]},"faces":{"north":{"uv":[1,1,0,0],"texture":"#0"},"east":{"uv":[1,1,0,0],"texture":"#0"},"south":{"uv":[1,1,0,0],"texture":"#0"},"west":{"uv":[1,1,0,0],"texture":"#0"},"up":{"uv":[1,1,0,0],"texture":"#0"},"down":{"uv":[1,1,0,0],"texture":"#0"}}},{"from":[4.78841,13.7193,10.4375],"to":[6.78841,14.63995,10.625],"rotation":{"angle":22.5,"axis":"z","origin":[4.76716,14.49603,10.51042]},"faces":{"north":{"uv":[0,1,1,0],"rotation":270,"texture":"#0"},"east":{"uv":[0,1,1,0],"rotation":90,"texture":"#0"},"south":{"uv":[0,1,1,0],"rotation":90,"texture":"#0"},"west":{"uv":[0,1,1,0],"rotation":90,"texture":"#0"},"up":{"uv":[0,1,1,0],"rotation":90,"texture":"#0"},"down":{"uv":[0,1,1,0],"rotation":90,"texture":"#0"}}},{"from":[4.41796,14.35548,10.4375],"to":[6.08861,15.54298,10.625],"rotation":{"angle":0,"axis":"z","origin":[4.76716,14.49603,10.51042]},"faces":{"north":{"uv":[1,0,0,1],"rotation":180,"texture":"#0"},"east":{"uv":[1,0,0,1],"rotation":180,"texture":"#0"},"south":{"uv":[1,0,0,1],"rotation":180,"texture":"#0"},"west":{"uv":[1,0,0,1],"rotation":180,"texture":"#0"},"up":{"uv":[1,0,0,1],"rotation":180,"texture":"#0"},"down":{"uv":[1,0,0,1],"rotation":180,"texture":"#0"}}}],"display":{"thirdperson_righthand":{"rotation":[73,0,0],"translation":[-6,-7.749,8.3913],"scale":[0.82,0.82,0.82]},"thirdperson_lefthand":{"rotation":[73,0,0],"translation":[-6,-7.749,8.3913],"scale":[0.82,0.82,0.82]},"firstperson_righthand":{"translation":[-9,-1.25,13],"scale":[2.25,0.85,1.05]},"firstperson_lefthand":{"translation":[-9,-1.25,13],"scale":[2.25,0.85,1.05]},"ground":{"translation":[0,3,0],"scale":[0.7,0.7,0.7]},"gui":{"rotation":[15,-34,0],"translation":[-0.5,-0.5,0],"scale":[0.7,0.7,0.7]},"head":{"scale":[1.3,1.3,1.3]},"fixed":{"rotation":[6,-180,0],"translation":[0,0,-3.5]}},"groups":[0,1,2,3,4,5,6,7,8,9,10,11,12,13,14,15,16,17,18,19,20,21,22,23,24,25,26,27,28,29,30,31,32,33,34,35,36,37,38,39,40,41,42,43,44,45,46,47,48,49,50,51,52,53,54,55,56,57,58,59,60,61,62,63,64,65,66,67,68,69,70,71,72,73,74,75,76,77,78,79,80,81,82,83,84,85,86,87,88,89,90,91,92,{"name":"group","origin":[11.79994,14.11612,8.5],"color":0,"nbt":"{}","armAnimationEnabled":false,"children":[]},{"name":"group","origin":[11.79994,14.11612,8.5],"color":0,"nbt":"{}","armAnimationEnabled":false,"children":[93,94,95,96,97,98,99,100,101,102,103,104,105,106,107,108,109,110,111,112,113,114,115,116,117,118,119,120,121,122,123,124]},{"name":"hexadecagon","origin":[8,8,8],"color":0,"nbt":"{}","armAnimationEnabled":false,"children":[125,126,127,128,129,130,131,132,133,134,135,136,137,138,139,140,141,142,143,144,145,146,147,148,149,150,151,152,153,154,155,156,157,158,159,160,161,162,163,164,165,166,167,168,169,170,171,172,173]}]}