{"credit":"Made with Blockbench by Valvac","textures":{"0":"block/gray_wool","4":"block/light_gray_concrete","5":"block/black_concrete","6":"block/red_concrete","7":"block/white_concrete","8":"block/mcqueen_decals","particle":"block/red_concrete"},"elements":[{"from":[3,-0.5,5],"to":[13,0,10],"faces":{"north":{"uv":[0,0,12,12],"texture":"#5"},"east":{"uv":[0,0,4,12],"texture":"#5"},"south":{"uv":[0,0,12,12],"texture":"#5"},"west":{"uv":[0,0,4,12],"texture":"#5"},"down":{"uv":[0,0,12,4],"texture":"#5"}}},{"from":[11,14,0],"to":[13,15,2],"faces":{"north":{"uv":[0,0,0,0],"texture":"#6"},"east":{"uv":[4,10,5,11],"texture":"#6"},"south":{"uv":[0,0,0,0],"texture":"#6"},"west":{"uv":[4,10,5,11],"texture":"#6"},"up":{"uv":[4,10,5,11],"texture":"#6"},"down":{"uv":[4,10,5,11],"texture":"#6"}}},{"from":[11,13.52513,-0.85355],"to":[13,14.93934,0.14645],"rotation":{"angle":45,"axis":"x","origin":[12,13.93934,-0.35355]},"faces":{"north":{"uv":[4,10,5,11],"texture":"#6"},"east":{"uv":[4,10,5,11],"texture":"#6"},"south":{"uv":[4,10,5,11],"texture":"#6"},"west":{"uv":[4,10,5,11],"texture":"#6"},"up":{"uv":[0,0,0,0],"texture":"#6"},"down":{"uv":[0,0,0,0],"texture":"#6"}}},{"from":[11.125,11,4.375],"to":[12.875,13.875,5],"faces":{"north":{"uv":[4,10,5,11],"texture":"#0"},"east":{"uv":[4,10,5,11],"texture":"#0"},"west":{"uv":[4,10,5,11],"texture":"#0"},"up":{"uv":[4,10,5,11],"texture":"#0"},"down":{"uv":[4,10,5,11],"texture":"#0"}}},{"from":[11,5,-1],"to":[13,14,-0.25],"faces":{"north":{"uv":[4,10,5,11],"texture":"#6"},"east":{"uv":[4,10,5,11],"texture":"#6"},"south":{"uv":[4,10,5,11],"texture":"#6"},"west":{"uv":[4,10,5,11],"texture":"#6"},"up":{"uv":[0,0,0,0],"texture":"#6"},"down":{"uv":[4,10,5,11],"texture":"#6"}}},{"from":[11.5,2.7065,1.13918],"to":[12.5,3.3315,5.13918],"rotation":{"angle":22.5,"axis":"x","origin":[0.5,0.7065,0.13918]},"faces":{"east":{"uv":[0,0,5,1],"texture":"#0"},"west":{"uv":[0,0,5,1],"texture":"#0"},"up":{"uv":[0,0,2,5],"texture":"#0"},"down":{"uv":[0,0,2,5],"texture":"#0"}}},{"from":[11,11.93434,2.38476],"to":[13,12.93434,5.38476],"rotation":{"angle":22.5,"axis":"x","origin":[0,14.93434,7.38476]},"faces":{"north":{"uv":[0,0,0,0],"texture":"#6"},"east":{"uv":[4,10,5,11],"texture":"#6"},"south":{"uv":[4,10,5,11],"texture":"#6"},"west":{"uv":[4,10,5,11],"texture":"#6"},"up":{"uv":[4,10,5,11],"texture":"#6"},"down":{"uv":[4,10,5,11],"texture":"#6"}}},{"from":[11.5,6.29289,-2.12132],"to":[12.5,6.91789,1.87868],"rotation":{"angle":45,"axis":"x","origin":[0.5,4.29289,-3.12132]},"faces":{"east":{"uv":[0,0,5,1],"texture":"#0"},"west":{"uv":[0,0,5,1],"texture":"#0"},"up":{"uv":[0,0,2,5],"texture":"#0"},"down":{"uv":[0,0,2,5],"texture":"#0"}}},{"from":[3.125,11,4.375],"to":[4.875,13.875,5],"rotation":{"angle":0,"axis":"y","origin":[-8,0,0]},"faces":{"north":{"uv":[4,10,5,11],"texture":"#0"},"east":{"uv":[4,10,5,11],"texture":"#0"},"west":{"uv":[4,10,5,11],"texture":"#0"},"up":{"uv":[4,10,5,11],"texture":"#0"},"down":{"uv":[4,10,5,11],"texture":"#0"}}},{"from":[3,11.93434,2.38476],"to":[5,12.93434,5.38476],"rotation":{"angle":22.5,"axis":"x","origin":[-8,14.93434,7.38476]},"faces":{"north":{"uv":[0,0,0,0],"texture":"#6"},"east":{"uv":[4,10,5,11],"texture":"#6"},"south":{"uv":[4,10,5,11],"texture":"#6"},"west":{"uv":[4,10,5,11],"texture":"#6"},"up":{"uv":[4,10,5,11],"texture":"#6"},"down":{"uv":[4,10,5,11],"texture":"#6"}}},{"from":[3,14,0],"to":[5,15,2],"rotation":{"angle":0,"axis":"y","origin":[-8,0,0]},"faces":{"north":{"uv":[0,0,0,0],"texture":"#6"},"east":{"uv":[4,10,5,11],"texture":"#6"},"south":{"uv":[0,0,0,0],"texture":"#6"},"west":{"uv":[4,10,5,11],"texture":"#6"},"up":{"uv":[4,10,5,11],"texture":"#6"},"down":{"uv":[4,10,5,11],"texture":"#6"}}},{"from":[3,5,-1],"to":[5,14,-0.25],"rotation":{"angle":0,"axis":"y","origin":[-8,0,0]},"faces":{"north":{"uv":[4,10,5,11],"texture":"#6"},"east":{"uv":[4,10,5,11],"texture":"#6"},"south":{"uv":[4,10,5,11],"texture":"#6"},"west":{"uv":[4,10,5,11],"texture":"#6"},"up":{"uv":[0,0,0,0],"texture":"#6"},"down":{"uv":[4,10,5,11],"texture":"#6"}}},{"from":[3.5,6.29289,-2.12132],"to":[4.5,6.91789,1.87868],"rotation":{"angle":45,"axis":"x","origin":[-7.5,4.29289,-3.12132]},"faces":{"east":{"uv":[0,0,5,1],"texture":"#0"},"west":{"uv":[0,0,5,1],"texture":"#0"},"up":{"uv":[0,0,2,5],"texture":"#0"},"down":{"uv":[0,0,2,5],"texture":"#0"}}},{"from":[3.5,2.7065,1.13918],"to":[4.5,3.3315,5.13918],"rotation":{"angle":22.5,"axis":"x","origin":[-7.5,0.7065,0.13918]},"faces":{"east":{"uv":[0,0,5,1],"texture":"#0"},"west":{"uv":[0,0,5,1],"texture":"#0"},"up":{"uv":[0,0,2,5],"texture":"#0"},"down":{"uv":[0,0,2,5],"texture":"#0"}}},{"from":[3,13.52513,-0.85355],"to":[5,14.93934,0.14645],"rotation":{"angle":45,"axis":"x","origin":[4,13.93934,-0.35355]},"faces":{"north":{"uv":[4,10,5,11],"texture":"#6"},"east":{"uv":[4,10,5,11],"texture":"#6"},"south":{"uv":[4,10,5,11],"texture":"#6"},"west":{"uv":[4,10,5,11],"texture":"#6"},"up":{"uv":[0,0,0,0],"texture":"#6"},"down":{"uv":[0,0,0,0],"texture":"#6"}}},{"from":[6.5,15.75,6],"to":[9.5,16,7],"faces":{"north":{"uv":[0,0,1,1],"texture":"#0"},"east":{"uv":[0,0,1,1],"texture":"#0"},"south":{"uv":[0,0,1,1],"texture":"#0"},"west":{"uv":[0,0,1,1],"texture":"#0"},"up":{"uv":[0,0,1,1],"texture":"#0"},"down":{"uv":[0,0,1,1],"texture":"#0"}}},{"from":[6.5,15,6],"to":[6.75,15.75,7],"faces":{"north":{"uv":[0,0,1,1],"texture":"#0"},"east":{"uv":[0,0,1,1],"texture":"#0"},"south":{"uv":[0,0,1,1],"texture":"#0"},"west":{"uv":[0,0,1,1],"texture":"#0"}}},{"from":[9.25,15,6],"to":[9.5,15.75,7],"faces":{"north":{"uv":[0,0,1,1],"texture":"#0"},"east":{"uv":[0,0,1,1],"texture":"#0"},"south":{"uv":[0,0,1,1],"texture":"#0"},"west":{"uv":[0,0,1,1],"texture":"#0"}}},{"from":[4,0,10],"to":[12,5,12],"faces":{"north":{"uv":[0,0,0,0],"texture":"#6"},"east":{"uv":[7.82813,12.85938,5.5625,12.04688],"rotation":90,"texture":"#6"},"south":{"uv":[7.82813,12.04688,5.73438,13.96875],"rotation":90,"texture":"#6"},"west":{"uv":[7.82813,12.04688,5.5625,12.85938],"rotation":90,"texture":"#6"},"up":{"uv":[0,0,1,1],"texture":"#6"},"down":{"uv":[6.07813,12.04688,5.57813,13.95313],"rotation":90,"texture":"#6"}}},{"from":[4,5,10],"to":[12,6,12],"faces":{"north":{"uv":[7.76563,12.125,7.82813,12.21875],"texture":"#6"},"east":{"uv":[7.76563,12.125,7.82813,12.21875],"texture":"#6"},"south":{"uv":[7.76563,12.125,7.82813,12.21875],"texture":"#6"},"west":{"uv":[7.76563,12.125,7.82813,12.21875],"texture":"#6"},"up":{"uv":[7.76563,12.125,7.82813,12.21875],"texture":"#6"},"down":{"uv":[7.76563,12.125,7.82813,12.21875],"texture":"#6"}}},{"from":[5,3.5,12.25],"to":[5.75,4.875,12.5],"faces":{"north":{"uv":[0,0,8,6],"texture":"#4"},"east":{"uv":[0,0,2,6],"texture":"#4"},"south":{"uv":[0,0,8,6],"texture":"#4"},"west":{"uv":[0,0,2,6],"texture":"#4"},"up":{"uv":[0,0,8,2],"texture":"#4"},"down":{"uv":[0,0,8,2],"texture":"#4"}}},{"from":[3.8125,4.25,10],"to":[12.1875,5,12.25],"faces":{"east":{"uv":[0,0,0.25,0.75],"texture":"#0"},"south":{"uv":[0,0,7,0.75],"texture":"#0"},"west":{"uv":[0,0,0.25,0.75],"texture":"#0"},"up":{"uv":[0,0,7,0.25],"texture":"#0"},"down":{"uv":[0,0,7,0.25],"texture":"#0"}}},{"from":[3.9375,5,10],"to":[12.0625,5.5,12.125],"faces":{"east":{"uv":[0,0,0.25,0.75],"texture":"#5"},"south":{"uv":[0,0,7,0.75],"texture":"#5"},"west":{"uv":[0,0,0.25,0.75],"texture":"#5"},"up":{"uv":[0,0,7,0.25],"texture":"#5"}}},{"from":[3.9375,3.75,10],"to":[12.0625,4.25,12.125],"faces":{"east":{"uv":[0,0,0.25,0.75],"texture":"#5"},"south":{"uv":[0,0,7,0.75],"texture":"#5"},"west":{"uv":[0,0,0.25,0.75],"texture":"#5"},"down":{"uv":[0,0,7,0.25],"texture":"#5"}}},{"from":[2,0,5],"to":[14,12,10],"faces":{"north":{"uv":[0,0,1,1],"texture":"#6"},"east":{"uv":[0,0,1,1],"texture":"#6"},"south":{"uv":[0,0,1,1],"texture":"#6"},"west":{"uv":[0,0,1,1],"texture":"#6"},"up":{"uv":[0,0,1,1],"texture":"#6"},"down":{"uv":[0,0,1,1],"texture":"#6"}}},{"from":[14.0625,0.3125,5.125],"to":[14.0625,5.0625,8.125],"rotation":{"angle":0,"axis":"x","origin":[8,1.8125,7.4375]},"faces":{"east":{"uv":[4.0625,10.25,6.625,11.75],"rotation":270,"texture":"#8"}}},{"from":[1.9375,0.3125,5.125],"to":[1.9375,5.0625,8.125],"rotation":{"angle":0,"axis":"x","origin":[8,1.8125,7.4375]},"faces":{"west":{"uv":[1.46875,10.23438,4.03125,11.73438],"rotation":90,"texture":"#8"}}},{"from":[3,12,5],"to":[13,14,10],"faces":{"north":{"uv":[0,0,1,1],"texture":"#6"},"east":{"uv":[0,0,1,1],"texture":"#6"},"south":{"uv":[0,0,1,1],"texture":"#6"},"west":{"uv":[0,0,1,1],"texture":"#6"},"up":{"uv":[0,0,1,1],"texture":"#6"},"down":{"uv":[0,0,1,1],"texture":"#6"}}},{"from":[4,14,5],"to":[12,15,10],"faces":{"north":{"uv":[0,0,1,1],"texture":"#6"},"east":{"uv":[0,0,1,1],"texture":"#6"},"south":{"uv":[0,0,1,1],"texture":"#6"},"west":{"uv":[0,0,1,1],"texture":"#6"},"up":{"uv":[0,0,1,1],"texture":"#6"},"down":{"uv":[0,0,1,1],"texture":"#6"}}},{"from":[5.375,15.0625,7.1875],"to":[10.625,15.0625,8.5],"faces":{"north":{"uv":[0,0,0,0],"texture":"#6"},"east":{"uv":[0,0,1,1],"texture":"#6"},"south":{"uv":[0,0,1,1],"texture":"#6"},"west":{"uv":[0,0,1,1],"texture":"#6"},"up":{"uv":[10.90625,11.75,13.85938,10.75],"texture":"#8"}}},{"from":[6,0.4375,12],"to":[10,3.8125,12.03],"faces":{"south":{"uv":[2.9375,5.60938,4.25,6.92189],"rotation":270,"texture":"#8"}}},{"from":[4.5,9,10],"to":[11.5,14.75,10.03],"faces":{"south":{"uv":[4.64063,4.70313,7.32813,7.85938],"rotation":270,"texture":"#8"}}},{"from":[1.875,5,8.625],"to":[14.125,12.125,9.625],"faces":{"north":{"uv":[0,0,12.25,7.125],"texture":"#0"},"east":{"uv":[0,0,1,7.125],"texture":"#0"},"south":{"uv":[0,0,12.25,7.125],"texture":"#0"},"west":{"uv":[0,0,1,7.125],"texture":"#0"},"up":{"uv":[0,0,1,12.25],"rotation":90,"texture":"#0"},"down":{"uv":[0,0,12.25,1],"texture":"#0"}}},{"from":[1.625,4.25,8.75],"to":[1.875,5.625,9.5],"faces":{"north":{"uv":[0,0,12,12],"texture":"#4"},"east":{"uv":[0,0,4,12],"texture":"#4"},"south":{"uv":[0,0,12,12],"texture":"#4"},"west":{"uv":[0,0,4,12],"texture":"#4"},"down":{"uv":[0,0,12,4],"texture":"#4"}}},{"from":[1.5,4.5,8.75],"to":[1.75,5.875,9.5],"rotation":{"angle":-22.5,"axis":"z","origin":[1.75,5.3125,9.125]},"faces":{"north":{"uv":[0,0,12,12],"texture":"#4"},"east":{"uv":[0,0,4,12],"texture":"#4"},"south":{"uv":[0,0,12,12],"texture":"#4"},"west":{"uv":[0,0,4,12],"texture":"#4"},"up":{"uv":[0,0,12,4],"texture":"#4"},"down":{"uv":[0,0,12,4],"texture":"#4"}}},{"from":[2.875,12.125,8.625],"to":[13.125,14.125,9.625],"faces":{"east":{"uv":[0,0,1,2],"texture":"#0"},"west":{"uv":[0,0,1,2],"texture":"#0"},"up":{"uv":[0,0,1,10.25],"rotation":90,"texture":"#0"}}},{"from":[3.875,14.125,8.625],"to":[12.125,15.125,9.625],"faces":{"east":{"uv":[0,0,1,1],"texture":"#0"},"west":{"uv":[0,0,1,1],"texture":"#0"},"up":{"uv":[0,0,1,8.25],"rotation":90,"texture":"#0"}}},{"from":[1.75,5.0625,8.3125],"to":[14.1875,12.1875,8.625],"faces":{"north":{"uv":[0,0,12.25,7.125],"texture":"#5"},"east":{"uv":[0,0,1,7.125],"texture":"#5"},"south":{"uv":[0,0,12.25,7.125],"texture":"#5"},"west":{"uv":[0,0,1,7.125],"texture":"#5"},"up":{"uv":[0,0,1,12.25],"rotation":90,"texture":"#5"},"down":{"uv":[0,0,12.25,1],"texture":"#5"}}},{"from":[2.8125,12.1875,8.3125],"to":[13.1875,14.1875,8.625],"faces":{"north":{"uv":[0,0,10.25,2],"texture":"#5"},"east":{"uv":[0,0,1,2],"texture":"#5"},"south":{"uv":[0,0,10.25,2],"texture":"#5"},"west":{"uv":[0,0,1,2],"texture":"#5"},"up":{"uv":[0,0,1,10.25],"rotation":90,"texture":"#5"}}},{"from":[3.8125,14.1875,8.3125],"to":[12.1875,15.1875,8.625],"faces":{"north":{"uv":[0,0,8.25,1],"texture":"#5"},"east":{"uv":[0,0,1,1],"texture":"#5"},"south":{"uv":[0,0,8.25,1],"texture":"#5"},"west":{"uv":[0,0,1,1],"texture":"#5"},"up":{"uv":[0,0,1,8.25],"rotation":90,"texture":"#5"}}},{"from":[1.75,5.0625,9.625],"to":[14.1875,12.1875,9.9375],"faces":{"north":{"uv":[0,0,12.25,7.125],"texture":"#5"},"east":{"uv":[0,0,1,7.125],"texture":"#5"},"south":{"uv":[0,0,12.25,7.125],"texture":"#5"},"west":{"uv":[0,0,1,7.125],"texture":"#5"},"up":{"uv":[0,0,1,12.25],"rotation":90,"texture":"#5"},"down":{"uv":[0,0,12.25,1],"texture":"#5"}}},{"from":[2.8125,12.1875,9.625],"to":[13.1875,14.1875,9.9375],"faces":{"north":{"uv":[0,0,10.25,2],"texture":"#5"},"east":{"uv":[0,0,1,2],"texture":"#5"},"south":{"uv":[0,0,10.25,2],"texture":"#5"},"west":{"uv":[0,0,1,2],"texture":"#5"},"up":{"uv":[0,0,1,10.25],"rotation":90,"texture":"#5"}}},{"from":[3.8125,14.1875,9.625],"to":[12.1875,15.1875,9.9375],"faces":{"north":{"uv":[0,0,8.25,1],"texture":"#5"},"east":{"uv":[0,0,1,1],"texture":"#5"},"south":{"uv":[0,0,8.25,1],"texture":"#5"},"west":{"uv":[0,0,1,1],"texture":"#5"},"up":{"uv":[0,0,1,8.25],"rotation":90,"texture":"#5"}}},{"from":[1.9375,7.43107,6.52269],"to":[14.0625,11.36857,8.21019],"rotation":{"angle":-22.5,"axis":"x","origin":[8,8.02482,6.86644]},"faces":{"east":{"uv":[4.61576,4.61091,2.61333,5.49333],"rotation":270,"texture":"#8"},"west":{"uv":[4.64485,7.08904,2.64242,7.97146],"rotation":270,"texture":"#8"}}},{"from":[4,8.42504,8.10456],"to":[12,9.08129,9.07331],"rotation":{"angle":-45,"axis":"x","origin":[8.25,10.74535,13.46393]},"faces":{"north":{"uv":[16,9,0,0],"texture":"#6"},"east":{"uv":[4,9,0,0],"texture":"#6"},"south":{"uv":[16,9,0,0],"texture":"#6"},"west":{"uv":[4,9,0,0],"texture":"#6"},"up":{"uv":[0,0,16,4],"texture":"#6"},"down":{"uv":[0,0,16,4],"texture":"#6"}}},{"from":[8.1875,8.80004,8.51081],"to":[11.5625,9.45629,8.97956],"rotation":{"angle":-45,"axis":"x","origin":[8.25,10.74535,13.46393]},"faces":{"north":{"uv":[16,9,0,0],"texture":"#6"},"east":{"uv":[4,9,0,0],"texture":"#6"},"south":{"uv":[16,9,0,0],"texture":"#6"},"west":{"uv":[4,9,0,0],"texture":"#6"},"up":{"uv":[0,0,16,4],"texture":"#6"},"down":{"uv":[0,0,16,4],"texture":"#6"}}},{"from":[4.4375,9.08129,8.51081],"to":[11.5625,11.51879,8.88581],"rotation":{"angle":-45,"axis":"x","origin":[8.25,10.74535,13.46393]},"faces":{"north":{"uv":[16,9,0,0],"texture":"#7"},"east":{"uv":[4,9,0,0],"texture":"#7"},"south":{"uv":[16,9,0,0],"texture":"#7"},"west":{"uv":[4,9,0,0],"texture":"#7"},"up":{"uv":[0,0,16,4],"texture":"#7"},"down":{"uv":[0,0,16,4],"texture":"#7"}}},{"from":[5.46875,9.26879,8.60456],"to":[10.53125,11.14379,8.97956],"rotation":{"angle":-45,"axis":"x","origin":[8.25,10.74535,13.46393]},"faces":{"south":{"uv":[7.31636,7.65091,8.56242,4.64485],"rotation":90,"texture":"#8"}}},{"from":[7.8125,8.70629,8.51081],"to":[8.1875,9.36254,8.97956],"rotation":{"angle":-45,"axis":"x","origin":[8.25,10.74535,13.46393]},"faces":{"north":{"uv":[16,9,0,0],"texture":"#6"},"east":{"uv":[4,9,0,0],"texture":"#6"},"south":{"uv":[16,9,0,0],"texture":"#6"},"west":{"uv":[4,9,0,0],"texture":"#6"},"up":{"uv":[0,0,16,4],"texture":"#6"},"down":{"uv":[0,0,16,4],"texture":"#6"}}},{"from":[4.4375,8.80004,8.51081],"to":[7.8125,9.45629,8.97956],"rotation":{"angle":-45,"axis":"x","origin":[8.25,10.74535,13.46393]},"faces":{"north":{"uv":[16,9,0,0],"texture":"#6"},"east":{"uv":[4,9,0,0],"texture":"#6"},"south":{"uv":[16,9,0,0],"texture":"#6"},"west":{"uv":[4,9,0,0],"texture":"#6"},"up":{"uv":[0,0,16,4],"texture":"#6"},"down":{"uv":[0,0,16,4],"texture":"#6"}}},{"from":[4,9.08129,7.60456],"to":[4.625,11.42504,9.07331],"rotation":{"angle":-45,"axis":"x","origin":[8.25,10.74535,13.46393]},"faces":{"north":{"uv":[16,9,0,0],"texture":"#6"},"east":{"uv":[4,9,0,0],"texture":"#6"},"south":{"uv":[16,9,0,0],"texture":"#6"},"west":{"uv":[4,9,0,0],"texture":"#6"},"up":{"uv":[0,0,16,4],"texture":"#6"},"down":{"uv":[0,0,16,4],"texture":"#6"}}},{"from":[11.375,9.08129,7.41706],"to":[12,11.42504,9.07331],"rotation":{"angle":-45,"axis":"x","origin":[8.25,10.74535,13.46393]},"faces":{"north":{"uv":[16,9,0,0],"texture":"#6"},"east":{"uv":[4,9,0,0],"texture":"#6"},"south":{"uv":[16,9,0,0],"texture":"#6"},"west":{"uv":[4,9,0,0],"texture":"#6"},"up":{"uv":[0,0,16,4],"texture":"#6"},"down":{"uv":[0,0,16,4],"texture":"#6"}}},{"from":[4.25,11.05004,8.60456],"to":[11.75,11.42504,9.07331],"rotation":{"angle":-45,"axis":"x","origin":[8.25,10.74535,13.46393]},"faces":{"north":{"uv":[16,9,0,0],"texture":"#6"},"east":{"uv":[4,9,0,0],"texture":"#6"},"south":{"uv":[16,9,0,0],"texture":"#6"},"west":{"uv":[4,9,0,0],"texture":"#6"},"up":{"uv":[0,0,16,4],"texture":"#6"},"down":{"uv":[0,0,16,4],"texture":"#6"}}},{"from":[4,-2.21425,12.61926],"to":[12,-1.46425,16.61926],"rotation":{"angle":22.5,"axis":"x","origin":[8,5.66075,17.44738]},"faces":{"north":{"uv":[0,0,16,2],"rotation":180,"texture":"#6"},"east":{"uv":[0,0,2,6],"rotation":270,"texture":"#6"},"south":{"uv":[0,0,16,2],"texture":"#6"},"west":{"uv":[0,0,2,6],"rotation":90,"texture":"#6"},"up":{"uv":[0,0,16,6],"rotation":180,"texture":"#6"},"down":{"uv":[0,0,16,6],"texture":"#6"}}},{"from":[11.25,-2.308,12.61926],"to":[11.625,-2.21425,16.61926],"rotation":{"angle":22.5,"axis":"x","origin":[8,5.66075,17.44738]},"faces":{"north":{"uv":[0,0,16,2],"rotation":180,"texture":"#6"},"east":{"uv":[0,0,2,6],"rotation":270,"texture":"#6"},"south":{"uv":[0,0,16,2],"texture":"#6"},"west":{"uv":[0,0,2,6],"rotation":90,"texture":"#6"},"up":{"uv":[0,0,16,6],"rotation":180,"texture":"#6"},"down":{"uv":[0,0,16,6],"texture":"#6"}}},{"from":[4.375,-2.308,12.61926],"to":[4.75,-2.21425,16.61926],"rotation":{"angle":22.5,"axis":"x","origin":[8,5.66075,17.44738]},"faces":{"north":{"uv":[16,0,0,2],"rotation":180,"texture":"#6"},"east":{"uv":[0,6,2,0],"rotation":90,"texture":"#6"},"south":{"uv":[16,0,0,2],"texture":"#6"},"west":{"uv":[0,6,2,0],"rotation":270,"texture":"#6"},"up":{"uv":[16,0,0,6],"rotation":180,"texture":"#6"},"down":{"uv":[16,0,0,6],"texture":"#6"}}},{"from":[9.3125,-2.308,12.61926],"to":[9.6875,-2.21425,16.61926],"rotation":{"angle":22.5,"axis":"x","origin":[8,5.66075,17.44738]},"faces":{"north":{"uv":[0,0,16,2],"rotation":180,"texture":"#6"},"east":{"uv":[0,0,2,6],"rotation":270,"texture":"#6"},"south":{"uv":[0,0,16,2],"texture":"#6"},"west":{"uv":[0,0,2,6],"rotation":90,"texture":"#6"},"up":{"uv":[0,0,16,6],"rotation":180,"texture":"#6"},"down":{"uv":[0,0,16,6],"texture":"#6"}}},{"from":[6.3125,-2.308,12.61926],"to":[6.6875,-2.21425,16.61926],"rotation":{"angle":22.5,"axis":"x","origin":[8,5.66075,17.44738]},"faces":{"north":{"uv":[16,0,0,2],"rotation":180,"texture":"#6"},"east":{"uv":[2,0,0,6],"rotation":270,"texture":"#6"},"south":{"uv":[16,0,0,2],"texture":"#6"},"west":{"uv":[2,0,0,6],"rotation":90,"texture":"#6"},"up":{"uv":[16,0,0,6],"rotation":180,"texture":"#6"},"down":{"uv":[16,0,0,6],"texture":"#6"}}},{"from":[5,-1.52675,14.80676],"to":[11,-1.433,16.49426],"rotation":{"angle":22.5,"axis":"x","origin":[8,5.66075,17.44738]},"faces":{"up":{"uv":[0.70788,4.35394,2.49697,7.73818],"rotation":90,"texture":"#8"}}}],"display":{"thirdperson_righthand":{"rotation":[73,0,0],"translation":[-6,-7.749,8.3913],"scale":[0.82,0.82,0.82]},"thirdperson_lefthand":{"rotation":[73,0,0],"translation":[-6,-7.749,8.3913],"scale":[0.82,0.82,0.82]},"firstperson_righthand":{"translation":[-9,-1.25,13],"scale":[2.25,0.85,1.05]},"firstperson_lefthand":{"translation":[-9,-1.25,13],"scale":[2.25,0.85,1.05]},"ground":{"translation":[0,3,0],"scale":[0.7,0.7,0.7]},"gui":{"rotation":[15,-34,0],"translation":[-0.5,-0.5,0],"scale":[0.7,0.7,0.7]},"head":{"scale":[1.3,1.3,1.3]},"fixed":{"rotation":[6,-180,0],"translation":[0,0,-3.5]}},"groups":[0,1,2,3,4,5,6,7,8,9,10,11,12,13,14,15,16,17,18,19,20,21,22,23,24,25,26,27,28,29,30,31,32,33,34,35,36,37,38,39,40,41,42,43,{"name":"group","origin":[8.25,10.74535,13.46393],"color":0,"nbt":"{}","children":[44,45,46,47,48,49,50,51,52]},53,54,55,56,57,58]}