{"credit":"Made with Blockbench by Valvac","textures":{"0":"block/gray_wool","1":"block/red_concrete","2":"block/white_concrete","3":"block/black_concrete","4":"block/light_gray_concrete","7":"block/red_concrete_powder","particle":"block/backpack_minnie"},"elements":[{"from":[2,0,5],"to":[14,12,8.25],"faces":{"north":{"uv":[0,0,1,1],"texture":"#3"},"east":{"uv":[0,0,1,1],"texture":"#3"},"west":{"uv":[0,0,1,1],"texture":"#3"},"up":{"uv":[0,0,1,1],"texture":"#3"}}},{"from":[3,-0.5,5],"to":[13,0,8.25],"faces":{"north":{"uv":[0,0,12,12],"texture":"#3"},"east":{"uv":[0,0,4,12],"texture":"#3"},"west":{"uv":[0,0,4,12],"texture":"#3"},"down":{"uv":[0,0,12,4],"texture":"#3"}}},{"from":[3,-0.5,8.25],"to":[13,0,10],"faces":{"east":{"uv":[0,0,4,12],"texture":"#1"},"south":{"uv":[0,0,12,12],"texture":"#1"},"west":{"uv":[0,0,4,12],"texture":"#1"},"down":{"uv":[0,0,12,4],"texture":"#1"}}},{"from":[11,14,0],"to":[13,15,2],"faces":{"east":{"uv":[4,10,5,11],"texture":"#3"},"west":{"uv":[4,10,5,11],"texture":"#3"},"up":{"uv":[4,10,5,11],"texture":"#3"},"down":{"uv":[4,10,5,11],"texture":"#3"}}},{"from":[11,13.52513,-0.85355],"to":[13,14.93934,0.14645],"rotation":{"angle":45,"axis":"x","origin":[12,13.93934,-0.35355]},"faces":{"north":{"uv":[4,10,5,11],"texture":"#3"},"east":{"uv":[4,10,5,11],"texture":"#3"},"south":{"uv":[4,10,5,11],"texture":"#3"},"west":{"uv":[4,10,5,11],"texture":"#3"}}},{"from":[11.125,11,4.375],"to":[12.875,13.875,5],"faces":{"north":{"uv":[4,10,5,11],"texture":"#0"},"east":{"uv":[4,10,5,11],"texture":"#0"},"west":{"uv":[4,10,5,11],"texture":"#0"},"up":{"uv":[4,10,5,11],"texture":"#0"},"down":{"uv":[4,10,5,11],"texture":"#0"}}},{"from":[11,5,-1],"to":[13,14,-0.25],"faces":{"north":{"uv":[4,10,5,11],"texture":"#3"},"east":{"uv":[4,10,5,11],"texture":"#3"},"south":{"uv":[4,10,5,11],"texture":"#3"},"west":{"uv":[4,10,5,11],"texture":"#3"},"down":{"uv":[4,10,5,11],"texture":"#3"}}},{"from":[11.5,2.7065,1.13918],"to":[12.5,3.3315,5.13918],"rotation":{"angle":22.5,"axis":"x","origin":[0.5,0.7065,0.13918]},"faces":{"east":{"uv":[0,0,5,1],"texture":"#0"},"west":{"uv":[0,0,5,1],"texture":"#0"},"up":{"uv":[0,0,2,5],"texture":"#0"},"down":{"uv":[0,0,2,5],"texture":"#0"}}},{"from":[11,11.93434,2.38476],"to":[13,12.93434,5.38476],"rotation":{"angle":22.5,"axis":"x","origin":[0,14.93434,7.38476]},"faces":{"east":{"uv":[4,10,5,11],"texture":"#3"},"south":{"uv":[4,10,5,11],"texture":"#3"},"west":{"uv":[4,10,5,11],"texture":"#3"},"up":{"uv":[4,10,5,11],"texture":"#3"},"down":{"uv":[4,10,5,11],"texture":"#3"}}},{"from":[11.5,6.29289,-2.12132],"to":[12.5,6.91789,1.87868],"rotation":{"angle":45,"axis":"x","origin":[0.5,4.29289,-3.12132]},"faces":{"east":{"uv":[0,0,5,1],"texture":"#0"},"west":{"uv":[0,0,5,1],"texture":"#0"},"up":{"uv":[0,0,2,5],"texture":"#0"},"down":{"uv":[0,0,2,5],"texture":"#0"}}},{"from":[3.125,11,4.375],"to":[4.875,13.875,5],"rotation":{"angle":0,"axis":"y","origin":[-8,0,0]},"faces":{"north":{"uv":[4,10,5,11],"texture":"#0"},"east":{"uv":[4,10,5,11],"texture":"#0"},"west":{"uv":[4,10,5,11],"texture":"#0"},"up":{"uv":[4,10,5,11],"texture":"#0"},"down":{"uv":[4,10,5,11],"texture":"#0"}}},{"from":[3,11.93434,2.38476],"to":[5,12.93434,5.38476],"rotation":{"angle":22.5,"axis":"x","origin":[-8,14.93434,7.38476]},"faces":{"east":{"uv":[4,10,5,11],"texture":"#3"},"south":{"uv":[4,10,5,11],"texture":"#3"},"west":{"uv":[4,10,5,11],"texture":"#3"},"up":{"uv":[4,10,5,11],"texture":"#3"},"down":{"uv":[4,10,5,11],"texture":"#3"}}},{"from":[3,14,0],"to":[5,15,2],"rotation":{"angle":0,"axis":"y","origin":[-8,0,0]},"faces":{"east":{"uv":[4,10,5,11],"texture":"#3"},"west":{"uv":[4,10,5,11],"texture":"#3"},"up":{"uv":[4,10,5,11],"texture":"#3"},"down":{"uv":[4,10,5,11],"texture":"#3"}}},{"from":[3,5,-1],"to":[5,14,-0.25],"rotation":{"angle":0,"axis":"y","origin":[-8,0,0]},"faces":{"north":{"uv":[4,10,5,11],"texture":"#3"},"east":{"uv":[4,10,5,11],"texture":"#3"},"south":{"uv":[4,10,5,11],"texture":"#3"},"west":{"uv":[4,10,5,11],"texture":"#3"},"down":{"uv":[4,10,5,11],"texture":"#3"}}},{"from":[3.5,6.29289,-2.12132],"to":[4.5,6.91789,1.87868],"rotation":{"angle":45,"axis":"x","origin":[-7.5,4.29289,-3.12132]},"faces":{"east":{"uv":[0,0,5,1],"texture":"#0"},"west":{"uv":[0,0,5,1],"texture":"#0"},"up":{"uv":[0,0,2,5],"texture":"#0"},"down":{"uv":[0,0,2,5],"texture":"#0"}}},{"from":[3.5,2.7065,1.13918],"to":[4.5,3.3315,5.13918],"rotation":{"angle":22.5,"axis":"x","origin":[-7.5,0.7065,0.13918]},"faces":{"east":{"uv":[0,0,5,1],"texture":"#0"},"west":{"uv":[0,0,5,1],"texture":"#0"},"up":{"uv":[0,0,2,5],"texture":"#0"},"down":{"uv":[0,0,2,5],"texture":"#0"}}},{"from":[3,13.52513,-0.85355],"to":[5,14.93934,0.14645],"rotation":{"angle":45,"axis":"x","origin":[4,13.93934,-0.35355]},"faces":{"north":{"uv":[4,10,5,11],"texture":"#3"},"east":{"uv":[4,10,5,11],"texture":"#3"},"south":{"uv":[4,10,5,11],"texture":"#3"},"west":{"uv":[4,10,5,11],"texture":"#3"}}},{"from":[4,14,5],"to":[12,15,8.25],"faces":{"north":{"uv":[0,0,1,1],"texture":"#3"},"east":{"uv":[0,0,1,1],"texture":"#3"},"west":{"uv":[0,0,1,1],"texture":"#3"},"up":{"uv":[0,0,1,1],"texture":"#3"}}},{"from":[6.5,15.75,6],"to":[9.5,16,7],"faces":{"north":{"uv":[0,0,1,1],"texture":"#0"},"east":{"uv":[0,0,1,1],"texture":"#0"},"south":{"uv":[0,0,1,1],"texture":"#0"},"west":{"uv":[0,0,1,1],"texture":"#0"},"up":{"uv":[0,0,1,1],"texture":"#0"},"down":{"uv":[0,0,1,1],"texture":"#0"}}},{"from":[6.5,15,6],"to":[6.75,15.75,7],"faces":{"north":{"uv":[0,0,1,1],"texture":"#0"},"east":{"uv":[0,0,1,1],"texture":"#0"},"south":{"uv":[0,0,1,1],"texture":"#0"},"west":{"uv":[0,0,1,1],"texture":"#0"}}},{"from":[9.25,15,6],"to":[9.5,15.75,7],"faces":{"north":{"uv":[0,0,1,1],"texture":"#0"},"east":{"uv":[0,0,1,1],"texture":"#0"},"south":{"uv":[0,0,1,1],"texture":"#0"},"west":{"uv":[0,0,1,1],"texture":"#0"}}},{"from":[4,0,10],"to":[12,6,12],"faces":{"east":{"uv":[0,0,1,1],"texture":"#3"},"south":{"uv":[0,0,1,1],"texture":"#3"},"west":{"uv":[0,0,1,1],"texture":"#3"},"up":{"uv":[0,0,1,1],"texture":"#3"},"down":{"uv":[0,0,1,1],"texture":"#3"}}},{"from":[5,3.5,12.25],"to":[5.75,4.875,12.5],"faces":{"north":{"uv":[0,0,8,6],"texture":"#4"},"east":{"uv":[0,0,2,6],"texture":"#4"},"south":{"uv":[0,0,8,6],"texture":"#4"},"west":{"uv":[0,0,2,6],"texture":"#4"},"up":{"uv":[0,0,8,2],"texture":"#4"},"down":{"uv":[0,0,8,2],"texture":"#4"}}},{"from":[3.75,4.25,9.75],"to":[12.25,5,12.25],"faces":{"east":{"uv":[0,0,0.25,0.75],"texture":"#0"},"south":{"uv":[0,0,7,0.75],"texture":"#0"},"west":{"uv":[0,0,0.25,0.75],"texture":"#0"},"up":{"uv":[0,0,7,0.25],"texture":"#0"},"down":{"uv":[0,0,7,0.25],"texture":"#0"}}},{"from":[9,1,12],"to":[10.5,3.5,12.25],"faces":{"east":{"uv":[0,0,2,6],"texture":"#2"},"south":{"uv":[0,0,8,6],"texture":"#2"},"west":{"uv":[0,0,2,6],"texture":"#2"},"up":{"uv":[0,0,8,2],"texture":"#2"},"down":{"uv":[0,0,8,2],"texture":"#2"}}},{"from":[5.5,1,12],"to":[7,3.5,12.25],"rotation":{"angle":0,"axis":"y","origin":[16,0,0]},"faces":{"east":{"uv":[2,0,0,6],"texture":"#2"},"south":{"uv":[8,0,0,6],"texture":"#2"},"west":{"uv":[2,0,0,6],"texture":"#2"},"up":{"uv":[8,0,0,2],"texture":"#2"},"down":{"uv":[8,0,0,2],"texture":"#2"}}},{"from":[6,8,10],"to":[10,9,12],"faces":{"east":{"uv":[0,0,1,1],"texture":"#3"},"south":{"uv":[0,0,1,1],"texture":"#3"},"west":{"uv":[0,0,1,1],"texture":"#3"},"up":{"uv":[0,0,1,1],"texture":"#3"}}},{"from":[5,6,10],"to":[11,8,12],"faces":{"east":{"uv":[0,0,1,1],"texture":"#3"},"south":{"uv":[0,0,1,1],"texture":"#3"},"west":{"uv":[0,0,1,1],"texture":"#3"},"up":{"uv":[0,0,1,1],"texture":"#3"}}},{"from":[3,12,5],"to":[13,14,8.25],"faces":{"north":{"uv":[0,0,1,1],"texture":"#3"},"east":{"uv":[0,0,1,1],"texture":"#3"},"west":{"uv":[0,0,1,1],"texture":"#3"},"up":{"uv":[0,0,1,1],"texture":"#3"}}},{"from":[2,6,8.25],"to":[14,12,10],"faces":{"east":{"uv":[0,0,1,1],"texture":"#1"},"south":{"uv":[0,0,1,1],"texture":"#1"},"west":{"uv":[0,0,1,1],"texture":"#1"},"up":{"uv":[0,0,1,1],"texture":"#1"}}},{"from":[2,0,8.25],"to":[14,6,10],"faces":{"east":{"uv":[0,0,1,1],"texture":"#1"},"south":{"uv":[0,0,1,1],"texture":"#1"},"west":{"uv":[0,0,1,1],"texture":"#1"},"down":{"uv":[0,0,1,1],"texture":"#1"}}},{"from":[1.9375,0.25,8.6875],"to":[3.3125,1.75,10.0625],"faces":{"north":{"uv":[0,0,1,1],"texture":"#2"},"east":{"uv":[0,0,1,1],"texture":"#2"},"south":{"uv":[0,0,1,1],"texture":"#2"},"west":{"uv":[0,0,1,1],"texture":"#2"},"up":{"uv":[0,0,1,1],"texture":"#2"},"down":{"uv":[0,0,1,1],"texture":"#2"}}},{"from":[2.9375,12.25,8.6875],"to":[3.3125,13.75,10.0625],"faces":{"east":{"uv":[0,0,1,1],"texture":"#2"},"south":{"uv":[0,0,1,1],"texture":"#2"},"west":{"uv":[0,0,1,1],"texture":"#2"},"up":{"uv":[0,0,1,1],"texture":"#2"},"down":{"uv":[0,0,1,1],"texture":"#2"}}},{"from":[12.6875,12.25,8.6875],"to":[13.0625,13.75,10.0625],"rotation":{"angle":0,"axis":"y","origin":[16,0,0]},"faces":{"east":{"uv":[1,0,0,1],"texture":"#2"},"south":{"uv":[1,0,0,1],"texture":"#2"},"west":{"uv":[1,0,0,1],"texture":"#2"},"up":{"uv":[1,0,0,1],"texture":"#2"},"down":{"uv":[1,0,0,1],"texture":"#2"}}},{"from":[1.9375,6.25,8.6875],"to":[3.3125,7.75,10.0625],"faces":{"east":{"uv":[0,0,1,1],"texture":"#2"},"south":{"uv":[0,0,1,1],"texture":"#2"},"west":{"uv":[0,0,1,1],"texture":"#2"},"up":{"uv":[0,0,1,1],"texture":"#2"},"down":{"uv":[0,0,1,1],"texture":"#2"}}},{"from":[3.6875,9.5,8.6875],"to":[5.0625,11,10.0625],"faces":{"south":{"uv":[0,0,1,1],"texture":"#2"},"west":{"uv":[0,0,1,1],"texture":"#2"},"up":{"uv":[0,0,1,1],"texture":"#2"},"down":{"uv":[0,0,1,1],"texture":"#2"}}},{"from":[3.6875,3.4375,8.6875],"to":[5.0625,4.9375,10.0625],"faces":{"south":{"uv":[0,0,1,1],"texture":"#2"},"west":{"uv":[0,0,1,1],"texture":"#2"},"up":{"uv":[0,0,1,1],"texture":"#2"},"down":{"uv":[0,0,1,1],"texture":"#2"}}},{"from":[1.9375,3.5,8.25],"to":[3.3125,5,8.8125],"faces":{"north":{"uv":[0,0,1,1],"texture":"#2"},"south":{"uv":[0,0,1,1],"texture":"#2"},"west":{"uv":[0,0,1,1],"texture":"#2"},"up":{"uv":[0,0,1,1],"texture":"#2"},"down":{"uv":[0,0,1,1],"texture":"#2"}}},{"from":[1.9375,9.5,8.25],"to":[3.3125,11,8.8125],"faces":{"north":{"uv":[0,0,1,1],"texture":"#2"},"west":{"uv":[0,0,1,1],"texture":"#2"},"up":{"uv":[0,0,1,1],"texture":"#2"},"down":{"uv":[0,0,1,1],"texture":"#2"}}},{"from":[12.6875,9.5,8.25],"to":[14.0625,11,8.8125],"rotation":{"angle":0,"axis":"y","origin":[16,0,0]},"faces":{"north":{"uv":[1,0,0,1],"texture":"#2"},"east":{"uv":[1,0,0,1],"texture":"#2"},"up":{"uv":[1,0,0,1],"texture":"#2"},"down":{"uv":[1,0,0,1],"texture":"#2"}}},{"from":[12.6875,3.5,8.25],"to":[14.0625,5,8.8125],"rotation":{"angle":0,"axis":"y","origin":[16,0,0]},"faces":{"north":{"uv":[1,0,0,1],"texture":"#2"},"east":{"uv":[1,0,0,1],"texture":"#2"},"south":{"uv":[1,0,0,1],"texture":"#2"},"up":{"uv":[1,0,0,1],"texture":"#2"},"down":{"uv":[1,0,0,1],"texture":"#2"}}},{"from":[10.9375,9.5,8.6875],"to":[12.3125,11,10.0625],"faces":{"east":{"uv":[0,0,1,1],"texture":"#2"},"south":{"uv":[0,0,1,1],"texture":"#2"},"down":{"uv":[0,0,1,1],"texture":"#2"}}},{"from":[10.9375,3.4375,8.6875],"to":[12.3125,4.9375,10.0625],"faces":{"east":{"uv":[0,0,1,1],"texture":"#2"},"south":{"uv":[0,0,1,1],"texture":"#2"},"up":{"uv":[0,0,1,1],"texture":"#2"},"down":{"uv":[0,0,1,1],"texture":"#2"}}},{"from":[3.9375,13.5625,8.25],"to":[5.0625,15.0625,8.5625],"faces":{"north":{"uv":[0,0,1,1],"texture":"#2"},"east":{"uv":[0,0,1,1],"texture":"#2"},"south":{"uv":[0,0,1,1],"texture":"#2"},"west":{"uv":[0,0,1,1],"texture":"#2"},"up":{"uv":[0,0,1,1],"texture":"#2"}}},{"from":[10.9375,13.5625,8.25],"to":[12.0625,15.0625,8.5625],"faces":{"north":{"uv":[0,0,1,1],"texture":"#2"},"east":{"uv":[0,0,1,1],"texture":"#2"},"south":{"uv":[0,0,1,1],"texture":"#2"},"west":{"uv":[0,0,1,1],"texture":"#2"},"up":{"uv":[0,0,1,1],"texture":"#2"}}},{"from":[7.3125,8.25,8.6875],"to":[8.6875,9.75,10.0625],"rotation":{"angle":0,"axis":"y","origin":[-0.125,0,0]},"faces":{"east":{"uv":[0,0,1,1],"texture":"#2"},"south":{"uv":[0,0,1,1],"texture":"#2"},"west":{"uv":[0,0,1,1],"texture":"#2"},"up":{"uv":[0,0,1,1],"texture":"#2"}}},{"from":[7.3125,-0.25,8.6875],"to":[8.6875,1.25,10.0625],"rotation":{"angle":0,"axis":"y","origin":[-0.125,0,0]},"faces":{"east":{"uv":[0,0,1,1],"texture":"#2"},"south":{"uv":[0,0,1,1],"texture":"#2"},"west":{"uv":[0,0,1,1],"texture":"#2"},"down":{"uv":[0,0,1,1],"texture":"#2"}}},{"from":[7.3125,13.25,8.6875],"to":[8.6875,14.75,10.0625],"rotation":{"angle":0,"axis":"y","origin":[-0.125,0,0]},"faces":{"east":{"uv":[0,0,1,1],"texture":"#2"},"south":{"uv":[0,0,1,1],"texture":"#2"},"west":{"uv":[0,0,1,1],"texture":"#2"},"up":{"uv":[0,0,1,1],"texture":"#2"},"down":{"uv":[0,0,1,1],"texture":"#2"}}},{"from":[12.6875,6.25,8.6875],"to":[14.0625,7.75,10.0625],"faces":{"east":{"uv":[0,0,1,1],"texture":"#2"},"south":{"uv":[0,0,1,1],"texture":"#2"},"west":{"uv":[0,0,1,1],"texture":"#2"},"up":{"uv":[0,0,1,1],"texture":"#2"},"down":{"uv":[0,0,1,1],"texture":"#2"}}},{"from":[12.6875,0.25,8.6875],"to":[14.0625,1.75,10.0625],"faces":{"north":{"uv":[0,0,1,1],"texture":"#2"},"east":{"uv":[0,0,1,1],"texture":"#2"},"south":{"uv":[0,0,1,1],"texture":"#2"},"west":{"uv":[0,0,1,1],"texture":"#2"},"up":{"uv":[0,0,1,1],"texture":"#2"},"down":{"uv":[0,0,1,1],"texture":"#2"}}},{"from":[3,12,8.25],"to":[13,14,10],"faces":{"east":{"uv":[0,0,1,1],"texture":"#1"},"south":{"uv":[0,0,1,1],"texture":"#1"},"west":{"uv":[0,0,1,1],"texture":"#1"},"up":{"uv":[0,0,1,1],"texture":"#1"}}},{"from":[4,14,8.25],"to":[12,15,10],"faces":{"east":{"uv":[0,0,1,1],"texture":"#1"},"south":{"uv":[0,0,1,1],"texture":"#1"},"west":{"uv":[0,0,1,1],"texture":"#1"},"up":{"uv":[0,0,1,1],"texture":"#1"}}},{"from":[-1.5,11.5,6.5],"to":[4.5,17.5,8.5],"faces":{"north":{"uv":[0,0,1,1],"texture":"#3"},"east":{"uv":[0,0,1,1],"texture":"#3"},"south":{"uv":[0,0,1,1],"texture":"#3"},"west":{"uv":[0,0,1,1],"texture":"#3"},"up":{"uv":[0,0,1,1],"texture":"#3"},"down":{"uv":[0,0,1,1],"texture":"#3"}}},{"from":[11.5,11.5,6.5],"to":[17.5,17.5,8.5],"rotation":{"angle":0,"axis":"y","origin":[16,0,0]},"faces":{"north":{"uv":[1,0,0,1],"texture":"#3"},"east":{"uv":[1,0,0,1],"texture":"#3"},"south":{"uv":[1,0,0,1],"texture":"#3"},"west":{"uv":[1,0,0,1],"texture":"#3"},"up":{"uv":[1,0,0,1],"texture":"#3"},"down":{"uv":[1,0,0,1],"texture":"#3"}}},{"from":[1.875,5,8.625],"to":[14.125,12.125,9.625],"faces":{"north":{"uv":[0,0,12.25,7.125],"texture":"#0"},"east":{"uv":[0,0,1,7.125],"texture":"#0"},"south":{"uv":[0,0,12.25,7.125],"texture":"#0"},"west":{"uv":[0,0,1,7.125],"texture":"#0"},"up":{"uv":[0,0,1,12.25],"rotation":90,"texture":"#0"},"down":{"uv":[0,0,12.25,1],"texture":"#0"}}},{"from":[1.625,4.25,8.75],"to":[1.875,5.625,9.5],"faces":{"north":{"uv":[0,0,12,12],"texture":"#4"},"east":{"uv":[0,0,4,12],"texture":"#4"},"south":{"uv":[0,0,12,12],"texture":"#4"},"west":{"uv":[0,0,4,12],"texture":"#4"},"down":{"uv":[0,0,12,4],"texture":"#4"}}},{"from":[1.5,4.5,8.75],"to":[1.75,5.875,9.5],"rotation":{"angle":-22.5,"axis":"z","origin":[1.75,5.3125,9.125]},"faces":{"north":{"uv":[0,0,12,12],"texture":"#4"},"east":{"uv":[0,0,4,12],"texture":"#4"},"south":{"uv":[0,0,12,12],"texture":"#4"},"west":{"uv":[0,0,4,12],"texture":"#4"},"up":{"uv":[0,0,12,4],"texture":"#4"},"down":{"uv":[0,0,12,4],"texture":"#4"}}},{"from":[2.875,12.125,8.625],"to":[13.125,14.125,9.625],"faces":{"north":{"uv":[0,0,10.25,2],"texture":"#0"},"east":{"uv":[0,0,1,2],"texture":"#0"},"south":{"uv":[0,0,10.25,2],"texture":"#0"},"west":{"uv":[0,0,1,2],"texture":"#0"},"up":{"uv":[0,0,1,10.25],"rotation":90,"texture":"#0"}}},{"from":[3.875,14.125,8.625],"to":[12.125,15.125,9.625],"faces":{"north":{"uv":[0,0,8.25,1],"texture":"#0"},"east":{"uv":[0,0,1,1],"texture":"#0"},"south":{"uv":[0,0,8.25,1],"texture":"#0"},"west":{"uv":[0,0,1,1],"texture":"#0"},"up":{"uv":[0,0,1,8.25],"rotation":90,"texture":"#0"}}},{"from":[3.74562,9.66074,7.915],"to":[7.23062,11.19074,10.895],"rotation":{"angle":45,"axis":"z","origin":[5.61562,10.80826,7.155]},"faces":{"north":{"uv":[5,2,6,3],"texture":"#7"},"south":{"uv":[5,2,6,3],"texture":"#7"},"west":{"uv":[5,2,6,3],"texture":"#7"},"down":{"uv":[5,2,6,3],"texture":"#7"}}},{"from":[8.83188,9.66074,7.915],"to":[12.31688,11.19074,10.895],"rotation":{"angle":-45,"axis":"z","origin":[10.44688,10.80826,7.155]},"faces":{"north":{"uv":[5,2,6,3],"texture":"#7"},"east":{"uv":[5,2,6,3],"texture":"#7"},"south":{"uv":[5,2,6,3],"texture":"#7"},"down":{"uv":[5,2,6,3],"texture":"#7"}}},{"from":[3.60075,10.37668,7.915],"to":[7.11341,11.12761,10.895],"rotation":{"angle":22.5,"axis":"z","origin":[5.37093,11.12761,7.155]},"faces":{"north":{"uv":[5,2,6,3],"texture":"#7"},"south":{"uv":[5,2,6,3],"texture":"#7"},"west":{"uv":[5,2,6,3],"texture":"#7"},"down":{"uv":[5,2,6,3],"texture":"#7"}}},{"from":[8.94909,10.37668,7.915],"to":[12.46175,11.12761,10.895],"rotation":{"angle":-22.5,"axis":"z","origin":[10.69157,11.12761,7.155]},"faces":{"north":{"uv":[5,2,6,3],"texture":"#7"},"east":{"uv":[5,2,6,3],"texture":"#7"},"south":{"uv":[5,2,6,3],"texture":"#7"},"down":{"uv":[5,2,6,3],"texture":"#7"}}},{"from":[3.60075,11.91739,7.915],"to":[7.11341,12.66832,10.895],"rotation":{"angle":-22.5,"axis":"z","origin":[5.37093,11.91739,7.155]},"faces":{"north":{"uv":[5,2,6,3],"texture":"#7"},"south":{"uv":[5,2,6,3],"texture":"#7"},"west":{"uv":[5,2,6,3],"texture":"#7"},"up":{"uv":[5,2,6,3],"texture":"#7"}}},{"from":[8.94909,11.91739,7.915],"to":[12.46175,12.66832,10.895],"rotation":{"angle":22.5,"axis":"z","origin":[10.69157,11.91739,7.155]},"faces":{"north":{"uv":[5,2,6,3],"texture":"#7"},"east":{"uv":[5,2,6,3],"texture":"#7"},"south":{"uv":[5,2,6,3],"texture":"#7"},"up":{"uv":[5,2,6,3],"texture":"#7"}}},{"from":[3.74562,11.85426,7.915],"to":[7.23062,13.38426,10.895],"rotation":{"angle":-45,"axis":"z","origin":[5.61562,12.23674,7.155]},"faces":{"north":{"uv":[5,2,6,3],"texture":"#7"},"south":{"uv":[5,2,6,3],"texture":"#7"},"west":{"uv":[5,2,6,3],"texture":"#7"},"up":{"uv":[5,2,6,3],"texture":"#7"}}},{"from":[8.83188,11.85426,7.915],"to":[12.31688,13.38426,10.895],"rotation":{"angle":45,"axis":"z","origin":[10.44688,12.23674,7.155]},"faces":{"north":{"uv":[5,2,6,3],"texture":"#7"},"east":{"uv":[5,2,6,3],"texture":"#7"},"south":{"uv":[5,2,6,3],"texture":"#7"},"up":{"uv":[5,2,6,3],"texture":"#7"}}},{"from":[3.7355,10.45019,7.915],"to":[5.82125,12.59481,10.895],"rotation":{"angle":0,"axis":"y","origin":[23.07625,31.2425,28.915]},"faces":{"south":{"uv":[5,2,6,3],"texture":"#7"},"west":{"uv":[5,2,6,3],"texture":"#7"}}},{"from":[10.24125,10.45019,7.915],"to":[12.327,12.59481,10.895],"rotation":{"angle":0,"axis":"y","origin":[-7.01375,31.2425,28.915]},"faces":{"east":{"uv":[5,2,6,3],"texture":"#7"},"south":{"uv":[5,2,6,3],"texture":"#7"}}},{"from":[7.18125,10.6725,11.065],"to":[8.88125,12.3725,11.065],"rotation":{"angle":0,"axis":"y","origin":[26.39125,31.2425,-14.52]},"faces":{"north":{"uv":[7,13,8,14],"texture":"#7"},"south":{"uv":[7,13,8,14],"texture":"#7"}}},{"from":[7.18125,10.5025,7.915],"to":[8.88125,10.5025,10.895],"rotation":{"angle":0,"axis":"y","origin":[26.39125,29.3725,28.83]},"faces":{"up":{"uv":[7,13,8,14],"rotation":270,"texture":"#7"},"down":{"uv":[7,13,8,14],"rotation":270,"texture":"#7"}}},{"from":[7.18125,12.5425,7.915],"to":[8.88125,12.5425,10.895],"rotation":{"angle":0,"axis":"y","origin":[26.39125,31.4125,28.83]},"faces":{"up":{"uv":[7,13,8,14],"rotation":270,"texture":"#7"},"down":{"uv":[7,13,8,14],"rotation":270,"texture":"#7"}}},{"from":[7.09625,10.5875,7.83],"to":[8.96625,12.4575,10.98],"rotation":{"angle":0,"axis":"y","origin":[26.39125,31.2425,28.915]},"faces":{"east":{"uv":[7,13,8,14],"rotation":270,"texture":"#7"},"south":{"uv":[7,13,8,14],"rotation":270,"texture":"#7"},"west":{"uv":[7,13,8,14],"rotation":270,"texture":"#7"},"up":{"uv":[7,13,8,14],"rotation":270,"texture":"#7"},"down":{"uv":[7,13,8,14],"rotation":270,"texture":"#7"}}},{"from":[1.75,5.0625,9.625],"to":[14.1875,12.1875,9.9375],"faces":{"north":{"uv":[5,2,6,3],"rotation":90,"texture":"#7"},"east":{"uv":[5,2,6,3],"rotation":90,"texture":"#7"},"south":{"uv":[5,2,6,3],"rotation":90,"texture":"#7"},"west":{"uv":[5,2,6,3],"rotation":90,"texture":"#7"},"up":{"uv":[5,2,6,3],"rotation":90,"texture":"#7"},"down":{"uv":[5,2,6,3],"rotation":90,"texture":"#7"}}},{"from":[1.75,5.0625,8.3125],"to":[14.1875,12.1875,8.625],"faces":{"north":{"uv":[5,2,6,3],"rotation":90,"texture":"#7"},"east":{"uv":[5,2,6,3],"rotation":90,"texture":"#7"},"south":{"uv":[5,2,6,3],"rotation":90,"texture":"#7"},"west":{"uv":[5,2,6,3],"rotation":90,"texture":"#7"},"up":{"uv":[5,2,6,3],"rotation":90,"texture":"#7"},"down":{"uv":[5,2,6,3],"rotation":90,"texture":"#7"}}},{"from":[2.8125,12.1875,8.3125],"to":[13.1875,14.1875,8.625],"faces":{"north":{"uv":[5,2,6,3],"rotation":90,"texture":"#7"},"east":{"uv":[5,2,6,3],"rotation":90,"texture":"#7"},"south":{"uv":[5,2,6,3],"rotation":90,"texture":"#7"},"west":{"uv":[5,2,6,3],"rotation":90,"texture":"#7"},"up":{"uv":[5,2,6,3],"rotation":90,"texture":"#7"},"down":{"uv":[5,2,6,3],"rotation":90,"texture":"#7"}}},{"from":[2.8125,12.1875,9.625],"to":[13.1875,14.1875,9.9375],"faces":{"north":{"uv":[5,2,6,3],"rotation":90,"texture":"#7"},"east":{"uv":[5,2,6,3],"rotation":90,"texture":"#7"},"south":{"uv":[5,2,6,3],"rotation":90,"texture":"#7"},"west":{"uv":[5,2,6,3],"rotation":90,"texture":"#7"},"up":{"uv":[5,2,6,3],"rotation":90,"texture":"#7"},"down":{"uv":[5,2,6,3],"rotation":90,"texture":"#7"}}},{"from":[3.8125,14.1875,8.3125],"to":[12.1875,15.1875,8.625],"faces":{"north":{"uv":[5,2,6,3],"rotation":90,"texture":"#7"},"east":{"uv":[5,2,6,3],"rotation":90,"texture":"#7"},"south":{"uv":[5,2,6,3],"rotation":90,"texture":"#7"},"west":{"uv":[5,2,6,3],"rotation":90,"texture":"#7"},"up":{"uv":[5,2,6,3],"rotation":90,"texture":"#7"},"down":{"uv":[5,2,6,3],"rotation":90,"texture":"#7"}}},{"from":[3.8125,14.1875,9.625],"to":[12.1875,15.1875,9.9375],"faces":{"north":{"uv":[5,2,6,3],"rotation":90,"texture":"#7"},"east":{"uv":[5,2,6,3],"rotation":90,"texture":"#7"},"south":{"uv":[5,2,6,3],"rotation":90,"texture":"#7"},"west":{"uv":[5,2,6,3],"rotation":90,"texture":"#7"},"up":{"uv":[5,2,6,3],"rotation":90,"texture":"#7"},"down":{"uv":[5,2,6,3],"rotation":90,"texture":"#7"}}}],"display":{"thirdperson_righthand":{"rotation":[73,0,0],"translation":[-6,-7.749,8.3913],"scale":[0.82,0.82,0.82]},"thirdperson_lefthand":{"rotation":[73,0,0],"translation":[-6,-7.749,8.3913],"scale":[0.82,0.82,0.82]},"firstperson_righthand":{"translation":[-9,-1.25,13],"scale":[2.25,0.85,1.05]},"firstperson_lefthand":{"translation":[-9,-1.25,13],"scale":[2.25,0.85,1.05]},"ground":{"translation":[0,3,0],"scale":[0.7,0.7,0.7]},"gui":{"rotation":[15,-34,0],"translation":[-0.5,-0.5,0],"scale":[0.7,0.7,0.7]},"head":{"scale":[1.3,1.3,1.3]},"fixed":{"rotation":[6,-180,0],"translation":[0,0,-3.5]}}}