{"credit":"Made with Blockbench by Valvac","textures":{"0":"block/gray_wool","1":"block/blue_concrete","2":"block/black_wool","3":"block/red_concrete","5":"block/black_concrete","6":"block/white_concrete","9":"block/light_gray_concrete"},"elements":[{"from":[2.8125,12.1875,9.625],"to":[13.1875,14.1875,9.9375],"faces":{"north":{"uv":[0.032,0.032,0.968,1.968],"texture":"#5"},"east":{"uv":[0.032,0.032,0.968,1.968],"texture":"#5"},"south":{"uv":[0.032,0.032,0.968,1.968],"texture":"#5"},"west":{"uv":[0.032,0.032,0.968,1.968],"texture":"#5"},"up":{"uv":[0.032,0.032,0.968,1.968],"texture":"#5"},"down":{"uv":[0.032,0.032,0.968,1.968],"texture":"#5"}}},{"from":[3,-0.5,5],"to":[13,0,10],"faces":{"north":{"uv":[0.032,0.032,3.968,11.968],"texture":"#5"},"east":{"uv":[0.032,0.032,3.968,11.968],"texture":"#5"},"south":{"uv":[0.032,0.032,3.968,11.968],"texture":"#5"},"west":{"uv":[0.032,0.032,3.968,11.968],"texture":"#5"},"up":{"uv":[0.032,0.032,3.968,11.968],"texture":"#5"},"down":{"uv":[0.032,0.032,3.968,11.968],"texture":"#5"}}},{"from":[11,14,0],"to":[13,15,2],"faces":{"north":{"uv":[4.032,10.032,4.968,10.968],"texture":"#5"},"east":{"uv":[4.032,10.032,4.968,10.968],"texture":"#5"},"south":{"uv":[4.032,10.032,4.968,10.968],"texture":"#5"},"west":{"uv":[4.032,10.032,4.968,10.968],"texture":"#5"},"up":{"uv":[4.032,10.032,4.968,10.968],"texture":"#5"},"down":{"uv":[4.032,10.032,4.968,10.968],"texture":"#5"}}},{"from":[11,13.52513,-0.85355],"to":[13,14.93934,0.14645],"rotation":{"angle":45,"axis":"x","origin":[12,13.93934,-0.35355]},"faces":{"north":{"uv":[4.032,10.032,4.968,10.968],"texture":"#5"},"east":{"uv":[4.032,10.032,4.968,10.968],"texture":"#5"},"south":{"uv":[4.032,10.032,4.968,10.968],"texture":"#5"},"west":{"uv":[4.032,10.032,4.968,10.968],"texture":"#5"},"up":{"uv":[4.032,10.032,4.968,10.968],"texture":"#5"},"down":{"uv":[4.032,10.032,4.968,10.968],"texture":"#5"}}},{"from":[11.125,11,4.375],"to":[12.875,13.875,5],"faces":{"north":{"uv":[4.032,10.032,4.968,10.968],"texture":"#0"},"east":{"uv":[4.032,10.032,4.968,10.968],"texture":"#0"},"south":{"uv":[4.032,10.032,4.968,10.968],"texture":"#0"},"west":{"uv":[4.032,10.032,4.968,10.968],"texture":"#0"},"up":{"uv":[4.032,10.032,4.968,10.968],"texture":"#0"},"down":{"uv":[4.032,10.032,4.968,10.968],"texture":"#0"}}},{"from":[11,5,-1],"to":[13,14,-0.25],"faces":{"north":{"uv":[4.032,10.032,4.968,10.968],"texture":"#5"},"east":{"uv":[4.032,10.032,4.968,10.968],"texture":"#5"},"south":{"uv":[4.032,10.032,4.968,10.968],"texture":"#5"},"west":{"uv":[4.032,10.032,4.968,10.968],"texture":"#5"},"up":{"uv":[4.032,10.032,4.968,10.968],"texture":"#5"},"down":{"uv":[4.032,10.032,4.968,10.968],"texture":"#5"}}},{"from":[11.5,2.7065,1.13918],"to":[12.5,3.3315,5.13918],"rotation":{"angle":22.5,"axis":"x","origin":[0.5,0.7065,0.13918]},"faces":{"east":{"uv":[0,0,5,1],"texture":"#0"},"west":{"uv":[0,0,5,1],"texture":"#0"},"up":{"uv":[0,0,2,5],"texture":"#0"},"down":{"uv":[0,0,2,5],"texture":"#0"}}},{"from":[11,11.93434,2.38476],"to":[13,12.93434,5.38476],"rotation":{"angle":22.5,"axis":"x","origin":[0,14.93434,7.38476]},"faces":{"north":{"uv":[4.032,10.032,4.968,10.968],"texture":"#5"},"east":{"uv":[4.032,10.032,4.968,10.968],"texture":"#5"},"south":{"uv":[4.032,10.032,4.968,10.968],"texture":"#5"},"west":{"uv":[4.032,10.032,4.968,10.968],"texture":"#5"},"up":{"uv":[4.032,10.032,4.968,10.968],"texture":"#5"},"down":{"uv":[4.032,10.032,4.968,10.968],"texture":"#5"}}},{"from":[11.5,6.29289,-2.12132],"to":[12.5,6.91789,1.87868],"rotation":{"angle":45,"axis":"x","origin":[0.5,4.29289,-3.12132]},"faces":{"east":{"uv":[0,0,5,1],"texture":"#0"},"west":{"uv":[0,0,5,1],"texture":"#0"},"up":{"uv":[0,0,2,5],"texture":"#0"},"down":{"uv":[0,0,2,5],"texture":"#0"}}},{"from":[3.125,11,4.375],"to":[4.875,13.875,5],"rotation":{"angle":0,"axis":"y","origin":[-8,0,0]},"faces":{"north":{"uv":[4.032,10.032,4.968,10.968],"texture":"#0"},"east":{"uv":[4.032,10.032,4.968,10.968],"texture":"#0"},"south":{"uv":[4.032,10.032,4.968,10.968],"texture":"#0"},"west":{"uv":[4.032,10.032,4.968,10.968],"texture":"#0"},"up":{"uv":[4.032,10.032,4.968,10.968],"texture":"#0"},"down":{"uv":[4.032,10.032,4.968,10.968],"texture":"#0"}}},{"from":[3,11.93434,2.38476],"to":[5,12.93434,5.38476],"rotation":{"angle":22.5,"axis":"x","origin":[-8,14.93434,7.38476]},"faces":{"north":{"uv":[4.032,10.032,4.968,10.968],"texture":"#5"},"east":{"uv":[4.032,10.032,4.968,10.968],"texture":"#5"},"south":{"uv":[4.032,10.032,4.968,10.968],"texture":"#5"},"west":{"uv":[4.032,10.032,4.968,10.968],"texture":"#5"},"up":{"uv":[4.032,10.032,4.968,10.968],"texture":"#5"},"down":{"uv":[4.032,10.032,4.968,10.968],"texture":"#5"}}},{"from":[3,14,0],"to":[5,15,2],"rotation":{"angle":0,"axis":"y","origin":[-8,0,0]},"faces":{"north":{"uv":[4.032,10.032,4.968,10.968],"texture":"#5"},"east":{"uv":[4.032,10.032,4.968,10.968],"texture":"#5"},"south":{"uv":[4.032,10.032,4.968,10.968],"texture":"#5"},"west":{"uv":[4.032,10.032,4.968,10.968],"texture":"#5"},"up":{"uv":[4.032,10.032,4.968,10.968],"texture":"#5"},"down":{"uv":[4.032,10.032,4.968,10.968],"texture":"#5"}}},{"from":[3,5,-1],"to":[5,14,-0.25],"rotation":{"angle":0,"axis":"y","origin":[-8,0,0]},"faces":{"north":{"uv":[4.032,10.032,4.968,10.968],"texture":"#5"},"east":{"uv":[4.032,10.032,4.968,10.968],"texture":"#5"},"south":{"uv":[4.032,10.032,4.968,10.968],"texture":"#5"},"west":{"uv":[4.032,10.032,4.968,10.968],"texture":"#5"},"up":{"uv":[4.032,10.032,4.968,10.968],"texture":"#5"},"down":{"uv":[4.032,10.032,4.968,10.968],"texture":"#5"}}},{"from":[3.5,6.29289,-2.12132],"to":[4.5,6.91789,1.87868],"rotation":{"angle":45,"axis":"x","origin":[-7.5,4.29289,-3.12132]},"faces":{"east":{"uv":[0,0,5,1],"texture":"#0"},"west":{"uv":[0,0,5,1],"texture":"#0"},"up":{"uv":[0,0,2,5],"texture":"#0"},"down":{"uv":[0,0,2,5],"texture":"#0"}}},{"from":[3.5,2.7065,1.13918],"to":[4.5,3.3315,5.13918],"rotation":{"angle":22.5,"axis":"x","origin":[-7.5,0.7065,0.13918]},"faces":{"east":{"uv":[0,0,5,1],"texture":"#0"},"west":{"uv":[0,0,5,1],"texture":"#0"},"up":{"uv":[0,0,2,5],"texture":"#0"},"down":{"uv":[0,0,2,5],"texture":"#0"}}},{"from":[3,13.52513,-0.85355],"to":[5,14.93934,0.14645],"rotation":{"angle":45,"axis":"x","origin":[4,13.93934,-0.35355]},"faces":{"north":{"uv":[4.032,10.032,4.968,10.968],"texture":"#5"},"east":{"uv":[4.032,10.032,4.968,10.968],"texture":"#5"},"south":{"uv":[4.032,10.032,4.968,10.968],"texture":"#5"},"west":{"uv":[4.032,10.032,4.968,10.968],"texture":"#5"},"up":{"uv":[4.032,10.032,4.968,10.968],"texture":"#5"},"down":{"uv":[4.032,10.032,4.968,10.968],"texture":"#5"}}},{"from":[6.5,15.75,6],"to":[9.5,16,7],"faces":{"north":{"uv":[0.032,0.032,0.968,0.968],"texture":"#0"},"east":{"uv":[0.032,0.032,0.968,0.968],"texture":"#0"},"south":{"uv":[0.032,0.032,0.968,0.968],"texture":"#0"},"west":{"uv":[0.032,0.032,0.968,0.968],"texture":"#0"},"up":{"uv":[0.032,0.032,0.968,0.968],"texture":"#0"},"down":{"uv":[0.032,0.032,0.968,0.968],"texture":"#0"}}},{"from":[6.5,15,6],"to":[6.75,15.75,7],"faces":{"north":{"uv":[0.032,0.032,0.968,0.968],"texture":"#0"},"east":{"uv":[0.032,0.032,0.968,0.968],"texture":"#0"},"south":{"uv":[0.032,0.032,0.968,0.968],"texture":"#0"},"west":{"uv":[0.032,0.032,0.968,0.968],"texture":"#0"},"up":{"uv":[0.032,0.032,0.968,0.968],"texture":"#0"},"down":{"uv":[0.032,0.032,0.968,0.968],"texture":"#0"}}},{"from":[9.25,15,6],"to":[9.5,15.75,7],"faces":{"north":{"uv":[0.032,0.032,0.968,0.968],"texture":"#0"},"east":{"uv":[0.032,0.032,0.968,0.968],"texture":"#0"},"south":{"uv":[0.032,0.032,0.968,0.968],"texture":"#0"},"west":{"uv":[0.032,0.032,0.968,0.968],"texture":"#0"},"up":{"uv":[0.032,0.032,0.968,0.968],"texture":"#0"},"down":{"uv":[0.032,0.032,0.968,0.968],"texture":"#0"}}},{"from":[4,0,10],"to":[12,5,12],"faces":{"north":{"uv":[7.82813,12.04688,5.5625,12.85938],"rotation":90,"texture":"#6"},"east":{"uv":[7.82813,12.04688,5.5625,12.85938],"rotation":90,"texture":"#6"},"south":{"uv":[7.82813,12.04688,5.5625,12.85938],"rotation":90,"texture":"#6"},"west":{"uv":[7.82813,12.04688,5.5625,12.85938],"rotation":90,"texture":"#6"},"up":{"uv":[7.82813,12.04688,5.5625,12.85938],"rotation":90,"texture":"#6"},"down":{"uv":[7.82813,12.04688,5.5625,12.85938],"rotation":90,"texture":"#6"}}},{"from":[4,5,10],"to":[12,6,12],"faces":{"north":{"uv":[7.76563,12.125,7.82813,12.21875],"texture":"#6"},"east":{"uv":[7.76563,12.125,7.82813,12.21875],"texture":"#6"},"south":{"uv":[7.76563,12.125,7.82813,12.21875],"texture":"#6"},"west":{"uv":[7.76563,12.125,7.82813,12.21875],"texture":"#6"},"up":{"uv":[7.76563,12.125,7.82813,12.21875],"texture":"#6"},"down":{"uv":[7.76563,12.125,7.82813,12.21875],"texture":"#6"}}},{"from":[5,3.5,12.25],"to":[5.75,4.875,12.5],"faces":{"north":{"uv":[0.032,0.032,1.968,5.968],"texture":"#9"},"east":{"uv":[0.032,0.032,1.968,5.968],"texture":"#9"},"south":{"uv":[0.032,0.032,1.968,5.968],"texture":"#9"},"west":{"uv":[0.032,0.032,1.968,5.968],"texture":"#9"},"up":{"uv":[0.032,0.032,1.968,5.968],"texture":"#9"},"down":{"uv":[0.032,0.032,1.968,5.968],"texture":"#9"}}},{"from":[3.8125,4.25,10],"to":[12.1875,5,12.25],"faces":{"east":{"uv":[0,0,0.25,0.75],"texture":"#0"},"south":{"uv":[0,0,7,0.75],"texture":"#0"},"west":{"uv":[0,0,0.25,0.75],"texture":"#0"},"up":{"uv":[0,0,7,0.25],"texture":"#0"},"down":{"uv":[0,0,7,0.25],"texture":"#0"}}},{"from":[3.9375,5,10],"to":[12.0625,5.5,12.125],"faces":{"north":{"uv":[0.032,0.032,0.25,0.75],"texture":"#5"},"east":{"uv":[0.032,0.032,0.25,0.75],"texture":"#5"},"south":{"uv":[0.032,0.032,0.25,0.75],"texture":"#5"},"west":{"uv":[0.032,0.032,0.25,0.75],"texture":"#5"},"up":{"uv":[0.032,0.032,0.25,0.75],"texture":"#5"},"down":{"uv":[0.032,0.032,0.25,0.75],"texture":"#5"}}},{"from":[3.9375,3.75,10],"to":[12.0625,4.25,12.125],"faces":{"north":{"uv":[0.032,0.032,0.25,0.75],"texture":"#5"},"east":{"uv":[0.032,0.032,0.25,0.75],"texture":"#5"},"south":{"uv":[0.032,0.032,0.25,0.75],"texture":"#5"},"west":{"uv":[0.032,0.032,0.25,0.75],"texture":"#5"},"up":{"uv":[0.032,0.032,0.25,0.75],"texture":"#5"},"down":{"uv":[0.032,0.032,0.25,0.75],"texture":"#5"}}},{"from":[6,8,10],"to":[10,9,12],"faces":{"north":{"uv":[7.76563,12.125,7.82813,12.21875],"texture":"#6"},"east":{"uv":[7.76563,12.125,7.82813,12.21875],"texture":"#6"},"south":{"uv":[7.76563,12.125,7.82813,12.21875],"texture":"#6"},"west":{"uv":[7.76563,12.125,7.82813,12.21875],"texture":"#6"},"up":{"uv":[7.76563,12.125,7.82813,12.21875],"texture":"#6"},"down":{"uv":[7.76563,12.125,7.82813,12.21875],"texture":"#6"}}},{"from":[5,6,10],"to":[11,8,12],"faces":{"north":{"uv":[7.76563,12.125,7.82813,12.21875],"texture":"#6"},"east":{"uv":[7.76563,12.125,7.82813,12.21875],"texture":"#6"},"south":{"uv":[7.76563,12.125,7.82813,12.21875],"texture":"#6"},"west":{"uv":[7.76563,12.125,7.82813,12.21875],"texture":"#6"},"up":{"uv":[7.76563,12.125,7.82813,12.21875],"texture":"#6"},"down":{"uv":[7.76563,12.125,7.82813,12.21875],"texture":"#6"}}},{"from":[2,0,5],"to":[14,9.5,10],"faces":{"north":{"uv":[0.032,0.032,0.968,0.968],"texture":"#6"},"east":{"uv":[0.032,0.032,0.968,0.968],"texture":"#6"},"south":{"uv":[0.032,0.032,0.968,0.968],"texture":"#6"},"west":{"uv":[0.032,0.032,0.968,0.968],"texture":"#6"},"up":{"uv":[0.032,0.032,0.968,0.968],"texture":"#6"},"down":{"uv":[0.032,0.032,0.968,0.968],"texture":"#6"}}},{"from":[2,10,5],"to":[14,12,10],"faces":{"north":{"uv":[0.032,0.032,0.968,0.968],"texture":"#9"},"east":{"uv":[0.032,0.032,0.968,0.968],"texture":"#9"},"south":{"uv":[0.032,0.032,0.968,0.968],"texture":"#9"},"west":{"uv":[0.032,0.032,0.968,0.968],"texture":"#9"},"up":{"uv":[0.032,0.032,0.968,0.968],"texture":"#9"},"down":{"uv":[0.032,0.032,0.968,0.968],"texture":"#9"}}},{"from":[2,9.5,5],"to":[14,10,10],"faces":{"north":{"uv":[0.032,0.032,0.968,0.968],"texture":"#1"},"east":{"uv":[0.032,0.032,0.968,0.968],"texture":"#1"},"south":{"uv":[0.032,0.032,0.968,0.968],"texture":"#1"},"west":{"uv":[0.032,0.032,0.968,0.968],"texture":"#1"},"up":{"uv":[0.032,0.032,0.968,0.968],"texture":"#1"},"down":{"uv":[0.032,0.032,0.968,0.968],"texture":"#1"}}},{"from":[3,12,5],"to":[13,14,10],"faces":{"north":{"uv":[0.032,0.032,0.968,0.968],"texture":"#9"},"east":{"uv":[0.032,0.032,0.968,0.968],"texture":"#9"},"south":{"uv":[0.032,0.032,0.968,0.968],"texture":"#9"},"west":{"uv":[0.032,0.032,0.968,0.968],"texture":"#9"},"up":{"uv":[0.032,0.032,0.968,0.968],"texture":"#9"},"down":{"uv":[0.032,0.032,0.968,0.968],"texture":"#9"}}},{"from":[6.5,12.3125,5.17188],"to":[9.5,14.5625,10.17188],"rotation":{"angle":0,"axis":"y","origin":[8.1875,13.6875,8.03125]},"faces":{"north":{"uv":[0.032,0.032,0.968,0.968],"texture":"#1"},"east":{"uv":[0.032,0.032,0.968,0.968],"texture":"#1"},"south":{"uv":[0.032,0.032,0.968,0.968],"texture":"#1"},"west":{"uv":[0.032,0.032,0.968,0.968],"texture":"#1"},"up":{"uv":[0.032,0.032,0.968,0.968],"texture":"#1"},"down":{"uv":[0.032,0.032,0.968,0.968],"texture":"#1"}}},{"from":[6.5,10.3125,5.25],"to":[9.5,11.5625,10.25],"faces":{"north":{"uv":[0.032,0.032,0.968,0.968],"texture":"#1"},"east":{"uv":[0.032,0.032,0.968,0.968],"texture":"#1"},"south":{"uv":[0.032,0.032,0.968,0.968],"texture":"#1"},"west":{"uv":[0.032,0.032,0.968,0.968],"texture":"#1"},"up":{"uv":[0.032,0.032,0.968,0.968],"texture":"#1"},"down":{"uv":[0.032,0.032,0.968,0.968],"texture":"#1"}}},{"from":[8.3125,10.4375,5.375],"to":[9.25,11.4375,10.375],"faces":{"north":{"uv":[0.032,0.032,0.968,0.968],"texture":"#3"},"east":{"uv":[0.032,0.032,0.968,0.968],"texture":"#3"},"south":{"uv":[0.032,0.032,0.968,0.968],"texture":"#3"},"west":{"uv":[0.032,0.032,0.968,0.968],"texture":"#3"},"up":{"uv":[0.032,0.032,0.968,0.968],"texture":"#3"},"down":{"uv":[0.032,0.032,0.968,0.968],"texture":"#3"}}},{"from":[11.25,10.3125,5.25],"to":[12,11.5625,10.25],"faces":{"north":{"uv":[0.032,0.032,0.968,0.968],"texture":"#1"},"east":{"uv":[0.032,0.032,0.968,0.968],"texture":"#1"},"south":{"uv":[0.032,0.032,0.968,0.968],"texture":"#1"},"west":{"uv":[0.032,0.032,0.968,0.968],"texture":"#1"},"up":{"uv":[0.032,0.032,0.968,0.968],"texture":"#1"},"down":{"uv":[0.032,0.032,0.968,0.968],"texture":"#1"}}},{"from":[9.75,10.3125,5.25],"to":[11,11.5625,10.25],"faces":{"north":{"uv":[0.032,0.032,0.968,0.968],"texture":"#1"},"east":{"uv":[0.032,0.032,0.968,0.968],"texture":"#1"},"south":{"uv":[0.032,0.032,0.968,0.968],"texture":"#1"},"west":{"uv":[0.032,0.032,0.968,0.968],"texture":"#1"},"up":{"uv":[0.032,0.032,0.968,0.968],"texture":"#1"},"down":{"uv":[0.032,0.032,0.968,0.968],"texture":"#1"}}},{"from":[12.25,10.3125,5.25],"to":[13.5,11.8125,10.25],"faces":{"north":{"uv":[0.032,0.032,0.968,0.968],"texture":"#1"},"east":{"uv":[0.032,0.032,0.968,0.968],"texture":"#1"},"south":{"uv":[0.032,0.032,0.968,0.968],"texture":"#1"},"west":{"uv":[0.032,0.032,0.968,0.968],"texture":"#1"},"up":{"uv":[0.032,0.032,0.968,0.968],"texture":"#1"},"down":{"uv":[0.032,0.032,0.968,0.968],"texture":"#1"}}},{"from":[2.5,10.3125,5.25],"to":[4.25,11.8125,10.25],"faces":{"north":{"uv":[0.032,0.032,0.968,0.968],"texture":"#1"},"east":{"uv":[0.032,0.032,0.968,0.968],"texture":"#1"},"south":{"uv":[0.032,0.032,0.968,0.968],"texture":"#1"},"west":{"uv":[0.032,0.032,0.968,0.968],"texture":"#1"},"up":{"uv":[0.032,0.032,0.968,0.968],"texture":"#1"},"down":{"uv":[0.032,0.032,0.968,0.968],"texture":"#1"}}},{"from":[4.5,10.3125,5.25],"to":[6.25,11,10.25],"faces":{"north":{"uv":[0.032,0.032,0.968,0.968],"texture":"#1"},"east":{"uv":[0.032,0.032,0.968,0.968],"texture":"#1"},"south":{"uv":[0.032,0.032,0.968,0.968],"texture":"#1"},"west":{"uv":[0.032,0.032,0.968,0.968],"texture":"#1"},"up":{"uv":[0.032,0.032,0.968,0.968],"texture":"#1"},"down":{"uv":[0.032,0.032,0.968,0.968],"texture":"#1"}}},{"from":[4.5,11.125,5.25],"to":[6.25,11.8125,10.25],"faces":{"north":{"uv":[0.032,0.032,0.968,0.968],"texture":"#1"},"east":{"uv":[0.032,0.032,0.968,0.968],"texture":"#1"},"south":{"uv":[0.032,0.032,0.968,0.968],"texture":"#1"},"west":{"uv":[0.032,0.032,0.968,0.968],"texture":"#1"},"up":{"uv":[0.032,0.032,0.968,0.968],"texture":"#1"},"down":{"uv":[0.032,0.032,0.968,0.968],"texture":"#1"}}},{"from":[4.625,10.4375,5.1875],"to":[6.125,10.875,10.3125],"faces":{"north":{"uv":[0.032,0.032,0.968,0.968],"texture":"#5"},"east":{"uv":[0.032,0.032,0.968,0.968],"texture":"#5"},"south":{"uv":[0.032,0.032,0.968,0.968],"texture":"#5"},"west":{"uv":[0.032,0.032,0.968,0.968],"texture":"#5"},"up":{"uv":[0.032,0.032,0.968,0.968],"texture":"#5"},"down":{"uv":[0.032,0.032,0.968,0.968],"texture":"#5"}}},{"from":[4.625,11.25,5.1875],"to":[6.125,11.6875,10.3125],"faces":{"north":{"uv":[0.032,0.032,0.968,0.968],"texture":"#5"},"east":{"uv":[0.032,0.032,0.968,0.968],"texture":"#5"},"south":{"uv":[0.032,0.032,0.968,0.968],"texture":"#5"},"west":{"uv":[0.032,0.032,0.968,0.968],"texture":"#5"},"up":{"uv":[0.032,0.032,0.968,0.968],"texture":"#5"},"down":{"uv":[0.032,0.032,0.968,0.968],"texture":"#5"}}},{"from":[4.5,2.25,10.25],"to":[5.5,2.875,12.25],"faces":{"north":{"uv":[0.032,0.032,0.968,0.968],"texture":"#1"},"east":{"uv":[0.032,0.032,0.968,0.968],"texture":"#1"},"south":{"uv":[0.032,0.032,0.968,0.968],"texture":"#1"},"west":{"uv":[0.032,0.032,0.968,0.968],"texture":"#1"},"up":{"uv":[0.032,0.032,0.968,0.968],"texture":"#1"},"down":{"uv":[0.032,0.032,0.968,0.968],"texture":"#1"}}},{"from":[5.5,2.4375,10.25],"to":[7.5,2.6875,12.25],"faces":{"north":{"uv":[0.032,0.032,0.968,0.968],"texture":"#1"},"east":{"uv":[0.032,0.032,0.968,0.968],"texture":"#1"},"south":{"uv":[0.032,0.032,0.968,0.968],"texture":"#1"},"west":{"uv":[0.032,0.032,0.968,0.968],"texture":"#1"},"up":{"uv":[0.032,0.032,0.968,0.968],"texture":"#1"},"down":{"uv":[0.032,0.032,0.968,0.968],"texture":"#1"}}},{"from":[7.5,2.1875,10.25],"to":[10.5,2.9375,12.25],"faces":{"north":{"uv":[0.032,0.032,0.968,0.968],"texture":"#1"},"east":{"uv":[0.032,0.032,0.968,0.968],"texture":"#1"},"south":{"uv":[0.032,0.032,0.968,0.968],"texture":"#1"},"west":{"uv":[0.032,0.032,0.968,0.968],"texture":"#1"},"up":{"uv":[0.032,0.032,0.968,0.968],"texture":"#1"},"down":{"uv":[0.032,0.032,0.968,0.968],"texture":"#1"}}},{"from":[10.5,2.25,10.25],"to":[11.5,2.875,12.25],"faces":{"north":{"uv":[0.032,0.032,0.968,0.968],"texture":"#1"},"east":{"uv":[0.032,0.032,0.968,0.968],"texture":"#1"},"south":{"uv":[0.032,0.032,0.968,0.968],"texture":"#1"},"west":{"uv":[0.032,0.032,0.968,0.968],"texture":"#1"},"up":{"uv":[0.032,0.032,0.968,0.968],"texture":"#1"},"down":{"uv":[0.032,0.032,0.968,0.968],"texture":"#1"}}},{"from":[5.5,0.875,10.25],"to":[8.5,1.625,12.25],"faces":{"north":{"uv":[0.032,0.032,0.968,0.968],"texture":"#1"},"east":{"uv":[0.032,0.032,0.968,0.968],"texture":"#1"},"south":{"uv":[0.032,0.032,0.968,0.968],"texture":"#1"},"west":{"uv":[0.032,0.032,0.968,0.968],"texture":"#1"},"up":{"uv":[0.032,0.032,0.968,0.968],"texture":"#1"},"down":{"uv":[0.032,0.032,0.968,0.968],"texture":"#1"}}},{"from":[8.5,1.125,10.25],"to":[10.5,1.375,12.25],"faces":{"north":{"uv":[0.032,0.032,0.968,0.968],"texture":"#1"},"east":{"uv":[0.032,0.032,0.968,0.968],"texture":"#1"},"south":{"uv":[0.032,0.032,0.968,0.968],"texture":"#1"},"west":{"uv":[0.032,0.032,0.968,0.968],"texture":"#1"},"up":{"uv":[0.032,0.032,0.968,0.968],"texture":"#1"},"down":{"uv":[0.032,0.032,0.968,0.968],"texture":"#1"}}},{"from":[4.5,0.9375,10.25],"to":[5.5,1.5625,12.25],"faces":{"north":{"uv":[0.032,0.032,0.968,0.968],"texture":"#1"},"east":{"uv":[0.032,0.032,0.968,0.968],"texture":"#1"},"south":{"uv":[0.032,0.032,0.968,0.968],"texture":"#1"},"west":{"uv":[0.032,0.032,0.968,0.968],"texture":"#1"},"up":{"uv":[0.032,0.032,0.968,0.968],"texture":"#1"},"down":{"uv":[0.032,0.032,0.968,0.968],"texture":"#1"}}},{"from":[10.5,0.9375,10.25],"to":[11.5,1.5625,12.25],"faces":{"north":{"uv":[0.032,0.032,0.968,0.968],"texture":"#1"},"east":{"uv":[0.032,0.032,0.968,0.968],"texture":"#1"},"south":{"uv":[0.032,0.032,0.968,0.968],"texture":"#1"},"west":{"uv":[0.032,0.032,0.968,0.968],"texture":"#1"},"up":{"uv":[0.032,0.032,0.968,0.968],"texture":"#1"},"down":{"uv":[0.032,0.032,0.968,0.968],"texture":"#1"}}},{"from":[7.25,12.6875,5.17188],"to":[8.75,14.1875,10.23438],"rotation":{"angle":0,"axis":"y","origin":[8.1875,13.6875,8.03125]},"faces":{"north":{"uv":[0.032,0.032,0.968,0.968],"texture":"#2"},"east":{"uv":[0.032,0.032,0.968,0.968],"texture":"#2"},"south":{"uv":[0.032,0.032,0.968,0.968],"texture":"#2"},"west":{"uv":[0.032,0.032,0.968,0.968],"texture":"#2"},"up":{"uv":[0.032,0.032,0.968,0.968],"texture":"#2"},"down":{"uv":[0.032,0.032,0.968,0.968],"texture":"#2"}}},{"from":[8.3125,13.8125,5.20313],"to":[8.5625,14.0625,10.26563],"rotation":{"angle":0,"axis":"y","origin":[8,13.6875,8]},"faces":{"north":{"uv":[0.032,0.032,0.968,0.968],"texture":"#6"},"east":{"uv":[0.032,0.032,0.968,0.968],"texture":"#6"},"south":{"uv":[0.032,0.032,0.968,0.968],"texture":"#6"},"west":{"uv":[0.032,0.032,0.968,0.968],"texture":"#6"},"up":{"uv":[0.032,0.032,0.968,0.968],"texture":"#6"},"down":{"uv":[0.032,0.032,0.968,0.968],"texture":"#6"}}},{"from":[4,14,5],"to":[12,15,10],"faces":{"north":{"uv":[0.032,0.032,0.968,0.968],"texture":"#9"},"east":{"uv":[0.032,0.032,0.968,0.968],"texture":"#9"},"south":{"uv":[0.032,0.032,0.968,0.968],"texture":"#9"},"west":{"uv":[0.032,0.032,0.968,0.968],"texture":"#9"},"up":{"uv":[0.032,0.032,0.968,0.968],"texture":"#9"},"down":{"uv":[0.032,0.032,0.968,0.968],"texture":"#9"}}},{"from":[1.875,5,8.625],"to":[14.125,12.125,9.625],"faces":{"north":{"uv":[0,0,12.25,7.125],"texture":"#0"},"east":{"uv":[0,0,1,7.125],"texture":"#0"},"south":{"uv":[0,0,12.25,7.125],"texture":"#0"},"west":{"uv":[0,0,1,7.125],"texture":"#0"},"up":{"uv":[0,0,1,12.25],"rotation":90,"texture":"#0"},"down":{"uv":[0,0,12.25,1],"texture":"#0"}}},{"from":[1.625,4.25,8.75],"to":[1.875,5.625,9.5],"faces":{"north":{"uv":[0.032,0.032,3.968,11.968],"texture":"#9"},"east":{"uv":[0.032,0.032,3.968,11.968],"texture":"#9"},"south":{"uv":[0.032,0.032,3.968,11.968],"texture":"#9"},"west":{"uv":[0.032,0.032,3.968,11.968],"texture":"#9"},"up":{"uv":[0.032,0.032,3.968,11.968],"texture":"#9"},"down":{"uv":[0.032,0.032,3.968,11.968],"texture":"#9"}}},{"from":[1.5,4.5,8.75],"to":[1.75,5.875,9.5],"rotation":{"angle":-22.5,"axis":"z","origin":[1.75,5.3125,9.125]},"faces":{"north":{"uv":[0.032,0.032,3.968,11.968],"texture":"#9"},"east":{"uv":[0.032,0.032,3.968,11.968],"texture":"#9"},"south":{"uv":[0.032,0.032,3.968,11.968],"texture":"#9"},"west":{"uv":[0.032,0.032,3.968,11.968],"texture":"#9"},"up":{"uv":[0.032,0.032,3.968,11.968],"texture":"#9"},"down":{"uv":[0.032,0.032,3.968,11.968],"texture":"#9"}}},{"from":[2.875,12.125,8.625],"to":[13.125,14.125,9.625],"faces":{"east":{"uv":[0,0,1,2],"texture":"#0"},"west":{"uv":[0,0,1,2],"texture":"#0"},"up":{"uv":[0,0,1,10.25],"rotation":90,"texture":"#0"}}},{"from":[3.875,14.125,8.625],"to":[12.125,15.125,9.625],"faces":{"east":{"uv":[0,0,1,1],"texture":"#0"},"west":{"uv":[0,0,1,1],"texture":"#0"},"up":{"uv":[0,0,1,8.25],"rotation":90,"texture":"#0"}}},{"from":[1.75,5.0625,8.3125],"to":[14.1875,12.1875,8.625],"faces":{"north":{"uv":[0.032,0.032,0.968,7.125],"texture":"#5"},"east":{"uv":[0.032,0.032,0.968,7.125],"texture":"#5"},"south":{"uv":[0.032,0.032,0.968,7.125],"texture":"#5"},"west":{"uv":[0.032,0.032,0.968,7.125],"texture":"#5"},"up":{"uv":[0.032,0.032,0.968,7.125],"texture":"#5"},"down":{"uv":[0.032,0.032,0.968,7.125],"texture":"#5"}}},{"from":[2.8125,12.1875,8.3125],"to":[13.1875,14.1875,8.625],"faces":{"north":{"uv":[0.032,0.032,0.968,1.968],"texture":"#5"},"east":{"uv":[0.032,0.032,0.968,1.968],"texture":"#5"},"south":{"uv":[0.032,0.032,0.968,1.968],"texture":"#5"},"west":{"uv":[0.032,0.032,0.968,1.968],"texture":"#5"},"up":{"uv":[0.032,0.032,0.968,1.968],"texture":"#5"},"down":{"uv":[0.032,0.032,0.968,1.968],"texture":"#5"}}},{"from":[3.8125,14.1875,8.3125],"to":[12.1875,15.1875,8.625],"faces":{"north":{"uv":[0.032,0.032,0.968,0.968],"texture":"#5"},"east":{"uv":[0.032,0.032,0.968,0.968],"texture":"#5"},"south":{"uv":[0.032,0.032,0.968,0.968],"texture":"#5"},"west":{"uv":[0.032,0.032,0.968,0.968],"texture":"#5"},"up":{"uv":[0.032,0.032,0.968,0.968],"texture":"#5"},"down":{"uv":[0.032,0.032,0.968,0.968],"texture":"#5"}}},{"from":[1.75,5.0625,9.625],"to":[14.1875,12.1875,9.9375],"faces":{"north":{"uv":[0.032,0.032,0.968,7.125],"texture":"#5"},"east":{"uv":[0.032,0.032,0.968,7.125],"texture":"#5"},"south":{"uv":[0.032,0.032,0.968,7.125],"texture":"#5"},"west":{"uv":[0.032,0.032,0.968,7.125],"texture":"#5"},"up":{"uv":[0.032,0.032,0.968,7.125],"texture":"#5"},"down":{"uv":[0.032,0.032,0.968,7.125],"texture":"#5"}}},{"from":[3.8125,14.1875,9.625],"to":[12.1875,15.1875,9.9375],"faces":{"north":{"uv":[0.032,0.032,0.968,0.968],"texture":"#5"},"east":{"uv":[0.032,0.032,0.968,0.968],"texture":"#5"},"south":{"uv":[0.032,0.032,0.968,0.968],"texture":"#5"},"west":{"uv":[0.032,0.032,0.968,0.968],"texture":"#5"},"up":{"uv":[0.032,0.032,0.968,0.968],"texture":"#5"},"down":{"uv":[0.032,0.032,0.968,0.968],"texture":"#5"}}}],"display":{"thirdperson_righthand":{"rotation":[73,0,0],"translation":[-6,-7.749,8.3913],"scale":[0.82,0.82,0.82]},"thirdperson_lefthand":{"rotation":[73,0,0],"translation":[-6,-7.749,8.3913],"scale":[0.82,0.82,0.82]},"firstperson_righthand":{"translation":[-9,-1.25,13],"scale":[2.25,0.85,1.05]},"firstperson_lefthand":{"translation":[-9,-1.25,13],"scale":[2.25,0.85,1.05]},"ground":{"translation":[0,3,0],"scale":[0.7,0.7,0.7]},"gui":{"rotation":[15,-34,0],"translation":[-0.5,-0.5,0],"scale":[0.7,0.7,0.7]},"head":{"scale":[1.3,1.3,1.3]},"fixed":{"rotation":[6,-180,0],"translation":[0,0,-3.5]}},"groups":[{"name":"group","origin":[0,0,0],"color":0,"nbt":"{}","armAnimationEnabled":false,"children":[0,1,2,3,4,5,6,7,8,9,10,11,12,13,14,15,16,17,18,19,20,21,22,23,24,25,26,27,28,29,30,31,32,33,34,35,36,37,38,39,40,41,42,43,44,45,46,47,48,49,50,51,52,53,54,55,56,57,58,59,60,61,62]}]}