{"credit":"Made with Blockbench by Valvac","textures":{"0":"block/gray_wool","1":"block/blue_concrete","2":"block/black_wool","3":"block/red_concrete","5":"block/black_concrete","6":"block/white_concrete","9":"block/light_gray_concrete"},"elements":[{"from":[2.8125,12.1875,9.625],"to":[13.1875,14.1875,9.9375],"faces":{"north":{"uv":[0.032,0.032,10.25,1.968],"texture":"#5"},"east":{"uv":[0.032,0.032,0.968,1.968],"texture":"#5"},"south":{"uv":[0.032,0.032,10.25,1.968],"texture":"#5"},"west":{"uv":[0.032,0.032,0.968,1.968],"texture":"#5"},"up":{"uv":[0.032,0.032,0.968,10.25],"rotation":90,"texture":"#5"}}},{"from":[3,-0.5,5],"to":[13,0,10],"faces":{"north":{"uv":[0.032,0.032,11.968,11.968],"texture":"#5"},"east":{"uv":[0.032,0.032,3.968,11.968],"texture":"#5"},"south":{"uv":[0.032,0.032,11.968,11.968],"texture":"#5"},"west":{"uv":[0.032,0.032,3.968,11.968],"texture":"#5"},"down":{"uv":[0.032,0.032,11.968,3.968],"texture":"#5"}}},{"from":[11,14,0],"to":[13,15,2],"faces":{"north":{"uv":[0.032,0.032,0.032,0.032],"texture":"#6"},"east":{"uv":[4.032,10.032,4.968,10.968],"texture":"#6"},"south":{"uv":[0.032,0.032,0.032,0.032],"texture":"#6"},"west":{"uv":[4.032,10.032,4.968,10.968],"texture":"#6"},"up":{"uv":[4.032,10.032,4.968,10.968],"texture":"#6"},"down":{"uv":[4.032,10.032,4.968,10.968],"texture":"#6"}}},{"from":[11,13.52513,-0.85355],"to":[13,14.93934,0.14645],"rotation":{"angle":45,"axis":"x","origin":[12,13.93934,-0.35355]},"faces":{"north":{"uv":[4.032,10.032,4.968,10.968],"texture":"#6"},"east":{"uv":[4.032,10.032,4.968,10.968],"texture":"#6"},"south":{"uv":[4.032,10.032,4.968,10.968],"texture":"#6"},"west":{"uv":[4.032,10.032,4.968,10.968],"texture":"#6"},"up":{"uv":[0.032,0.032,0.032,0.032],"texture":"#6"},"down":{"uv":[0.032,0.032,0.032,0.032],"texture":"#6"}}},{"from":[11.125,11,4.375],"to":[12.875,13.875,5],"faces":{"north":{"uv":[4.032,10.032,4.968,10.968],"texture":"#0"},"east":{"uv":[4.032,10.032,4.968,10.968],"texture":"#0"},"west":{"uv":[4.032,10.032,4.968,10.968],"texture":"#0"},"up":{"uv":[4.032,10.032,4.968,10.968],"texture":"#0"},"down":{"uv":[4.032,10.032,4.968,10.968],"texture":"#0"}}},{"from":[11,5,-1],"to":[13,7,-0.25],"faces":{"north":{"uv":[4.032,10.032,4.968,10.968],"texture":"#6"},"east":{"uv":[4.032,10.032,4.968,10.968],"texture":"#6"},"south":{"uv":[4.032,10.032,4.968,10.968],"texture":"#6"},"west":{"uv":[4.032,10.032,4.968,10.968],"texture":"#6"},"up":{"uv":[0.032,0.032,0.032,0.032],"texture":"#6"},"down":{"uv":[4.032,10.032,4.968,10.968],"texture":"#6"}}},{"from":[11.5,2.7065,1.13918],"to":[12.5,3.3315,5.13918],"rotation":{"angle":22.5,"axis":"x","origin":[0.5,0.7065,0.13918]},"faces":{"east":{"uv":[0.032,0.032,4.968,0.968],"texture":"#0"},"west":{"uv":[0.032,0.032,4.968,0.968],"texture":"#0"},"up":{"uv":[0.032,0.032,1.968,4.968],"texture":"#0"},"down":{"uv":[0.032,0.032,1.968,4.968],"texture":"#0"}}},{"from":[11,11.93434,2.38476],"to":[13,12.93434,5.38476],"rotation":{"angle":22.5,"axis":"x","origin":[0,14.93434,7.38476]},"faces":{"north":{"uv":[0.032,0.032,0.032,0.032],"texture":"#6"},"east":{"uv":[4.032,10.032,4.968,10.968],"texture":"#6"},"south":{"uv":[4.032,10.032,4.968,10.968],"texture":"#6"},"west":{"uv":[4.032,10.032,4.968,10.968],"texture":"#6"},"up":{"uv":[4.032,10.032,4.968,10.968],"texture":"#6"},"down":{"uv":[4.032,10.032,4.968,10.968],"texture":"#6"}}},{"from":[11.5,6.29289,-2.12132],"to":[12.5,6.91789,1.87868],"rotation":{"angle":45,"axis":"x","origin":[0.5,4.29289,-3.12132]},"faces":{"east":{"uv":[0.032,0.032,4.968,0.968],"texture":"#0"},"west":{"uv":[0.032,0.032,4.968,0.968],"texture":"#0"},"up":{"uv":[0.032,0.032,1.968,4.968],"texture":"#0"},"down":{"uv":[0.032,0.032,1.968,4.968],"texture":"#0"}}},{"from":[3.125,11,4.375],"to":[4.875,13.875,5],"rotation":{"angle":0,"axis":"y","origin":[-8,0,0]},"faces":{"north":{"uv":[4.032,10.032,4.968,10.968],"texture":"#0"},"east":{"uv":[4.032,10.032,4.968,10.968],"texture":"#0"},"west":{"uv":[4.032,10.032,4.968,10.968],"texture":"#0"},"up":{"uv":[4.032,10.032,4.968,10.968],"texture":"#0"},"down":{"uv":[4.032,10.032,4.968,10.968],"texture":"#0"}}},{"from":[3,11.93434,2.38476],"to":[5,12.93434,5.38476],"rotation":{"angle":22.5,"axis":"x","origin":[-8,14.93434,7.38476]},"faces":{"north":{"uv":[0.032,0.032,0.032,0.032],"texture":"#6"},"east":{"uv":[4.032,10.032,4.968,10.968],"texture":"#6"},"south":{"uv":[4.032,10.032,4.968,10.968],"texture":"#6"},"west":{"uv":[4.032,10.032,4.968,10.968],"texture":"#6"},"up":{"uv":[4.032,10.032,4.968,10.968],"texture":"#6"},"down":{"uv":[4.032,10.032,4.968,10.968],"texture":"#6"}}},{"from":[3,14,0],"to":[5,15,2],"rotation":{"angle":0,"axis":"y","origin":[-8,0,0]},"faces":{"north":{"uv":[0.032,0.032,0.032,0.032],"texture":"#6"},"east":{"uv":[4.032,10.032,4.968,10.968],"texture":"#6"},"south":{"uv":[0.032,0.032,0.032,0.032],"texture":"#6"},"west":{"uv":[4.032,10.032,4.968,10.968],"texture":"#6"},"up":{"uv":[4.032,10.032,4.968,10.968],"texture":"#6"},"down":{"uv":[4.032,10.032,4.968,10.968],"texture":"#6"}}},{"from":[3,5,-1],"to":[5,7,-0.25],"rotation":{"angle":0,"axis":"y","origin":[-8,0,0]},"faces":{"north":{"uv":[4.032,10.032,4.968,10.968],"texture":"#6"},"east":{"uv":[4.032,10.032,4.968,10.968],"texture":"#6"},"south":{"uv":[4.032,10.032,4.968,10.968],"texture":"#6"},"west":{"uv":[4.032,10.032,4.968,10.968],"texture":"#6"},"up":{"uv":[0.032,0.032,0.032,0.032],"texture":"#6"},"down":{"uv":[4.032,10.032,4.968,10.968],"texture":"#6"}}},{"from":[3,7,-1],"to":[5,12,-0.25],"rotation":{"angle":0,"axis":"y","origin":[-8,0,0]},"faces":{"north":{"uv":[4.032,10.032,4.968,10.968],"texture":"#1"},"east":{"uv":[4.032,10.032,4.968,10.968],"texture":"#1"},"south":{"uv":[4.032,10.032,4.968,10.968],"texture":"#1"},"west":{"uv":[4.032,10.032,4.968,10.968],"texture":"#1"},"up":{"uv":[0.032,0.032,0.032,0.032],"texture":"#1"},"down":{"uv":[4.032,10.032,4.968,10.968],"texture":"#1"}}},{"from":[11,7,-1],"to":[13,12,-0.25],"faces":{"north":{"uv":[4.032,10.032,4.968,10.968],"texture":"#1"},"east":{"uv":[4.032,10.032,4.968,10.968],"texture":"#1"},"south":{"uv":[4.032,10.032,4.968,10.968],"texture":"#1"},"west":{"uv":[4.032,10.032,4.968,10.968],"texture":"#1"},"up":{"uv":[0.032,0.032,0.032,0.032],"texture":"#1"},"down":{"uv":[4.032,10.032,4.968,10.968],"texture":"#1"}}},{"from":[3,12,-1],"to":[5,14,-0.25],"rotation":{"angle":0,"axis":"y","origin":[-8,0,0]},"faces":{"north":{"uv":[4.032,10.032,4.968,10.968],"texture":"#6"},"east":{"uv":[4.032,10.032,4.968,10.968],"texture":"#6"},"south":{"uv":[4.032,10.032,4.968,10.968],"texture":"#6"},"west":{"uv":[4.032,10.032,4.968,10.968],"texture":"#6"},"up":{"uv":[0.032,0.032,0.032,0.032],"texture":"#6"},"down":{"uv":[4.032,10.032,4.968,10.968],"texture":"#6"}}},{"from":[11,12,-1],"to":[13,14,-0.25],"faces":{"north":{"uv":[4.032,10.032,4.968,10.968],"texture":"#6"},"east":{"uv":[4.032,10.032,4.968,10.968],"texture":"#6"},"south":{"uv":[4.032,10.032,4.968,10.968],"texture":"#6"},"west":{"uv":[4.032,10.032,4.968,10.968],"texture":"#6"},"up":{"uv":[0.032,0.032,0.032,0.032],"texture":"#6"},"down":{"uv":[4.032,10.032,4.968,10.968],"texture":"#6"}}},{"from":[3.5,6.29289,-2.12132],"to":[4.5,6.91789,1.87868],"rotation":{"angle":45,"axis":"x","origin":[-7.5,4.29289,-3.12132]},"faces":{"east":{"uv":[0.032,0.032,4.968,0.968],"texture":"#0"},"west":{"uv":[0.032,0.032,4.968,0.968],"texture":"#0"},"up":{"uv":[0.032,0.032,1.968,4.968],"texture":"#0"},"down":{"uv":[0.032,0.032,1.968,4.968],"texture":"#0"}}},{"from":[3.5,2.7065,1.13918],"to":[4.5,3.3315,5.13918],"rotation":{"angle":22.5,"axis":"x","origin":[-7.5,0.7065,0.13918]},"faces":{"east":{"uv":[0.032,0.032,4.968,0.968],"texture":"#0"},"west":{"uv":[0.032,0.032,4.968,0.968],"texture":"#0"},"up":{"uv":[0.032,0.032,1.968,4.968],"texture":"#0"},"down":{"uv":[0.032,0.032,1.968,4.968],"texture":"#0"}}},{"from":[3,13.52513,-0.85355],"to":[5,14.93934,0.14645],"rotation":{"angle":45,"axis":"x","origin":[4,13.93934,-0.35355]},"faces":{"north":{"uv":[4.032,10.032,4.968,10.968],"texture":"#6"},"east":{"uv":[4.032,10.032,4.968,10.968],"texture":"#6"},"south":{"uv":[4.032,10.032,4.968,10.968],"texture":"#6"},"west":{"uv":[4.032,10.032,4.968,10.968],"texture":"#6"},"up":{"uv":[0.032,0.032,0.032,0.032],"texture":"#6"},"down":{"uv":[0.032,0.032,0.032,0.032],"texture":"#6"}}},{"from":[6.5,15.75,6],"to":[9.5,16,7],"faces":{"north":{"uv":[0.032,0.032,0.968,0.968],"texture":"#0"},"east":{"uv":[0.032,0.032,0.968,0.968],"texture":"#0"},"south":{"uv":[0.032,0.032,0.968,0.968],"texture":"#0"},"west":{"uv":[0.032,0.032,0.968,0.968],"texture":"#0"},"up":{"uv":[0.032,0.032,0.968,0.968],"texture":"#0"},"down":{"uv":[0.032,0.032,0.968,0.968],"texture":"#0"}}},{"from":[6.5,15,6],"to":[6.75,15.75,7],"faces":{"north":{"uv":[0.032,0.032,0.968,0.968],"texture":"#0"},"east":{"uv":[0.032,0.032,0.968,0.968],"texture":"#0"},"south":{"uv":[0.032,0.032,0.968,0.968],"texture":"#0"},"west":{"uv":[0.032,0.032,0.968,0.968],"texture":"#0"}}},{"from":[9.25,15,6],"to":[9.5,15.75,7],"faces":{"north":{"uv":[0.032,0.032,0.968,0.968],"texture":"#0"},"east":{"uv":[0.032,0.032,0.968,0.968],"texture":"#0"},"south":{"uv":[0.032,0.032,0.968,0.968],"texture":"#0"},"west":{"uv":[0.032,0.032,0.968,0.968],"texture":"#0"}}},{"from":[4,0,10],"to":[12,5,12],"faces":{"north":{"uv":[0.032,0.032,0.032,0.032],"texture":"#6"},"east":{"uv":[7.82813,12.85938,5.5625,12.04688],"rotation":90,"texture":"#6"},"south":{"uv":[7.82813,12.04688,5.73438,13.96875],"rotation":90,"texture":"#6"},"west":{"uv":[7.82813,12.04688,5.5625,12.85938],"rotation":90,"texture":"#6"},"up":{"uv":[0.032,0.032,0.968,0.968],"texture":"#6"},"down":{"uv":[5.968,12.04688,5.57813,13.95313],"rotation":90,"texture":"#6"}}},{"from":[4,5,10],"to":[12,6,12],"faces":{"north":{"uv":[7.76563,12.125,7.82813,12.21875],"texture":"#6"},"east":{"uv":[7.76563,12.125,7.82813,12.21875],"texture":"#6"},"south":{"uv":[7.76563,12.125,7.82813,12.21875],"texture":"#6"},"west":{"uv":[7.76563,12.125,7.82813,12.21875],"texture":"#6"},"up":{"uv":[7.76563,12.125,7.82813,12.21875],"texture":"#6"},"down":{"uv":[7.76563,12.125,7.82813,12.21875],"texture":"#6"}}},{"from":[5,3.5,12.25],"to":[5.75,4.875,12.5],"faces":{"north":{"uv":[0.032,0.032,7.968,5.968],"texture":"#9"},"east":{"uv":[0.032,0.032,1.968,5.968],"texture":"#9"},"south":{"uv":[0.032,0.032,7.968,5.968],"texture":"#9"},"west":{"uv":[0.032,0.032,1.968,5.968],"texture":"#9"},"up":{"uv":[0.032,0.032,7.968,1.968],"texture":"#9"},"down":{"uv":[0.032,0.032,7.968,1.968],"texture":"#9"}}},{"from":[3.8125,4.25,10],"to":[12.1875,5,12.25],"faces":{"east":{"uv":[0.032,0.032,0.25,0.75],"texture":"#0"},"south":{"uv":[0.032,0.032,6.968,0.75],"texture":"#0"},"west":{"uv":[0.032,0.032,0.25,0.75],"texture":"#0"},"up":{"uv":[0.032,0.032,6.968,0.25],"texture":"#0"},"down":{"uv":[0.032,0.032,6.968,0.25],"texture":"#0"}}},{"from":[3.9375,5,10],"to":[12.0625,5.5,12.125],"faces":{"east":{"uv":[0.032,0.032,0.25,0.75],"texture":"#5"},"south":{"uv":[0.032,0.032,6.968,0.75],"texture":"#5"},"west":{"uv":[0.032,0.032,0.25,0.75],"texture":"#5"},"up":{"uv":[0.032,0.032,6.968,0.25],"texture":"#5"}}},{"from":[3.9375,3.75,10],"to":[12.0625,4.25,12.125],"faces":{"east":{"uv":[0.032,0.032,0.25,0.75],"texture":"#5"},"south":{"uv":[0.032,0.032,6.968,0.75],"texture":"#5"},"west":{"uv":[0.032,0.032,0.25,0.75],"texture":"#5"},"down":{"uv":[0.032,0.032,6.968,0.25],"texture":"#5"}}},{"from":[6,8,10],"to":[10,9,12],"faces":{"north":{"uv":[7.76563,12.125,7.82813,12.21875],"texture":"#6"},"east":{"uv":[7.76563,12.125,7.82813,12.21875],"texture":"#6"},"south":{"uv":[7.76563,12.125,7.82813,12.21875],"texture":"#6"},"west":{"uv":[7.76563,12.125,7.82813,12.21875],"texture":"#6"},"up":{"uv":[7.76563,12.125,7.82813,12.21875],"texture":"#6"},"down":{"uv":[7.76563,12.125,7.82813,12.21875],"texture":"#6"}}},{"from":[5,6,10],"to":[11,8,12],"faces":{"north":{"uv":[7.76563,12.125,7.82813,12.21875],"texture":"#6"},"east":{"uv":[7.76563,12.125,7.82813,12.21875],"texture":"#6"},"south":{"uv":[7.76563,12.125,7.82813,12.21875],"texture":"#6"},"west":{"uv":[7.76563,12.125,7.82813,12.21875],"texture":"#6"},"up":{"uv":[7.76563,12.125,7.82813,12.21875],"texture":"#6"},"down":{"uv":[7.76563,12.125,7.82813,12.21875],"texture":"#6"}}},{"from":[2,0,5],"to":[2.5,9.5,10],"faces":{"north":{"uv":[0.032,0.032,0.032,0.032],"texture":"#6"},"east":{"uv":[0.032,0.032,0.968,0.968],"texture":"#9"},"south":{"uv":[0.032,0.032,0.968,0.968],"texture":"#6"},"west":{"uv":[0.032,0.032,0.968,0.968],"texture":"#6"},"up":{"uv":[0.032,0.032,0.968,0.968],"texture":"#6"},"down":{"uv":[0.032,0.032,0.968,0.968],"texture":"#6"}}},{"from":[2.5,0,5],"to":[3.5,2.25,10],"faces":{"north":{"uv":[0.032,0.032,0.032,0.032],"texture":"#6"},"east":{"uv":[0.032,0.032,0.968,0.968],"texture":"#6"},"south":{"uv":[0.032,0.032,0.968,0.968],"texture":"#6"},"west":{"uv":[0.032,0.032,0.968,0.968],"texture":"#6"},"up":{"uv":[0.032,0.032,0.968,0.968],"texture":"#9"},"down":{"uv":[0.032,0.032,0.968,0.968],"texture":"#6"}}},{"from":[2.75,2.25,9.125],"to":[3.25,8.25,9.625],"faces":{"north":{"uv":[0.032,0.032,0.032,0.032],"texture":"#0"},"east":{"uv":[0.032,0.032,0.968,0.968],"texture":"#0"},"south":{"uv":[0.032,0.032,0.968,0.968],"texture":"#0"},"west":{"uv":[0.032,0.032,0.968,0.968],"texture":"#0"},"up":{"uv":[0.032,0.032,0.968,0.968],"texture":"#0"},"down":{"uv":[0.032,0.032,0.032,0.032],"texture":"#0"}}},{"from":[2.6875,5.9375,9],"to":[3.3125,6.5625,9.75],"faces":{"north":{"uv":[0.032,0.032,0.032,0.032],"texture":"#0"},"east":{"uv":[0.032,0.032,0.968,0.968],"texture":"#0"},"south":{"uv":[0.032,0.032,0.968,0.968],"texture":"#0"},"west":{"uv":[0.032,0.032,0.968,0.968],"texture":"#0"},"up":{"uv":[0.032,0.032,0.968,0.968],"texture":"#0"},"down":{"uv":[0.032,0.032,0.968,0.968],"texture":"#0"}}},{"from":[2.8125,6.0625,9.75],"to":[3.1875,6.4375,11.75],"faces":{"north":{"uv":[0.032,0.032,0.032,0.032],"texture":"#0"},"east":{"uv":[0.032,0.032,0.968,0.968],"texture":"#0"},"south":{"uv":[0.032,0.032,0.968,0.968],"texture":"#0"},"west":{"uv":[0.032,0.032,0.968,0.968],"texture":"#0"},"up":{"uv":[0.032,0.032,0.968,0.968],"texture":"#0"},"down":{"uv":[0.032,0.032,0.968,0.968],"texture":"#0"}}},{"from":[2.9375,6.1875,11.75],"to":[3.0625,6.3125,14.0625],"faces":{"north":{"uv":[0.032,0.032,0.032,0.032],"texture":"#9"},"east":{"uv":[0.032,0.032,0.968,0.968],"texture":"#9"},"south":{"uv":[0.032,0.032,0.968,0.968],"texture":"#9"},"west":{"uv":[0.032,0.032,0.968,0.968],"texture":"#9"},"up":{"uv":[0.032,0.032,0.968,0.968],"texture":"#9"},"down":{"uv":[0.032,0.032,0.968,0.968],"texture":"#9"}}},{"from":[2.8125,6.20386,12.19702],"to":[3.125,6.29614,13.44108],"rotation":{"angle":0,"axis":"y","origin":[0,0.39643,0.12858]},"faces":{"north":{"uv":[0.032,0.032,0.968,0.968],"texture":"#5"},"east":{"uv":[0.032,0.032,0.968,0.968],"texture":"#5"},"south":{"uv":[0.032,0.032,0.968,0.968],"texture":"#5"},"west":{"uv":[0.032,0.032,0.968,0.968],"texture":"#5"},"up":{"uv":[0.032,0.032,0.968,0.968],"texture":"#5"},"down":{"uv":[0.032,0.032,0.968,0.968],"texture":"#5"}}},{"from":[2.8125,6.3125,12.25],"to":[3.1875,6.6875,13.75],"rotation":{"angle":22.5,"axis":"x","origin":[3,6.25,13.125]},"faces":{"north":{"uv":[0.032,0.032,0.968,0.968],"texture":"#5"},"east":{"uv":[0.032,0.032,0.968,0.968],"texture":"#5"},"south":{"uv":[0.032,0.032,0.968,0.968],"texture":"#5"},"west":{"uv":[0.032,0.032,0.968,0.968],"texture":"#5"},"up":{"uv":[0.032,0.032,0.968,0.968],"texture":"#5"},"down":{"uv":[0.032,0.032,0.968,0.968],"texture":"#5"}}},{"from":[2.8125,5.9375,12.25],"to":[3.1875,6.3125,13.3125],"rotation":{"angle":22.5,"axis":"x","origin":[3,6.25,13.125]},"faces":{"north":{"uv":[0.032,0.032,0.968,0.968],"texture":"#5"},"east":{"uv":[0.032,0.032,0.968,0.968],"texture":"#5"},"south":{"uv":[0.032,0.032,0.968,0.968],"texture":"#5"},"west":{"uv":[0.032,0.032,0.968,0.968],"texture":"#5"},"up":{"uv":[0.032,0.032,0.968,0.968],"texture":"#5"},"down":{"uv":[0.032,0.032,0.968,0.968],"texture":"#5"}}},{"from":[2.8125,5.8125,12.25],"to":[3.1875,6.1875,13.75],"rotation":{"angle":-22.5,"axis":"x","origin":[3,6.25,13.125]},"faces":{"north":{"uv":[0.032,0.032,0.968,0.968],"texture":"#5"},"east":{"uv":[0.032,0.032,0.968,0.968],"texture":"#5"},"south":{"uv":[0.032,0.032,0.968,0.968],"texture":"#5"},"west":{"uv":[0.032,0.032,0.968,0.968],"texture":"#5"},"up":{"uv":[0.032,0.032,0.968,0.968],"texture":"#5"},"down":{"uv":[0.032,0.032,0.968,0.968],"texture":"#5"}}},{"from":[2.8125,6.1875,12.25],"to":[3.1875,6.5625,12.8125],"rotation":{"angle":-22.5,"axis":"x","origin":[3,6.25,13.125]},"faces":{"north":{"uv":[0.032,0.032,0.968,0.968],"texture":"#5"},"east":{"uv":[0.032,0.032,0.968,0.968],"texture":"#5"},"south":{"uv":[0.032,0.032,0.968,0.968],"texture":"#5"},"west":{"uv":[0.032,0.032,0.968,0.968],"texture":"#5"},"up":{"uv":[0.032,0.032,0.968,0.968],"texture":"#5"},"down":{"uv":[0.032,0.032,0.968,0.968],"texture":"#5"}}},{"from":[2.5,8.25,5],"to":[3.5,9.5,10],"faces":{"north":{"uv":[0.032,0.032,0.032,0.032],"texture":"#6"},"east":{"uv":[0.032,0.032,0.968,0.968],"texture":"#6"},"south":{"uv":[0.032,0.032,0.968,0.968],"texture":"#6"},"west":{"uv":[0.032,0.032,0.968,0.968],"texture":"#6"},"up":{"uv":[0.032,0.032,0.968,0.968],"texture":"#6"},"down":{"uv":[0.032,0.032,0.968,0.968],"texture":"#9"}}},{"from":[2.5,2.25,5],"to":[3.5,8.25,8.5],"faces":{"north":{"uv":[0.032,0.032,0.032,0.032],"texture":"#6"},"east":{"uv":[0.032,0.032,0.968,0.968],"texture":"#6"},"south":{"uv":[0.032,0.032,0.968,0.968],"texture":"#0"},"west":{"uv":[0.032,0.032,0.968,0.968],"texture":"#6"},"up":{"uv":[0.032,0.032,0.968,0.968],"texture":"#6"},"down":{"uv":[0.032,0.032,0.032,0.032],"texture":"#6"}}},{"from":[12.5,8.25,5],"to":[13.5,9.5,10],"rotation":{"angle":0,"axis":"y","origin":[16,0,0]},"faces":{"north":{"uv":[0.032,0.032,0.032,0.032],"texture":"#6"},"east":{"uv":[0.968,0.032,0.032,0.968],"texture":"#6"},"south":{"uv":[0.968,0.032,0.032,0.968],"texture":"#6"},"west":{"uv":[0.968,0.032,0.032,0.968],"texture":"#6"},"up":{"uv":[0.968,0.032,0.032,0.968],"texture":"#6"},"down":{"uv":[0.032,0.032,0.968,0.968],"texture":"#9"}}},{"from":[13.5,0,5],"to":[14,9.5,10],"rotation":{"angle":0,"axis":"y","origin":[16,0,0]},"faces":{"north":{"uv":[0.032,0.032,0.032,0.032],"texture":"#6"},"east":{"uv":[0.968,0.032,0.032,0.968],"texture":"#6"},"south":{"uv":[0.968,0.032,0.032,0.968],"texture":"#6"},"west":{"uv":[0.968,0.032,0.032,0.968],"texture":"#9"},"up":{"uv":[0.968,0.032,0.032,0.968],"texture":"#6"},"down":{"uv":[0.032,0.032,0.968,0.968],"texture":"#6"}}},{"from":[12.5,2.25,5],"to":[13.5,8.25,8.5],"rotation":{"angle":0,"axis":"y","origin":[16,0,0]},"faces":{"north":{"uv":[0.032,0.032,0.032,0.032],"texture":"#6"},"east":{"uv":[0.968,0.032,0.032,0.968],"texture":"#6"},"south":{"uv":[0.968,0.032,0.032,0.968],"texture":"#0"},"west":{"uv":[0.968,0.032,0.032,0.968],"texture":"#6"},"up":{"uv":[0.968,0.032,0.032,0.968],"texture":"#6"},"down":{"uv":[0.032,0.032,0.032,0.032],"texture":"#6"}}},{"from":[12.75,2.25,9.125],"to":[13.25,8.25,9.625],"rotation":{"angle":0,"axis":"y","origin":[16,0,0]},"faces":{"north":{"uv":[0.968,0.032,0.032,0.968],"texture":"#0"},"east":{"uv":[0.968,0.032,0.032,0.968],"texture":"#0"},"south":{"uv":[0.968,0.032,0.032,0.968],"texture":"#0"},"west":{"uv":[0.968,0.032,0.032,0.968],"texture":"#0"},"up":{"uv":[0.968,0.032,0.032,0.968],"texture":"#0"},"down":{"uv":[0.968,0.032,0.032,0.968],"texture":"#0"}}},{"from":[12.8125,6.0625,9.75],"to":[13.1875,6.4375,11.75],"rotation":{"angle":0,"axis":"y","origin":[16,0,0]},"faces":{"north":{"uv":[0.968,0.032,0.032,0.968],"texture":"#0"},"east":{"uv":[0.968,0.032,0.032,0.968],"texture":"#0"},"south":{"uv":[0.968,0.032,0.032,0.968],"texture":"#0"},"west":{"uv":[0.968,0.032,0.032,0.968],"texture":"#0"},"up":{"uv":[0.968,0.032,0.032,0.968],"texture":"#0"},"down":{"uv":[0.968,0.032,0.032,0.968],"texture":"#0"}}},{"from":[12.6875,5.9375,9],"to":[13.3125,6.5625,9.75],"rotation":{"angle":0,"axis":"y","origin":[16,0,0]},"faces":{"north":{"uv":[0.968,0.032,0.032,0.968],"texture":"#0"},"east":{"uv":[0.968,0.032,0.032,0.968],"texture":"#0"},"south":{"uv":[0.968,0.032,0.032,0.968],"texture":"#0"},"west":{"uv":[0.968,0.032,0.032,0.968],"texture":"#0"},"up":{"uv":[0.968,0.032,0.032,0.968],"texture":"#0"},"down":{"uv":[0.968,0.032,0.032,0.968],"texture":"#0"}}},{"from":[12.8125,6.5625,12.4375],"to":[13.1875,6.9375,13.9375],"rotation":{"angle":0,"axis":"x","origin":[13,6.25,13.3125]},"faces":{"north":{"uv":[0.968,0.032,0.032,0.968],"texture":"#5"},"east":{"uv":[0.968,0.032,0.032,0.968],"texture":"#5"},"south":{"uv":[0.968,0.032,0.032,0.968],"texture":"#5"},"west":{"uv":[0.968,0.032,0.032,0.968],"texture":"#5"},"up":{"uv":[0.968,0.032,0.032,0.968],"texture":"#5"},"down":{"uv":[0.968,0.032,0.032,0.968],"texture":"#5"}}},{"from":[12.8125,5.9375,12.22198],"to":[13.1875,6.64599,12.75],"rotation":{"angle":22.5,"axis":"x","origin":[13,6.25,13.0625]},"faces":{"north":{"uv":[0.968,0.032,0.032,0.968],"texture":"#5"},"east":{"uv":[0.968,0.032,0.032,0.968],"texture":"#5"},"south":{"uv":[0.968,0.032,0.032,0.968],"texture":"#5"},"west":{"uv":[0.968,0.032,0.032,0.968],"texture":"#5"},"up":{"uv":[0.968,0.032,0.032,0.968],"texture":"#5"},"down":{"uv":[0.968,0.032,0.032,0.968],"texture":"#5"}}},{"from":[12.8125,5.85401,12.22198],"to":[13.1875,6.5625,12.75],"rotation":{"angle":-22.5,"axis":"x","origin":[13,6.25,13.0625]},"faces":{"north":{"uv":[0.968,0.032,0.032,0.968],"texture":"#5"},"east":{"uv":[0.968,0.032,0.032,0.968],"texture":"#5"},"south":{"uv":[0.968,0.032,0.032,0.968],"texture":"#5"},"west":{"uv":[0.968,0.032,0.032,0.968],"texture":"#5"},"up":{"uv":[0.968,0.032,0.032,0.968],"texture":"#5"},"down":{"uv":[0.968,0.032,0.032,0.968],"texture":"#5"}}},{"from":[12.8125,5.5625,12.4375],"to":[13.1875,5.9375,13.9375],"rotation":{"angle":0,"axis":"x","origin":[13,6.25,13.3125]},"faces":{"north":{"uv":[0.968,0.032,0.032,0.968],"texture":"#5"},"east":{"uv":[0.968,0.032,0.032,0.968],"texture":"#5"},"south":{"uv":[0.968,0.032,0.032,0.968],"texture":"#5"},"west":{"uv":[0.968,0.032,0.032,0.968],"texture":"#5"},"up":{"uv":[0.968,0.032,0.032,0.968],"texture":"#5"},"down":{"uv":[0.968,0.032,0.032,0.968],"texture":"#5"}}},{"from":[12.875,6.20386,12.16637],"to":[13.1875,6.28294,12.69108],"rotation":{"angle":0,"axis":"y","origin":[16,0.39643,0.06608]},"faces":{"north":{"uv":[0.968,0.032,0.032,0.968],"texture":"#5"},"east":{"uv":[0.968,0.032,0.032,0.968],"texture":"#5"},"south":{"uv":[0.968,0.032,0.032,0.968],"texture":"#5"},"west":{"uv":[0.968,0.032,0.032,0.968],"texture":"#5"},"up":{"uv":[0.968,0.032,0.032,0.968],"texture":"#5"},"down":{"uv":[0.968,0.032,0.032,0.968],"texture":"#5"}}},{"from":[12.9375,6.1875,11.75],"to":[13.0625,6.3125,12.625],"rotation":{"angle":0,"axis":"y","origin":[16,0,0]},"faces":{"north":{"uv":[0.968,0.032,0.032,0.968],"texture":"#9"},"east":{"uv":[0.968,0.032,0.032,0.968],"texture":"#9"},"south":{"uv":[0.968,0.032,0.032,0.968],"texture":"#9"},"west":{"uv":[0.968,0.032,0.032,0.968],"texture":"#9"},"up":{"uv":[0.968,0.032,0.032,0.968],"texture":"#9"},"down":{"uv":[0.968,0.032,0.032,0.968],"texture":"#9"}}},{"from":[12.5,0,5],"to":[13.5,2.25,10],"rotation":{"angle":0,"axis":"y","origin":[16,0,0]},"faces":{"north":{"uv":[0.032,0.032,0.032,0.032],"texture":"#6"},"east":{"uv":[0.968,0.032,0.032,0.968],"texture":"#6"},"south":{"uv":[0.968,0.032,0.032,0.968],"texture":"#6"},"west":{"uv":[0.968,0.032,0.032,0.968],"texture":"#6"},"up":{"uv":[0.968,0.032,0.032,0.968],"texture":"#9"},"down":{"uv":[0.032,0.032,0.968,0.968],"texture":"#6"}}},{"from":[3.5,0,5],"to":[12.5,9.5,10],"faces":{"north":{"uv":[0.032,0.032,0.032,0.032],"texture":"#6"},"east":{"uv":[0.032,0.032,0.968,0.968],"texture":"#9"},"south":{"uv":[0.032,0.032,0.968,0.968],"texture":"#6"},"west":{"uv":[0.032,0.032,0.968,0.968],"texture":"#9"},"up":{"uv":[0.032,0.032,0.968,0.968],"texture":"#6"},"down":{"uv":[0.032,0.032,0.032,0.032],"texture":"#6"}}},{"from":[2,10,5],"to":[14,12,10],"faces":{"north":{"uv":[0.032,0.032,0.032,0.032],"texture":"#9"},"east":{"uv":[0.032,0.032,0.968,0.968],"texture":"#9"},"south":{"uv":[0.032,0.032,0.968,0.968],"texture":"#9"},"west":{"uv":[0.032,0.032,0.968,0.968],"texture":"#9"},"up":{"uv":[0.032,0.032,0.968,0.968],"texture":"#9"},"down":{"uv":[0.032,0.032,0.032,0.032],"texture":"#9"}}},{"from":[2,9.5,5],"to":[14,10,10],"faces":{"north":{"uv":[0.032,0.032,0.032,0.032],"texture":"#1"},"east":{"uv":[0.032,0.032,0.968,0.968],"texture":"#1"},"south":{"uv":[0.032,0.032,0.968,0.968],"texture":"#1"},"west":{"uv":[0.032,0.032,0.968,0.968],"texture":"#1"},"up":{"uv":[0.032,0.032,0.968,0.968],"texture":"#1"},"down":{"uv":[0.032,0.032,0.032,0.032],"texture":"#1"}}},{"from":[3,12,5],"to":[13,14,10],"faces":{"north":{"uv":[0.032,0.032,0.032,0.032],"texture":"#9"},"east":{"uv":[0.032,0.032,0.968,0.968],"texture":"#9"},"south":{"uv":[0.032,0.032,0.968,0.968],"texture":"#9"},"west":{"uv":[0.032,0.032,0.968,0.968],"texture":"#9"},"up":{"uv":[0.032,0.032,0.968,0.968],"texture":"#9"},"down":{"uv":[0.032,0.032,0.032,0.032],"texture":"#9"}}},{"from":[6.5,12.3125,5.17188],"to":[9.5,14.5625,10.17188],"rotation":{"angle":0,"axis":"y","origin":[8.1875,13.6875,8.03125]},"faces":{"north":{"uv":[0.032,0.032,0.968,0.968],"texture":"#1"},"east":{"uv":[0.032,0.032,0.968,0.968],"texture":"#1"},"south":{"uv":[0.032,0.032,0.968,0.968],"texture":"#1"},"west":{"uv":[0.032,0.032,0.968,0.968],"texture":"#1"},"up":{"uv":[0.032,0.032,0.968,0.968],"texture":"#1"},"down":{"uv":[0.032,0.032,0.968,0.968],"texture":"#1"}}},{"from":[6.5,10.3125,5.25],"to":[9.5,11.5625,10.25],"faces":{"north":{"uv":[0.032,0.032,0.968,0.968],"texture":"#1"},"east":{"uv":[0.032,0.032,0.968,0.968],"texture":"#1"},"south":{"uv":[0.032,0.032,0.968,0.968],"texture":"#1"},"west":{"uv":[0.032,0.032,0.968,0.968],"texture":"#1"},"up":{"uv":[0.032,0.032,0.968,0.968],"texture":"#1"},"down":{"uv":[0.032,0.032,0.968,0.968],"texture":"#1"}}},{"from":[8.3125,10.4375,5.375],"to":[9.25,11.4375,10.375],"faces":{"north":{"uv":[0.032,0.032,0.968,0.968],"texture":"#3"},"east":{"uv":[0.032,0.032,0.968,0.968],"texture":"#3"},"south":{"uv":[0.032,0.032,0.968,0.968],"texture":"#3"},"west":{"uv":[0.032,0.032,0.968,0.968],"texture":"#3"},"up":{"uv":[0.032,0.032,0.968,0.968],"texture":"#3"},"down":{"uv":[0.032,0.032,0.968,0.968],"texture":"#3"}}},{"from":[11.25,10.3125,5.25],"to":[12,11.5625,10.25],"faces":{"north":{"uv":[0.032,0.032,0.968,0.968],"texture":"#1"},"east":{"uv":[0.032,0.032,0.968,0.968],"texture":"#1"},"south":{"uv":[0.032,0.032,0.968,0.968],"texture":"#1"},"west":{"uv":[0.032,0.032,0.968,0.968],"texture":"#1"},"up":{"uv":[0.032,0.032,0.968,0.968],"texture":"#1"},"down":{"uv":[0.032,0.032,0.968,0.968],"texture":"#1"}}},{"from":[9.75,10.3125,5.25],"to":[11,11.5625,10.25],"faces":{"north":{"uv":[0.032,0.032,0.968,0.968],"texture":"#1"},"east":{"uv":[0.032,0.032,0.968,0.968],"texture":"#1"},"south":{"uv":[0.032,0.032,0.968,0.968],"texture":"#1"},"west":{"uv":[0.032,0.032,0.968,0.968],"texture":"#1"},"up":{"uv":[0.032,0.032,0.968,0.968],"texture":"#1"},"down":{"uv":[0.032,0.032,0.968,0.968],"texture":"#1"}}},{"from":[12.25,10.3125,5.25],"to":[13.5,11.8125,10.25],"faces":{"north":{"uv":[0.032,0.032,0.968,0.968],"texture":"#1"},"east":{"uv":[0.032,0.032,0.968,0.968],"texture":"#1"},"south":{"uv":[0.032,0.032,0.968,0.968],"texture":"#1"},"west":{"uv":[0.032,0.032,0.968,0.968],"texture":"#1"},"up":{"uv":[0.032,0.032,0.968,0.968],"texture":"#1"},"down":{"uv":[0.032,0.032,0.968,0.968],"texture":"#1"}}},{"from":[2.5,10.3125,5.25],"to":[4.25,11.8125,10.25],"faces":{"north":{"uv":[0.032,0.032,0.968,0.968],"texture":"#1"},"east":{"uv":[0.032,0.032,0.968,0.968],"texture":"#1"},"south":{"uv":[0.032,0.032,0.968,0.968],"texture":"#1"},"west":{"uv":[0.032,0.032,0.968,0.968],"texture":"#1"},"up":{"uv":[0.032,0.032,0.968,0.968],"texture":"#1"},"down":{"uv":[0.032,0.032,0.968,0.968],"texture":"#1"}}},{"from":[4.5,10.3125,5.25],"to":[6.25,11,10.25],"faces":{"north":{"uv":[0.032,0.032,0.968,0.968],"texture":"#1"},"east":{"uv":[0.032,0.032,0.968,0.968],"texture":"#1"},"south":{"uv":[0.032,0.032,0.968,0.968],"texture":"#1"},"west":{"uv":[0.032,0.032,0.968,0.968],"texture":"#1"},"up":{"uv":[0.032,0.032,0.968,0.968],"texture":"#1"},"down":{"uv":[0.032,0.032,0.968,0.968],"texture":"#1"}}},{"from":[4.5,11.125,5.25],"to":[6.25,11.8125,10.25],"faces":{"north":{"uv":[0.032,0.032,0.968,0.968],"texture":"#1"},"east":{"uv":[0.032,0.032,0.968,0.968],"texture":"#1"},"south":{"uv":[0.032,0.032,0.968,0.968],"texture":"#1"},"west":{"uv":[0.032,0.032,0.968,0.968],"texture":"#1"},"up":{"uv":[0.032,0.032,0.968,0.968],"texture":"#1"},"down":{"uv":[0.032,0.032,0.968,0.968],"texture":"#1"}}},{"from":[4.625,10.4375,5.1875],"to":[6.125,10.875,10.3125],"faces":{"north":{"uv":[0.032,0.032,0.968,0.968],"texture":"#5"},"east":{"uv":[0.032,0.032,0.968,0.968],"texture":"#5"},"south":{"uv":[0.032,0.032,0.968,0.968],"texture":"#5"},"west":{"uv":[0.032,0.032,0.968,0.968],"texture":"#5"},"up":{"uv":[0.032,0.032,0.968,0.968],"texture":"#5"},"down":{"uv":[0.032,0.032,0.968,0.968],"texture":"#5"}}},{"from":[4.625,11.25,5.1875],"to":[6.125,11.6875,10.3125],"faces":{"north":{"uv":[0.032,0.032,0.968,0.968],"texture":"#5"},"east":{"uv":[0.032,0.032,0.968,0.968],"texture":"#5"},"south":{"uv":[0.032,0.032,0.968,0.968],"texture":"#5"},"west":{"uv":[0.032,0.032,0.968,0.968],"texture":"#5"},"up":{"uv":[0.032,0.032,0.968,0.968],"texture":"#5"},"down":{"uv":[0.032,0.032,0.968,0.968],"texture":"#5"}}},{"from":[8.625,3,7.1875],"to":[10.125,3.4375,12.3125],"faces":{"north":{"uv":[0.032,0.032,0.968,0.968],"texture":"#5"},"east":{"uv":[0.032,0.032,0.968,0.968],"texture":"#5"},"south":{"uv":[0.032,0.032,0.968,0.968],"texture":"#5"},"west":{"uv":[0.032,0.032,0.968,0.968],"texture":"#5"},"up":{"uv":[0.032,0.032,0.968,0.968],"texture":"#5"},"down":{"uv":[0.032,0.032,0.968,0.968],"texture":"#5"}}},{"from":[8.5,2.875,7.25],"to":[10.25,3.5625,12.25],"faces":{"north":{"uv":[0.032,0.032,0.968,0.968],"texture":"#1"},"east":{"uv":[0.032,0.032,0.968,0.968],"texture":"#1"},"south":{"uv":[0.032,0.032,0.968,0.968],"texture":"#1"},"west":{"uv":[0.032,0.032,0.968,0.968],"texture":"#1"},"up":{"uv":[0.032,0.032,0.968,0.968],"texture":"#1"},"down":{"uv":[0.032,0.032,0.968,0.968],"texture":"#1"}}},{"from":[8.5,2.0625,7.25],"to":[10.25,2.75,12.25],"faces":{"north":{"uv":[0.032,0.032,0.968,0.968],"texture":"#1"},"east":{"uv":[0.032,0.032,0.968,0.968],"texture":"#1"},"south":{"uv":[0.032,0.032,0.968,0.968],"texture":"#1"},"west":{"uv":[0.032,0.032,0.968,0.968],"texture":"#1"},"up":{"uv":[0.032,0.032,0.968,0.968],"texture":"#1"},"down":{"uv":[0.032,0.032,0.968,0.968],"texture":"#1"}}},{"from":[8.625,2.1875,7.1875],"to":[10.125,2.625,12.3125],"faces":{"north":{"uv":[0.032,0.032,0.968,0.968],"texture":"#5"},"east":{"uv":[0.032,0.032,0.968,0.968],"texture":"#5"},"south":{"uv":[0.032,0.032,0.968,0.968],"texture":"#5"},"west":{"uv":[0.032,0.032,0.968,0.968],"texture":"#5"},"up":{"uv":[0.032,0.032,0.968,0.968],"texture":"#5"},"down":{"uv":[0.032,0.032,0.968,0.968],"texture":"#5"}}},{"from":[6.5,2.0625,7.25],"to":[8.25,3.5625,12.25],"faces":{"north":{"uv":[0.032,0.032,0.968,0.968],"texture":"#1"},"east":{"uv":[0.032,0.032,0.968,0.968],"texture":"#1"},"south":{"uv":[0.032,0.032,0.968,0.968],"texture":"#1"},"west":{"uv":[0.032,0.032,0.968,0.968],"texture":"#1"},"up":{"uv":[0.032,0.032,0.968,0.968],"texture":"#1"},"down":{"uv":[0.032,0.032,0.968,0.968],"texture":"#1"}}},{"from":[6.9375,2.375,8],"to":[7.8125,3.25,12.6875],"faces":{"north":{"uv":[0.032,0.032,0.968,0.968],"texture":"#9"},"east":{"uv":[0.032,0.032,0.968,0.968],"texture":"#9"},"south":{"uv":[0.032,0.032,0.968,0.968],"texture":"#9"},"west":{"uv":[0.032,0.032,0.968,0.968],"texture":"#9"},"up":{"uv":[0.032,0.032,0.968,0.968],"texture":"#9"},"down":{"uv":[0.032,0.032,0.968,0.968],"texture":"#9"}}},{"from":[4.9375,0.3125,7.25],"to":[8.25,1.5625,12.25],"faces":{"north":{"uv":[0.032,0.032,0.968,0.968],"texture":"#1"},"east":{"uv":[0.032,0.032,0.968,0.968],"texture":"#1"},"south":{"uv":[0.032,0.032,0.968,0.968],"texture":"#1"},"west":{"uv":[0.032,0.032,0.968,0.968],"texture":"#1"},"up":{"uv":[0.032,0.032,0.968,0.968],"texture":"#1"},"down":{"uv":[0.032,0.032,0.968,0.968],"texture":"#1"}}},{"from":[8.5,0.8125,7.25],"to":[11.125,1.5625,12.25],"faces":{"north":{"uv":[0.032,0.032,0.968,0.968],"texture":"#1"},"east":{"uv":[0.032,0.032,0.968,0.968],"texture":"#1"},"south":{"uv":[0.032,0.032,0.968,0.968],"texture":"#1"},"west":{"uv":[0.032,0.032,0.968,0.968],"texture":"#1"},"up":{"uv":[0.032,0.032,0.968,0.968],"texture":"#1"},"down":{"uv":[0.032,0.032,0.968,0.968],"texture":"#1"}}},{"from":[8.5,0.3125,7.25],"to":[11.125,0.625,12.25],"faces":{"north":{"uv":[0.032,0.032,0.968,0.968],"texture":"#1"},"east":{"uv":[0.032,0.032,0.968,0.968],"texture":"#1"},"south":{"uv":[0.032,0.032,0.968,0.968],"texture":"#1"},"west":{"uv":[0.032,0.032,0.968,0.968],"texture":"#1"},"up":{"uv":[0.032,0.032,0.968,0.968],"texture":"#1"},"down":{"uv":[0.032,0.032,0.968,0.968],"texture":"#1"}}},{"from":[5.2,7.175,10.55],"to":[6,7.675,12.15],"rotation":{"angle":0,"axis":"y","origin":[1.6,0,1.6]},"faces":{"north":{"uv":[0.032,0.032,0.968,0.968],"texture":"#1"},"east":{"uv":[0.032,0.032,0.968,0.968],"texture":"#1"},"south":{"uv":[0.032,0.032,0.968,0.968],"texture":"#1"},"west":{"uv":[0.032,0.032,0.968,0.968],"texture":"#1"},"up":{"uv":[0.032,0.032,0.968,0.968],"texture":"#1"},"down":{"uv":[0.032,0.032,0.968,0.968],"texture":"#1"}}},{"from":[6,7.325,10.55],"to":[7.6,7.525,12.15],"rotation":{"angle":0,"axis":"y","origin":[1.6,0,1.6]},"faces":{"north":{"uv":[0.032,0.032,0.968,0.968],"texture":"#1"},"east":{"uv":[0.032,0.032,0.968,0.968],"texture":"#1"},"south":{"uv":[0.032,0.032,0.968,0.968],"texture":"#1"},"west":{"uv":[0.032,0.032,0.968,0.968],"texture":"#1"},"up":{"uv":[0.032,0.032,0.968,0.968],"texture":"#1"},"down":{"uv":[0.032,0.032,0.968,0.968],"texture":"#1"}}},{"from":[7.6,7.125,10.55],"to":[10,7.725,12.15],"rotation":{"angle":0,"axis":"y","origin":[1.6,0,1.6]},"faces":{"north":{"uv":[0.032,0.032,0.968,0.968],"texture":"#1"},"east":{"uv":[0.032,0.032,0.968,0.968],"texture":"#1"},"south":{"uv":[0.032,0.032,0.968,0.968],"texture":"#1"},"west":{"uv":[0.032,0.032,0.968,0.968],"texture":"#1"},"up":{"uv":[0.032,0.032,0.968,0.968],"texture":"#1"},"down":{"uv":[0.032,0.032,0.968,0.968],"texture":"#1"}}},{"from":[10,7.175,10.55],"to":[10.8,7.675,12.15],"rotation":{"angle":0,"axis":"y","origin":[1.6,0,1.6]},"faces":{"north":{"uv":[0.032,0.032,0.968,0.968],"texture":"#1"},"east":{"uv":[0.032,0.032,0.968,0.968],"texture":"#1"},"south":{"uv":[0.032,0.032,0.968,0.968],"texture":"#1"},"west":{"uv":[0.032,0.032,0.968,0.968],"texture":"#1"},"up":{"uv":[0.032,0.032,0.968,0.968],"texture":"#1"},"down":{"uv":[0.032,0.032,0.968,0.968],"texture":"#1"}}},{"from":[6,6.075,10.55],"to":[8.4,6.675,12.15],"rotation":{"angle":0,"axis":"y","origin":[1.6,0,1.6]},"faces":{"north":{"uv":[0.032,0.032,0.968,0.968],"texture":"#1"},"east":{"uv":[0.032,0.032,0.968,0.968],"texture":"#1"},"south":{"uv":[0.032,0.032,0.968,0.968],"texture":"#1"},"west":{"uv":[0.032,0.032,0.968,0.968],"texture":"#1"},"up":{"uv":[0.032,0.032,0.968,0.968],"texture":"#1"},"down":{"uv":[0.032,0.032,0.968,0.968],"texture":"#1"}}},{"from":[8.4,6.275,10.55],"to":[10,6.475,12.15],"rotation":{"angle":0,"axis":"y","origin":[1.6,0,1.6]},"faces":{"north":{"uv":[0.032,0.032,0.968,0.968],"texture":"#1"},"east":{"uv":[0.032,0.032,0.968,0.968],"texture":"#1"},"south":{"uv":[0.032,0.032,0.968,0.968],"texture":"#1"},"west":{"uv":[0.032,0.032,0.968,0.968],"texture":"#1"},"up":{"uv":[0.032,0.032,0.968,0.968],"texture":"#1"},"down":{"uv":[0.032,0.032,0.968,0.968],"texture":"#1"}}},{"from":[5.2,6.125,10.55],"to":[6,6.625,12.15],"rotation":{"angle":0,"axis":"y","origin":[1.6,0,1.6]},"faces":{"north":{"uv":[0.032,0.032,0.968,0.968],"texture":"#1"},"east":{"uv":[0.032,0.032,0.968,0.968],"texture":"#1"},"south":{"uv":[0.032,0.032,0.968,0.968],"texture":"#1"},"west":{"uv":[0.032,0.032,0.968,0.968],"texture":"#1"},"up":{"uv":[0.032,0.032,0.968,0.968],"texture":"#1"},"down":{"uv":[0.032,0.032,0.968,0.968],"texture":"#1"}}},{"from":[10,6.125,10.55],"to":[10.8,6.625,12.15],"rotation":{"angle":0,"axis":"y","origin":[1.6,0,1.6]},"faces":{"north":{"uv":[0.032,0.032,0.968,0.968],"texture":"#1"},"east":{"uv":[0.032,0.032,0.968,0.968],"texture":"#1"},"south":{"uv":[0.032,0.032,0.968,0.968],"texture":"#1"},"west":{"uv":[0.032,0.032,0.968,0.968],"texture":"#1"},"up":{"uv":[0.032,0.032,0.968,0.968],"texture":"#1"},"down":{"uv":[0.032,0.032,0.968,0.968],"texture":"#1"}}},{"from":[7.25,12.6875,5.17188],"to":[8.75,14.1875,10.23438],"rotation":{"angle":0,"axis":"y","origin":[8.1875,13.6875,8.03125]},"faces":{"north":{"uv":[0.032,0.032,0.968,0.968],"texture":"#2"},"east":{"uv":[0.032,0.032,0.968,0.968],"texture":"#2"},"south":{"uv":[0.032,0.032,0.968,0.968],"texture":"#2"},"west":{"uv":[0.032,0.032,0.968,0.968],"texture":"#2"},"up":{"uv":[0.032,0.032,0.968,0.968],"texture":"#2"},"down":{"uv":[0.032,0.032,0.968,0.968],"texture":"#2"}}},{"from":[8.3125,13.8125,5.20313],"to":[8.5625,14.0625,10.26563],"rotation":{"angle":0,"axis":"y","origin":[8,13.6875,8]},"faces":{"north":{"uv":[0.032,0.032,0.032,0.032],"texture":"#6"},"east":{"uv":[0.032,0.032,0.968,0.968],"texture":"#6"},"south":{"uv":[0.032,0.032,0.968,0.968],"texture":"#6"},"west":{"uv":[0.032,0.032,0.968,0.968],"texture":"#6"},"up":{"uv":[0.032,0.032,0.968,0.968],"texture":"#6"},"down":{"uv":[0.032,0.032,0.032,0.032],"texture":"#6"}}},{"from":[4,14,5],"to":[12,15,10],"faces":{"north":{"uv":[0.032,0.032,0.032,0.032],"texture":"#9"},"east":{"uv":[0.032,0.032,0.968,0.968],"texture":"#9"},"south":{"uv":[0.032,0.032,0.968,0.968],"texture":"#9"},"west":{"uv":[0.032,0.032,0.968,0.968],"texture":"#9"},"up":{"uv":[0.032,0.032,0.968,0.968],"texture":"#9"},"down":{"uv":[0.032,0.032,0.032,0.032],"texture":"#9"}}},{"from":[1.875,10,8.625],"to":[14.125,12.125,9.625],"faces":{"north":{"uv":[0.032,0.032,12.25,7.125],"texture":"#0"},"east":{"uv":[0.032,1.032,0.968,3.125],"texture":"#0"},"south":{"uv":[0.032,0.032,12.25,7.125],"texture":"#0"},"west":{"uv":[0.032,1.032,0.968,3.125],"texture":"#0"},"up":{"uv":[0.032,0.032,0.968,12.25],"rotation":90,"texture":"#0"},"down":{"uv":[0.032,0.032,12.25,0.968],"texture":"#0"}}},{"from":[1.625,4.25,8.75],"to":[1.875,5.625,9.5],"faces":{"north":{"uv":[0.032,0.032,11.968,11.968],"texture":"#9"},"east":{"uv":[0.032,0.032,3.968,11.968],"texture":"#9"},"south":{"uv":[0.032,0.032,11.968,11.968],"texture":"#9"},"west":{"uv":[0.032,0.032,3.968,11.968],"texture":"#9"},"down":{"uv":[0.032,0.032,11.968,3.968],"texture":"#9"}}},{"from":[1.5,4.5,8.75],"to":[1.75,5.875,9.5],"rotation":{"angle":-22.5,"axis":"z","origin":[1.75,5.3125,9.125]},"faces":{"north":{"uv":[0.032,0.032,11.968,11.968],"texture":"#9"},"east":{"uv":[0.032,0.032,3.968,11.968],"texture":"#9"},"south":{"uv":[0.032,0.032,11.968,11.968],"texture":"#9"},"west":{"uv":[0.032,0.032,3.968,11.968],"texture":"#9"},"up":{"uv":[0.032,0.032,11.968,3.968],"texture":"#9"},"down":{"uv":[0.032,0.032,11.968,3.968],"texture":"#9"}}},{"from":[2.875,12.125,8.625],"to":[13.125,14.125,9.625],"faces":{"east":{"uv":[0.032,0.032,0.968,1.968],"texture":"#0"},"west":{"uv":[0.032,0.032,0.968,1.968],"texture":"#0"},"up":{"uv":[0.032,0.032,0.968,10.25],"rotation":90,"texture":"#0"}}},{"from":[3.875,14.125,8.625],"to":[12.125,15.125,9.625],"faces":{"east":{"uv":[0.032,0.032,0.968,0.968],"texture":"#0"},"west":{"uv":[0.032,0.032,0.968,0.968],"texture":"#0"},"up":{"uv":[0.032,0.032,0.968,8.25],"rotation":90,"texture":"#0"}}},{"from":[1.75,10.0625,8.3125],"to":[14.1875,12.1875,8.625],"faces":{"north":{"uv":[0.032,0.032,12.25,7.125],"texture":"#5"},"east":{"uv":[0.032,0.032,0.968,7.125],"texture":"#5"},"south":{"uv":[0.032,0.032,12.25,7.125],"texture":"#5"},"west":{"uv":[0.032,0.032,0.968,7.125],"texture":"#5"},"up":{"uv":[0.032,0.032,0.968,12.25],"rotation":90,"texture":"#5"},"down":{"uv":[0.032,0.032,12.25,0.968],"texture":"#5"}}},{"from":[1.875,5,8.625],"to":[2.375,10,9.625],"faces":{"north":{"uv":[0.032,0.032,12.25,7.125],"texture":"#0"},"east":{"uv":[0.032,0.032,0.968,7.125],"texture":"#0"},"south":{"uv":[0.032,0.032,12.25,7.125],"texture":"#0"},"west":{"uv":[0.032,3.032,0.968,8.125],"texture":"#0"},"up":{"uv":[0.032,0.032,0.968,12.25],"rotation":90,"texture":"#0"},"down":{"uv":[0.032,0.032,12.25,0.968],"texture":"#0"}}},{"from":[1.75,5.0625,8.3125],"to":[2.4375,10.0625,8.625],"faces":{"north":{"uv":[0.032,0.032,12.25,7.125],"texture":"#5"},"east":{"uv":[0.032,0.032,0.968,7.125],"texture":"#5"},"south":{"uv":[0.032,0.032,12.25,7.125],"texture":"#5"},"west":{"uv":[0.032,0.032,0.968,7.125],"texture":"#5"},"up":{"uv":[0.032,0.032,0.968,12.25],"rotation":90,"texture":"#5"},"down":{"uv":[0.032,0.032,12.25,0.968],"texture":"#5"}}},{"from":[13.625,5,8.625],"to":[14.125,10,9.625],"rotation":{"angle":0,"axis":"y","origin":[16,0,0]},"faces":{"north":{"uv":[12.25,0.032,0.032,7.125],"texture":"#0"},"east":{"uv":[0.968,3.032,0.032,8.125],"texture":"#0"},"south":{"uv":[12.25,0.032,0.032,7.125],"texture":"#0"},"west":{"uv":[0.968,0.032,0.032,7.125],"texture":"#0"},"up":{"uv":[0.032,12.25,0.968,0.032],"rotation":90,"texture":"#0"},"down":{"uv":[12.25,0.032,0.032,0.968],"texture":"#0"}}},{"from":[13.5625,5.0625,8.3125],"to":[14.25,10.0625,8.625],"rotation":{"angle":0,"axis":"y","origin":[16,0,0]},"faces":{"north":{"uv":[12.25,0.032,0.032,7.125],"texture":"#5"},"east":{"uv":[0.968,0.032,0.032,7.125],"texture":"#5"},"south":{"uv":[12.25,0.032,0.032,7.125],"texture":"#5"},"west":{"uv":[0.968,0.032,0.032,7.125],"texture":"#5"},"up":{"uv":[0.032,12.25,0.968,0.032],"rotation":90,"texture":"#5"},"down":{"uv":[12.25,0.032,0.032,0.968],"texture":"#5"}}},{"from":[2.8125,12.1875,8.3125],"to":[13.1875,14.1875,8.625],"faces":{"north":{"uv":[0.032,0.032,10.25,1.968],"texture":"#5"},"east":{"uv":[0.032,0.032,0.968,1.968],"texture":"#5"},"south":{"uv":[0.032,0.032,10.25,1.968],"texture":"#5"},"west":{"uv":[0.032,0.032,0.968,1.968],"texture":"#5"},"up":{"uv":[0.032,0.032,0.968,10.25],"rotation":90,"texture":"#5"}}},{"from":[3.8125,14.1875,8.3125],"to":[12.1875,15.1875,8.625],"faces":{"north":{"uv":[0.032,0.032,8.25,0.968],"texture":"#5"},"east":{"uv":[0.032,0.032,0.968,0.968],"texture":"#5"},"south":{"uv":[0.032,0.032,8.25,0.968],"texture":"#5"},"west":{"uv":[0.032,0.032,0.968,0.968],"texture":"#5"},"up":{"uv":[0.032,0.032,0.968,8.25],"rotation":90,"texture":"#5"}}},{"from":[1.75,10.0625,9.625],"to":[14.1875,12.1875,9.9375],"faces":{"north":{"uv":[0.032,0.032,12.25,7.125],"texture":"#5"},"east":{"uv":[0.032,0.032,0.968,7.125],"texture":"#5"},"south":{"uv":[0.032,0.032,12.25,7.125],"texture":"#5"},"west":{"uv":[0.032,0.032,0.968,7.125],"texture":"#5"},"up":{"uv":[0.032,0.032,0.968,12.25],"rotation":90,"texture":"#5"},"down":{"uv":[0.032,0.032,12.25,0.968],"texture":"#5"}}},{"from":[13.75,5.0625,9.625],"to":[14.1875,10.0625,9.9375],"faces":{"north":{"uv":[0.032,0.032,12.25,7.125],"texture":"#5"},"east":{"uv":[0.032,0.032,0.968,7.125],"texture":"#5"},"south":{"uv":[0.032,0.032,12.25,7.125],"texture":"#5"},"west":{"uv":[0.032,0.032,0.968,7.125],"texture":"#5"},"up":{"uv":[0.032,0.032,0.968,12.25],"rotation":90,"texture":"#5"},"down":{"uv":[0.032,0.032,12.25,0.968],"texture":"#5"}}},{"from":[1.75,5.0625,9.625],"to":[2.1875,10.0625,9.9375],"faces":{"north":{"uv":[0.032,0.032,12.25,7.125],"texture":"#5"},"east":{"uv":[0.032,0.032,0.968,7.125],"texture":"#5"},"south":{"uv":[0.032,0.032,12.25,7.125],"texture":"#5"},"west":{"uv":[0.032,0.032,0.968,7.125],"texture":"#5"},"up":{"uv":[0.032,0.032,0.968,12.25],"rotation":90,"texture":"#5"},"down":{"uv":[0.032,0.032,12.25,0.968],"texture":"#5"}}},{"from":[3.8125,14.1875,9.625],"to":[12.1875,15.1875,9.9375],"faces":{"north":{"uv":[0.032,0.032,8.25,0.968],"texture":"#5"},"east":{"uv":[0.032,0.032,0.968,0.968],"texture":"#5"},"south":{"uv":[0.032,0.032,8.25,0.968],"texture":"#5"},"west":{"uv":[0.032,0.032,0.968,0.968],"texture":"#5"},"up":{"uv":[0.032,0.032,0.968,8.25],"rotation":90,"texture":"#5"}}},{"from":[15.25,-1.8,4.9375],"to":[15.85,-0.9,5.5375],"rotation":{"angle":0,"axis":"y","origin":[8,2.4,27.7375]},"faces":{"north":{"uv":[0.5,14.5,1.5,15.968],"texture":"#6"},"east":{"uv":[11.032,14.5,11.968,15.968],"texture":"#6"},"south":{"uv":[0.032,0.032,0.032,0.032],"texture":"#6"},"west":{"uv":[0.032,0.032,0.032,0.032],"texture":"#6"},"up":{"uv":[14.5,4.032,15.5,4.968],"texture":"#6"},"down":{"uv":[1.5,4.968,0.5,4.032],"texture":"#6","cullface":"down"}}},{"from":[14.65,-1.8,4.9375],"to":[15.25,-0.9,5.5375],"rotation":{"angle":0,"axis":"y","origin":[8,2.4,27.7375]},"faces":{"north":{"uv":[1.5,14.5,2.5,15.968],"texture":"#9"},"south":{"uv":[13.5,14.5,14.5,15.968],"texture":"#9"},"up":{"uv":[13.5,4.032,14.5,4.968],"texture":"#9"},"down":{"uv":[2.5,4.968,1.5,4.032],"texture":"#9","cullface":"down"}}},{"from":[14.05,-1.8,4.9375],"to":[14.65,-0.9,5.5375],"rotation":{"angle":0,"axis":"y","origin":[8,2.4,27.7375]},"faces":{"north":{"uv":[2.5,14.5,3.5,15.968],"texture":"#6"},"east":{"uv":[0.032,0.032,0.032,0.032],"texture":"#6"},"south":{"uv":[0.032,0.032,0.032,0.032],"texture":"#6"},"west":{"uv":[4.032,14.5,4.968,15.968],"texture":"#6"},"up":{"uv":[12.5,4.032,13.5,4.968],"texture":"#6"},"down":{"uv":[3.5,4.968,2.5,4.032],"texture":"#6","cullface":"down"}}},{"from":[14.05,-0.9,5.2375],"to":[14.65,-0.6,6.1375],"rotation":{"angle":0,"axis":"y","origin":[8,2.4,27.7375]},"faces":{"north":{"uv":[2.5,14.032,3.5,14.5],"texture":"#6"},"east":{"uv":[0.032,0.032,0.032,0.032],"texture":"#6"},"south":{"uv":[0.032,0.032,0.032,0.032],"texture":"#6"},"west":{"uv":[4.5,14.032,5.968,14.5],"texture":"#6"},"up":{"uv":[12.5,4.5,13.5,5.968],"texture":"#6"},"down":{"uv":[0.032,0.032,0.032,0.032],"texture":"#6"}}},{"from":[15.25,-0.9,5.2375],"to":[15.85,-0.6,6.1375],"rotation":{"angle":0,"axis":"y","origin":[8,2.4,27.7375]},"faces":{"north":{"uv":[0.5,14.032,1.5,14.5],"texture":"#6"},"east":{"uv":[10.032,14.032,11.5,14.5],"texture":"#6"},"south":{"uv":[0.032,0.032,0.032,0.032],"texture":"#6"},"west":{"uv":[0.032,0.032,0.032,0.032],"texture":"#6"},"up":{"uv":[14.5,4.5,15.5,5.968],"texture":"#6"},"down":{"uv":[0.032,0.032,0.032,0.032],"texture":"#6"}}},{"from":[15.25,-0.6,5.5375],"to":[15.85,0,7.9375],"rotation":{"angle":0,"axis":"y","origin":[8,2.4,27.7375]},"faces":{"north":{"uv":[0.5,13.032,1.5,13.968],"texture":"#6"},"east":{"uv":[7.032,13.032,10.968,13.968],"texture":"#6"},"south":{"uv":[14.5,13.032,15.5,13.968],"texture":"#6"},"west":{"uv":[0.032,0.032,0.032,0.032],"texture":"#6"},"up":{"uv":[14.5,5.032,15.5,8.968],"texture":"#6"},"down":{"uv":[0.032,0.032,0.032,0.032],"texture":"#6"}}},{"from":[14.05,-0.6,5.5375],"to":[14.65,0,7.9375],"rotation":{"angle":0,"axis":"y","origin":[8,2.4,27.7375]},"faces":{"north":{"uv":[2.5,13.032,3.5,13.968],"texture":"#6"},"east":{"uv":[0.032,0.032,0.032,0.032],"texture":"#6"},"south":{"uv":[12.5,13.032,13.5,13.968],"texture":"#6"},"west":{"uv":[5.032,13.032,8.968,13.968],"texture":"#6"},"up":{"uv":[12.5,5.032,13.5,8.968],"texture":"#6"},"down":{"uv":[0.032,0.032,0.032,0.032],"texture":"#6"}}},{"from":[14.65,-0.9,5.2375],"to":[15.25,0,8.2375],"rotation":{"angle":0,"axis":"y","origin":[8,2.4,27.7375]},"faces":{"north":{"uv":[1.5,13.032,2.5,14.5],"texture":"#9"},"east":{"uv":[6.5,13.032,11.5,14.5],"texture":"#9"},"south":{"uv":[13.5,13.032,14.5,14.5],"texture":"#9"},"west":{"uv":[4.5,13.032,9.5,14.5],"texture":"#9"},"up":{"uv":[13.5,4.5,14.5,9.5],"texture":"#9"},"down":{"uv":[2.5,9.5,1.5,4.5],"texture":"#9"}}},{"from":[14.65,-1.8,7.9375],"to":[15.25,-0.9,8.5375],"rotation":{"angle":0,"axis":"y","origin":[8,2.4,27.7375]},"faces":{"north":{"uv":[1.5,14.5,2.5,15.968],"texture":"#9"},"south":{"uv":[13.5,14.5,14.5,15.968],"texture":"#9"},"up":{"uv":[13.5,9.032,14.5,9.968],"texture":"#9"},"down":{"uv":[2.5,9.968,1.5,9.032],"texture":"#9","cullface":"down"}}},{"from":[15.25,-1.8,7.9375],"to":[15.85,-0.9,8.5375],"rotation":{"angle":0,"axis":"y","origin":[8,2.4,27.7375]},"faces":{"north":{"uv":[0.032,0.032,0.032,0.032],"texture":"#6"},"east":{"uv":[6.032,14.5,6.968,15.968],"texture":"#6"},"south":{"uv":[14.5,14.5,15.5,15.968],"texture":"#6"},"west":{"uv":[0.032,0.032,0.032,0.032],"texture":"#6"},"up":{"uv":[14.5,9.032,15.5,9.968],"texture":"#6"},"down":{"uv":[1.5,9.968,0.5,9.032],"texture":"#6","cullface":"down"}}},{"from":[14.05,-1.8,7.9375],"to":[14.65,-0.9,8.5375],"rotation":{"angle":0,"axis":"y","origin":[8,2.4,27.7375]},"faces":{"north":{"uv":[0.032,0.032,0.032,0.032],"texture":"#6"},"east":{"uv":[0.032,0.032,0.032,0.032],"texture":"#6"},"south":{"uv":[12.5,14.5,13.5,15.968],"texture":"#6"},"west":{"uv":[9.032,14.5,9.968,15.968],"texture":"#6"},"up":{"uv":[12.5,9.032,13.5,9.968],"texture":"#6"},"down":{"uv":[3.5,9.968,2.5,9.032],"texture":"#6","cullface":"down"}}},{"from":[14.05,-0.9,7.3375],"to":[14.65,-0.6,8.2375],"rotation":{"angle":0,"axis":"y","origin":[8,2.4,27.7375]},"faces":{"north":{"uv":[0.032,0.032,0.032,0.032],"texture":"#6"},"east":{"uv":[0.032,0.032,0.032,0.032],"texture":"#6"},"south":{"uv":[12.5,14.032,13.5,14.5],"texture":"#6"},"west":{"uv":[8.032,14.032,9.5,14.5],"texture":"#6"},"up":{"uv":[12.5,8.032,13.5,9.5],"texture":"#6"},"down":{"uv":[0.032,0.032,0.032,0.032],"texture":"#6"}}},{"from":[15.25,-0.9,7.3375],"to":[15.85,-0.6,8.2375],"rotation":{"angle":0,"axis":"y","origin":[8,2.4,27.7375]},"faces":{"north":{"uv":[0.032,0.032,0.032,0.032],"texture":"#6"},"east":{"uv":[6.5,14.032,7.968,14.5],"texture":"#6"},"south":{"uv":[14.5,14.032,15.5,14.5],"texture":"#6"},"west":{"uv":[0.032,0.032,0.032,0.032],"texture":"#6"},"up":{"uv":[14.5,8.032,15.5,9.5],"texture":"#6"},"down":{"uv":[0.032,0.032,0.032,0.032],"texture":"#6"}}},{"from":[14.05,-1.8,5.5375],"to":[15.85,-0.9,6.1375],"rotation":{"angle":0,"axis":"y","origin":[8,2.4,27.7375]},"faces":{"east":{"uv":[10.032,14.5,10.968,15.968],"texture":"#9"},"west":{"uv":[5.032,14.5,5.968,15.968],"texture":"#9"},"down":{"uv":[3.5,5.968,2.5,5.032],"texture":"#9","cullface":"down"}}},{"from":[14.05,-1.2,6.1375],"to":[15.85,-0.6,7.3375],"rotation":{"angle":0,"axis":"y","origin":[8,2.4,27.7375]},"faces":{"east":{"uv":[8.032,14.032,9.968,14.968],"texture":"#9"},"west":{"uv":[6.032,14.032,7.968,14.968],"texture":"#9"}}},{"from":[14.05,-1.8,7.3375],"to":[15.85,-0.9,7.9375],"rotation":{"angle":0,"axis":"y","origin":[8,2.4,27.7375]},"faces":{"east":{"uv":[7.032,14.5,7.968,15.968],"texture":"#9"},"west":{"uv":[8.032,14.5,8.968,15.968],"texture":"#9"},"down":{"uv":[3.5,8.968,2.5,8.032],"texture":"#9","cullface":"down"}}},{"from":[14.05,-1.8,6.1375],"to":[15.85,-1.2,7.3375],"rotation":{"angle":0,"axis":"y","origin":[8,2.4,27.7375]},"faces":{"north":{"uv":[0.032,0.032,0.032,0.032],"texture":"#6"},"east":{"uv":[8.032,15.032,9.968,15.968],"texture":"#6"},"south":{"uv":[0.032,0.032,0.032,0.032],"texture":"#6"},"west":{"uv":[6.032,15.032,7.968,15.968],"texture":"#6"},"up":{"uv":[0.032,0.032,0.032,0.032],"texture":"#6"},"down":{"uv":[15.5,7.968,14.5,6.032],"texture":"#6","cullface":"down"}}},{"from":[14.05,0,7.0375],"to":[15.25,0.6,7.6375],"rotation":{"angle":0,"axis":"y","origin":[8,2.4,27.7375]},"faces":{"north":{"uv":[0.032,0.032,0.032,0.032],"texture":"#6"},"east":{"uv":[7.5,12.032,8.5,12.968],"texture":"#6"},"south":{"uv":[12.5,12.032,14.5,12.968],"texture":"#6"},"west":{"uv":[7.5,12.032,8.5,12.968],"texture":"#6"},"up":{"uv":[0.032,0.032,0.032,0.032],"texture":"#6"},"down":{"uv":[0.032,0.032,0.032,0.032],"texture":"#6"}}},{"from":[14.05,0.6,5.8375],"to":[15.25,1.2,7.6375],"rotation":{"angle":0,"axis":"y","origin":[8,2.4,27.7375]},"faces":{"north":{"uv":[1.5,11.032,3.5,11.968],"texture":"#6"},"east":{"uv":[7.5,11.032,10.5,11.968],"texture":"#6"},"south":{"uv":[12.5,11.032,14.5,11.968],"texture":"#6"},"west":{"uv":[5.5,11.032,8.5,11.968],"texture":"#6"},"up":{"uv":[0.032,0.032,0.032,0.032],"texture":"#6"},"down":{"uv":[0.032,0.032,0.032,0.032],"texture":"#6"}}},{"from":[14.05,1.2,7.0375],"to":[15.25,3.6,7.6375],"rotation":{"angle":0,"axis":"y","origin":[8,2.4,27.7375]},"faces":{"north":{"uv":[7.5,7.032,8.5,7.968],"texture":"#1"},"east":{"uv":[7.5,7.032,8.5,7.968],"texture":"#1"},"south":{"uv":[7.5,7.032,8.5,7.968],"texture":"#1"},"west":{"uv":[7.5,7.032,8.5,7.968],"texture":"#1"},"up":{"uv":[7.5,7.032,8.5,7.968],"texture":"#1"},"down":{"uv":[7.5,7.032,8.5,7.968],"texture":"#1"}}},{"from":[14.05,1.2,5.8375],"to":[15.25,3.6,6.4375],"rotation":{"angle":0,"axis":"y","origin":[8,2.4,27.7375]},"faces":{"north":{"uv":[7.5,7.032,8.5,7.968],"texture":"#1"},"east":{"uv":[7.5,7.032,8.5,7.968],"texture":"#1"},"south":{"uv":[7.5,7.032,8.5,7.968],"texture":"#1"},"west":{"uv":[7.5,7.032,8.5,7.968],"texture":"#1"},"up":{"uv":[7.5,7.032,8.5,7.968],"texture":"#1"},"down":{"uv":[7.5,7.032,8.5,7.968],"texture":"#1"}}},{"from":[14.05,3.6,7.6375],"to":[15.25,4.8,8.2375],"rotation":{"angle":0,"axis":"y","origin":[8,2.4,27.7375]},"faces":{"north":{"uv":[0.032,0.032,0.032,0.032],"texture":"#6"},"east":{"uv":[6.5,6.032,7.5,6.968],"texture":"#6"},"south":{"uv":[12.5,6.032,14.5,6.968],"texture":"#6"},"west":{"uv":[8.5,6.032,9.5,6.968],"texture":"#6"},"up":{"uv":[0.032,0.032,0.032,0.032],"texture":"#6"},"down":{"uv":[3.5,9.5,1.5,8.5],"texture":"#6"}}},{"from":[14.05,4.8,5.2375],"to":[15.25,6,8.2375],"rotation":{"angle":0,"axis":"y","origin":[8,2.4,27.7375]},"faces":{"north":{"uv":[1.5,3.032,3.5,4.968],"texture":"#6"},"east":{"uv":[6.5,3.032,11.5,4.968],"texture":"#6"},"south":{"uv":[12.5,3.032,14.5,4.968],"texture":"#6"},"west":{"uv":[4.5,3.032,9.5,4.968],"texture":"#6"},"up":{"uv":[12.5,4.5,14.5,9.5],"texture":"#6"},"down":{"uv":[0.032,0.032,0.032,0.032],"texture":"#6"}}},{"from":[14.05,3.6,5.8375],"to":[15.25,4.8,7.6375],"rotation":{"angle":0,"axis":"y","origin":[8,2.4,27.7375]},"faces":{"north":{"uv":[7.5,5.032,8.5,5.968],"texture":"#1"},"east":{"uv":[7.5,5.032,8.5,5.968],"texture":"#1"},"south":{"uv":[7.5,5.032,8.5,5.968],"texture":"#1"},"west":{"uv":[7.5,5.032,8.5,5.968],"texture":"#1"},"up":{"uv":[7.5,5.032,8.5,5.968],"texture":"#1"},"down":{"uv":[7.5,5.032,8.5,5.968],"texture":"#1"}}},{"from":[14.05,0,6.4375],"to":[15.25,0.6,7.0375],"rotation":{"angle":0,"axis":"y","origin":[8,2.4,27.7375]},"faces":{"east":{"uv":[8.5,12.032,9.5,12.968],"texture":"#1"},"west":{"uv":[6.5,12.032,7.5,12.968],"texture":"#1"}}},{"from":[14.05,1.2,6.4375],"to":[15.25,3.6,7.0375],"rotation":{"angle":0,"axis":"y","origin":[8,2.4,27.7375]},"faces":{"north":{"uv":[0.032,0.032,0.032,0.032],"texture":"#6"},"east":{"uv":[8.5,7.032,9.5,7.968],"texture":"#6"},"south":{"uv":[0.032,0.032,0.032,0.032],"texture":"#6"},"west":{"uv":[6.5,7.032,7.5,7.968],"texture":"#6"},"up":{"uv":[0.032,0.032,0.032,0.032],"texture":"#6"},"down":{"uv":[0.032,0.032,0.032,0.032],"texture":"#6"}}},{"from":[14.05,6,5.8375],"to":[15.25,6.6,7.6375],"rotation":{"angle":0,"axis":"y","origin":[8,2.4,27.7375]},"faces":{"north":{"uv":[9.5,2.032,10.5,2.968],"texture":"#6"},"east":{"uv":[9.5,2.032,10.5,2.968],"texture":"#6"},"south":{"uv":[9.5,2.032,10.5,2.968],"texture":"#6"},"west":{"uv":[9.5,2.032,10.5,2.968],"texture":"#6"},"up":{"uv":[9.5,2.032,10.5,2.968],"texture":"#6"},"down":{"uv":[9.5,2.032,10.5,2.968],"texture":"#6"}}},{"from":[14.05,0,5.8375],"to":[15.25,0.6,6.4375],"rotation":{"angle":0,"axis":"y","origin":[8,2.4,27.7375]},"faces":{"north":{"uv":[1.5,12.032,3.5,12.968],"texture":"#6"},"east":{"uv":[9.5,12.032,10.5,12.968],"texture":"#6"},"south":{"uv":[0.032,0.032,0.032,0.032],"texture":"#6"},"west":{"uv":[5.5,12.032,6.5,12.968],"texture":"#6"},"up":{"uv":[0.032,0.032,0.032,0.032],"texture":"#6"},"down":{"uv":[0.032,0.032,0.032,0.032],"texture":"#6"}}},{"from":[14.05,3.6,5.2375],"to":[15.25,4.8,5.8375],"rotation":{"angle":0,"axis":"y","origin":[8,2.4,27.7375]},"faces":{"north":{"uv":[1.5,6.032,3.5,6.968],"texture":"#6"},"east":{"uv":[10.5,6.032,11.5,6.968],"texture":"#6"},"south":{"uv":[0.032,0.032,0.032,0.032],"texture":"#6"},"west":{"uv":[4.5,6.032,5.5,6.968],"texture":"#6"},"up":{"uv":[0.032,0.032,0.032,0.032],"texture":"#6"},"down":{"uv":[3.5,5.5,1.5,4.5],"texture":"#6"}}},{"from":[0.15,-1.8,4.9375],"to":[0.75,-0.9,5.5375],"rotation":{"angle":0,"axis":"y","origin":[8,2.4,27.7375]},"faces":{"north":{"uv":[1.5,14.5,0.5,15.968],"texture":"#6"},"east":{"uv":[0.032,0.032,0.032,0.032],"texture":"#6"},"south":{"uv":[0.032,0.032,0.032,0.032],"texture":"#6"},"west":{"uv":[11.968,14.5,11.032,15.968],"texture":"#6"},"up":{"uv":[15.5,4.032,14.5,4.968],"texture":"#6"},"down":{"uv":[0.5,4.968,1.5,4.032],"texture":"#6","cullface":"down"}}},{"from":[0.75,-1.8,4.9375],"to":[1.35,-0.9,5.5375],"rotation":{"angle":0,"axis":"y","origin":[8,2.4,27.7375]},"faces":{"north":{"uv":[2.5,14.5,1.5,15.968],"texture":"#9"},"south":{"uv":[14.5,14.5,13.5,15.968],"texture":"#9"},"up":{"uv":[14.5,4.032,13.5,4.968],"texture":"#9"},"down":{"uv":[1.5,4.968,2.5,4.032],"texture":"#9","cullface":"down"}}},{"from":[1.35,-1.8,4.9375],"to":[1.95,-0.9,5.5375],"rotation":{"angle":0,"axis":"y","origin":[8,2.4,27.7375]},"faces":{"north":{"uv":[3.5,14.5,2.5,15.968],"texture":"#6"},"east":{"uv":[4.968,14.5,4.032,15.968],"texture":"#6"},"south":{"uv":[0.032,0.032,0.032,0.032],"texture":"#6"},"west":{"uv":[0.032,0.032,0.032,0.032],"texture":"#6"},"up":{"uv":[13.5,4.032,12.5,4.968],"texture":"#6"},"down":{"uv":[2.5,4.968,3.5,4.032],"texture":"#6","cullface":"down"}}},{"from":[1.35,-0.9,5.2375],"to":[1.95,-0.6,6.1375],"rotation":{"angle":0,"axis":"y","origin":[8,2.4,27.7375]},"faces":{"north":{"uv":[3.5,14.032,2.5,14.5],"texture":"#6"},"east":{"uv":[5.968,14.032,4.5,14.5],"texture":"#6"},"south":{"uv":[0.032,0.032,0.032,0.032],"texture":"#6"},"west":{"uv":[0.032,0.032,0.032,0.032],"texture":"#6"},"up":{"uv":[13.5,4.5,12.5,5.968],"texture":"#6"},"down":{"uv":[0.032,0.032,0.032,0.032],"texture":"#6"}}},{"from":[0.15,-0.9,5.2375],"to":[0.75,-0.6,6.1375],"rotation":{"angle":0,"axis":"y","origin":[8,2.4,27.7375]},"faces":{"north":{"uv":[1.5,14.032,0.5,14.5],"texture":"#6"},"east":{"uv":[0.032,0.032,0.032,0.032],"texture":"#6"},"south":{"uv":[0.032,0.032,0.032,0.032],"texture":"#6"},"west":{"uv":[11.5,14.032,10.032,14.5],"texture":"#6"},"up":{"uv":[15.5,4.5,14.5,5.968],"texture":"#6"},"down":{"uv":[0.032,0.032,0.032,0.032],"texture":"#6"}}},{"from":[0.15,-0.6,5.5375],"to":[0.75,0,7.9375],"rotation":{"angle":0,"axis":"y","origin":[8,2.4,27.7375]},"faces":{"north":{"uv":[1.5,13.032,0.5,13.968],"texture":"#6"},"east":{"uv":[0.032,0.032,0.032,0.032],"texture":"#6"},"south":{"uv":[15.5,13.032,14.5,13.968],"texture":"#6"},"west":{"uv":[10.968,13.032,7.032,13.968],"texture":"#6"},"up":{"uv":[15.5,5.032,14.5,8.968],"texture":"#6"},"down":{"uv":[0.032,0.032,0.032,0.032],"texture":"#6"}}},{"from":[1.35,-0.6,5.5375],"to":[1.95,0,7.9375],"rotation":{"angle":0,"axis":"y","origin":[8,2.4,27.7375]},"faces":{"north":{"uv":[3.5,13.032,2.5,13.968],"texture":"#6"},"east":{"uv":[8.968,13.032,5.032,13.968],"texture":"#6"},"south":{"uv":[13.5,13.032,12.5,13.968],"texture":"#6"},"west":{"uv":[0.032,0.032,0.032,0.032],"texture":"#6"},"up":{"uv":[13.5,5.032,12.5,8.968],"texture":"#6"},"down":{"uv":[0.032,0.032,0.032,0.032],"texture":"#6"}}},{"from":[0.75,-0.9,5.2375],"to":[1.35,0,8.2375],"rotation":{"angle":0,"axis":"y","origin":[8,2.4,27.7375]},"faces":{"north":{"uv":[2.5,13.032,1.5,14.5],"texture":"#9"},"east":{"uv":[9.5,13.032,4.5,14.5],"texture":"#9"},"south":{"uv":[14.5,13.032,13.5,14.5],"texture":"#9"},"west":{"uv":[11.5,13.032,6.5,14.5],"texture":"#9"},"up":{"uv":[14.5,4.5,13.5,9.5],"texture":"#9"},"down":{"uv":[1.5,9.5,2.5,4.5],"texture":"#9"}}},{"from":[0.75,-1.8,7.9375],"to":[1.35,-0.9,8.5375],"rotation":{"angle":0,"axis":"y","origin":[8,2.4,27.7375]},"faces":{"north":{"uv":[2.5,14.5,1.5,15.968],"texture":"#9"},"south":{"uv":[14.5,14.5,13.5,15.968],"texture":"#9"},"up":{"uv":[14.5,9.032,13.5,9.968],"texture":"#9"},"down":{"uv":[1.5,9.968,2.5,9.032],"texture":"#9","cullface":"down"}}},{"from":[0.15,-1.8,7.9375],"to":[0.75,-0.9,8.5375],"rotation":{"angle":0,"axis":"y","origin":[8,2.4,27.7375]},"faces":{"north":{"uv":[0.032,0.032,0.032,0.032],"texture":"#6"},"east":{"uv":[0.032,0.032,0.032,0.032],"texture":"#6"},"south":{"uv":[15.5,14.5,14.5,15.968],"texture":"#6"},"west":{"uv":[6.968,14.5,6.032,15.968],"texture":"#6"},"up":{"uv":[15.5,9.032,14.5,9.968],"texture":"#6"},"down":{"uv":[0.5,9.968,1.5,9.032],"texture":"#6","cullface":"down"}}},{"from":[1.35,-1.8,7.9375],"to":[1.95,-0.9,8.5375],"rotation":{"angle":0,"axis":"y","origin":[8,2.4,27.7375]},"faces":{"north":{"uv":[0.032,0.032,0.032,0.032],"texture":"#6"},"east":{"uv":[9.968,14.5,9.032,15.968],"texture":"#6"},"south":{"uv":[13.5,14.5,12.5,15.968],"texture":"#6"},"west":{"uv":[0.032,0.032,0.032,0.032],"texture":"#6"},"up":{"uv":[13.5,9.032,12.5,9.968],"texture":"#6"},"down":{"uv":[2.5,9.968,3.5,9.032],"texture":"#6","cullface":"down"}}},{"from":[1.35,-0.9,7.3375],"to":[1.95,-0.6,8.2375],"rotation":{"angle":0,"axis":"y","origin":[8,2.4,27.7375]},"faces":{"north":{"uv":[0.032,0.032,0.032,0.032],"texture":"#6"},"east":{"uv":[9.5,14.032,8.032,14.5],"texture":"#6"},"south":{"uv":[13.5,14.032,12.5,14.5],"texture":"#6"},"west":{"uv":[0.032,0.032,0.032,0.032],"texture":"#6"},"up":{"uv":[13.5,8.032,12.5,9.5],"texture":"#6"},"down":{"uv":[0.032,0.032,0.032,0.032],"texture":"#6"}}},{"from":[0.15,-0.9,7.3375],"to":[0.75,-0.6,8.2375],"rotation":{"angle":0,"axis":"y","origin":[8,2.4,27.7375]},"faces":{"north":{"uv":[0.032,0.032,0.032,0.032],"texture":"#6"},"east":{"uv":[0.032,0.032,0.032,0.032],"texture":"#6"},"south":{"uv":[15.5,14.032,14.5,14.5],"texture":"#6"},"west":{"uv":[7.968,14.032,6.5,14.5],"texture":"#6"},"up":{"uv":[15.5,8.032,14.5,9.5],"texture":"#6"},"down":{"uv":[0.032,0.032,0.032,0.032],"texture":"#6"}}},{"from":[0.15,-1.8,5.5375],"to":[1.95,-0.9,6.1375],"rotation":{"angle":0,"axis":"y","origin":[8,2.4,27.7375]},"faces":{"east":{"uv":[5.968,14.5,5.032,15.968],"texture":"#9"},"west":{"uv":[10.968,14.5,10.032,15.968],"texture":"#9"},"down":{"uv":[2.5,5.968,3.5,5.032],"texture":"#9","cullface":"down"}}},{"from":[0.15,-1.2,6.1375],"to":[1.95,-0.6,7.3375],"rotation":{"angle":0,"axis":"y","origin":[8,2.4,27.7375]},"faces":{"east":{"uv":[7.968,14.032,6.032,14.968],"texture":"#9"},"west":{"uv":[9.968,14.032,8.032,14.968],"texture":"#9"}}},{"from":[0.15,-1.8,7.3375],"to":[1.95,-0.9,7.9375],"rotation":{"angle":0,"axis":"y","origin":[8,2.4,27.7375]},"faces":{"east":{"uv":[8.968,14.5,8.032,15.968],"texture":"#9"},"west":{"uv":[7.968,14.5,7.032,15.968],"texture":"#9"},"down":{"uv":[2.5,8.968,3.5,8.032],"texture":"#9","cullface":"down"}}},{"from":[0.15,-1.8,6.1375],"to":[1.95,-1.2,7.3375],"rotation":{"angle":0,"axis":"y","origin":[8,2.4,27.7375]},"faces":{"north":{"uv":[0.032,0.032,0.032,0.032],"texture":"#6"},"east":{"uv":[7.968,15.032,6.032,15.968],"texture":"#6"},"south":{"uv":[0.032,0.032,0.032,0.032],"texture":"#6"},"west":{"uv":[9.968,15.032,8.032,15.968],"texture":"#6"},"up":{"uv":[0.032,0.032,0.032,0.032],"texture":"#6"},"down":{"uv":[14.5,7.968,15.5,6.032],"texture":"#6","cullface":"down"}}},{"from":[0.75,0,7.0375],"to":[1.95,0.6,7.6375],"rotation":{"angle":0,"axis":"y","origin":[8,2.4,27.7375]},"faces":{"north":{"uv":[0.032,0.032,0.032,0.032],"texture":"#6"},"east":{"uv":[8.5,12.032,7.5,12.968],"texture":"#6"},"south":{"uv":[14.5,12.032,12.5,12.968],"texture":"#6"},"west":{"uv":[8.5,12.032,7.5,12.968],"texture":"#6"},"up":{"uv":[0.032,0.032,0.032,0.032],"texture":"#6"},"down":{"uv":[0.032,0.032,0.032,0.032],"texture":"#6"}}},{"from":[0.75,0.6,5.8375],"to":[1.95,1.2,7.6375],"rotation":{"angle":0,"axis":"y","origin":[8,2.4,27.7375]},"faces":{"north":{"uv":[3.5,11.032,1.5,11.968],"texture":"#6"},"east":{"uv":[8.5,11.032,5.5,11.968],"texture":"#6"},"south":{"uv":[14.5,11.032,12.5,11.968],"texture":"#6"},"west":{"uv":[10.5,11.032,7.5,11.968],"texture":"#6"},"up":{"uv":[0.032,0.032,0.032,0.032],"texture":"#6"},"down":{"uv":[0.032,0.032,0.032,0.032],"texture":"#6"}}},{"from":[0.75,1.2,7.0375],"to":[1.95,3.6,7.6375],"rotation":{"angle":0,"axis":"y","origin":[8,2.4,27.7375]},"faces":{"north":{"uv":[8.5,7.032,7.5,7.968],"texture":"#1"},"east":{"uv":[8.5,7.032,7.5,7.968],"texture":"#1"},"south":{"uv":[8.5,7.032,7.5,7.968],"texture":"#1"},"west":{"uv":[8.5,7.032,7.5,7.968],"texture":"#1"},"up":{"uv":[8.5,7.032,7.5,7.968],"texture":"#1"},"down":{"uv":[8.5,7.032,7.5,7.968],"texture":"#1"}}},{"from":[0.75,3.6,7.6375],"to":[1.95,4.8,8.2375],"rotation":{"angle":0,"axis":"y","origin":[8,2.4,27.7375]},"faces":{"north":{"uv":[0.032,0.032,0.032,0.032],"texture":"#6"},"east":{"uv":[9.5,6.032,8.5,6.968],"texture":"#6"},"south":{"uv":[14.5,6.032,12.5,6.968],"texture":"#6"},"west":{"uv":[7.5,6.032,6.5,6.968],"texture":"#6"},"up":{"uv":[0.032,0.032,0.032,0.032],"texture":"#6"},"down":{"uv":[1.5,9.5,3.5,8.5],"texture":"#6"}}},{"from":[0.75,4.8,5.2375],"to":[1.95,6,8.2375],"rotation":{"angle":0,"axis":"y","origin":[8,2.4,27.7375]},"faces":{"north":{"uv":[3.5,3.032,1.5,4.968],"texture":"#6"},"east":{"uv":[9.5,3.032,4.5,4.968],"texture":"#6"},"south":{"uv":[14.5,3.032,12.5,4.968],"texture":"#6"},"west":{"uv":[11.5,3.032,6.5,4.968],"texture":"#6"},"up":{"uv":[14.5,4.5,12.5,9.5],"texture":"#6"},"down":{"uv":[0.032,0.032,0.032,0.032],"texture":"#6"}}},{"from":[0.75,0,6.4375],"to":[1.95,0.6,7.0375],"rotation":{"angle":0,"axis":"y","origin":[8,2.4,27.7375]},"faces":{"east":{"uv":[7.5,12.032,6.5,12.968],"texture":"#1"},"west":{"uv":[9.5,12.032,8.5,12.968],"texture":"#1"}}},{"from":[0.75,1.2,6.4375],"to":[1.95,3.6,7.0375],"rotation":{"angle":0,"axis":"y","origin":[8,2.4,27.7375]},"faces":{"north":{"uv":[0.032,0.032,0.032,0.032],"texture":"#6"},"east":{"uv":[7.5,7.032,6.5,7.968],"texture":"#6"},"south":{"uv":[0.032,0.032,0.032,0.032],"texture":"#6"},"west":{"uv":[9.5,7.032,8.5,7.968],"texture":"#6"},"up":{"uv":[0.032,0.032,0.032,0.032],"texture":"#6"},"down":{"uv":[0.032,0.032,0.032,0.032],"texture":"#6"}}},{"from":[0.75,6,5.8375],"to":[1.95,6.6,7.6375],"rotation":{"angle":0,"axis":"y","origin":[8,2.4,27.7375]},"faces":{"north":{"uv":[10.5,2.032,9.5,2.968],"texture":"#6"},"east":{"uv":[10.5,2.032,9.5,2.968],"texture":"#6"},"south":{"uv":[10.5,2.032,9.5,2.968],"texture":"#6"},"west":{"uv":[10.5,2.032,9.5,2.968],"texture":"#6"},"up":{"uv":[10.5,2.032,9.5,2.968],"texture":"#6"},"down":{"uv":[10.5,2.032,9.5,2.968],"texture":"#6"}}},{"from":[0.75,0,5.8375],"to":[1.95,0.6,6.4375],"rotation":{"angle":0,"axis":"y","origin":[8,2.4,27.7375]},"faces":{"north":{"uv":[3.5,12.032,1.5,12.968],"texture":"#6"},"east":{"uv":[6.5,12.032,5.5,12.968],"texture":"#6"},"south":{"uv":[0.032,0.032,0.032,0.032],"texture":"#6"},"west":{"uv":[10.5,12.032,9.5,12.968],"texture":"#6"},"up":{"uv":[0.032,0.032,0.032,0.032],"texture":"#6"},"down":{"uv":[0.032,0.032,0.032,0.032],"texture":"#6"}}},{"from":[0.75,3.6,5.2375],"to":[1.95,4.8,5.8375],"rotation":{"angle":0,"axis":"y","origin":[8,2.4,27.7375]},"faces":{"north":{"uv":[3.5,6.032,1.5,6.968],"texture":"#6"},"east":{"uv":[5.5,6.032,4.5,6.968],"texture":"#6"},"south":{"uv":[0.032,0.032,0.032,0.032],"texture":"#6"},"west":{"uv":[11.5,6.032,10.5,6.968],"texture":"#6"},"up":{"uv":[0.032,0.032,0.032,0.032],"texture":"#6"},"down":{"uv":[1.5,5.5,3.5,4.5],"texture":"#6"}}},{"from":[0.75,3.6,5.8375],"to":[1.95,4.8,7.6375],"rotation":{"angle":0,"axis":"y","origin":[8,2.4,27.7375]},"faces":{"north":{"uv":[8.5,5.032,7.5,5.968],"texture":"#1"},"east":{"uv":[8.5,5.032,7.5,5.968],"texture":"#1"},"south":{"uv":[8.5,5.032,7.5,5.968],"texture":"#1"},"west":{"uv":[8.5,5.032,7.5,5.968],"texture":"#1"},"up":{"uv":[8.5,5.032,7.5,5.968],"texture":"#1"},"down":{"uv":[8.5,5.032,7.5,5.968],"texture":"#1"}}},{"from":[0.75,1.2,5.8375],"to":[1.95,3.6,6.4375],"rotation":{"angle":0,"axis":"y","origin":[8,2.4,27.7375]},"faces":{"north":{"uv":[8.5,7.032,7.5,7.968],"texture":"#1"},"east":{"uv":[8.5,7.032,7.5,7.968],"texture":"#1"},"south":{"uv":[8.5,7.032,7.5,7.968],"texture":"#1"},"west":{"uv":[8.5,7.032,7.5,7.968],"texture":"#1"},"up":{"uv":[8.5,7.032,7.5,7.968],"texture":"#1"},"down":{"uv":[8.5,7.032,7.5,7.968],"texture":"#1"}}}],"display":{"thirdperson_righthand":{"rotation":[73,0,0],"translation":[-6,-7.749,8.3913],"scale":[0.82,0.82,0.82]},"thirdperson_lefthand":{"rotation":[73,0,0],"translation":[-6,-7.749,8.3913],"scale":[0.82,0.82,0.82]},"firstperson_righthand":{"translation":[-9,-1.25,13],"scale":[2.25,0.85,1.05]},"firstperson_lefthand":{"translation":[-9,-1.25,13],"scale":[2.25,0.85,1.05]},"ground":{"translation":[0,3,0],"scale":[0.7,0.7,0.7]},"gui":{"rotation":[15,-34,0],"translation":[-0.5,-0.5,0],"scale":[0.7,0.7,0.7]},"head":{"scale":[1.3,1.3,1.3]},"fixed":{"rotation":[6,-180,0],"translation":[0,0,-3.5]}},"groups":[{"name":"group","origin":[0,0,0],"color":0,"nbt":"{}","armAnimationEnabled":false,"children":[0,1,2,3,4,5,6,7,8,9,10,11,12,13,14,15,16,17,18,19,20,21,22,23,24,25,26,27,28,29,30,31,32,33,34,35,36,37,38,39,40,41,42,43,44,45,46,47,48,49,50,51,52,53,54,55,56,57,58,59,60,61,62,63,64,65,66,67,68,69,70,71,72,73,74,75,76,77,78,79,80,81,82,83,84,85,86,87,88,89,90,91,92,93,94,95,96,97,98,99,100,101,102,103,104,105,106,107]},108,109,110,111,112,113,114,115,116,117,118,119,120,121,122,123,124,125,126,127,128,129,130,131,132,133,134,135,136,137,138,139,140,141,142,143,144,145,146,147,148,149,150,151,152,153,154,155,156,157,158,159,160,161,162,163,164,165]}