{"credit":"Made with Blockbench by Valvac","textures":{"0":"block/gray_wool","4":"block/light_gray_concrete","5":"block/black_concrete","6":"block/white_concrete","7":"block/gold_block","8":"block/green_concrete","9":"block/orange_concrete","12":"block/lime_concrete","particle":"block/gold_block"},"elements":[{"from":[3,-0.5,5],"to":[13,0,10],"faces":{"north":{"uv":[0,0,12,12],"texture":"#5"},"east":{"uv":[0,0,4,12],"texture":"#5"},"south":{"uv":[0,0,12,12],"texture":"#5"},"west":{"uv":[0,0,4,12],"texture":"#5"},"down":{"uv":[0,0,12,4],"texture":"#5"}}},{"from":[11,14,0],"to":[13,15,2],"faces":{"north":{"uv":[0,0,0,0],"texture":"#12"},"east":{"uv":[4,10,5,11],"texture":"#12"},"south":{"uv":[0,0,0,0],"texture":"#12"},"west":{"uv":[4,10,5,11],"texture":"#12"},"up":{"uv":[4,10,5,11],"texture":"#12"},"down":{"uv":[4,10,5,11],"texture":"#12"}}},{"from":[11,13.52513,-0.85355],"to":[13,14.93934,0.14645],"rotation":{"angle":45,"axis":"x","origin":[12,13.93934,-0.35355]},"faces":{"north":{"uv":[4,10,5,11],"texture":"#12"},"east":{"uv":[4,10,5,11],"texture":"#12"},"south":{"uv":[4,10,5,11],"texture":"#12"},"west":{"uv":[4,10,5,11],"texture":"#12"},"up":{"uv":[0,0,0,0],"texture":"#12"},"down":{"uv":[0,0,0,0],"texture":"#12"}}},{"from":[11.125,11,4.375],"to":[12.875,13.875,5],"faces":{"north":{"uv":[4,10,5,11],"texture":"#0"},"east":{"uv":[4,10,5,11],"texture":"#0"},"west":{"uv":[4,10,5,11],"texture":"#0"},"up":{"uv":[4,10,5,11],"texture":"#0"},"down":{"uv":[4,10,5,11],"texture":"#0"}}},{"from":[11,5,-1],"to":[13,14,-0.25],"faces":{"north":{"uv":[4,10,5,11],"texture":"#12"},"east":{"uv":[4,10,5,11],"texture":"#12"},"south":{"uv":[4,10,5,11],"texture":"#12"},"west":{"uv":[4,10,5,11],"texture":"#12"},"up":{"uv":[0,0,0,0],"texture":"#12"},"down":{"uv":[4,10,5,11],"texture":"#12"}}},{"from":[11.5,2.7065,1.13918],"to":[12.5,3.3315,5.13918],"rotation":{"angle":22.5,"axis":"x","origin":[0.5,0.7065,0.13918]},"faces":{"east":{"uv":[0,0,5,1],"texture":"#0"},"west":{"uv":[0,0,5,1],"texture":"#0"},"up":{"uv":[0,0,2,5],"texture":"#0"},"down":{"uv":[0,0,2,5],"texture":"#0"}}},{"from":[11,11.93434,2.38476],"to":[13,12.93434,5.38476],"rotation":{"angle":22.5,"axis":"x","origin":[0,14.93434,7.38476]},"faces":{"north":{"uv":[0,0,0,0],"texture":"#12"},"east":{"uv":[4,10,5,11],"texture":"#12"},"south":{"uv":[4,10,5,11],"texture":"#12"},"west":{"uv":[4,10,5,11],"texture":"#12"},"up":{"uv":[4,10,5,11],"texture":"#12"},"down":{"uv":[4,10,5,11],"texture":"#12"}}},{"from":[11.5,6.29289,-2.12132],"to":[12.5,6.91789,1.87868],"rotation":{"angle":45,"axis":"x","origin":[0.5,4.29289,-3.12132]},"faces":{"east":{"uv":[0,0,5,1],"texture":"#0"},"west":{"uv":[0,0,5,1],"texture":"#0"},"up":{"uv":[0,0,2,5],"texture":"#0"},"down":{"uv":[0,0,2,5],"texture":"#0"}}},{"from":[3.125,11,4.375],"to":[4.875,13.875,5],"rotation":{"angle":0,"axis":"y","origin":[-8,0,0]},"faces":{"north":{"uv":[4,10,5,11],"texture":"#0"},"east":{"uv":[4,10,5,11],"texture":"#0"},"west":{"uv":[4,10,5,11],"texture":"#0"},"up":{"uv":[4,10,5,11],"texture":"#0"},"down":{"uv":[4,10,5,11],"texture":"#0"}}},{"from":[3,11.93434,2.38476],"to":[5,12.93434,5.38476],"rotation":{"angle":22.5,"axis":"x","origin":[-8,14.93434,7.38476]},"faces":{"north":{"uv":[0,0,0,0],"texture":"#12"},"east":{"uv":[4,10,5,11],"texture":"#12"},"south":{"uv":[4,10,5,11],"texture":"#12"},"west":{"uv":[4,10,5,11],"texture":"#12"},"up":{"uv":[4,10,5,11],"texture":"#12"},"down":{"uv":[4,10,5,11],"texture":"#12"}}},{"from":[3,14,0],"to":[5,15,2],"rotation":{"angle":0,"axis":"y","origin":[-8,0,0]},"faces":{"north":{"uv":[0,0,0,0],"texture":"#12"},"east":{"uv":[4,10,5,11],"texture":"#12"},"south":{"uv":[0,0,0,0],"texture":"#12"},"west":{"uv":[4,10,5,11],"texture":"#12"},"up":{"uv":[4,10,5,11],"texture":"#12"},"down":{"uv":[4,10,5,11],"texture":"#12"}}},{"from":[3,5,-1],"to":[5,14,-0.25],"rotation":{"angle":0,"axis":"y","origin":[-8,0,0]},"faces":{"north":{"uv":[4,10,5,11],"texture":"#12"},"east":{"uv":[4,10,5,11],"texture":"#12"},"south":{"uv":[4,10,5,11],"texture":"#12"},"west":{"uv":[4,10,5,11],"texture":"#12"},"up":{"uv":[0,0,0,0],"texture":"#12"},"down":{"uv":[4,10,5,11],"texture":"#12"}}},{"from":[3.5,6.29289,-2.12132],"to":[4.5,6.91789,1.87868],"rotation":{"angle":45,"axis":"x","origin":[-7.5,4.29289,-3.12132]},"faces":{"east":{"uv":[0,0,5,1],"texture":"#0"},"west":{"uv":[0,0,5,1],"texture":"#0"},"up":{"uv":[0,0,2,5],"texture":"#0"},"down":{"uv":[0,0,2,5],"texture":"#0"}}},{"from":[3.5,2.7065,1.13918],"to":[4.5,3.3315,5.13918],"rotation":{"angle":22.5,"axis":"x","origin":[-7.5,0.7065,0.13918]},"faces":{"east":{"uv":[0,0,5,1],"texture":"#0"},"west":{"uv":[0,0,5,1],"texture":"#0"},"up":{"uv":[0,0,2,5],"texture":"#0"},"down":{"uv":[0,0,2,5],"texture":"#0"}}},{"from":[3,13.52513,-0.85355],"to":[5,14.93934,0.14645],"rotation":{"angle":45,"axis":"x","origin":[4,13.93934,-0.35355]},"faces":{"north":{"uv":[4,10,5,11],"texture":"#12"},"east":{"uv":[4,10,5,11],"texture":"#12"},"south":{"uv":[4,10,5,11],"texture":"#12"},"west":{"uv":[4,10,5,11],"texture":"#12"},"up":{"uv":[0,0,0,0],"texture":"#12"},"down":{"uv":[0,0,0,0],"texture":"#12"}}},{"from":[6.5,15.75,6],"to":[9.5,16,7],"faces":{"north":{"uv":[0,0,1,1],"texture":"#0"},"east":{"uv":[0,0,1,1],"texture":"#0"},"south":{"uv":[0,0,1,1],"texture":"#0"},"west":{"uv":[0,0,1,1],"texture":"#0"},"up":{"uv":[0,0,1,1],"texture":"#0"},"down":{"uv":[0,0,1,1],"texture":"#0"}}},{"from":[6.5,15,6],"to":[6.75,15.75,7],"faces":{"north":{"uv":[0,0,1,1],"texture":"#0"},"east":{"uv":[0,0,1,1],"texture":"#0"},"south":{"uv":[0,0,1,1],"texture":"#0"},"west":{"uv":[0,0,1,1],"texture":"#0"}}},{"from":[9.25,15,6],"to":[9.5,15.75,7],"faces":{"north":{"uv":[0,0,1,1],"texture":"#0"},"east":{"uv":[0,0,1,1],"texture":"#0"},"south":{"uv":[0,0,1,1],"texture":"#0"},"west":{"uv":[0,0,1,1],"texture":"#0"}}},{"from":[10,0,10],"to":[12,5,12],"faces":{"north":{"uv":[10,1,11,2],"rotation":90,"texture":"#9"},"east":{"uv":[10,1,11,2],"rotation":90,"texture":"#9"},"south":{"uv":[10,1,11,2],"rotation":90,"texture":"#9"},"west":{"uv":[10,1,11,2],"rotation":90,"texture":"#9"},"up":{"uv":[10,1,11,2],"rotation":90,"texture":"#9"},"down":{"uv":[10,1,11,2],"rotation":90,"texture":"#9"}}},{"from":[10,0,5],"to":[14,5.5,10],"faces":{"north":{"uv":[10,1,11,2],"rotation":90,"texture":"#9"},"east":{"uv":[10,1,11,2],"rotation":90,"texture":"#9"},"south":{"uv":[10,1,11,2],"rotation":90,"texture":"#9"},"west":{"uv":[10,1,11,2],"rotation":90,"texture":"#9"},"up":{"uv":[10,1,11,2],"rotation":90,"texture":"#9"},"down":{"uv":[10,1,11,2],"rotation":90,"texture":"#9"}}},{"from":[2,0,5],"to":[6,5.5625,10],"faces":{"north":{"uv":[10,1,11,2],"rotation":90,"texture":"#12"},"east":{"uv":[10,1,11,2],"rotation":90,"texture":"#12"},"south":{"uv":[10,1,11,2],"rotation":90,"texture":"#12"},"west":{"uv":[10,1,11,2],"rotation":90,"texture":"#12"},"up":{"uv":[10,1,11,2],"rotation":90,"texture":"#12"},"down":{"uv":[10,1,11,2],"rotation":90,"texture":"#12"}}},{"from":[6,0,5],"to":[10,5.5625,10],"faces":{"north":{"uv":[10,1,11,2],"rotation":90,"texture":"#6"},"east":{"uv":[10,1,11,2],"rotation":90,"texture":"#6"},"south":{"uv":[10,1,11,2],"rotation":90,"texture":"#6"},"west":{"uv":[10,1,11,2],"rotation":90,"texture":"#6"},"up":{"uv":[10,1,11,2],"rotation":90,"texture":"#6"},"down":{"uv":[10,1,11,2],"rotation":90,"texture":"#6"}}},{"from":[4,0,10],"to":[6,5,12],"faces":{"north":{"uv":[10,1,11,2],"rotation":90,"texture":"#12"},"east":{"uv":[10,1,11,2],"rotation":90,"texture":"#12"},"south":{"uv":[10,1,11,2],"rotation":90,"texture":"#12"},"west":{"uv":[10,1,11,2],"rotation":90,"texture":"#12"},"up":{"uv":[10,1,11,2],"rotation":90,"texture":"#12"},"down":{"uv":[10,1,11,2],"rotation":90,"texture":"#12"}}},{"from":[6,0,10],"to":[10,5,12],"faces":{"north":{"uv":[10,1,11,2],"rotation":90,"texture":"#6"},"east":{"uv":[10,1,11,2],"rotation":90,"texture":"#6"},"south":{"uv":[10,1,11,2],"rotation":90,"texture":"#6"},"west":{"uv":[10,1,11,2],"rotation":90,"texture":"#6"},"up":{"uv":[10,1,11,2],"rotation":90,"texture":"#6"},"down":{"uv":[10,1,11,2],"rotation":90,"texture":"#6"}}},{"from":[12.1875,13.75,6],"to":[15.5625,14.875,9.625],"rotation":{"angle":-45,"axis":"z","origin":[13.875,14.95248,8.4375]},"faces":{"north":{"uv":[10,1,11,2],"rotation":90,"texture":"#5"},"east":{"uv":[10,1,11,2],"rotation":90,"texture":"#5"},"south":{"uv":[10,1,11,2],"rotation":90,"texture":"#5"},"west":{"uv":[10,1,11,2],"rotation":90,"texture":"#5"},"up":{"uv":[10,1,11,2],"rotation":90,"texture":"#5"},"down":{"uv":[10,1,11,2],"rotation":90,"texture":"#5"}}},{"from":[13.25,14.75,9.5],"to":[14.625,14.9375,9.75],"rotation":{"angle":-45,"axis":"z","origin":[13.875,14.95248,8.4375]},"faces":{"north":{"uv":[10,1,11,2],"rotation":90,"texture":"#7"},"east":{"uv":[10,1,11,2],"rotation":90,"texture":"#7"},"south":{"uv":[10,1,11,2],"rotation":90,"texture":"#7"},"west":{"uv":[10,1,11,2],"rotation":90,"texture":"#7"},"up":{"uv":[10,1,11,2],"rotation":90,"texture":"#7"},"down":{"uv":[10,1,11,2],"rotation":90,"texture":"#7"}}},{"from":[13.8125,14.3125,9.625],"to":[14.625,14.4375,9.75],"rotation":{"angle":-45,"axis":"z","origin":[13.875,14.95248,8.4375]},"faces":{"north":{"uv":[10,1,11,2],"rotation":90,"texture":"#7"},"east":{"uv":[10,1,11,2],"rotation":90,"texture":"#7"},"south":{"uv":[10,1,11,2],"rotation":90,"texture":"#7"},"west":{"uv":[10,1,11,2],"rotation":90,"texture":"#7"},"up":{"uv":[10,1,11,2],"rotation":90,"texture":"#7"},"down":{"uv":[10,1,11,2],"rotation":90,"texture":"#7"}}},{"from":[14.625,13.6875,9.5],"to":[14.8125,14.9375,9.75],"rotation":{"angle":-45,"axis":"z","origin":[13.875,14.95248,8.4375]},"faces":{"north":{"uv":[10,1,11,2],"rotation":90,"texture":"#7"},"east":{"uv":[10,1,11,2],"rotation":90,"texture":"#7"},"south":{"uv":[10,1,11,2],"rotation":90,"texture":"#7"},"west":{"uv":[10,1,11,2],"rotation":90,"texture":"#7"},"up":{"uv":[10,1,11,2],"rotation":90,"texture":"#7"},"down":{"uv":[10,1,11,2],"rotation":90,"texture":"#7"}}},{"from":[13.0625,13.6875,9.5],"to":[13.25,14.9375,9.75],"rotation":{"angle":-45,"axis":"z","origin":[13.875,14.95248,8.4375]},"faces":{"north":{"uv":[10,1,11,2],"rotation":90,"texture":"#7"},"east":{"uv":[10,1,11,2],"rotation":90,"texture":"#7"},"south":{"uv":[10,1,11,2],"rotation":90,"texture":"#7"},"west":{"uv":[10,1,11,2],"rotation":90,"texture":"#7"},"up":{"uv":[10,1,11,2],"rotation":90,"texture":"#7"},"down":{"uv":[10,1,11,2],"rotation":90,"texture":"#7"}}},{"from":[4,5,10],"to":[12,6,12],"faces":{"north":{"uv":[10,1,11,2],"texture":"#12"},"east":{"uv":[10,1,11,2],"texture":"#12"},"south":{"uv":[10,1,11,2],"texture":"#12"},"west":{"uv":[10,1,11,2],"texture":"#12"},"up":{"uv":[10,1,11,2],"texture":"#12"},"down":{"uv":[10,1,11,2],"texture":"#12"}}},{"from":[5,3.5,12.25],"to":[5.75,4.875,12.5],"faces":{"north":{"uv":[0,0,8,6],"texture":"#4"},"east":{"uv":[0,0,2,6],"texture":"#4"},"south":{"uv":[0,0,8,6],"texture":"#4"},"west":{"uv":[0,0,2,6],"texture":"#4"},"up":{"uv":[0,0,8,2],"texture":"#4"},"down":{"uv":[0,0,8,2],"texture":"#4"}}},{"from":[3.8125,4.25,10],"to":[12.1875,5,12.25],"faces":{"east":{"uv":[0,0,0.25,0.75],"texture":"#0"},"south":{"uv":[0,0,7,0.75],"texture":"#0"},"west":{"uv":[0,0,0.25,0.75],"texture":"#0"},"up":{"uv":[0,0,7,0.25],"texture":"#0"},"down":{"uv":[0,0,7,0.25],"texture":"#0"}}},{"from":[3.9375,5,10],"to":[12.0625,5.5,12.125],"faces":{"east":{"uv":[0,0,0.25,0.75],"texture":"#5"},"south":{"uv":[0,0,7,0.75],"texture":"#5"},"west":{"uv":[0,0,0.25,0.75],"texture":"#5"},"up":{"uv":[0,0,7,0.25],"texture":"#5"}}},{"from":[3.9375,3.75,10],"to":[12.0625,4.25,12.125],"faces":{"east":{"uv":[0,0,0.25,0.75],"texture":"#5"},"south":{"uv":[0,0,7,0.75],"texture":"#5"},"west":{"uv":[0,0,0.25,0.75],"texture":"#5"},"down":{"uv":[0,0,7,0.25],"texture":"#5"}}},{"from":[6,8,10],"to":[10,9,12],"faces":{"north":{"uv":[0.4375,0.4375,1.4375,1.4375],"texture":"#12"},"east":{"uv":[0.4375,0.4375,1.4375,1.4375],"texture":"#12"},"south":{"uv":[0.4375,0.4375,1.4375,1.4375],"texture":"#12"},"west":{"uv":[0.4375,0.4375,1.4375,1.4375],"texture":"#12"},"up":{"uv":[0.4375,0.4375,1.4375,1.4375],"texture":"#12"},"down":{"uv":[0.4375,0.4375,1.4375,1.4375],"texture":"#12"}}},{"from":[5,6,10],"to":[11,8,12],"faces":{"north":{"uv":[0.4375,0.4375,1.4375,1.4375],"texture":"#12"},"east":{"uv":[0.4375,0.4375,1.4375,1.4375],"texture":"#12"},"south":{"uv":[0.4375,0.4375,1.4375,1.4375],"texture":"#12"},"west":{"uv":[0.4375,0.4375,1.4375,1.4375],"texture":"#12"},"up":{"uv":[0.4375,0.4375,1.4375,1.4375],"texture":"#12"},"down":{"uv":[0.4375,0.4375,1.4375,1.4375],"texture":"#12"}}},{"from":[2,5.5,5],"to":[14,12,10],"faces":{"north":{"uv":[0.4375,0.4375,1.4375,1.4375],"texture":"#12"},"east":{"uv":[0.4375,0.4375,1.4375,1.4375],"texture":"#12"},"south":{"uv":[0.4375,0.4375,1.4375,1.4375],"texture":"#12"},"west":{"uv":[0.4375,0.4375,1.4375,1.4375],"texture":"#12"},"up":{"uv":[0.4375,0.4375,1.4375,1.4375],"texture":"#12"},"down":{"uv":[0.4375,0.4375,1.4375,1.4375],"texture":"#12"}}},{"from":[3,12,5],"to":[13,14,10],"faces":{"north":{"uv":[0.4375,0.4375,1.4375,1.4375],"texture":"#12"},"east":{"uv":[0.4375,0.4375,1.4375,1.4375],"texture":"#12"},"south":{"uv":[0.4375,0.4375,1.4375,1.4375],"texture":"#12"},"west":{"uv":[0.4375,0.4375,1.4375,1.4375],"texture":"#12"},"up":{"uv":[0.4375,0.4375,1.4375,1.4375],"texture":"#12"},"down":{"uv":[0.4375,0.4375,1.4375,1.4375],"texture":"#12"}}},{"from":[4,14,5],"to":[12,15,10],"faces":{"north":{"uv":[0.4375,0.4375,1.4375,1.4375],"texture":"#12"},"east":{"uv":[0.4375,0.4375,1.4375,1.4375],"texture":"#12"},"south":{"uv":[0.4375,0.4375,1.4375,1.4375],"texture":"#12"},"west":{"uv":[0.4375,0.4375,1.4375,1.4375],"texture":"#12"},"up":{"uv":[0.4375,0.4375,1.4375,1.4375],"texture":"#12"},"down":{"uv":[0.4375,0.4375,1.4375,1.4375],"texture":"#12"}}},{"from":[1.875,5,8.625],"to":[14.125,12.125,9.625],"faces":{"north":{"uv":[0,0,12.25,7.125],"texture":"#0"},"east":{"uv":[0,0,1,7.125],"texture":"#0"},"south":{"uv":[0,0,12.25,7.125],"texture":"#0"},"west":{"uv":[0,0,1,7.125],"texture":"#0"},"up":{"uv":[0,0,1,12.25],"rotation":90,"texture":"#0"},"down":{"uv":[0,0,12.25,1],"texture":"#0"}}},{"from":[1.625,4.25,8.75],"to":[1.875,5.625,9.5],"faces":{"north":{"uv":[0,0,12,12],"texture":"#4"},"east":{"uv":[0,0,4,12],"texture":"#4"},"south":{"uv":[0,0,12,12],"texture":"#4"},"west":{"uv":[0,0,4,12],"texture":"#4"},"down":{"uv":[0,0,12,4],"texture":"#4"}}},{"from":[1.5,4.5,8.75],"to":[1.75,5.875,9.5],"rotation":{"angle":-22.5,"axis":"z","origin":[1.75,5.3125,9.125]},"faces":{"north":{"uv":[0,0,12,12],"texture":"#4"},"east":{"uv":[0,0,4,12],"texture":"#4"},"south":{"uv":[0,0,12,12],"texture":"#4"},"west":{"uv":[0,0,4,12],"texture":"#4"},"up":{"uv":[0,0,12,4],"texture":"#4"},"down":{"uv":[0,0,12,4],"texture":"#4"}}},{"from":[2.875,12.125,8.625],"to":[13.125,14.125,9.625],"faces":{"east":{"uv":[0,0,1,2],"texture":"#0"},"west":{"uv":[0,0,1,2],"texture":"#0"},"up":{"uv":[0,0,1,10.25],"rotation":90,"texture":"#0"}}},{"from":[3.875,14.125,8.625],"to":[12.125,15.125,9.625],"faces":{"east":{"uv":[0,0,1,1],"texture":"#0"},"west":{"uv":[0,0,1,1],"texture":"#0"},"up":{"uv":[0,0,1,8.25],"rotation":90,"texture":"#0"}}},{"from":[1.75,5.0625,8.3125],"to":[14.1875,12.1875,8.625],"faces":{"north":{"uv":[0,0,12.25,7.125],"texture":"#5"},"east":{"uv":[0,0,1,7.125],"texture":"#5"},"south":{"uv":[0,0,12.25,7.125],"texture":"#5"},"west":{"uv":[0,0,1,7.125],"texture":"#5"},"up":{"uv":[0,0,1,12.25],"rotation":90,"texture":"#5"},"down":{"uv":[0,0,12.25,1],"texture":"#5"}}},{"from":[2.8125,12.1875,8.3125],"to":[13.1875,14.1875,8.625],"faces":{"north":{"uv":[0,0,10.25,2],"texture":"#5"},"east":{"uv":[0,0,1,2],"texture":"#5"},"south":{"uv":[0,0,10.25,2],"texture":"#5"},"west":{"uv":[0,0,1,2],"texture":"#5"},"up":{"uv":[0,0,1,10.25],"rotation":90,"texture":"#5"}}},{"from":[3.8125,14.1875,8.3125],"to":[12.1875,15.1875,8.625],"faces":{"north":{"uv":[0,0,8.25,1],"texture":"#5"},"east":{"uv":[0,0,1,1],"texture":"#5"},"south":{"uv":[0,0,8.25,1],"texture":"#5"},"west":{"uv":[0,0,1,1],"texture":"#5"},"up":{"uv":[0,0,1,8.25],"rotation":90,"texture":"#5"}}},{"from":[1.75,5.0625,9.625],"to":[14.1875,12.1875,9.9375],"faces":{"north":{"uv":[0,0,12.25,7.125],"texture":"#5"},"east":{"uv":[0,0,1,7.125],"texture":"#5"},"south":{"uv":[0,0,12.25,7.125],"texture":"#5"},"west":{"uv":[0,0,1,7.125],"texture":"#5"},"up":{"uv":[0,0,1,12.25],"rotation":90,"texture":"#5"},"down":{"uv":[0,0,12.25,1],"texture":"#5"}}},{"from":[2.8125,12.1875,9.625],"to":[13.1875,14.1875,9.9375],"faces":{"north":{"uv":[0,0,10.25,2],"texture":"#5"},"east":{"uv":[0,0,1,2],"texture":"#5"},"south":{"uv":[0,0,10.25,2],"texture":"#5"},"west":{"uv":[0,0,1,2],"texture":"#5"},"up":{"uv":[0,0,1,10.25],"rotation":90,"texture":"#5"}}},{"from":[3.8125,14.1875,9.625],"to":[12.1875,15.1875,9.9375],"faces":{"north":{"uv":[0,0,8.25,1],"texture":"#5"},"east":{"uv":[0,0,1,1],"texture":"#5"},"south":{"uv":[0,0,8.25,1],"texture":"#5"},"west":{"uv":[0,0,1,1],"texture":"#5"},"up":{"uv":[0,0,1,8.25],"rotation":90,"texture":"#5"}}},{"from":[2.50944,8.53639,10],"to":[3.75944,9.16139,10.1875],"rotation":{"angle":-22.5,"axis":"z","origin":[3.7474,8.23409,10.09375]},"faces":{"north":{"uv":[0.4375,0.4375,1.4375,1.4375],"rotation":90,"texture":"#8"},"east":{"uv":[0.4375,0.4375,1.4375,1.4375],"rotation":270,"texture":"#8"},"south":{"uv":[0.4375,0.4375,1.4375,1.4375],"rotation":270,"texture":"#8"},"west":{"uv":[0.4375,0.4375,1.4375,1.4375],"rotation":270,"texture":"#8"},"up":{"uv":[0.4375,0.4375,1.4375,1.4375],"rotation":270,"texture":"#8"},"down":{"uv":[0.4375,0.4375,1.4375,1.4375],"rotation":270,"texture":"#8"}}},{"from":[1.57194,8.34889,10],"to":[2.50944,9.34889,10.1875],"rotation":{"angle":-22.5,"axis":"z","origin":[3.7474,8.23409,10.09375]},"faces":{"north":{"uv":[0.4375,0.4375,1.4375,1.4375],"rotation":90,"texture":"#8"},"east":{"uv":[0.4375,0.4375,1.4375,1.4375],"rotation":270,"texture":"#8"},"south":{"uv":[0.4375,0.4375,1.4375,1.4375],"rotation":270,"texture":"#8"},"west":{"uv":[0.4375,0.4375,1.4375,1.4375],"rotation":270,"texture":"#8"},"up":{"uv":[0.4375,0.4375,1.4375,1.4375],"rotation":270,"texture":"#8"},"down":{"uv":[0.4375,0.4375,1.4375,1.4375],"rotation":270,"texture":"#8"}}},{"from":[1.82194,8.28639,10],"to":[2.25944,9.41139,10.1875],"rotation":{"angle":-22.5,"axis":"z","origin":[3.7474,8.23409,10.09375]},"faces":{"north":{"uv":[0.4375,0.4375,1.4375,1.4375],"rotation":90,"texture":"#8"},"east":{"uv":[0.4375,0.4375,1.4375,1.4375],"rotation":270,"texture":"#8"},"south":{"uv":[0.4375,0.4375,1.4375,1.4375],"rotation":270,"texture":"#8"},"west":{"uv":[0.4375,0.4375,1.4375,1.4375],"rotation":270,"texture":"#8"},"up":{"uv":[0.4375,0.4375,1.4375,1.4375],"rotation":270,"texture":"#8"},"down":{"uv":[0.4375,0.4375,1.4375,1.4375],"rotation":270,"texture":"#8"}}},{"from":[1.44694,8.47389,10],"to":[2.69694,8.72389,10.1875],"rotation":{"angle":-22.5,"axis":"z","origin":[3.7474,8.23409,10.09375]},"faces":{"north":{"uv":[0.4375,0.4375,1.4375,1.4375],"rotation":90,"texture":"#8"},"east":{"uv":[0.4375,0.4375,1.4375,1.4375],"rotation":270,"texture":"#8"},"south":{"uv":[0.4375,0.4375,1.4375,1.4375],"rotation":270,"texture":"#8"},"west":{"uv":[0.4375,0.4375,1.4375,1.4375],"rotation":270,"texture":"#8"},"up":{"uv":[0.4375,0.4375,1.4375,1.4375],"rotation":270,"texture":"#8"},"down":{"uv":[0.4375,0.4375,1.4375,1.4375],"rotation":270,"texture":"#8"}}},{"from":[1.44694,8.97389,10],"to":[2.69694,9.22389,10.1875],"rotation":{"angle":-22.5,"axis":"z","origin":[3.7474,8.23409,10.09375]},"faces":{"north":{"uv":[0.4375,0.4375,1.4375,1.4375],"rotation":90,"texture":"#8"},"east":{"uv":[0.4375,0.4375,1.4375,1.4375],"rotation":270,"texture":"#8"},"south":{"uv":[0.4375,0.4375,1.4375,1.4375],"rotation":270,"texture":"#8"},"west":{"uv":[0.4375,0.4375,1.4375,1.4375],"rotation":270,"texture":"#8"},"up":{"uv":[0.4375,0.4375,1.4375,1.4375],"rotation":270,"texture":"#8"},"down":{"uv":[0.4375,0.4375,1.4375,1.4375],"rotation":270,"texture":"#8"}}},{"from":[2.7576,7.16323,10],"to":[3.0076,8.41323,10.1875],"rotation":{"angle":-22.5,"axis":"z","origin":[3.7474,8.23409,10.09375]},"faces":{"north":{"uv":[0.4375,0.4375,1.4375,1.4375],"rotation":180,"texture":"#8"},"east":{"uv":[0.4375,0.4375,1.4375,1.4375],"rotation":180,"texture":"#8"},"south":{"uv":[0.4375,0.4375,1.4375,1.4375],"rotation":180,"texture":"#8"},"west":{"uv":[0.4375,0.4375,1.4375,1.4375],"rotation":180,"texture":"#8"},"up":{"uv":[0.4375,0.4375,1.4375,1.4375],"rotation":180,"texture":"#8"},"down":{"uv":[0.4375,0.4375,1.4375,1.4375],"rotation":180,"texture":"#8"}}},{"from":[3.2576,7.16323,10],"to":[3.5076,8.41323,10.1875],"rotation":{"angle":-22.5,"axis":"z","origin":[3.7474,8.23409,10.09375]},"faces":{"north":{"uv":[0.4375,0.4375,1.4375,1.4375],"rotation":180,"texture":"#8"},"east":{"uv":[0.4375,0.4375,1.4375,1.4375],"rotation":180,"texture":"#8"},"south":{"uv":[0.4375,0.4375,1.4375,1.4375],"rotation":180,"texture":"#8"},"west":{"uv":[0.4375,0.4375,1.4375,1.4375],"rotation":180,"texture":"#8"},"up":{"uv":[0.4375,0.4375,1.4375,1.4375],"rotation":180,"texture":"#8"},"down":{"uv":[0.4375,0.4375,1.4375,1.4375],"rotation":180,"texture":"#8"}}},{"from":[2.6326,7.28823,10],"to":[3.6326,8.22573,10.1875],"rotation":{"angle":-22.5,"axis":"z","origin":[3.7474,8.23409,10.09375]},"faces":{"north":{"uv":[0.4375,0.4375,1.4375,1.4375],"rotation":180,"texture":"#8"},"east":{"uv":[0.4375,0.4375,1.4375,1.4375],"rotation":180,"texture":"#8"},"south":{"uv":[0.4375,0.4375,1.4375,1.4375],"rotation":180,"texture":"#8"},"west":{"uv":[0.4375,0.4375,1.4375,1.4375],"rotation":180,"texture":"#8"},"up":{"uv":[0.4375,0.4375,1.4375,1.4375],"rotation":180,"texture":"#8"},"down":{"uv":[0.4375,0.4375,1.4375,1.4375],"rotation":180,"texture":"#8"}}},{"from":[2.5701,7.53823,10],"to":[3.6951,7.97573,10.1875],"rotation":{"angle":-22.5,"axis":"z","origin":[3.7474,8.23409,10.09375]},"faces":{"north":{"uv":[0.4375,0.4375,1.4375,1.4375],"rotation":180,"texture":"#8"},"east":{"uv":[0.4375,0.4375,1.4375,1.4375],"rotation":180,"texture":"#8"},"south":{"uv":[0.4375,0.4375,1.4375,1.4375],"rotation":180,"texture":"#8"},"west":{"uv":[0.4375,0.4375,1.4375,1.4375],"rotation":180,"texture":"#8"},"up":{"uv":[0.4375,0.4375,1.4375,1.4375],"rotation":180,"texture":"#8"},"down":{"uv":[0.4375,0.4375,1.4375,1.4375],"rotation":180,"texture":"#8"}}},{"from":[3.56826,8.47389,10],"to":[4.81826,8.72389,10.1875],"rotation":{"angle":-22.5,"axis":"z","origin":[3.7474,8.23409,10.09375]},"faces":{"north":{"uv":[0.4375,0.4375,1.4375,1.4375],"rotation":270,"texture":"#8"},"east":{"uv":[0.4375,0.4375,1.4375,1.4375],"rotation":90,"texture":"#8"},"south":{"uv":[0.4375,0.4375,1.4375,1.4375],"rotation":90,"texture":"#8"},"west":{"uv":[0.4375,0.4375,1.4375,1.4375],"rotation":90,"texture":"#8"},"up":{"uv":[0.4375,0.4375,1.4375,1.4375],"rotation":90,"texture":"#8"},"down":{"uv":[0.4375,0.4375,1.4375,1.4375],"rotation":90,"texture":"#8"}}},{"from":[3.56826,8.97389,10],"to":[4.81826,9.22389,10.1875],"rotation":{"angle":-22.5,"axis":"z","origin":[3.7474,8.23409,10.09375]},"faces":{"north":{"uv":[0.4375,0.4375,1.4375,1.4375],"rotation":270,"texture":"#8"},"east":{"uv":[0.4375,0.4375,1.4375,1.4375],"rotation":90,"texture":"#8"},"south":{"uv":[0.4375,0.4375,1.4375,1.4375],"rotation":90,"texture":"#8"},"west":{"uv":[0.4375,0.4375,1.4375,1.4375],"rotation":90,"texture":"#8"},"up":{"uv":[0.4375,0.4375,1.4375,1.4375],"rotation":90,"texture":"#8"},"down":{"uv":[0.4375,0.4375,1.4375,1.4375],"rotation":90,"texture":"#8"}}},{"from":[3.75576,8.34889,10],"to":[4.69326,9.34889,10.1875],"rotation":{"angle":-22.5,"axis":"z","origin":[3.7474,8.23409,10.09375]},"faces":{"north":{"uv":[0.4375,0.4375,1.4375,1.4375],"rotation":270,"texture":"#8"},"east":{"uv":[0.4375,0.4375,1.4375,1.4375],"rotation":90,"texture":"#8"},"south":{"uv":[0.4375,0.4375,1.4375,1.4375],"rotation":90,"texture":"#8"},"west":{"uv":[0.4375,0.4375,1.4375,1.4375],"rotation":90,"texture":"#8"},"up":{"uv":[0.4375,0.4375,1.4375,1.4375],"rotation":90,"texture":"#8"},"down":{"uv":[0.4375,0.4375,1.4375,1.4375],"rotation":90,"texture":"#8"}}},{"from":[4.00576,8.28639,10],"to":[4.44326,9.41139,10.1875],"rotation":{"angle":-22.5,"axis":"z","origin":[3.7474,8.23409,10.09375]},"faces":{"north":{"uv":[0.4375,0.4375,1.4375,1.4375],"rotation":270,"texture":"#8"},"east":{"uv":[0.4375,0.4375,1.4375,1.4375],"rotation":90,"texture":"#8"},"south":{"uv":[0.4375,0.4375,1.4375,1.4375],"rotation":90,"texture":"#8"},"west":{"uv":[0.4375,0.4375,1.4375,1.4375],"rotation":90,"texture":"#8"},"up":{"uv":[0.4375,0.4375,1.4375,1.4375],"rotation":90,"texture":"#8"},"down":{"uv":[0.4375,0.4375,1.4375,1.4375],"rotation":90,"texture":"#8"}}},{"from":[3.2576,9.28455,10],"to":[3.5076,10.53455,10.1875],"rotation":{"angle":-22.5,"axis":"z","origin":[3.7474,8.23409,10.09375]},"faces":{"north":{"uv":[0.4375,0.4375,1.4375,1.4375],"texture":"#8"},"east":{"uv":[0.4375,0.4375,1.4375,1.4375],"texture":"#8"},"south":{"uv":[0.4375,0.4375,1.4375,1.4375],"texture":"#8"},"west":{"uv":[0.4375,0.4375,1.4375,1.4375],"texture":"#8"},"up":{"uv":[0.4375,0.4375,1.4375,1.4375],"texture":"#8"},"down":{"uv":[0.4375,0.4375,1.4375,1.4375],"texture":"#8"}}},{"from":[2.7576,9.28455,10],"to":[3.0076,10.53455,10.1875],"rotation":{"angle":-22.5,"axis":"z","origin":[3.7474,8.23409,10.09375]},"faces":{"north":{"uv":[0.4375,0.4375,1.4375,1.4375],"texture":"#8"},"east":{"uv":[0.4375,0.4375,1.4375,1.4375],"texture":"#8"},"south":{"uv":[0.4375,0.4375,1.4375,1.4375],"texture":"#8"},"west":{"uv":[0.4375,0.4375,1.4375,1.4375],"texture":"#8"},"up":{"uv":[0.4375,0.4375,1.4375,1.4375],"texture":"#8"},"down":{"uv":[0.4375,0.4375,1.4375,1.4375],"texture":"#8"}}},{"from":[2.6326,9.47205,10],"to":[3.6326,10.40955,10.1875],"rotation":{"angle":-22.5,"axis":"z","origin":[3.7474,8.23409,10.09375]},"faces":{"north":{"uv":[0.4375,0.4375,1.4375,1.4375],"texture":"#8"},"east":{"uv":[0.4375,0.4375,1.4375,1.4375],"texture":"#8"},"south":{"uv":[0.4375,0.4375,1.4375,1.4375],"texture":"#8"},"west":{"uv":[0.4375,0.4375,1.4375,1.4375],"texture":"#8"},"up":{"uv":[0.4375,0.4375,1.4375,1.4375],"texture":"#8"},"down":{"uv":[0.4375,0.4375,1.4375,1.4375],"texture":"#8"}}},{"from":[2.5701,9.72205,10],"to":[3.6951,10.15955,10.1875],"rotation":{"angle":-22.5,"axis":"z","origin":[3.7474,8.23409,10.09375]},"faces":{"north":{"uv":[0.4375,0.4375,1.4375,1.4375],"texture":"#8"},"east":{"uv":[0.4375,0.4375,1.4375,1.4375],"texture":"#8"},"south":{"uv":[0.4375,0.4375,1.4375,1.4375],"texture":"#8"},"west":{"uv":[0.4375,0.4375,1.4375,1.4375],"texture":"#8"},"up":{"uv":[0.4375,0.4375,1.4375,1.4375],"texture":"#8"},"down":{"uv":[0.4375,0.4375,1.4375,1.4375],"texture":"#8"}}},{"from":[3.66306,7.44134,10],"to":[3.85056,8.69134,10.1875],"rotation":{"angle":22.5,"axis":"z","origin":[3.7474,8.23409,10.09375]},"faces":{"north":{"uv":[0.4375,0.4375,1.4375,1.4375],"texture":"#8"},"east":{"uv":[0.4375,0.4375,1.4375,1.4375],"texture":"#8"},"south":{"uv":[0.4375,0.4375,1.4375,1.4375],"texture":"#8"},"west":{"uv":[0.4375,0.4375,1.4375,1.4375],"texture":"#8"},"up":{"uv":[0.4375,0.4375,1.4375,1.4375],"texture":"#8"},"down":{"uv":[0.4375,0.4375,1.4375,1.4375],"texture":"#8"}}},{"from":[3.36611,5.28396,10],"to":[3.55361,7.53396,10.1875],"rotation":{"angle":45,"axis":"z","origin":[3.7474,8.23409,10.09375]},"faces":{"north":{"uv":[0.4375,0.4375,1.4375,1.4375],"texture":"#8"},"east":{"uv":[0.4375,0.4375,1.4375,1.4375],"texture":"#8"},"south":{"uv":[0.4375,0.4375,1.4375,1.4375],"texture":"#8"},"west":{"uv":[0.4375,0.4375,1.4375,1.4375],"texture":"#8"},"up":{"uv":[0.4375,0.4375,1.4375,1.4375],"texture":"#8"},"down":{"uv":[0.4375,0.4375,1.4375,1.4375],"texture":"#8"}}},{"from":[2.82194,9.16139,10],"to":[3.44694,9.47389,10.1875],"rotation":{"angle":-22.5,"axis":"z","origin":[3.7474,8.23409,10.09375]},"faces":{"north":{"uv":[0.4375,0.4375,1.4375,1.4375],"texture":"#8"},"east":{"uv":[0.4375,0.4375,1.4375,1.4375],"texture":"#8"},"south":{"uv":[0.4375,0.4375,1.4375,1.4375],"texture":"#8"},"west":{"uv":[0.4375,0.4375,1.4375,1.4375],"texture":"#8"},"up":{"uv":[0.4375,0.4375,1.4375,1.4375],"texture":"#8"},"down":{"uv":[0.4375,0.4375,1.4375,1.4375],"texture":"#8"}}},{"from":[2.82194,8.22389,10],"to":[3.44694,8.53639,10.1875],"rotation":{"angle":-22.5,"axis":"z","origin":[3.7474,8.23409,10.09375]},"faces":{"north":{"uv":[0.4375,0.4375,1.4375,1.4375],"rotation":270,"texture":"#8"},"east":{"uv":[0.4375,0.4375,1.4375,1.4375],"rotation":90,"texture":"#8"},"south":{"uv":[0.4375,0.4375,1.4375,1.4375],"rotation":90,"texture":"#8"},"west":{"uv":[0.4375,0.4375,1.4375,1.4375],"rotation":90,"texture":"#8"},"up":{"uv":[0.4375,0.4375,1.4375,1.4375],"rotation":90,"texture":"#8"},"down":{"uv":[0.4375,0.4375,1.4375,1.4375],"rotation":90,"texture":"#8"}}},{"from":[11.0625,13.125,4.75],"to":[12.0625,14.125,10.75],"rotation":{"angle":-45,"axis":"z","origin":[14.0625,15.26498,7.75]},"faces":{"north":{"uv":[0,0,1,1],"texture":"#12"},"east":{"uv":[0,0,6,1],"texture":"#12"},"south":{"uv":[0,0,1,1],"texture":"#12"},"west":{"uv":[0,0,6,1],"texture":"#12"},"up":{"uv":[0,0,1,6],"texture":"#12"},"down":{"uv":[0,0,1,6],"texture":"#12"}}},{"from":[12.0625,13.125,4.75],"to":[16.0625,14.125,5.75],"rotation":{"angle":-45,"axis":"z","origin":[14.0625,15.26498,7.75]},"faces":{"north":{"uv":[0,0,4,1],"texture":"#12"},"east":{"uv":[0,0,1,1],"texture":"#12"},"south":{"uv":[0,0,4,1],"texture":"#12"},"west":{"uv":[0,0,1,1],"texture":"#12"},"up":{"uv":[0,0,4,1],"texture":"#12"},"down":{"uv":[0,0,4,1],"texture":"#12"}}},{"from":[12.0625,13.125,9.75],"to":[16.0625,14.125,10.75],"rotation":{"angle":-45,"axis":"z","origin":[14.0625,15.26498,7.75]},"faces":{"north":{"uv":[0,0,4,1],"texture":"#12"},"east":{"uv":[0,0,1,1],"texture":"#12"},"south":{"uv":[0,0,4,1],"texture":"#12"},"west":{"uv":[0,0,1,1],"texture":"#12"},"up":{"uv":[0,0,4,1],"texture":"#12"},"down":{"uv":[0,0,4,1],"texture":"#12"}}},{"from":[12.0625,13.625,5.75],"to":[16.0625,14.125,9.75],"rotation":{"angle":-45,"axis":"z","origin":[14.0625,15.26498,7.75]},"faces":{"north":{"uv":[0,0,4,0.5],"texture":"#5"},"east":{"uv":[0,0,4,0.5],"texture":"#5"},"south":{"uv":[0,0,4,0.5],"texture":"#5"},"west":{"uv":[0,0,4,0.5],"texture":"#5"},"up":{"uv":[0,0,4,4],"texture":"#12"},"down":{"uv":[0,0,4,4],"texture":"#5"}}},{"from":[16.0625,13.125,4.75],"to":[17.0625,14.125,10.75],"rotation":{"angle":-45,"axis":"z","origin":[14.0625,15.26498,7.75]},"faces":{"north":{"uv":[0,0,1,1],"texture":"#12"},"east":{"uv":[0,0,6,1],"texture":"#12"},"south":{"uv":[0,0,1,1],"texture":"#12"},"west":{"uv":[0,0,6,1],"texture":"#12"},"up":{"uv":[0,0,1,6],"texture":"#12"},"down":{"uv":[0,0,1,6],"texture":"#12"}}},{"from":[12.5625,14.125,6.25],"to":[15.5625,17.625,9.25],"rotation":{"angle":-45,"axis":"z","origin":[14.0625,15.26498,7.75]},"faces":{"north":{"uv":[0,0,3,3.5],"texture":"#12"},"east":{"uv":[0,0,3,3.5],"texture":"#12"},"south":{"uv":[0,0,3,3.5],"texture":"#12"},"west":{"uv":[0,0,3,3.5],"texture":"#12"},"up":{"uv":[0,0,3,3],"texture":"#12"},"down":{"uv":[0,0,3,3],"texture":"#12"}}},{"from":[14.18547,16.94801,9.22969],"to":[14.52922,17.63551,9.33281],"rotation":{"angle":22.5,"axis":"z","origin":[14.0625,15.26498,7.75]},"faces":{"north":{"uv":[0.4375,0.4375,1.4375,1.4375],"texture":"#8"},"east":{"uv":[0.4375,0.4375,1.4375,1.4375],"texture":"#8"},"south":{"uv":[0.4375,0.4375,1.4375,1.4375],"texture":"#8"},"west":{"uv":[0.4375,0.4375,1.4375,1.4375],"texture":"#8"},"up":{"uv":[0.4375,0.4375,1.4375,1.4375],"texture":"#8"},"down":{"uv":[0.4375,0.4375,1.4375,1.4375],"texture":"#8"}}},{"from":[14.08235,17.63551,9.22969],"to":[14.63235,18.15114,9.33281],"rotation":{"angle":22.5,"axis":"z","origin":[14.0625,15.26498,7.75]},"faces":{"north":{"uv":[0.4375,0.4375,1.4375,1.4375],"texture":"#8"},"east":{"uv":[0.4375,0.4375,1.4375,1.4375],"texture":"#8"},"south":{"uv":[0.4375,0.4375,1.4375,1.4375],"texture":"#8"},"west":{"uv":[0.4375,0.4375,1.4375,1.4375],"texture":"#8"},"up":{"uv":[0.4375,0.4375,1.4375,1.4375],"texture":"#8"},"down":{"uv":[0.4375,0.4375,1.4375,1.4375],"texture":"#8"}}},{"from":[14.04797,17.77301,9.22969],"to":[14.66672,18.01364,9.33281],"rotation":{"angle":22.5,"axis":"z","origin":[14.0625,15.26498,7.75]},"faces":{"north":{"uv":[0.4375,0.4375,1.4375,1.4375],"texture":"#8"},"east":{"uv":[0.4375,0.4375,1.4375,1.4375],"texture":"#8"},"south":{"uv":[0.4375,0.4375,1.4375,1.4375],"texture":"#8"},"west":{"uv":[0.4375,0.4375,1.4375,1.4375],"texture":"#8"},"up":{"uv":[0.4375,0.4375,1.4375,1.4375],"texture":"#8"},"down":{"uv":[0.4375,0.4375,1.4375,1.4375],"texture":"#8"}}},{"from":[14.1511,17.53239,9.22969],"to":[14.2886,18.21989,9.33281],"rotation":{"angle":22.5,"axis":"z","origin":[14.0625,15.26498,7.75]},"faces":{"north":{"uv":[0.4375,0.4375,1.4375,1.4375],"texture":"#8"},"east":{"uv":[0.4375,0.4375,1.4375,1.4375],"texture":"#8"},"south":{"uv":[0.4375,0.4375,1.4375,1.4375],"texture":"#8"},"west":{"uv":[0.4375,0.4375,1.4375,1.4375],"texture":"#8"},"up":{"uv":[0.4375,0.4375,1.4375,1.4375],"texture":"#8"},"down":{"uv":[0.4375,0.4375,1.4375,1.4375],"texture":"#8"}}},{"from":[14.4261,17.53239,9.22969],"to":[14.5636,18.21989,9.33281],"rotation":{"angle":22.5,"axis":"z","origin":[14.0625,15.26498,7.75]},"faces":{"north":{"uv":[0.4375,0.4375,1.4375,1.4375],"texture":"#8"},"east":{"uv":[0.4375,0.4375,1.4375,1.4375],"texture":"#8"},"south":{"uv":[0.4375,0.4375,1.4375,1.4375],"texture":"#8"},"west":{"uv":[0.4375,0.4375,1.4375,1.4375],"texture":"#8"},"up":{"uv":[0.4375,0.4375,1.4375,1.4375],"texture":"#8"},"down":{"uv":[0.4375,0.4375,1.4375,1.4375],"texture":"#8"}}},{"from":[13.43024,17.36152,9.22969],"to":[14.11774,17.49902,9.33281],"rotation":{"angle":22.5,"axis":"z","origin":[14.0625,15.26498,7.75]},"faces":{"north":{"uv":[0.4375,0.4375,1.4375,1.4375],"rotation":90,"texture":"#8"},"east":{"uv":[0.4375,0.4375,1.4375,1.4375],"rotation":270,"texture":"#8"},"south":{"uv":[0.4375,0.4375,1.4375,1.4375],"rotation":270,"texture":"#8"},"west":{"uv":[0.4375,0.4375,1.4375,1.4375],"rotation":270,"texture":"#8"},"up":{"uv":[0.4375,0.4375,1.4375,1.4375],"rotation":270,"texture":"#8"},"down":{"uv":[0.4375,0.4375,1.4375,1.4375],"rotation":270,"texture":"#8"}}},{"from":[13.43024,17.08652,9.22969],"to":[14.11774,17.22402,9.33281],"rotation":{"angle":22.5,"axis":"z","origin":[14.0625,15.26498,7.75]},"faces":{"north":{"uv":[0.4375,0.4375,1.4375,1.4375],"rotation":90,"texture":"#8"},"east":{"uv":[0.4375,0.4375,1.4375,1.4375],"rotation":270,"texture":"#8"},"south":{"uv":[0.4375,0.4375,1.4375,1.4375],"rotation":270,"texture":"#8"},"west":{"uv":[0.4375,0.4375,1.4375,1.4375],"rotation":270,"texture":"#8"},"up":{"uv":[0.4375,0.4375,1.4375,1.4375],"rotation":270,"texture":"#8"},"down":{"uv":[0.4375,0.4375,1.4375,1.4375],"rotation":270,"texture":"#8"}}},{"from":[13.49899,17.01777,9.22969],"to":[14.01461,17.56777,9.33281],"rotation":{"angle":22.5,"axis":"z","origin":[14.0625,15.26498,7.75]},"faces":{"north":{"uv":[0.4375,0.4375,1.4375,1.4375],"rotation":90,"texture":"#8"},"east":{"uv":[0.4375,0.4375,1.4375,1.4375],"rotation":270,"texture":"#8"},"south":{"uv":[0.4375,0.4375,1.4375,1.4375],"rotation":270,"texture":"#8"},"west":{"uv":[0.4375,0.4375,1.4375,1.4375],"rotation":270,"texture":"#8"},"up":{"uv":[0.4375,0.4375,1.4375,1.4375],"rotation":270,"texture":"#8"},"down":{"uv":[0.4375,0.4375,1.4375,1.4375],"rotation":270,"texture":"#8"}}},{"from":[13.63649,16.9834,9.22969],"to":[13.87711,17.60215,9.33281],"rotation":{"angle":22.5,"axis":"z","origin":[14.0625,15.26498,7.75]},"faces":{"north":{"uv":[0.4375,0.4375,1.4375,1.4375],"rotation":90,"texture":"#8"},"east":{"uv":[0.4375,0.4375,1.4375,1.4375],"rotation":270,"texture":"#8"},"south":{"uv":[0.4375,0.4375,1.4375,1.4375],"rotation":270,"texture":"#8"},"west":{"uv":[0.4375,0.4375,1.4375,1.4375],"rotation":270,"texture":"#8"},"up":{"uv":[0.4375,0.4375,1.4375,1.4375],"rotation":270,"texture":"#8"},"down":{"uv":[0.4375,0.4375,1.4375,1.4375],"rotation":270,"texture":"#8"}}},{"from":[14.1511,16.36566,9.22969],"to":[14.2886,17.05316,9.33281],"rotation":{"angle":22.5,"axis":"z","origin":[14.0625,15.26498,7.75]},"faces":{"north":{"uv":[0.4375,0.4375,1.4375,1.4375],"rotation":180,"texture":"#8"},"east":{"uv":[0.4375,0.4375,1.4375,1.4375],"rotation":180,"texture":"#8"},"south":{"uv":[0.4375,0.4375,1.4375,1.4375],"rotation":180,"texture":"#8"},"west":{"uv":[0.4375,0.4375,1.4375,1.4375],"rotation":180,"texture":"#8"},"up":{"uv":[0.4375,0.4375,1.4375,1.4375],"rotation":180,"texture":"#8"},"down":{"uv":[0.4375,0.4375,1.4375,1.4375],"rotation":180,"texture":"#8"}}},{"from":[14.4261,16.36566,9.22969],"to":[14.5636,17.05316,9.33281],"rotation":{"angle":22.5,"axis":"z","origin":[14.0625,15.26498,7.75]},"faces":{"north":{"uv":[0.4375,0.4375,1.4375,1.4375],"rotation":180,"texture":"#8"},"east":{"uv":[0.4375,0.4375,1.4375,1.4375],"rotation":180,"texture":"#8"},"south":{"uv":[0.4375,0.4375,1.4375,1.4375],"rotation":180,"texture":"#8"},"west":{"uv":[0.4375,0.4375,1.4375,1.4375],"rotation":180,"texture":"#8"},"up":{"uv":[0.4375,0.4375,1.4375,1.4375],"rotation":180,"texture":"#8"},"down":{"uv":[0.4375,0.4375,1.4375,1.4375],"rotation":180,"texture":"#8"}}},{"from":[14.08235,16.43441,9.22969],"to":[14.63235,16.95004,9.33281],"rotation":{"angle":22.5,"axis":"z","origin":[14.0625,15.26498,7.75]},"faces":{"north":{"uv":[0.4375,0.4375,1.4375,1.4375],"rotation":180,"texture":"#8"},"east":{"uv":[0.4375,0.4375,1.4375,1.4375],"rotation":180,"texture":"#8"},"south":{"uv":[0.4375,0.4375,1.4375,1.4375],"rotation":180,"texture":"#8"},"west":{"uv":[0.4375,0.4375,1.4375,1.4375],"rotation":180,"texture":"#8"},"up":{"uv":[0.4375,0.4375,1.4375,1.4375],"rotation":180,"texture":"#8"},"down":{"uv":[0.4375,0.4375,1.4375,1.4375],"rotation":180,"texture":"#8"}}},{"from":[14.04797,16.57191,9.22969],"to":[14.66672,16.81254,9.33281],"rotation":{"angle":22.5,"axis":"z","origin":[14.0625,15.26498,7.75]},"faces":{"north":{"uv":[0.4375,0.4375,1.4375,1.4375],"rotation":180,"texture":"#8"},"east":{"uv":[0.4375,0.4375,1.4375,1.4375],"rotation":180,"texture":"#8"},"south":{"uv":[0.4375,0.4375,1.4375,1.4375],"rotation":180,"texture":"#8"},"west":{"uv":[0.4375,0.4375,1.4375,1.4375],"rotation":180,"texture":"#8"},"up":{"uv":[0.4375,0.4375,1.4375,1.4375],"rotation":180,"texture":"#8"},"down":{"uv":[0.4375,0.4375,1.4375,1.4375],"rotation":180,"texture":"#8"}}},{"from":[14.59696,17.08652,9.22969],"to":[15.28446,17.22402,9.33281],"rotation":{"angle":22.5,"axis":"z","origin":[14.0625,15.26498,7.75]},"faces":{"north":{"uv":[0.4375,0.4375,1.4375,1.4375],"rotation":270,"texture":"#8"},"east":{"uv":[0.4375,0.4375,1.4375,1.4375],"rotation":90,"texture":"#8"},"south":{"uv":[0.4375,0.4375,1.4375,1.4375],"rotation":90,"texture":"#8"},"west":{"uv":[0.4375,0.4375,1.4375,1.4375],"rotation":90,"texture":"#8"},"up":{"uv":[0.4375,0.4375,1.4375,1.4375],"rotation":90,"texture":"#8"},"down":{"uv":[0.4375,0.4375,1.4375,1.4375],"rotation":90,"texture":"#8"}}},{"from":[14.59696,17.36152,9.22969],"to":[15.28446,17.49902,9.33281],"rotation":{"angle":22.5,"axis":"z","origin":[14.0625,15.26498,7.75]},"faces":{"north":{"uv":[0.4375,0.4375,1.4375,1.4375],"rotation":270,"texture":"#8"},"east":{"uv":[0.4375,0.4375,1.4375,1.4375],"rotation":90,"texture":"#8"},"south":{"uv":[0.4375,0.4375,1.4375,1.4375],"rotation":90,"texture":"#8"},"west":{"uv":[0.4375,0.4375,1.4375,1.4375],"rotation":90,"texture":"#8"},"up":{"uv":[0.4375,0.4375,1.4375,1.4375],"rotation":90,"texture":"#8"},"down":{"uv":[0.4375,0.4375,1.4375,1.4375],"rotation":90,"texture":"#8"}}},{"from":[14.70009,17.01777,9.22969],"to":[15.21571,17.56777,9.33281],"rotation":{"angle":22.5,"axis":"z","origin":[14.0625,15.26498,7.75]},"faces":{"north":{"uv":[0.4375,0.4375,1.4375,1.4375],"rotation":270,"texture":"#8"},"east":{"uv":[0.4375,0.4375,1.4375,1.4375],"rotation":90,"texture":"#8"},"south":{"uv":[0.4375,0.4375,1.4375,1.4375],"rotation":90,"texture":"#8"},"west":{"uv":[0.4375,0.4375,1.4375,1.4375],"rotation":90,"texture":"#8"},"up":{"uv":[0.4375,0.4375,1.4375,1.4375],"rotation":90,"texture":"#8"},"down":{"uv":[0.4375,0.4375,1.4375,1.4375],"rotation":90,"texture":"#8"}}},{"from":[14.83759,16.9834,9.22969],"to":[15.07821,17.60215,9.33281],"rotation":{"angle":22.5,"axis":"z","origin":[14.0625,15.26498,7.75]},"faces":{"north":{"uv":[0.4375,0.4375,1.4375,1.4375],"rotation":270,"texture":"#8"},"east":{"uv":[0.4375,0.4375,1.4375,1.4375],"rotation":90,"texture":"#8"},"south":{"uv":[0.4375,0.4375,1.4375,1.4375],"rotation":90,"texture":"#8"},"west":{"uv":[0.4375,0.4375,1.4375,1.4375],"rotation":90,"texture":"#8"},"up":{"uv":[0.4375,0.4375,1.4375,1.4375],"rotation":90,"texture":"#8"},"down":{"uv":[0.4375,0.4375,1.4375,1.4375],"rotation":90,"texture":"#8"}}},{"from":[12.79074,15.99312,9.22969],"to":[12.89386,16.68062,9.33281],"rotation":{"angle":-22.5,"axis":"z","origin":[14.0625,15.26498,7.75]},"faces":{"north":{"uv":[0.4375,0.4375,1.4375,1.4375],"texture":"#8"},"east":{"uv":[0.4375,0.4375,1.4375,1.4375],"texture":"#8"},"south":{"uv":[0.4375,0.4375,1.4375,1.4375],"texture":"#8"},"west":{"uv":[0.4375,0.4375,1.4375,1.4375],"texture":"#8"},"up":{"uv":[0.4375,0.4375,1.4375,1.4375],"texture":"#8"},"down":{"uv":[0.4375,0.4375,1.4375,1.4375],"texture":"#8"}}},{"from":[13.16619,15.18688,9.22969],"to":[13.26932,16.42438,9.33281],"rotation":{"angle":0,"axis":"z","origin":[14.0625,15.26498,7.75]},"faces":{"north":{"uv":[0.4375,0.4375,1.4375,1.4375],"texture":"#8"},"east":{"uv":[0.4375,0.4375,1.4375,1.4375],"texture":"#8"},"south":{"uv":[0.4375,0.4375,1.4375,1.4375],"texture":"#8"},"west":{"uv":[0.4375,0.4375,1.4375,1.4375],"texture":"#8"},"up":{"uv":[0.4375,0.4375,1.4375,1.4375],"texture":"#8"},"down":{"uv":[0.4375,0.4375,1.4375,1.4375],"texture":"#8"}}},{"from":[14.52922,17.11989,9.22969],"to":[14.7011,17.46364,9.33281],"rotation":{"angle":22.5,"axis":"z","origin":[14.0625,15.26498,7.75]},"faces":{"north":{"uv":[0.4375,0.4375,1.4375,1.4375],"rotation":270,"texture":"#8"},"east":{"uv":[0.4375,0.4375,1.4375,1.4375],"rotation":90,"texture":"#8"},"south":{"uv":[0.4375,0.4375,1.4375,1.4375],"rotation":90,"texture":"#8"},"west":{"uv":[0.4375,0.4375,1.4375,1.4375],"rotation":90,"texture":"#8"},"up":{"uv":[0.4375,0.4375,1.4375,1.4375],"rotation":90,"texture":"#8"},"down":{"uv":[0.4375,0.4375,1.4375,1.4375],"rotation":90,"texture":"#8"}}},{"from":[14.0136,17.11989,9.22969],"to":[14.18547,17.46364,9.33281],"rotation":{"angle":22.5,"axis":"z","origin":[14.0625,15.26498,7.75]},"faces":{"north":{"uv":[0.4375,0.4375,1.4375,1.4375],"rotation":180,"texture":"#8"},"east":{"uv":[0.4375,0.4375,1.4375,1.4375],"rotation":180,"texture":"#8"},"south":{"uv":[0.4375,0.4375,1.4375,1.4375],"rotation":180,"texture":"#8"},"west":{"uv":[0.4375,0.4375,1.4375,1.4375],"rotation":180,"texture":"#8"},"up":{"uv":[0.4375,0.4375,1.4375,1.4375],"rotation":180,"texture":"#8"},"down":{"uv":[0.4375,0.4375,1.4375,1.4375],"rotation":180,"texture":"#8"}}},{"from":[5.10847,11.61244,9.7205],"to":[7.89647,12.83644,10.5545],"rotation":{"angle":45,"axis":"z","origin":[8.375,11.568,10.125]},"faces":{"north":{"uv":[8,2,9,3],"texture":"#7"},"east":{"uv":[8,2,9,3],"texture":"#7"},"south":{"uv":[8,2,9,3],"texture":"#7"},"west":{"uv":[8,2,9,3],"texture":"#7"},"up":{"uv":[8,2,9,3],"texture":"#7"},"down":{"uv":[8,2,9,3],"texture":"#7"}}},{"from":[8.10352,11.61244,9.7205],"to":[10.89152,12.83644,10.5545],"rotation":{"angle":-45,"axis":"z","origin":[7.625,11.568,10.125]},"faces":{"north":{"uv":[8,2,9,3],"texture":"#7"},"east":{"uv":[8,2,9,3],"texture":"#7"},"south":{"uv":[8,2,9,3],"texture":"#7"},"west":{"uv":[8,2,9,3],"texture":"#7"},"up":{"uv":[8,2,9,3],"texture":"#7"},"down":{"uv":[8,2,9,3],"texture":"#7"}}},{"from":[4.87171,11.48984,9.7205],"to":[7.68184,12.09058,10.5045],"rotation":{"angle":22.5,"axis":"z","origin":[8.375,11.568,10.125]},"faces":{"north":{"uv":[10,3,11,4],"texture":"#7"},"east":{"uv":[10,3,11,4],"texture":"#7"},"south":{"uv":[10,3,11,4],"texture":"#7"},"west":{"uv":[10,3,11,4],"texture":"#7"},"up":{"uv":[10,3,11,4],"texture":"#7"},"down":{"uv":[10,3,11,4],"texture":"#7"}}},{"from":[8.31816,11.48984,9.7205],"to":[11.12829,12.09059,10.5045],"rotation":{"angle":-22.5,"axis":"z","origin":[7.625,11.568,10.125]},"faces":{"north":{"uv":[10,3,11,4],"texture":"#7"},"east":{"uv":[10,3,11,4],"texture":"#7"},"south":{"uv":[10,3,11,4],"texture":"#7"},"west":{"uv":[10,3,11,4],"texture":"#7"},"up":{"uv":[10,3,11,4],"texture":"#7"},"down":{"uv":[10,3,11,4],"texture":"#7"}}},{"from":[4.87171,11.04542,9.7205],"to":[7.68184,11.64616,10.5045],"rotation":{"angle":-22.5,"axis":"z","origin":[8.375,11.568,10.125]},"faces":{"north":{"uv":[10,3,11,4],"texture":"#7"},"east":{"uv":[10,3,11,4],"texture":"#7"},"south":{"uv":[10,3,11,4],"texture":"#7"},"west":{"uv":[10,3,11,4],"texture":"#7"},"up":{"uv":[10,3,11,4],"texture":"#7"},"down":{"uv":[10,3,11,4],"texture":"#7"}}},{"from":[8.31816,11.04542,9.7205],"to":[11.12829,11.64616,10.5045],"rotation":{"angle":22.5,"axis":"z","origin":[7.625,11.568,10.125]},"faces":{"north":{"uv":[10,3,11,4],"texture":"#7"},"east":{"uv":[10,3,11,4],"texture":"#7"},"south":{"uv":[10,3,11,4],"texture":"#7"},"west":{"uv":[10,3,11,4],"texture":"#7"},"up":{"uv":[10,3,11,4],"texture":"#7"},"down":{"uv":[10,3,11,4],"texture":"#7"}}},{"from":[5.10848,10.29956,9.7205],"to":[7.89648,11.52356,10.5545],"rotation":{"angle":-45,"axis":"z","origin":[8.375,11.568,10.125]},"faces":{"north":{"uv":[8,2,9,3],"texture":"#7"},"east":{"uv":[8,2,9,3],"texture":"#7"},"south":{"uv":[8,2,9,3],"texture":"#7"},"west":{"uv":[8,2,9,3],"texture":"#7"},"up":{"uv":[8,2,9,3],"texture":"#7"},"down":{"uv":[8,2,9,3],"texture":"#7"}}},{"from":[8.10352,10.29957,9.7205],"to":[10.89152,11.52357,10.5545],"rotation":{"angle":45,"axis":"z","origin":[7.625,11.568,10.125]},"faces":{"north":{"uv":[8,2,9,3],"texture":"#7"},"east":{"uv":[8,2,9,3],"texture":"#7"},"south":{"uv":[8,2,9,3],"texture":"#7"},"west":{"uv":[8,2,9,3],"texture":"#7"},"up":{"uv":[8,2,9,3],"texture":"#7"},"down":{"uv":[8,2,9,3],"texture":"#7"}}},{"from":[5.1884,10.71015,9.7205],"to":[6.607,12.42585,10.5045],"rotation":{"angle":0,"axis":"y","origin":[8.375,11.568,10.125]},"faces":{"north":{"uv":[10,3,11,4],"texture":"#7"},"east":{"uv":[10,3,11,4],"texture":"#7"},"south":{"uv":[10,3,11,4],"texture":"#7"},"west":{"uv":[10,3,11,4],"texture":"#7"},"up":{"uv":[10,3,11,4],"texture":"#7"},"down":{"uv":[10,3,11,4],"texture":"#7"}}},{"from":[9.393,10.71015,9.7205],"to":[10.8116,12.42585,10.5045],"rotation":{"angle":0,"axis":"y","origin":[7.625,11.568,10.125]},"faces":{"north":{"uv":[10,3,11,4],"texture":"#7"},"east":{"uv":[10,3,11,4],"texture":"#7"},"south":{"uv":[10,3,11,4],"texture":"#7"},"west":{"uv":[10,3,11,4],"texture":"#7"},"up":{"uv":[10,3,11,4],"texture":"#7"},"down":{"uv":[10,3,11,4],"texture":"#7"}}},{"from":[7.252,10.3825,9.6525],"to":[8.748,12.7535,10.5725],"rotation":{"angle":0,"axis":"y","origin":[7.875,11.568,10.125]},"faces":{"north":{"uv":[0,0,0,0],"texture":"#7"},"east":{"uv":[7,13,8,14],"rotation":270,"texture":"#7"},"south":{"uv":[7,13,8,14],"rotation":270,"texture":"#7"},"west":{"uv":[7,13,8,14],"rotation":270,"texture":"#7"},"up":{"uv":[7,13,8,14],"rotation":270,"texture":"#7"},"down":{"uv":[7,13,8,14],"rotation":270,"texture":"#7"}}},{"from":[3.9375,5.5,10.0625],"to":[12.0625,5.625,12.0625],"faces":{"north":{"uv":[10,1,11,2],"rotation":90,"texture":"#7"},"east":{"uv":[10,1,11,2],"rotation":90,"texture":"#7"},"south":{"uv":[10,1,11,2],"rotation":90,"texture":"#7"},"west":{"uv":[10,1,11,2],"rotation":90,"texture":"#7"},"up":{"uv":[10,1,11,2],"rotation":90,"texture":"#7"},"down":{"uv":[10,1,11,2],"rotation":90,"texture":"#7"}}},{"from":[1.9375,5.5,4.9375],"to":[14.0625,5.625,10.0625],"faces":{"north":{"uv":[10,1,11,2],"rotation":90,"texture":"#7"},"east":{"uv":[10,1,11,2],"rotation":90,"texture":"#7"},"south":{"uv":[10,1,11,2],"rotation":90,"texture":"#7"},"west":{"uv":[10,1,11,2],"rotation":90,"texture":"#7"},"up":{"uv":[10,1,11,2],"rotation":90,"texture":"#7"},"down":{"uv":[10,1,11,2],"rotation":90,"texture":"#7"}}}],"display":{"thirdperson_righthand":{"rotation":[73,0,0],"translation":[-6,-7.749,8.3913],"scale":[0.82,0.82,0.82]},"thirdperson_lefthand":{"rotation":[73,0,0],"translation":[-6,-7.749,8.3913],"scale":[0.82,0.82,0.82]},"firstperson_righthand":{"translation":[-9,-1.25,13],"scale":[2.25,0.85,1.05]},"firstperson_lefthand":{"translation":[-9,-1.25,13],"scale":[2.25,0.85,1.05]},"ground":{"translation":[0,3,0],"scale":[0.7,0.7,0.7]},"gui":{"rotation":[15,-34,0],"translation":[-0.5,-0.5,0],"scale":[0.7,0.7,0.7]},"head":{"scale":[1.3,1.3,1.3]},"fixed":{"rotation":[6,-180,0],"translation":[0,0,-3.5]}},"groups":[0,1,2,3,4,5,6,7,8,9,10,11,12,13,14,15,16,17,18,19,20,21,22,23,24,25,26,27,28,29,30,31,32,33,34,35,36,37,38,39,40,41,42,43,44,45,46,47,48,49,{"name":"group","origin":[5.7474,11.23409,10.09375],"color":0,"nbt":"{}","armAnimationEnabled":false,"children":[50,51,52,53,54,55,56,57,58,59,60,61,62,63,64,65,66,67,68,69,70]},71,72,73,74,75,76,{"name":"group","origin":[5.7474,11.23409,10.09375],"color":0,"nbt":"{}","armAnimationEnabled":false,"children":[77,78,79,80,81,82,83,84,85,86,87,88,89,90,91,92,93,94,95,96,97]},98,99,100,101,102,103,104,105,106,107,108,109,110]}