{"credit":"Made with Blockbench by Valvac","textures":{"0":"block/snow","1":"block/coal_block","2":"block/orange_terracotta","3":"block/white_concrete","4":"block/light_gray_concrete","5":"block/stripped_dark_oak_log","particle":"block/snow"},"elements":[{"from":[0,-13,0],"to":[16,3,16],"rotation":{"angle":0,"axis":"y","origin":[8,-5,8]},"faces":{"north":{"uv":[0,0,16,16],"texture":"#0"},"east":{"uv":[0,0,16,16],"texture":"#0"},"south":{"uv":[0,0,16,16],"texture":"#0"},"west":{"uv":[0,0,16,16],"texture":"#0"},"up":{"uv":[0,0,16,16],"texture":"#0"},"down":{"uv":[0,0,16,16],"texture":"#0"}}},{"from":[6,-1,16],"to":[10,3,17],"rotation":{"angle":0,"axis":"y","origin":[8,1,9]},"faces":{"east":{"uv":[0,0,1,4],"texture":"#1"},"south":{"uv":[0,0,4,4],"texture":"#1"},"west":{"uv":[0,0,1,4],"texture":"#1"},"up":{"uv":[0,0,4,1],"texture":"#1"},"down":{"uv":[0,0,4,1],"texture":"#1"}}},{"from":[6,5,14],"to":[10,9,15],"rotation":{"angle":0,"axis":"y","origin":[8,7,7]},"faces":{"east":{"uv":[0,0,1,4],"texture":"#1"},"south":{"uv":[0,0,4,4],"texture":"#1"},"west":{"uv":[0,0,1,4],"texture":"#1"},"up":{"uv":[0,0,4,1],"texture":"#1"},"down":{"uv":[0,0,4,1],"texture":"#1"}}},{"from":[6,-7,16],"to":[10,-3,17],"rotation":{"angle":0,"axis":"y","origin":[8,-5,9]},"faces":{"east":{"uv":[0,0,1,4],"texture":"#1"},"south":{"uv":[0,0,4,4],"texture":"#1"},"west":{"uv":[0,0,1,4],"texture":"#1"},"up":{"uv":[0,0,4,1],"texture":"#1"},"down":{"uv":[0,0,4,1],"texture":"#1"}}},{"from":[12,-13,14],"to":[18,-7,19],"rotation":{"angle":0,"axis":"y","origin":[10,-5,22]},"faces":{"north":{"uv":[0,0,6,6],"texture":"#0"},"east":{"uv":[0,0,5,6],"texture":"#0"},"south":{"uv":[0,0,16,16],"texture":"#0"},"west":{"uv":[0,0,5,6],"texture":"#0"},"up":{"uv":[0,0,6,5],"texture":"#0"},"down":{"uv":[0,0,6,5],"texture":"#0"}}},{"from":[-2,-13,14],"to":[4,-7,19],"rotation":{"angle":0,"axis":"y","origin":[-4,-5,22]},"faces":{"north":{"uv":[0,0,6,6],"texture":"#0"},"east":{"uv":[0,0,5,6],"texture":"#0"},"south":{"uv":[0,0,16,16],"texture":"#0"},"west":{"uv":[0,0,5,6],"texture":"#0"},"up":{"uv":[0,0,6,5],"texture":"#0"},"down":{"uv":[0,0,6,5],"texture":"#0"}}},{"from":[2,0,2],"to":[14,10,14],"faces":{"north":{"uv":[0,0,12,10],"texture":"#0"},"east":{"uv":[0,0,12,10],"texture":"#0"},"south":{"uv":[0,0,12,10],"texture":"#0"},"west":{"uv":[0,0,12,10],"texture":"#0"},"up":{"uv":[0,0,12,12],"texture":"#0"}}},{"from":[14,4.5,6.75],"to":[23,6.25,8.5],"rotation":{"angle":0,"axis":"y","origin":[20,8,6]},"faces":{"north":{"uv":[0,0,4,7],"rotation":90,"texture":"#5"},"south":{"uv":[0,0,4,7],"rotation":90,"texture":"#5"},"up":{"uv":[0,0,4,7],"rotation":90,"texture":"#5"},"down":{"uv":[0,0,4,7],"rotation":90,"texture":"#5"}}},{"from":[8.375,22.875,6.25],"to":[9.125,26.375,7],"rotation":{"angle":-22.5,"axis":"z","origin":[8.75,24.625,6.625]},"faces":{"north":{"uv":[0,0,4,7],"rotation":180,"texture":"#5"},"east":{"uv":[0,0,4,7],"texture":"#5"},"south":{"uv":[0,0,4,7],"texture":"#5"},"west":{"uv":[0,0,4,7],"texture":"#5"}}},{"from":[6.625,23.875,5],"to":[7.375,25.875,5.75],"rotation":{"angle":22.5,"axis":"z","origin":[7,24.125,5.375]},"faces":{"north":{"uv":[4,0,0,7],"rotation":180,"texture":"#5"},"east":{"uv":[4,0,0,7],"texture":"#5"},"south":{"uv":[4,0,0,7],"texture":"#5"},"west":{"uv":[4,0,0,7],"texture":"#5"}}},{"from":[7.125,23.875,5.5],"to":[7.875,27.625,6.25],"rotation":{"angle":22.5,"axis":"z","origin":[7.5,25.875,5.875]},"faces":{"north":{"uv":[4,0,0,7],"rotation":180,"texture":"#5"},"east":{"uv":[4,0,0,7],"texture":"#5"},"south":{"uv":[4,0,0,7],"texture":"#5"},"west":{"uv":[4,0,0,7],"texture":"#5"}}},{"from":[10.20084,25.60757,6.25],"to":[10.95084,26.60757,7],"rotation":{"angle":-45,"axis":"z","origin":[10.57584,27.35757,6.625]},"faces":{"north":{"uv":[0,0,4,7],"rotation":180,"texture":"#5"},"east":{"uv":[0,0,4,7],"texture":"#5"},"south":{"uv":[0,0,4,7],"texture":"#5"},"west":{"uv":[0,0,4,7],"texture":"#5"},"up":{"uv":[0,0,4,7],"texture":"#5"}}},{"from":[4.79916,25.10757,5],"to":[5.54916,26.35757,5.75],"rotation":{"angle":45,"axis":"z","origin":[5.17416,26.85757,5.375]},"faces":{"north":{"uv":[4,0,0,7],"rotation":180,"texture":"#5"},"east":{"uv":[4,0,0,7],"texture":"#5"},"south":{"uv":[4,0,0,7],"texture":"#5"},"west":{"uv":[4,0,0,7],"texture":"#5"},"up":{"uv":[4,0,0,7],"texture":"#5"}}},{"from":[5.29916,26.85757,5.5],"to":[6.04916,28.10757,6.25],"rotation":{"angle":45,"axis":"z","origin":[5.67416,28.60757,5.875]},"faces":{"north":{"uv":[4,0,0,7],"rotation":180,"texture":"#5"},"east":{"uv":[4,0,0,7],"texture":"#5"},"south":{"uv":[4,0,0,7],"texture":"#5"},"west":{"uv":[4,0,0,7],"texture":"#5"},"up":{"uv":[4,0,0,7],"texture":"#5"}}},{"from":[10.20084,26.60757,6.5],"to":[10.95084,27.60757,7.25],"rotation":{"angle":-45,"axis":"z","origin":[10.57584,27.35757,6.875]},"faces":{"north":{"uv":[0,0,4,7],"rotation":180,"texture":"#5"},"east":{"uv":[0,0,4,7],"texture":"#5"},"south":{"uv":[0,0,4,7],"texture":"#5"},"west":{"uv":[0,0,4,7],"texture":"#5"},"down":{"uv":[0,0,4,7],"texture":"#5"}}},{"from":[4.79916,26.35757,5.25],"to":[5.54916,27.60757,6],"rotation":{"angle":45,"axis":"z","origin":[5.17416,26.85757,5.625]},"faces":{"north":{"uv":[4,0,0,7],"rotation":180,"texture":"#5"},"east":{"uv":[4,0,0,7],"texture":"#5"},"south":{"uv":[4,0,0,7],"texture":"#5"},"west":{"uv":[4,0,0,7],"texture":"#5"},"up":{"uv":[4,0,0,7],"texture":"#5"},"down":{"uv":[4,0,0,7],"texture":"#5"}}},{"from":[5.29916,28.10757,5.75],"to":[6.04916,29.35757,6.5],"rotation":{"angle":45,"axis":"z","origin":[5.67416,28.60757,6.125]},"faces":{"north":{"uv":[4,0,0,7],"rotation":180,"texture":"#5"},"east":{"uv":[4,0,0,7],"texture":"#5"},"south":{"uv":[4,0,0,7],"texture":"#5"},"west":{"uv":[4,0,0,7],"texture":"#5"},"up":{"uv":[4,0,0,7],"texture":"#5"},"down":{"uv":[4,0,0,7],"texture":"#5"}}},{"from":[9.20084,26.35757,6],"to":[9.70084,28.35757,6.75],"rotation":{"angle":22.5,"axis":"z","origin":[9.32584,28.10757,6.375]},"faces":{"north":{"uv":[0,0,4,7],"rotation":180,"texture":"#5"},"east":{"uv":[0,0,4,7],"texture":"#5"},"south":{"uv":[0,0,4,7],"texture":"#5"},"west":{"uv":[0,0,4,7],"texture":"#5"},"up":{"uv":[0,0,4,7],"texture":"#5"},"down":{"uv":[0,0,4,7],"texture":"#5"}}},{"from":[10.48745,27.04951,6.5],"to":[11.48745,27.79951,7.25],"rotation":{"angle":0,"axis":"z","origin":[12.23745,27.42451,6.875]},"faces":{"north":{"uv":[0,0,4,7],"rotation":90,"texture":"#5"},"east":{"uv":[0,0,4,7],"rotation":90,"texture":"#5"},"south":{"uv":[0,0,4,7],"rotation":90,"texture":"#5"},"up":{"uv":[0,0,4,7],"rotation":90,"texture":"#5"},"down":{"uv":[0,0,4,7],"rotation":90,"texture":"#5"}}},{"from":[11.48745,27.04951,6.75],"to":[11.98745,27.79951,7.5],"rotation":{"angle":0,"axis":"z","origin":[12.23745,27.42451,7.125]},"faces":{"north":{"uv":[0,0,4,7],"rotation":90,"texture":"#5"},"east":{"uv":[0,0,4,7],"rotation":90,"texture":"#5"},"south":{"uv":[0,0,4,7],"rotation":90,"texture":"#5"},"west":{"uv":[0,0,4,7],"rotation":90,"texture":"#5"},"up":{"uv":[0,0,4,7],"rotation":90,"texture":"#5"},"down":{"uv":[0,0,4,7],"rotation":90,"texture":"#5"}}},{"from":[-7.5,4.5,6.75],"to":[2,6.25,8.5],"rotation":{"angle":0,"axis":"y","origin":[-4,8,6]},"faces":{"north":{"uv":[0,0,4,7],"rotation":90,"texture":"#5"},"south":{"uv":[0,0,4,7],"rotation":90,"texture":"#5"},"up":{"uv":[0,0,4,7],"rotation":90,"texture":"#5"},"down":{"uv":[0,0,4,7],"rotation":90,"texture":"#5"}}},{"from":[21.75,3.75,6.75],"to":[25.25,4.75,8.5],"rotation":{"angle":-45,"axis":"z","origin":[23.5,4.25,7.625]},"faces":{"north":{"uv":[0,7,4,0],"rotation":270,"texture":"#5"},"east":{"uv":[0,7,4,0],"rotation":180,"texture":"#5"},"south":{"uv":[0,7,4,0],"rotation":90,"texture":"#5"},"up":{"uv":[0,7,4,0],"rotation":90,"texture":"#5"},"down":{"uv":[0,7,4,0],"rotation":270,"texture":"#5"}}},{"from":[-9.25,3.75,6.75],"to":[-5.75,4.75,8.5],"rotation":{"angle":45,"axis":"z","origin":[-7.5,4.25,7.625]},"faces":{"north":{"uv":[0,0,4,7],"rotation":270,"texture":"#5"},"south":{"uv":[0,0,4,7],"rotation":90,"texture":"#5"},"west":{"uv":[4,7,0,0],"rotation":180,"texture":"#5"},"up":{"uv":[0,0,4,7],"rotation":90,"texture":"#5"},"down":{"uv":[0,0,4,7],"rotation":270,"texture":"#5"}}},{"from":[22.5,4.75,6.75],"to":[26,5.75,8.5],"rotation":{"angle":0,"axis":"y","origin":[24.25,5.25,7.625]},"faces":{"north":{"uv":[0,7,4,0],"rotation":270,"texture":"#5"},"east":{"uv":[0,7,4,0],"rotation":180,"texture":"#5"},"south":{"uv":[0,7,4,0],"rotation":90,"texture":"#5"},"up":{"uv":[0,7,4,0],"rotation":90,"texture":"#5"},"down":{"uv":[0,7,4,0],"rotation":270,"texture":"#5"}}},{"from":[-10,4.75,6.75],"to":[-6.5,5.75,8.5],"rotation":{"angle":0,"axis":"y","origin":[-8.25,5.25,7.625]},"faces":{"north":{"uv":[0,0,4,7],"rotation":270,"texture":"#5"},"south":{"uv":[0,0,4,7],"rotation":90,"texture":"#5"},"west":{"uv":[4,7,0,0],"rotation":180,"texture":"#5"},"up":{"uv":[0,0,4,7],"rotation":90,"texture":"#5"},"down":{"uv":[0,0,4,7],"rotation":270,"texture":"#5"}}},{"from":[23,4.5,6.75],"to":[24,8,8.5],"rotation":{"angle":-45,"axis":"z","origin":[23.5,6.25,7.625]},"faces":{"north":{"uv":[4,0,0,7],"rotation":180,"texture":"#5"},"east":{"uv":[0,7,4,0],"rotation":180,"texture":"#5"},"south":{"uv":[4,0,0,7],"rotation":180,"texture":"#5"},"west":{"uv":[0,7,4,0],"texture":"#5"},"up":{"uv":[0,7,4,0],"rotation":90,"texture":"#5"}}},{"from":[-8,4.5,6.75],"to":[-7,8,8.5],"rotation":{"angle":45,"axis":"z","origin":[-7.5,6.25,7.625]},"faces":{"north":{"uv":[0,0,4,7],"rotation":180,"texture":"#5"},"east":{"uv":[4,7,0,0],"texture":"#5"},"south":{"uv":[0,0,4,7],"rotation":180,"texture":"#5"},"west":{"uv":[4,7,0,0],"rotation":180,"texture":"#5"},"up":{"uv":[0,0,4,7],"rotation":90,"texture":"#5"}}},{"from":[21.25,5.5,6.75],"to":[22.25,7.5,8.5],"rotation":{"angle":-22.5,"axis":"z","origin":[21.75,5.75,7.625]},"faces":{"north":{"uv":[4,0,0,7],"rotation":180,"texture":"#5"},"east":{"uv":[0,7,4,0],"rotation":180,"texture":"#5"},"south":{"uv":[4,0,0,7],"rotation":180,"texture":"#5"},"west":{"uv":[0,7,4,0],"texture":"#5"},"up":{"uv":[0,7,4,0],"rotation":90,"texture":"#5"}}},{"from":[-6.25,5.5,6.75],"to":[-5.25,7.5,8.5],"rotation":{"angle":22.5,"axis":"z","origin":[-5.75,5.75,7.625]},"faces":{"north":{"uv":[0,0,4,7],"rotation":180,"texture":"#5"},"east":{"uv":[4,7,0,0],"texture":"#5"},"south":{"uv":[0,0,4,7],"rotation":180,"texture":"#5"},"west":{"uv":[4,7,0,0],"rotation":180,"texture":"#5"},"up":{"uv":[0,0,4,7],"rotation":90,"texture":"#5"}}},{"from":[12,10,3],"to":[13,17,12.5],"rotation":{"angle":0,"axis":"y","origin":[8,18,8]},"faces":{"north":{"uv":[0,0,10,7],"texture":"#0"},"east":{"uv":[0,0,10,7],"texture":"#0"},"west":{"uv":[0,0,10,7],"texture":"#4"},"up":{"uv":[0,0,10,10],"texture":"#0"}}},{"from":[4,10,3],"to":[12,17,8.75],"rotation":{"angle":0,"axis":"y","origin":[6.75,18,8]},"faces":{"north":{"uv":[0,0,10,7],"texture":"#0"},"south":{"uv":[0,0,10,7],"texture":"#4"},"up":{"uv":[0,0,10,10],"texture":"#0"}}},{"from":[3,10,3],"to":[4,17,12.5],"rotation":{"angle":0,"axis":"y","origin":[8,18,8]},"faces":{"north":{"uv":[0,0,10,7],"texture":"#0"},"east":{"uv":[0,0,10,7],"texture":"#4"},"west":{"uv":[0,0,10,7],"texture":"#0"},"up":{"uv":[0,0,10,10],"texture":"#0"}}},{"from":[3,15.75,12.5],"to":[13,17,13],"rotation":{"angle":0,"axis":"y","origin":[8,18,8.5]},"faces":{"east":{"uv":[0,0,10,7],"texture":"#0"},"south":{"uv":[0,0,10,7],"texture":"#0"},"west":{"uv":[0,0,10,7],"texture":"#0"},"up":{"uv":[0,0,10,10],"texture":"#0"},"down":{"uv":[0,0,10,10],"texture":"#0"}}},{"from":[4,15.75,8],"to":[12,17,12.5],"rotation":{"angle":0,"axis":"y","origin":[8,18,8]},"faces":{"up":{"uv":[0,0,10,10],"texture":"#0"}}},{"from":[3.5,14.75,8.5],"to":[12.5,15.75,12.5],"rotation":{"angle":0,"axis":"y","origin":[8,16.75,7.75]},"faces":{"down":{"uv":[0,0,10,10],"texture":"#4"}}},{"from":[3.5,14.75,12.5],"to":[12.5,15.75,13.25],"rotation":{"angle":0,"axis":"y","origin":[8,16.75,8.5]},"faces":{"east":{"uv":[0,0,10,7],"texture":"#0"},"south":{"uv":[0,0,10,7],"texture":"#0"},"west":{"uv":[0,0,10,7],"texture":"#0"},"up":{"uv":[0,0,10,10],"texture":"#0"},"down":{"uv":[0,0,10,10],"texture":"#0"}}},{"from":[4.5,14,8.75],"to":[11.5,14.75,12.75],"rotation":{"angle":0,"axis":"y","origin":[8,16,8]},"faces":{"east":{"uv":[0,0,10,7],"texture":"#4"},"west":{"uv":[0,0,10,7],"texture":"#4"},"down":{"uv":[0,0,10,10],"texture":"#4"}}},{"from":[4.5,14,12.75],"to":[11.5,14.75,13.5],"rotation":{"angle":0,"axis":"y","origin":[8,16,8.75]},"faces":{"east":{"uv":[0,0,10,7],"texture":"#0"},"south":{"uv":[0,0,10,7],"texture":"#0"},"west":{"uv":[0,0,10,7],"texture":"#0"},"up":{"uv":[0,0,10,10],"texture":"#0"},"down":{"uv":[0,0,10,10],"texture":"#0"}}},{"from":[7,13,12.25],"to":[9,14.5,13],"rotation":{"angle":0,"axis":"y","origin":[8.25,15,8.25]},"faces":{"north":{"uv":[0,0,10,7],"texture":"#3"},"east":{"uv":[0,0,10,7],"texture":"#3"},"south":{"uv":[0,0,10,7],"texture":"#3"},"west":{"uv":[0,0,10,7],"texture":"#3"},"down":{"uv":[0,0,10,10],"texture":"#3"}}},{"from":[5,10.25,13],"to":[11,11,13.25],"rotation":{"angle":0,"axis":"y","origin":[8,12.25,8.5]},"faces":{"east":{"uv":[0,0,10,7],"texture":"#0"},"south":{"uv":[0,0,10,7],"texture":"#0"},"west":{"uv":[0,0,10,7],"texture":"#0"},"up":{"uv":[0,0,10,10],"texture":"#0"},"down":{"uv":[0,0,10,10],"texture":"#0"}}},{"from":[5,9.75,12.5],"to":[11,11,13],"rotation":{"angle":0,"axis":"y","origin":[8,12.25,8.25]},"faces":{"south":{"uv":[0,0,10,7],"texture":"#0"},"up":{"uv":[0,0,10,10],"texture":"#0"}}},{"from":[5,9.75,8.75],"to":[11,11,12.5],"rotation":{"angle":0,"axis":"y","origin":[8,12.25,7.75]},"faces":{"up":{"uv":[0,0,10,10],"texture":"#4"}}},{"from":[4,10.75,13],"to":[5,11.75,13.25],"rotation":{"angle":0,"axis":"y","origin":[7,12.75,8.5]},"faces":{"east":{"uv":[0,0,10,7],"texture":"#0"},"south":{"uv":[0,0,10,7],"texture":"#0"},"west":{"uv":[0,0,10,7],"texture":"#0"},"up":{"uv":[0,0,10,10],"texture":"#0"},"down":{"uv":[0,0,10,10],"texture":"#0"}}},{"from":[4,10,12.5],"to":[5,11.75,13],"rotation":{"angle":0,"axis":"y","origin":[7,12.75,8.25]},"faces":{"east":{"uv":[0,0,10,7],"texture":"#0"},"south":{"uv":[0,0,10,7],"texture":"#0"},"west":{"uv":[0,0,10,7],"texture":"#0"},"up":{"uv":[0,0,10,10],"texture":"#0"}}},{"from":[4,10,8.75],"to":[5,11.75,12.5],"rotation":{"angle":0,"axis":"y","origin":[7,12.75,7.75]},"faces":{"east":{"uv":[0,0,10,7],"texture":"#4"},"up":{"uv":[0,0,10,10],"texture":"#4"}}},{"from":[3,11.75,12.75],"to":[4,13,13],"rotation":{"angle":0,"axis":"y","origin":[6,13.75,8.5]},"faces":{"east":{"uv":[0,0,10,7],"texture":"#0"},"south":{"uv":[0,0,10,7],"texture":"#0"},"west":{"uv":[0,0,10,7],"texture":"#0"},"up":{"uv":[0,0,10,10],"texture":"#0"},"down":{"uv":[0,0,10,10],"texture":"#0"}}},{"from":[3,10,12.5],"to":[4,15.75,12.75],"rotation":{"angle":0,"axis":"y","origin":[6,15,8.5]},"faces":{"east":{"uv":[0,0,10,7],"texture":"#0"},"south":{"uv":[0,0,10,7],"texture":"#0"},"west":{"uv":[0,0,10,7],"texture":"#0"}}},{"from":[12,11.5,12.75],"to":[13,12.75,13],"rotation":{"angle":0,"axis":"y","origin":[15,13.5,8.5]},"faces":{"east":{"uv":[0,0,10,7],"texture":"#0"},"south":{"uv":[0,0,10,7],"texture":"#0"},"west":{"uv":[0,0,10,7],"texture":"#0"},"up":{"uv":[0,0,10,10],"texture":"#0"},"down":{"uv":[0,0,10,10],"texture":"#0"}}},{"from":[12,10,12.5],"to":[13,15.75,12.75],"rotation":{"angle":0,"axis":"y","origin":[15,14.75,8.5]},"faces":{"east":{"uv":[0,0,10,7],"texture":"#0"},"south":{"uv":[0,0,10,7],"texture":"#0"},"west":{"uv":[0,0,10,7],"texture":"#0"}}},{"from":[11,10.75,13],"to":[12,11.75,13.25],"rotation":{"angle":0,"axis":"y","origin":[14,12.75,8.5]},"faces":{"east":{"uv":[0,0,10,7],"texture":"#0"},"south":{"uv":[0,0,10,7],"texture":"#0"},"west":{"uv":[0,0,10,7],"texture":"#0"},"up":{"uv":[0,0,10,10],"texture":"#0"},"down":{"uv":[0,0,10,10],"texture":"#0"}}},{"from":[11,10,12.5],"to":[12,11.75,13],"rotation":{"angle":0,"axis":"y","origin":[14,12.75,8.25]},"faces":{"east":{"uv":[0,0,10,7],"texture":"#0"},"south":{"uv":[0,0,10,7],"texture":"#0"},"west":{"uv":[0,0,10,7],"texture":"#0"},"up":{"uv":[0,0,10,10],"texture":"#0"}}},{"from":[11,10,8.75],"to":[12,11.75,12.5],"rotation":{"angle":0,"axis":"y","origin":[14,12.75,7.75]},"faces":{"west":{"uv":[0,0,10,7],"texture":"#4"},"up":{"uv":[0,0,10,10],"texture":"#4"}}},{"from":[6.5,17,7],"to":[9.5,19,13],"rotation":{"angle":0,"axis":"y","origin":[8,21,12]},"faces":{"east":{"uv":[0,0,10,4],"texture":"#2"},"south":{"uv":[2,5,11,15],"texture":"#2"},"west":{"uv":[0,0,10,4],"texture":"#2"},"up":{"uv":[0,0,4,10],"texture":"#2"}}},{"from":[6.5,16,13],"to":[9.5,18.75,14.25],"rotation":{"angle":0,"axis":"y","origin":[8,21,18]},"faces":{"east":{"uv":[0,0,10,4],"texture":"#2"},"south":{"uv":[2,5,11,15],"texture":"#2"},"west":{"uv":[0,0,10,4],"texture":"#2"},"up":{"uv":[0,0,4,10],"texture":"#2"},"down":{"uv":[0,0,4,10],"texture":"#2"}}},{"from":[6.75,16,14.25],"to":[9.25,18.5,15.5],"rotation":{"angle":0,"axis":"y","origin":[8,21,19.25]},"faces":{"east":{"uv":[0,0,10,4],"texture":"#2"},"south":{"uv":[2,5,11,15],"texture":"#2"},"west":{"uv":[0,0,10,4],"texture":"#2"},"up":{"uv":[0,0,4,10],"texture":"#2"},"down":{"uv":[0,0,4,10],"texture":"#2"}}},{"from":[7,16.25,15.5],"to":[9,18.25,17],"rotation":{"angle":0,"axis":"y","origin":[8,21,20]},"faces":{"east":{"uv":[0,0,10,4],"texture":"#2"},"south":{"uv":[2,5,11,15],"texture":"#2"},"west":{"uv":[0,0,10,4],"texture":"#2"},"up":{"uv":[0,0,4,10],"texture":"#2"},"down":{"uv":[0,0,4,10],"texture":"#2"}}},{"from":[4,21.25,3.5],"to":[12,23.75,9],"rotation":{"angle":0,"axis":"y","origin":[8,25,8]},"faces":{"north":{"uv":[0,0,10,7],"texture":"#0"},"east":{"uv":[0,0,6,7],"texture":"#0"},"south":{"uv":[0,0,10,7],"texture":"#0"},"west":{"uv":[0,0,6,7],"texture":"#0"},"up":{"uv":[0,0,10,6],"texture":"#0"}}},{"from":[5.25,23.75,3.75],"to":[10.5,24.25,9],"rotation":{"angle":0,"axis":"y","origin":[8,27.5,8]},"faces":{"north":{"uv":[0,0,10,7],"texture":"#0"},"east":{"uv":[0,0,6,7],"texture":"#0"},"south":{"uv":[0,0,10,7],"texture":"#0"},"west":{"uv":[0,0,6,7],"texture":"#0"},"up":{"uv":[0,0,10,6],"texture":"#0"}}},{"from":[3.5,17,3.25],"to":[12.25,21.25,9],"rotation":{"angle":0,"axis":"y","origin":[8,25,8]},"faces":{"north":{"uv":[0,0,10,7],"texture":"#0"},"east":{"uv":[0,0,6,7],"texture":"#0"},"south":{"uv":[0,0,10,7],"texture":"#0"},"west":{"uv":[0,0,6,7],"texture":"#0"},"up":{"uv":[0,0,10,6],"texture":"#0"}}},{"from":[4.5,19,9],"to":[7.5,22,9.25],"rotation":{"angle":0,"axis":"y","origin":[8.5,27,9]},"faces":{"east":{"uv":[0,0,6,7],"texture":"#1"},"south":{"uv":[0,0,10,7],"texture":"#1"},"west":{"uv":[0,0,6,7],"texture":"#1"},"up":{"uv":[0,0,10,6],"texture":"#1"},"down":{"uv":[0,0,10,6],"texture":"#1"}}},{"from":[8.5,19,9],"to":[11.5,22,9.25],"rotation":{"angle":0,"axis":"y","origin":[7.5,27,9]},"faces":{"east":{"uv":[6,0,0,7],"texture":"#1"},"south":{"uv":[10,0,0,7],"texture":"#1"},"west":{"uv":[6,0,0,7],"texture":"#1"},"up":{"uv":[10,0,0,6],"texture":"#1"},"down":{"uv":[10,0,0,6],"texture":"#1"}}},{"from":[4.25,22.75,9],"to":[6.25,23.25,9.25],"rotation":{"angle":22.5,"axis":"z","origin":[5.75,23,9.125]},"faces":{"north":{"uv":[0,0,10,7],"texture":"#1"},"south":{"uv":[0,0,10,7],"texture":"#1"},"west":{"uv":[0,0,6,7],"texture":"#1"},"up":{"uv":[0,0,10,6],"texture":"#1"},"down":{"uv":[0,0,10,6],"texture":"#1"}}},{"from":[9.75,22.75,9],"to":[11.75,23.25,9.25],"rotation":{"angle":-22.5,"axis":"z","origin":[10.25,23,9.125]},"faces":{"north":{"uv":[10,0,0,7],"texture":"#1"},"east":{"uv":[6,0,0,7],"texture":"#1"},"south":{"uv":[10,0,0,7],"texture":"#1"},"up":{"uv":[10,0,0,6],"texture":"#1"},"down":{"uv":[10,0,0,6],"texture":"#1"}}},{"from":[6.11627,22.92231,9],"to":[7.36627,23.42231,9.25],"rotation":{"angle":0,"axis":"z","origin":[7.61627,23.17231,9.125]},"faces":{"east":{"uv":[0,0,6,7],"texture":"#1"},"south":{"uv":[0,0,10,7],"texture":"#1"},"up":{"uv":[0,0,10,6],"texture":"#1"},"down":{"uv":[0,0,10,6],"texture":"#1"}}},{"from":[8.63373,22.92231,9],"to":[9.88373,23.42231,9.25],"rotation":{"angle":0,"axis":"z","origin":[8.38373,23.17231,9.125]},"faces":{"south":{"uv":[10,0,0,7],"texture":"#1"},"west":{"uv":[6,0,0,7],"texture":"#1"},"up":{"uv":[10,0,0,6],"texture":"#1"},"down":{"uv":[10,0,0,6],"texture":"#1"}}},{"from":[5.25,19.75,9.1],"to":[6.75,21.25,9.35],"rotation":{"angle":0,"axis":"y","origin":[8.5,27,9.25]},"faces":{"east":{"uv":[0,0,6,7],"texture":"#1"},"south":{"uv":[0,0,10,7],"texture":"#1"},"west":{"uv":[0,0,6,7],"texture":"#1"},"up":{"uv":[0,0,10,6],"texture":"#1"},"down":{"uv":[0,0,10,6],"texture":"#1"}}},{"from":[9.25,19.75,9.1],"to":[10.75,21.25,9.35],"rotation":{"angle":0,"axis":"y","origin":[7.5,27,9.25]},"faces":{"east":{"uv":[6,0,0,7],"texture":"#1"},"south":{"uv":[10,0,0,7],"texture":"#1"},"west":{"uv":[6,0,0,7],"texture":"#1"},"up":{"uv":[10,0,0,6],"texture":"#1"},"down":{"uv":[10,0,0,6],"texture":"#1"}}},{"from":[4.75,19.25,9.05],"to":[7.25,21.75,9.3],"rotation":{"angle":0,"axis":"y","origin":[8.5,27,9.25]},"faces":{"east":{"uv":[0,0,6,7],"texture":"#0"},"south":{"uv":[0,0,10,7],"texture":"#0"},"west":{"uv":[0,0,6,7],"texture":"#0"},"up":{"uv":[0,0,10,6],"texture":"#0"},"down":{"uv":[0,0,10,6],"texture":"#0"}}},{"from":[8.75,19.25,9.05],"to":[11.25,21.75,9.3],"rotation":{"angle":0,"axis":"y","origin":[7.5,27,9.25]},"faces":{"east":{"uv":[6,0,0,7],"texture":"#0"},"south":{"uv":[10,0,0,7],"texture":"#0"},"west":{"uv":[6,0,0,7],"texture":"#0"},"up":{"uv":[10,0,0,6],"texture":"#0"},"down":{"uv":[10,0,0,6],"texture":"#0"}}},{"from":[5.5,20.75,9.15],"to":[6,21,9.4],"rotation":{"angle":0,"axis":"y","origin":[8.5,27,9.75]},"faces":{"east":{"uv":[0,0,6,7],"texture":"#0"},"south":{"uv":[0,0,10,7],"texture":"#0"},"west":{"uv":[0,0,6,7],"texture":"#0"},"up":{"uv":[0,0,10,6],"texture":"#0"},"down":{"uv":[0,0,10,6],"texture":"#0"}}},{"from":[9.5,20.75,9.15],"to":[10,21,9.4],"rotation":{"angle":0,"axis":"y","origin":[7,27,9.75]},"faces":{"east":{"uv":[6,0,0,7],"texture":"#0"},"south":{"uv":[10,0,0,7],"texture":"#0"},"west":{"uv":[6,0,0,7],"texture":"#0"},"up":{"uv":[10,0,0,6],"texture":"#0"},"down":{"uv":[10,0,0,6],"texture":"#0"}}}],"display":{"thirdperson_righthand":{"rotation":[56,-180,-12],"translation":[-1.25,1.75,3],"scale":[0.24,0.24,0.24]},"thirdperson_lefthand":{"rotation":[33,-23,-12],"translation":[-2,3.5,2.5],"scale":[0.24,0.24,0.24]},"firstperson_righthand":{"rotation":[14,-180,-13],"translation":[-1.5,3,2.75],"scale":[0.24,0.24,0.24]},"firstperson_lefthand":{"rotation":[-4,-53,-12],"translation":[-1.5,4,1.5],"scale":[0.24,0.24,0.24]},"ground":{"translation":[0,2.5,0],"scale":[0.3,0.3,0.3]},"gui":{"rotation":[23,36,0],"translation":[0,1,-0.5],"scale":[0.34,0.34,0.34]},"head":{"rotation":[0,-180,0],"translation":[0,-11,0]},"fixed":{"rotation":[-13,-162,0],"translation":[0,0,-0.5],"scale":[0.54,0.54,0.54]}}}