{"credit":"Made with Blockbench by Valvac","textures":{"visage":"block/white_terracotta","bottes":"block/brown_terracotta","chemise":"block/sandstone_top","gilet":"block/light_blue_terracotta","manteau":"block/brown_concrete_powder","pants":"block/green_terracotta","mesh_atlas":"block/gray_terracotta","ceinture":"block/white_wool","bandeau":"block/redstone_block"},"elements":[{"from":[4.25,21.75,5.75],"to":[11.9375,22.75,12.75],"faces":{"north":{"uv":[3.5,6,12.5,7],"texture":"#bandeau"},"east":{"uv":[3.5,6,12.5,7],"texture":"#bandeau"},"south":{"uv":[3.5,6,12.5,7],"texture":"#bandeau"},"west":{"uv":[3.5,6,12.5,7],"texture":"#bandeau"},"up":{"uv":[3.5,6,12.5,7],"texture":"#bandeau"},"down":{"uv":[3.5,6,12.5,7],"texture":"#bandeau"}}},{"from":[4.4375,22.75,6],"to":[11.75,23.75,12.5],"faces":{"north":{"uv":[6.5,7.5,15.5,8.5],"texture":"#bandeau"},"east":{"uv":[6.5,7.5,15.5,8.5],"texture":"#bandeau"},"south":{"uv":[6.5,7.5,15.5,8.5],"texture":"#bandeau"},"west":{"uv":[6.5,7.5,15.5,8.5],"texture":"#bandeau"},"up":{"uv":[6.5,7.5,15.5,8.5],"texture":"#bandeau"},"down":{"uv":[6.5,7.5,15.5,8.5],"texture":"#bandeau"}}},{"from":[4.625,23.75,6.25],"to":[11.5625,24.4375,12.25],"faces":{"north":{"uv":[4,11.5,13,12.5],"texture":"#bandeau"},"east":{"uv":[4,11.5,13,12.5],"texture":"#bandeau"},"south":{"uv":[4,11.5,13,12.5],"texture":"#bandeau"},"west":{"uv":[4,11.5,13,12.5],"texture":"#bandeau"},"up":{"uv":[4,11.5,13,12.5],"texture":"#bandeau"},"down":{"uv":[4,11.5,13,12.5],"texture":"#bandeau"}}},{"from":[19.625,13.5,8],"to":[21.25,16.25,11],"faces":{"north":{"uv":[6,14.0625,4.9375,13.09375],"texture":"#visage"},"east":{"uv":[6,14.0625,4.9375,13.09375],"texture":"#visage"},"south":{"uv":[6,14.0625,4.9375,13.09375],"texture":"#visage"},"west":{"uv":[6,14.0625,4.9375,13.09375],"texture":"#visage"},"up":{"uv":[6,14.0625,4.9375,13.09375],"texture":"#visage"},"down":{"uv":[6,14.0625,4.9375,13.09375],"texture":"#visage"}}},{"from":[-4.5,13.5,8],"to":[0.25,16.25,11],"faces":{"north":{"uv":[6,14.0625,4.9375,13.09375],"texture":"#visage"},"east":{"uv":[6,14.0625,4.9375,13.09375],"texture":"#visage"},"south":{"uv":[6,14.0625,4.9375,13.09375],"texture":"#visage"},"west":{"uv":[6,14.0625,4.9375,13.09375],"texture":"#visage"},"up":{"uv":[6,14.0625,4.9375,13.09375],"texture":"#visage"},"down":{"uv":[6,14.0625,4.9375,13.09375],"texture":"#visage"}}},{"from":[3.75,-7.0001,7.5],"to":[7.75,-1.0001,11.5],"faces":{"north":{"uv":[0.34375,0.21875,4.34375,6.21875],"texture":"#bottes"},"east":{"uv":[0.34375,0.21875,4.34375,6.21875],"texture":"#bottes"},"south":{"uv":[0.34375,0.21875,4.34375,6.21875],"texture":"#bottes"},"west":{"uv":[0.34375,0.21875,4.34375,6.21875],"texture":"#bottes"},"up":{"uv":[0.34375,0.21875,4.34375,6.21875],"texture":"#bottes"},"down":{"uv":[0.34375,0.21875,4.34375,6.21875],"texture":"#bottes"}}},{"from":[3.5,-2.5001,7],"to":[8,0.9999,12],"faces":{"north":{"uv":[0.34375,0.21875,4.84375,3.71875],"texture":"#bottes"},"east":{"uv":[0.34375,0.21875,4.84375,3.71875],"texture":"#bottes"},"south":{"uv":[0.34375,0.21875,4.84375,3.71875],"texture":"#bottes"},"west":{"uv":[0.34375,0.21875,4.84375,3.71875],"texture":"#bottes"},"up":{"uv":[0.34375,0.21875,4.84375,3.71875],"texture":"#bottes"},"down":{"uv":[0.34375,0.21875,4.84375,3.71875],"texture":"#bottes"}}},{"from":[3.75,-0.0002,7.25],"to":[7.75,7.9998,11.25],"faces":{"north":{"uv":[0.34375,0.21875,7.53125,14.0625],"texture":"#pants"},"east":{"uv":[0.34375,0.21875,7.53125,14.0625],"texture":"#pants"},"south":{"uv":[0.34375,0.21875,7.53125,14.0625],"texture":"#pants"},"west":{"uv":[0.34375,0.21875,7.53125,14.0625],"texture":"#pants"},"up":{"uv":[0.34375,0.21875,7.53125,14.0625],"texture":"#pants"},"down":{"uv":[0.34375,0.21875,7.53125,14.0625],"texture":"#pants"}}},{"from":[8.5,-7.0001,7.5],"to":[12.5,-1.0001,11.5],"faces":{"north":{"uv":[0.34375,0.21875,4.34375,6.21875],"texture":"#bottes"},"east":{"uv":[0.34375,0.21875,4.34375,6.21875],"texture":"#bottes"},"south":{"uv":[0.34375,0.21875,4.34375,6.21875],"texture":"#bottes"},"west":{"uv":[0.34375,0.21875,4.34375,6.21875],"texture":"#bottes"},"up":{"uv":[0.34375,0.21875,4.34375,6.21875],"texture":"#bottes"},"down":{"uv":[0.34375,0.21875,4.34375,6.21875],"texture":"#bottes"}}},{"from":[3.75,-7.0001,11.5],"to":[7.75,-5.0001,12.5],"faces":{"north":{"uv":[0.34375,0.21875,4.34375,6.21875],"texture":"#bottes"},"east":{"uv":[0.34375,0.21875,4.34375,6.21875],"texture":"#bottes"},"south":{"uv":[0.34375,0.21875,4.34375,6.21875],"texture":"#bottes"},"west":{"uv":[0.34375,0.21875,4.34375,6.21875],"texture":"#bottes"},"up":{"uv":[0.34375,0.21875,4.34375,6.21875],"texture":"#bottes"},"down":{"uv":[0.34375,0.21875,4.34375,6.21875],"texture":"#bottes"}}},{"from":[8.5,-7.0001,11.5],"to":[12.5,-5.0001,12.5],"faces":{"north":{"uv":[0.34375,0.21875,4.34375,6.21875],"texture":"#bottes"},"east":{"uv":[0.34375,0.21875,4.34375,6.21875],"texture":"#bottes"},"south":{"uv":[0.34375,0.21875,4.34375,6.21875],"texture":"#bottes"},"west":{"uv":[0.34375,0.21875,4.34375,6.21875],"texture":"#bottes"},"up":{"uv":[0.34375,0.21875,4.34375,6.21875],"texture":"#bottes"},"down":{"uv":[0.34375,0.21875,4.34375,6.21875],"texture":"#bottes"}}},{"from":[8.25,-2.5001,7],"to":[12.75,0.9999,12],"faces":{"north":{"uv":[0.34375,0.21875,4.84375,3.71875],"texture":"#bottes"},"east":{"uv":[0.34375,0.21875,4.84375,3.71875],"texture":"#bottes"},"south":{"uv":[0.34375,0.21875,4.84375,3.71875],"texture":"#bottes"},"west":{"uv":[0.34375,0.21875,4.84375,3.71875],"texture":"#bottes"},"up":{"uv":[0.34375,0.21875,4.84375,3.71875],"texture":"#bottes"},"down":{"uv":[0.34375,0.21875,4.84375,3.71875],"texture":"#bottes"}}},{"from":[8.5,-0.0002,7.25],"to":[12.5,7.9998,11.25],"faces":{"north":{"uv":[0.34375,0.21875,7.53125,14.0625],"texture":"#pants"},"east":{"uv":[0.34375,0.21875,7.53125,14.0625],"texture":"#pants"},"south":{"uv":[0.34375,0.21875,7.53125,14.0625],"texture":"#pants"},"west":{"uv":[0.34375,0.21875,7.53125,14.0625],"texture":"#pants"},"up":{"uv":[0.34375,0.21875,7.53125,14.0625],"texture":"#pants"},"down":{"uv":[0.34375,0.21875,7.53125,14.0625],"texture":"#pants"}}},{"from":[3.75,3.7499,7],"to":[12.5,8.7499,11.5],"faces":{"north":{"uv":[0.34375,0.21875,7.53125,14.0625],"texture":"#pants"},"east":{"uv":[0.34375,0.21875,7.53125,14.0625],"texture":"#pants"},"south":{"uv":[0.34375,0.21875,7.53125,14.0625],"texture":"#pants"},"west":{"uv":[0.34375,0.21875,7.53125,14.0625],"texture":"#pants"},"up":{"uv":[0.34375,0.21875,7.53125,14.0625],"texture":"#pants"},"down":{"uv":[0.34375,0.21875,7.53125,14.0625],"texture":"#pants"}}},{"from":[0.1875,13.25,7.75],"to":[4.75,16.5,11.25],"faces":{"north":{"uv":[0,0,4.5625,3.25],"texture":"#manteau"},"east":{"uv":[0,0,4.5625,3.25],"texture":"#manteau"},"south":{"uv":[0,0,4.5625,3.25],"texture":"#manteau"},"west":{"uv":[0,0,4.5625,3.25],"texture":"#manteau"},"up":{"uv":[0,0,4.5625,3.25],"texture":"#manteau"},"down":{"uv":[0,0,4.5625,3.25],"texture":"#manteau"}}},{"from":[-3.5,12.75,7.25],"to":[0.25,17,11.75],"faces":{"north":{"uv":[0,0,3.75,4.25],"texture":"#manteau"},"east":{"uv":[0,0,3.75,4.25],"texture":"#manteau"},"south":{"uv":[0,0,3.75,4.25],"texture":"#manteau"},"west":{"uv":[0,0,3.75,4.25],"texture":"#manteau"},"up":{"uv":[0,0,3.75,4.25],"texture":"#manteau"},"down":{"uv":[0,0,3.75,4.25],"texture":"#manteau"}}},{"from":[12.1875,13.25,7.75],"to":[16.5,16.5,11.25],"faces":{"north":{"uv":[0,0,4.3125,3.25],"texture":"#manteau"},"east":{"uv":[0,0,4.3125,3.25],"texture":"#manteau"},"south":{"uv":[0,0,4.3125,3.25],"texture":"#manteau"},"west":{"uv":[0,0,4.3125,3.25],"texture":"#manteau"},"up":{"uv":[0,0,4.3125,3.25],"texture":"#manteau"},"down":{"uv":[0,0,4.3125,3.25],"texture":"#manteau"}}},{"from":[16.5,12.75,7.25],"to":[20.25,17,11.75],"faces":{"north":{"uv":[0,0,3.75,4.25],"texture":"#manteau"},"east":{"uv":[0,0,3.75,4.25],"texture":"#manteau"},"south":{"uv":[0,0,3.75,4.25],"texture":"#manteau"},"west":{"uv":[0,0,3.75,4.25],"texture":"#manteau"},"up":{"uv":[0,0,3.75,4.25],"texture":"#manteau"},"down":{"uv":[0,0,3.75,4.25],"texture":"#manteau"}}},{"from":[4.5,5.25,7.75],"to":[12.375,16.25,11.25],"faces":{"north":{"uv":[6.5,10.875,0,2.40625],"texture":"#chemise"},"east":{"uv":[6.5,10.875,0,2.40625],"texture":"#chemise"},"south":{"uv":[6.5,10.875,0,2.40625],"texture":"#chemise"},"west":{"uv":[6.5,10.875,0,2.40625],"texture":"#chemise"},"up":{"uv":[6.5,10.875,0,2.40625],"texture":"#chemise"},"down":{"uv":[6.5,10.875,0,2.40625],"texture":"#chemise"}}},{"from":[3.6875,4.5,7],"to":[7.9375,15.1875,11.625],"faces":{"north":{"uv":[16,16,0,0],"texture":"#gilet"},"east":{"uv":[16,16,0,0],"texture":"#gilet"},"south":{"uv":[16,16,0,0],"texture":"#gilet"},"west":{"uv":[16,16,0,0],"texture":"#gilet"},"up":{"uv":[16,16,0,0],"texture":"#gilet"},"down":{"uv":[16,16,0,0],"texture":"#gilet"}}},{"from":[8.4375,4.5,7],"to":[12.5625,15.5625,11.625],"faces":{"north":{"uv":[16,16,0,0],"texture":"#gilet"},"east":{"uv":[16,16,0,0],"texture":"#gilet"},"south":{"uv":[16,16,0,0],"texture":"#gilet"},"west":{"uv":[16,16,0,0],"texture":"#gilet"},"up":{"uv":[16,16,0,0],"texture":"#gilet"},"down":{"uv":[16,16,0,0],"texture":"#gilet"}}},{"from":[4.1875,21.5625,7.25],"to":[8.5625,22.5625,12.625],"faces":{"north":{"uv":[3.5,4.5,12.5,5.5],"texture":"#bandeau"},"east":{"uv":[3.5,4.5,12.5,5.5],"texture":"#bandeau"},"south":{"uv":[3.5,4.5,12.5,5.5],"texture":"#bandeau"},"west":{"uv":[3.5,4.5,12.5,5.5],"texture":"#bandeau"},"up":{"uv":[3.5,4.5,12.5,5.5],"texture":"#bandeau"},"down":{"uv":[3.5,4.5,12.5,5.5],"texture":"#bandeau"}}},{"from":[4.5625,21.375,6.8125],"to":[5.9375,22.375,12.6875],"faces":{"north":{"uv":[3.5,4.5,12.5,5.5],"texture":"#bandeau"},"east":{"uv":[3.5,4.5,12.5,5.5],"texture":"#bandeau"},"south":{"uv":[3.5,4.5,12.5,5.5],"texture":"#bandeau"},"west":{"uv":[3.5,4.5,12.5,5.5],"texture":"#bandeau"},"up":{"uv":[3.5,4.5,12.5,5.5],"texture":"#bandeau"},"down":{"uv":[3.5,4.5,12.5,5.5],"texture":"#bandeau"}}},{"from":[7.375,24.375,6.4375],"to":[11.375,24.6875,11.875],"faces":{"north":{"uv":[3.5,4.5,12.5,5.5],"texture":"#bandeau"},"east":{"uv":[3.5,4.5,12.5,5.5],"texture":"#bandeau"},"south":{"uv":[3.5,4.5,12.5,5.5],"texture":"#bandeau"},"west":{"uv":[3.5,4.5,12.5,5.5],"texture":"#bandeau"},"up":{"uv":[3.5,4.5,12.5,5.5],"texture":"#bandeau"},"down":{"uv":[3.5,4.5,12.5,5.5],"texture":"#bandeau"}}},{"from":[2.9375,9.375,6.875],"to":[3.625,16.3125,11.875],"faces":{"north":{"uv":[0,0,0.6875,6.9375],"texture":"#manteau"},"east":{"uv":[0,0,0.6875,6.9375],"texture":"#manteau"},"south":{"uv":[0,0,0.6875,6.9375],"texture":"#manteau"},"west":{"uv":[0,0,0.6875,6.9375],"texture":"#manteau"},"up":{"uv":[0,0,0.6875,6.9375],"texture":"#manteau"},"down":{"uv":[0,0,0.6875,6.9375],"texture":"#manteau"}}},{"from":[2.8125,6.625,6.4375],"to":[3.5,9.9375,12.3125],"faces":{"north":{"uv":[0,0,0.6875,3.3125],"texture":"#manteau"},"east":{"uv":[0,0,0.6875,3.3125],"texture":"#manteau"},"south":{"uv":[0,0,0.6875,3.3125],"texture":"#manteau"},"west":{"uv":[0,0,0.6875,3.3125],"texture":"#manteau"},"up":{"uv":[0,0,0.6875,3.3125],"texture":"#manteau"},"down":{"uv":[0,0,0.6875,3.3125],"texture":"#manteau"}}},{"from":[3.4375,10,6.6875],"to":[12.8125,16.25,7.375],"faces":{"north":{"uv":[0,0,9.375,6.25],"texture":"#manteau"},"east":{"uv":[0,0,9.375,6.25],"texture":"#manteau"},"south":{"uv":[0,0,9.375,6.25],"texture":"#manteau"},"west":{"uv":[0,0,9.375,6.25],"texture":"#manteau"},"up":{"uv":[0,0,9.375,6.25],"texture":"#manteau"},"down":{"uv":[0,0,9.375,6.25],"texture":"#manteau"}}},{"from":[3.1875,6.8125,6.1875],"to":[13.625,10.25,7],"faces":{"north":{"uv":[0,2.5,10.4375,5.9375],"texture":"#manteau"},"east":{"uv":[0,2.5,10.4375,5.9375],"texture":"#manteau"},"south":{"uv":[0,2.5,10.4375,5.9375],"texture":"#manteau"},"west":{"uv":[0,2.5,10.4375,5.9375],"texture":"#manteau"},"up":{"uv":[0,2.5,10.4375,5.9375],"texture":"#manteau"},"down":{"uv":[0,2.5,10.4375,5.9375],"texture":"#manteau"}}},{"from":[3.25,5.0625,5.6875],"to":[13.75,7.3125,6.5],"faces":{"north":{"uv":[0,3.5,10.5,5.75],"texture":"#manteau"},"east":{"uv":[0,3.5,10.5,5.75],"texture":"#manteau"},"south":{"uv":[0,3.5,10.5,5.75],"texture":"#manteau"},"west":{"uv":[0,3.5,10.5,5.75],"texture":"#manteau"},"up":{"uv":[0,3.5,10.5,5.75],"texture":"#manteau"},"down":{"uv":[0,3.5,10.5,5.75],"texture":"#manteau"}}},{"from":[3.1875,4.0625,5.125],"to":[13.8125,5.75,5.9375],"faces":{"north":{"uv":[0,10.5,10.625,12.1875],"texture":"#manteau"},"east":{"uv":[0,10.5,10.625,12.1875],"texture":"#manteau"},"south":{"uv":[0,10.5,10.625,12.1875],"texture":"#manteau"},"west":{"uv":[0,10.5,10.625,12.1875],"texture":"#manteau"},"up":{"uv":[0,10.5,10.625,12.1875],"texture":"#manteau"},"down":{"uv":[0,10.5,10.625,12.1875],"texture":"#manteau"}}},{"from":[3.25,2.1875,4.9375],"to":[13.25,4.4375,5.75],"faces":{"north":{"uv":[0,6.5,10,8.75],"texture":"#manteau"},"east":{"uv":[0,6.5,10,8.75],"texture":"#manteau"},"south":{"uv":[0,6.5,10,8.75],"texture":"#manteau"},"west":{"uv":[0,6.5,10,8.75],"texture":"#manteau"},"up":{"uv":[0,6.5,10,8.75],"texture":"#manteau"},"down":{"uv":[0,6.5,10,8.75],"texture":"#manteau"}}},{"from":[2.5625,0.8125,4.5625],"to":[14.0625,3.0625,5.6875],"faces":{"north":{"uv":[0,0,11.5,2.25],"texture":"#manteau"},"east":{"uv":[0,0,11.5,2.25],"texture":"#manteau"},"south":{"uv":[0,0,11.5,2.25],"texture":"#manteau"},"west":{"uv":[0,0,11.5,2.25],"texture":"#manteau"},"up":{"uv":[0,0,11.5,2.25],"texture":"#manteau"},"down":{"uv":[0,0,11.5,2.25],"texture":"#manteau"}}},{"from":[2.0625,4.3125,6.3125],"to":[3.125,7.625,12.1875],"faces":{"north":{"uv":[0,0,1.0625,3.3125],"texture":"#manteau"},"east":{"uv":[0,0,1.0625,3.3125],"texture":"#manteau"},"south":{"uv":[0,0,1.0625,3.3125],"texture":"#manteau"},"west":{"uv":[0,0,1.0625,3.3125],"texture":"#manteau"},"up":{"uv":[0,0,1.0625,3.3125],"texture":"#manteau"},"down":{"uv":[0,0,1.0625,3.3125],"texture":"#manteau"}}},{"from":[3.4375,11.3125,11.375],"to":[6.5625,16.5,12.4375],"faces":{"north":{"uv":[0,0,3.125,5.1875],"texture":"#manteau"},"east":{"uv":[0,0,3.125,5.1875],"texture":"#manteau"},"south":{"uv":[0,0,3.125,5.1875],"texture":"#manteau"},"west":{"uv":[0,0,3.125,5.1875],"texture":"#manteau"},"up":{"uv":[0,0,3.125,5.1875],"texture":"#manteau"},"down":{"uv":[0,0,3.125,5.1875],"texture":"#manteau"}}},{"from":[3.4375,8.25,11.625],"to":[6.875,12.125,12.6875],"faces":{"north":{"uv":[0,0,3.4375,3.875],"texture":"#manteau"},"east":{"uv":[0,0,3.4375,3.875],"texture":"#manteau"},"south":{"uv":[0,0,3.4375,3.875],"texture":"#manteau"},"west":{"uv":[0,0,3.4375,3.875],"texture":"#manteau"},"up":{"uv":[0,0,3.4375,3.875],"texture":"#manteau"},"down":{"uv":[0,0,3.4375,3.875],"texture":"#manteau"}}},{"from":[3.0625,5.25,11.75],"to":[6.5625,8.5625,12.4375],"faces":{"north":{"uv":[0,0,3.5,3.3125],"texture":"#manteau"},"east":{"uv":[0,0,3.5,3.3125],"texture":"#manteau"},"south":{"uv":[0,0,3.5,3.3125],"texture":"#manteau"},"west":{"uv":[0,0,3.5,3.3125],"texture":"#manteau"},"up":{"uv":[0,0,3.5,3.3125],"texture":"#manteau"},"down":{"uv":[0,0,3.5,3.3125],"texture":"#manteau"}}},{"from":[1.4375,1.25,5.5625],"to":[3.375,4.5625,8.75],"faces":{"north":{"uv":[0,0,1.9375,3.3125],"texture":"#manteau"},"east":{"uv":[0,0,1.9375,3.3125],"texture":"#manteau"},"south":{"uv":[0,0,1.9375,3.3125],"texture":"#manteau"},"west":{"uv":[0,0,1.9375,3.3125],"texture":"#manteau"},"up":{"uv":[0,0,1.9375,3.3125],"texture":"#manteau"},"down":{"uv":[0,0,1.9375,3.3125],"texture":"#manteau"}}},{"from":[2.6875,3.125,5.1875],"to":[3.6875,5.5,6.5625],"faces":{"north":{"uv":[0,0,1,2.375],"texture":"#manteau"},"east":{"uv":[0,0,1,2.375],"texture":"#manteau"},"south":{"uv":[0,0,1,2.375],"texture":"#manteau"},"west":{"uv":[0,0,1,2.375],"texture":"#manteau"},"up":{"uv":[0,0,1,2.375],"texture":"#manteau"},"down":{"uv":[0,0,1,2.375],"texture":"#manteau"}}},{"from":[1.75,1.5,10],"to":[2.8125,4.8125,12.8125],"faces":{"north":{"uv":[0,0,1.0625,3.3125],"texture":"#manteau"},"east":{"uv":[0,0,1.0625,3.3125],"texture":"#manteau"},"south":{"uv":[0,0,1.0625,3.3125],"texture":"#manteau"},"west":{"uv":[0,0,1.0625,3.3125],"texture":"#manteau"},"up":{"uv":[0,0,1.0625,3.3125],"texture":"#manteau"},"down":{"uv":[0,0,1.0625,3.3125],"texture":"#manteau"}}},{"from":[1.6875,2.5625,7.9375],"to":[2.75,5.875,10.625],"faces":{"north":{"uv":[0,0,1.0625,3.3125],"texture":"#manteau"},"east":{"uv":[0,0,1.0625,3.3125],"texture":"#manteau"},"south":{"uv":[0,0,1.0625,3.3125],"texture":"#manteau"},"west":{"uv":[0,0,1.0625,3.3125],"texture":"#manteau"},"up":{"uv":[0,0,1.0625,3.3125],"texture":"#manteau"},"down":{"uv":[0,0,1.0625,3.3125],"texture":"#manteau"}}},{"from":[2.4375,3.5,11.875],"to":[4.875,5.75,12.9375],"faces":{"north":{"uv":[0,0,2.4375,2.25],"texture":"#manteau"},"east":{"uv":[0,0,2.4375,2.25],"texture":"#manteau"},"south":{"uv":[0,0,2.4375,2.25],"texture":"#manteau"},"west":{"uv":[0,0,2.4375,2.25],"texture":"#manteau"},"up":{"uv":[0,0,2.4375,2.25],"texture":"#manteau"},"down":{"uv":[0,0,2.4375,2.25],"texture":"#manteau"}}},{"from":[5.75,14.625,11.0625],"to":[7.1875,16.4375,12.125],"faces":{"north":{"uv":[0.34375,0.21875,1.78125,2.03125],"texture":"#bottes"},"east":{"uv":[0.34375,0.21875,1.78125,2.03125],"texture":"#bottes"},"south":{"uv":[0.34375,0.21875,1.78125,2.03125],"texture":"#bottes"},"west":{"uv":[0.34375,0.21875,1.78125,2.03125],"texture":"#bottes"},"up":{"uv":[0.34375,0.21875,1.78125,2.03125],"texture":"#bottes"},"down":{"uv":[0.34375,0.21875,1.78125,2.03125],"texture":"#bottes"}}},{"from":[9.6875,8,6.5],"to":[13.125,11.875,12.4375],"faces":{"north":{"uv":[0,0,3.4375,3.875],"texture":"#manteau"},"east":{"uv":[0,0,3.4375,3.875],"texture":"#manteau"},"south":{"uv":[0,0,3.4375,3.875],"texture":"#manteau"},"west":{"uv":[0,0,3.4375,3.875],"texture":"#manteau"},"up":{"uv":[0,0,3.4375,3.875],"texture":"#manteau"},"down":{"uv":[0,0,3.4375,3.875],"texture":"#manteau"}}},{"from":[8.875,5,11.375],"to":[13.625,8.3125,12.8125],"faces":{"north":{"uv":[0,0,4.75,3.3125],"texture":"#manteau"},"east":{"uv":[0,0,4.75,3.3125],"texture":"#manteau"},"south":{"uv":[0,0,4.75,3.3125],"texture":"#manteau"},"west":{"uv":[0,0,4.75,3.3125],"texture":"#manteau"},"up":{"uv":[0,0,4.75,3.3125],"texture":"#manteau"},"down":{"uv":[0,0,4.75,3.3125],"texture":"#manteau"}}},{"from":[12.3125,9.0625,6.9375],"to":[13,16,11.9375],"faces":{"north":{"uv":[0,0,0.6875,6.9375],"texture":"#manteau"},"east":{"uv":[0,0,0.6875,6.9375],"texture":"#manteau"},"south":{"uv":[0,0,0.6875,6.9375],"texture":"#manteau"},"west":{"uv":[0,0,0.6875,6.9375],"texture":"#manteau"},"up":{"uv":[0,0,0.6875,6.9375],"texture":"#manteau"},"down":{"uv":[0,0,0.6875,6.9375],"texture":"#manteau"}}},{"from":[13,6.3125,6.5],"to":[14.1875,9.625,12.375],"faces":{"north":{"uv":[0,0,1.1875,3.3125],"texture":"#manteau"},"east":{"uv":[0,0,1.1875,3.3125],"texture":"#manteau"},"south":{"uv":[0,0,1.1875,3.3125],"texture":"#manteau"},"west":{"uv":[0,0,1.1875,3.3125],"texture":"#manteau"},"up":{"uv":[0,0,1.1875,3.3125],"texture":"#manteau"},"down":{"uv":[0,0,1.1875,3.3125],"texture":"#manteau"}}},{"from":[13.4375,4,6.375],"to":[15.125,7.3125,12.25],"faces":{"north":{"uv":[0,0,1.6875,3.3125],"texture":"#manteau"},"east":{"uv":[0,0,1.6875,3.3125],"texture":"#manteau"},"south":{"uv":[0,0,1.6875,3.3125],"texture":"#manteau"},"west":{"uv":[0,0,1.6875,3.3125],"texture":"#manteau"},"up":{"uv":[0,0,1.6875,3.3125],"texture":"#manteau"},"down":{"uv":[0,0,1.6875,3.3125],"texture":"#manteau"}}},{"from":[12.875,1.4375,5.1875],"to":[15.125,4.75,8.375],"faces":{"north":{"uv":[0,0,2.25,3.3125],"texture":"#manteau"},"east":{"uv":[0,0,2.25,3.3125],"texture":"#manteau"},"south":{"uv":[0,0,2.25,3.3125],"texture":"#manteau"},"west":{"uv":[0,0,2.25,3.3125],"texture":"#manteau"},"up":{"uv":[0,0,2.25,3.3125],"texture":"#manteau"},"down":{"uv":[0,0,2.25,3.3125],"texture":"#manteau"}}},{"from":[14.125,1.1875,10.0625],"to":[15.1875,4.5,12.875],"faces":{"north":{"uv":[0,0,1.0625,3.3125],"texture":"#manteau"},"east":{"uv":[0,0,1.0625,3.3125],"texture":"#manteau"},"south":{"uv":[0,0,1.0625,3.3125],"texture":"#manteau"},"west":{"uv":[0,0,1.0625,3.3125],"texture":"#manteau"},"up":{"uv":[0,0,1.0625,3.3125],"texture":"#manteau"},"down":{"uv":[0,0,1.0625,3.3125],"texture":"#manteau"}}},{"from":[11.125,2.3125,11.0625],"to":[14.75,5.625,12.5],"faces":{"north":{"uv":[0,0,3.625,3.3125],"texture":"#manteau"},"east":{"uv":[0,0,3.625,3.3125],"texture":"#manteau"},"south":{"uv":[0,0,3.625,3.3125],"texture":"#manteau"},"west":{"uv":[0,0,3.625,3.3125],"texture":"#manteau"},"up":{"uv":[0,0,3.625,3.3125],"texture":"#manteau"},"down":{"uv":[0,0,3.625,3.3125],"texture":"#manteau"}}},{"from":[4.375,16,12.25],"to":[5.125,17,13],"rotation":{"angle":0,"axis":"y","origin":[8.375,8,8]},"faces":{"north":{"uv":[9.09375,10.125,8.9375,10.40625],"texture":"#mesh_atlas"},"east":{"uv":[9.09375,10.125,8.9375,10.40625],"texture":"#mesh_atlas"},"south":{"uv":[9.09375,10.125,8.9375,10.40625],"texture":"#mesh_atlas"},"west":{"uv":[9.09375,10.125,8.9375,10.40625],"texture":"#mesh_atlas"},"up":{"uv":[9.09375,10.125,8.9375,10.40625],"texture":"#mesh_atlas"},"down":{"uv":[9.09375,10.125,8.9375,10.40625],"texture":"#mesh_atlas"}}},{"from":[4.125,16.75,12.375],"to":[4.875,18.875,13],"rotation":{"angle":0,"axis":"y","origin":[8.125,8,8]},"faces":{"north":{"uv":[5.59375,10,5.4375,10.65625],"texture":"#mesh_atlas"},"east":{"uv":[5.59375,10,5.4375,10.65625],"texture":"#mesh_atlas"},"south":{"uv":[5.59375,10,5.4375,10.65625],"texture":"#mesh_atlas"},"west":{"uv":[5.59375,10,5.4375,10.65625],"texture":"#mesh_atlas"},"up":{"uv":[5.59375,10,5.4375,10.65625],"texture":"#mesh_atlas"},"down":{"uv":[5.59375,10,5.4375,10.65625],"texture":"#mesh_atlas"}}},{"from":[4.875,18.625,5.75],"to":[5.625,19.625,6.25],"faces":{"north":{"uv":[10.96875,10.25,10.78125,10.3125],"texture":"#mesh_atlas"},"east":{"uv":[10.96875,10.25,10.78125,10.3125],"texture":"#mesh_atlas"},"south":{"uv":[10.96875,10.25,10.78125,10.3125],"texture":"#mesh_atlas"},"west":{"uv":[10.96875,10.25,10.78125,10.3125],"texture":"#mesh_atlas"},"up":{"uv":[10.96875,10.25,10.78125,10.3125],"texture":"#mesh_atlas"},"down":{"uv":[10.96875,10.25,10.78125,10.3125],"texture":"#mesh_atlas"}}},{"from":[5.1875,19.625,5.75],"to":[5.75,20.625,6.25],"faces":{"north":{"uv":[10.125,11.1875,9.96875,11.34375],"texture":"#mesh_atlas"},"east":{"uv":[10.125,11.1875,9.96875,11.34375],"texture":"#mesh_atlas"},"south":{"uv":[10.125,11.1875,9.96875,11.34375],"texture":"#mesh_atlas"},"west":{"uv":[10.125,11.1875,9.96875,11.34375],"texture":"#mesh_atlas"},"up":{"uv":[10.125,11.1875,9.96875,11.34375],"texture":"#mesh_atlas"},"down":{"uv":[10.125,11.1875,9.96875,11.34375],"texture":"#mesh_atlas"}}},{"from":[4.875,20.625,5.75],"to":[5.875,21.25,6.375],"faces":{"north":{"uv":[16,14.84375,15.71875,14.96875],"texture":"#mesh_atlas"},"east":{"uv":[16,14.84375,15.71875,14.96875],"texture":"#mesh_atlas"},"south":{"uv":[16,14.84375,15.71875,14.96875],"texture":"#mesh_atlas"},"west":{"uv":[16,14.84375,15.71875,14.96875],"texture":"#mesh_atlas"},"up":{"uv":[16,14.84375,15.71875,14.96875],"texture":"#mesh_atlas"},"down":{"uv":[16,14.84375,15.71875,14.96875],"texture":"#mesh_atlas"}}},{"from":[4.875,21.25,5.75],"to":[5.625,21.75,6.25],"faces":{"north":{"uv":[11.3125,9.90625,11.15625,9.96875],"texture":"#mesh_atlas"},"east":{"uv":[11.3125,9.90625,11.15625,9.96875],"texture":"#mesh_atlas"},"south":{"uv":[11.3125,9.90625,11.15625,9.96875],"texture":"#mesh_atlas"},"west":{"uv":[11.3125,9.90625,11.15625,9.96875],"texture":"#mesh_atlas"},"up":{"uv":[11.3125,9.90625,11.15625,9.96875],"texture":"#mesh_atlas"},"down":{"uv":[11.3125,9.90625,11.15625,9.96875],"texture":"#mesh_atlas"}}},{"from":[5.375,16.875,5.75],"to":[6.125,17.875,6.25],"faces":{"north":{"uv":[9.96875,13.40625,9.78125,13.5625],"texture":"#mesh_atlas"},"east":{"uv":[9.96875,13.40625,9.78125,13.5625],"texture":"#mesh_atlas"},"south":{"uv":[9.96875,13.40625,9.78125,13.5625],"texture":"#mesh_atlas"},"west":{"uv":[9.96875,13.40625,9.78125,13.5625],"texture":"#mesh_atlas"},"up":{"uv":[9.96875,13.40625,9.78125,13.5625],"texture":"#mesh_atlas"},"down":{"uv":[9.96875,13.40625,9.78125,13.5625],"texture":"#mesh_atlas"}}},{"from":[5.5,16.5,5.875],"to":[6.375,16.875,6.375],"rotation":{"angle":0,"axis":"y","origin":[8,8,8.125]},"faces":{"north":{"uv":[7.6875,11.5,7.46875,11.65625],"texture":"#mesh_atlas"},"east":{"uv":[7.6875,11.5,7.46875,11.65625],"texture":"#mesh_atlas"},"south":{"uv":[7.6875,11.5,7.46875,11.65625],"texture":"#mesh_atlas"},"west":{"uv":[7.6875,11.5,7.46875,11.65625],"texture":"#mesh_atlas"},"up":{"uv":[7.6875,11.5,7.46875,11.65625],"texture":"#mesh_atlas"},"down":{"uv":[7.6875,11.5,7.46875,11.65625],"texture":"#mesh_atlas"}}},{"from":[5.25,15.375,5.875],"to":[6.25,16.5,6.375],"rotation":{"angle":0,"axis":"y","origin":[7.875,7.625,8.125]},"faces":{"north":{"uv":[7.6875,11.5,7.46875,11.65625],"texture":"#mesh_atlas"},"east":{"uv":[7.6875,11.5,7.46875,11.65625],"texture":"#mesh_atlas"},"south":{"uv":[7.6875,11.5,7.46875,11.65625],"texture":"#mesh_atlas"},"west":{"uv":[7.6875,11.5,7.46875,11.65625],"texture":"#mesh_atlas"},"up":{"uv":[7.6875,11.5,7.46875,11.65625],"texture":"#mesh_atlas"},"down":{"uv":[7.6875,11.5,7.46875,11.65625],"texture":"#mesh_atlas"}}},{"from":[5.5,14.625,6.125],"to":[6,15.375,6.625],"rotation":{"angle":0,"axis":"y","origin":[8,6.125,8.375]},"faces":{"north":{"uv":[7.6875,11.5,7.46875,11.65625],"texture":"#mesh_atlas"},"east":{"uv":[7.6875,11.5,7.46875,11.65625],"texture":"#mesh_atlas"},"south":{"uv":[7.6875,11.5,7.46875,11.65625],"texture":"#mesh_atlas"},"west":{"uv":[7.6875,11.5,7.46875,11.65625],"texture":"#mesh_atlas"},"up":{"uv":[7.6875,11.5,7.46875,11.65625],"texture":"#mesh_atlas"},"down":{"uv":[7.6875,11.5,7.46875,11.65625],"texture":"#mesh_atlas"}}},{"from":[5.375,17.875,5.875],"to":[6,18.625,6.375],"rotation":{"angle":0,"axis":"y","origin":[8,8,8.125]},"faces":{"north":{"uv":[15.53125,12.40625,15.375,12.4375],"texture":"#mesh_atlas"},"east":{"uv":[15.53125,12.40625,15.375,12.4375],"texture":"#mesh_atlas"},"south":{"uv":[15.53125,12.40625,15.375,12.4375],"texture":"#mesh_atlas"},"west":{"uv":[15.53125,12.40625,15.375,12.4375],"texture":"#mesh_atlas"},"up":{"uv":[15.53125,12.40625,15.375,12.4375],"texture":"#mesh_atlas"},"down":{"uv":[15.53125,12.40625,15.375,12.4375],"texture":"#mesh_atlas"}}},{"from":[5.75,24.125,9.625],"to":[10.25,24.75,11],"faces":{"north":{"uv":[7.28125,11.96875,6.15625,12.125],"texture":"#mesh_atlas"},"east":{"uv":[7.28125,11.96875,6.15625,12.125],"texture":"#mesh_atlas"},"south":{"uv":[7.28125,11.96875,6.15625,12.125],"texture":"#mesh_atlas"},"west":{"uv":[7.28125,11.96875,6.15625,12.125],"texture":"#mesh_atlas"},"up":{"uv":[7.28125,11.96875,6.15625,12.125],"texture":"#mesh_atlas"},"down":{"uv":[7.28125,11.96875,6.15625,12.125],"texture":"#mesh_atlas"}}},{"from":[5.875,24.125,8.75],"to":[10.125,24.75,9.625],"faces":{"north":{"uv":[7.46875,11.65625,6.40625,11.8125],"texture":"#mesh_atlas"},"east":{"uv":[7.46875,11.65625,6.40625,11.8125],"texture":"#mesh_atlas"},"south":{"uv":[7.46875,11.65625,6.40625,11.8125],"texture":"#mesh_atlas"},"west":{"uv":[7.46875,11.65625,6.40625,11.8125],"texture":"#mesh_atlas"},"up":{"uv":[7.46875,11.65625,6.40625,11.8125],"texture":"#mesh_atlas"},"down":{"uv":[7.46875,11.65625,6.40625,11.8125],"texture":"#mesh_atlas"}}},{"from":[6,24.125,8.25],"to":[10.125,24.75,8.75],"faces":{"north":{"uv":[7.6875,9.15625,6.65625,9.3125],"texture":"#mesh_atlas"},"east":{"uv":[7.6875,9.15625,6.65625,9.3125],"texture":"#mesh_atlas"},"south":{"uv":[7.6875,9.15625,6.65625,9.3125],"texture":"#mesh_atlas"},"west":{"uv":[7.6875,9.15625,6.65625,9.3125],"texture":"#mesh_atlas"},"up":{"uv":[7.6875,9.15625,6.65625,9.3125],"texture":"#mesh_atlas"},"down":{"uv":[7.6875,9.15625,6.65625,9.3125],"texture":"#mesh_atlas"}}},{"from":[6.25,24.125,7.25],"to":[9.25,24.75,8.25],"rotation":{"angle":0,"axis":"y","origin":[7.875,8,8]},"faces":{"north":{"uv":[7.65625,8.8125,6.84375,8.96875],"texture":"#mesh_atlas"},"east":{"uv":[7.65625,8.8125,6.84375,8.96875],"texture":"#mesh_atlas"},"south":{"uv":[7.65625,8.8125,6.84375,8.96875],"texture":"#mesh_atlas"},"west":{"uv":[7.65625,8.8125,6.84375,8.96875],"texture":"#mesh_atlas"},"up":{"uv":[7.65625,8.8125,6.84375,8.96875],"texture":"#mesh_atlas"},"down":{"uv":[7.65625,8.8125,6.84375,8.96875],"texture":"#mesh_atlas"}}},{"from":[6.25,24.75,9.25],"to":[10,25,10.125],"faces":{"north":{"uv":[14.46875,14.84375,13.59375,14.90625],"texture":"#mesh_atlas"},"east":{"uv":[14.46875,14.84375,13.59375,14.90625],"texture":"#mesh_atlas"},"south":{"uv":[14.46875,14.84375,13.59375,14.90625],"texture":"#mesh_atlas"},"west":{"uv":[14.46875,14.84375,13.59375,14.90625],"texture":"#mesh_atlas"},"up":{"uv":[14.46875,14.84375,13.59375,14.90625],"texture":"#mesh_atlas"},"down":{"uv":[14.46875,14.84375,13.59375,14.90625],"texture":"#mesh_atlas"}}},{"from":[6.375,24.75,8.75],"to":[9.875,25,9.25],"faces":{"north":{"uv":[10.84375,14.6875,9.96875,14.75],"texture":"#mesh_atlas"},"east":{"uv":[10.84375,14.6875,9.96875,14.75],"texture":"#mesh_atlas"},"south":{"uv":[10.84375,14.6875,9.96875,14.75],"texture":"#mesh_atlas"},"west":{"uv":[10.84375,14.6875,9.96875,14.75],"texture":"#mesh_atlas"},"up":{"uv":[10.84375,14.6875,9.96875,14.75],"texture":"#mesh_atlas"},"down":{"uv":[10.84375,14.6875,9.96875,14.75],"texture":"#mesh_atlas"}}},{"from":[6.5,20.75,5.875],"to":[7.25,22,6.25],"faces":{"north":{"uv":[14.59375,14.125,14.40625,14.28125],"texture":"#mesh_atlas"},"east":{"uv":[14.59375,14.125,14.40625,14.28125],"texture":"#mesh_atlas"},"south":{"uv":[14.59375,14.125,14.40625,14.28125],"texture":"#mesh_atlas"},"west":{"uv":[14.59375,14.125,14.40625,14.28125],"texture":"#mesh_atlas"},"up":{"uv":[14.59375,14.125,14.40625,14.28125],"texture":"#mesh_atlas"},"down":{"uv":[14.59375,14.125,14.40625,14.28125],"texture":"#mesh_atlas"}}},{"from":[6.625,17.125,5.75],"to":[7.375,18.25,6],"faces":{"north":{"uv":[10.125,8.21875,9.96875,8.375],"texture":"#mesh_atlas"},"east":{"uv":[10.125,8.21875,9.96875,8.375],"texture":"#mesh_atlas"},"south":{"uv":[10.125,8.21875,9.96875,8.375],"texture":"#mesh_atlas"},"west":{"uv":[10.125,8.21875,9.96875,8.375],"texture":"#mesh_atlas"},"up":{"uv":[10.125,8.21875,9.96875,8.375],"texture":"#mesh_atlas"},"down":{"uv":[10.125,8.21875,9.96875,8.375],"texture":"#mesh_atlas"}}},{"from":[6.75,15.5,5.875],"to":[7.375,16.125,6.125],"faces":{"north":{"uv":[10.125,8.0625,9.96875,8.21875],"texture":"#mesh_atlas"},"east":{"uv":[10.125,8.0625,9.96875,8.21875],"texture":"#mesh_atlas"},"south":{"uv":[10.125,8.0625,9.96875,8.21875],"texture":"#mesh_atlas"},"west":{"uv":[10.125,8.0625,9.96875,8.21875],"texture":"#mesh_atlas"},"up":{"uv":[10.125,8.0625,9.96875,8.21875],"texture":"#mesh_atlas"},"down":{"uv":[10.125,8.0625,9.96875,8.21875],"texture":"#mesh_atlas"}}},{"from":[6.75,20.25,6],"to":[7.5,20.75,6.25],"faces":{"north":{"uv":[15.65625,13.84375,15.46875,13.96875],"texture":"#mesh_atlas"},"east":{"uv":[15.65625,13.84375,15.46875,13.96875],"texture":"#mesh_atlas"},"south":{"uv":[15.65625,13.84375,15.46875,13.96875],"texture":"#mesh_atlas"},"west":{"uv":[15.65625,13.84375,15.46875,13.96875],"texture":"#mesh_atlas"},"up":{"uv":[15.65625,13.84375,15.46875,13.96875],"texture":"#mesh_atlas"},"down":{"uv":[15.65625,13.84375,15.46875,13.96875],"texture":"#mesh_atlas"}}},{"from":[6.875,14.5,6],"to":[7.5,15.5,6.25],"faces":{"north":{"uv":[9.78125,9.71875,9.625,9.90625],"texture":"#mesh_atlas"},"east":{"uv":[9.78125,9.71875,9.625,9.90625],"texture":"#mesh_atlas"},"south":{"uv":[9.78125,9.71875,9.625,9.90625],"texture":"#mesh_atlas"},"west":{"uv":[9.78125,9.71875,9.625,9.90625],"texture":"#mesh_atlas"},"up":{"uv":[9.78125,9.71875,9.625,9.90625],"texture":"#mesh_atlas"},"down":{"uv":[9.78125,9.71875,9.625,9.90625],"texture":"#mesh_atlas"}}},{"from":[6.875,18.25,6],"to":[7.5,20.25,6.25],"faces":{"north":{"uv":[7.65625,12.3125,7.5,12.8125],"texture":"#mesh_atlas"},"east":{"uv":[7.65625,12.3125,7.5,12.8125],"texture":"#mesh_atlas"},"south":{"uv":[7.65625,12.3125,7.5,12.8125],"texture":"#mesh_atlas"},"west":{"uv":[7.65625,12.3125,7.5,12.8125],"texture":"#mesh_atlas"},"up":{"uv":[7.65625,12.3125,7.5,12.8125],"texture":"#mesh_atlas"},"down":{"uv":[7.65625,12.3125,7.5,12.8125],"texture":"#mesh_atlas"}}},{"from":[6.875,24.75,8.375],"to":[9.75,25,8.75],"faces":{"north":{"uv":[15.75,14.6875,15.03125,14.75],"texture":"#mesh_atlas"},"east":{"uv":[15.75,14.6875,15.03125,14.75],"texture":"#mesh_atlas"},"south":{"uv":[15.75,14.6875,15.03125,14.75],"texture":"#mesh_atlas"},"west":{"uv":[15.75,14.6875,15.03125,14.75],"texture":"#mesh_atlas"},"up":{"uv":[15.75,14.6875,15.03125,14.75],"texture":"#mesh_atlas"},"down":{"uv":[15.75,14.6875,15.03125,14.75],"texture":"#mesh_atlas"}}},{"from":[7,16,5.625],"to":[7.625,17.125,6],"faces":{"north":{"uv":[10.28125,8.90625,10.125,9.03125],"texture":"#mesh_atlas"},"east":{"uv":[10.28125,8.90625,10.125,9.03125],"texture":"#mesh_atlas"},"south":{"uv":[10.28125,8.90625,10.125,9.03125],"texture":"#mesh_atlas"},"west":{"uv":[10.28125,8.90625,10.125,9.03125],"texture":"#mesh_atlas"},"up":{"uv":[10.28125,8.90625,10.125,9.03125],"texture":"#mesh_atlas"},"down":{"uv":[10.28125,8.90625,10.125,9.03125],"texture":"#mesh_atlas"}}},{"from":[7.375,24.75,8],"to":[9.375,25,8.375],"faces":{"north":{"uv":[15.9375,14.375,15.4375,14.4375],"texture":"#mesh_atlas"},"east":{"uv":[15.9375,14.375,15.4375,14.4375],"texture":"#mesh_atlas"},"south":{"uv":[15.9375,14.375,15.4375,14.4375],"texture":"#mesh_atlas"},"west":{"uv":[15.9375,14.375,15.4375,14.4375],"texture":"#mesh_atlas"},"up":{"uv":[15.9375,14.375,15.4375,14.4375],"texture":"#mesh_atlas"},"down":{"uv":[15.9375,14.375,15.4375,14.4375],"texture":"#mesh_atlas"}}},{"from":[8,18.4375,5.875],"to":[8.75,19.625,6.25],"faces":{"north":{"uv":[10.9375,8.5625,10.75,8.625],"texture":"#mesh_atlas"},"east":{"uv":[10.9375,8.5625,10.75,8.625],"texture":"#mesh_atlas"},"south":{"uv":[10.9375,8.5625,10.75,8.625],"texture":"#mesh_atlas"},"west":{"uv":[10.9375,8.5625,10.75,8.625],"texture":"#mesh_atlas"},"up":{"uv":[10.9375,8.5625,10.75,8.625],"texture":"#mesh_atlas"},"down":{"uv":[10.9375,8.5625,10.75,8.625],"texture":"#mesh_atlas"}}},{"from":[8,19.625,5.875],"to":[8.625,20.625,6.25],"faces":{"north":{"uv":[9.375,11.46875,9.21875,11.71875],"texture":"#mesh_atlas"},"east":{"uv":[9.375,11.46875,9.21875,11.71875],"texture":"#mesh_atlas"},"south":{"uv":[9.375,11.46875,9.21875,11.71875],"texture":"#mesh_atlas"},"west":{"uv":[9.375,11.46875,9.21875,11.71875],"texture":"#mesh_atlas"},"up":{"uv":[9.375,11.46875,9.21875,11.71875],"texture":"#mesh_atlas"},"down":{"uv":[9.375,11.46875,9.21875,11.71875],"texture":"#mesh_atlas"}}},{"from":[8.125,20.625,6],"to":[8.75,21.75,6.25],"faces":{"north":{"uv":[13.78125,12.90625,13.59375,12.96875],"texture":"#mesh_atlas"},"east":{"uv":[13.78125,12.90625,13.59375,12.96875],"texture":"#mesh_atlas"},"south":{"uv":[13.78125,12.90625,13.59375,12.96875],"texture":"#mesh_atlas"},"west":{"uv":[13.78125,12.90625,13.59375,12.96875],"texture":"#mesh_atlas"},"up":{"uv":[13.78125,12.90625,13.59375,12.96875],"texture":"#mesh_atlas"},"down":{"uv":[13.78125,12.90625,13.59375,12.96875],"texture":"#mesh_atlas"}}},{"from":[8.375,17,6],"to":[9.125,18.375,6.25],"faces":{"north":{"uv":[13.0625,13.25,12.875,13.34375],"texture":"#mesh_atlas"},"east":{"uv":[13.0625,13.25,12.875,13.34375],"texture":"#mesh_atlas"},"south":{"uv":[13.0625,13.25,12.875,13.34375],"texture":"#mesh_atlas"},"west":{"uv":[13.0625,13.25,12.875,13.34375],"texture":"#mesh_atlas"},"up":{"uv":[13.0625,13.25,12.875,13.34375],"texture":"#mesh_atlas"},"down":{"uv":[13.0625,13.25,12.875,13.34375],"texture":"#mesh_atlas"}}},{"from":[8.875,14.75,6.25],"to":[9.5,15.75,6.5],"rotation":{"angle":0,"axis":"y","origin":[8.125,8,8]},"faces":{"north":{"uv":[8.9375,9.84375,8.78125,10.125],"texture":"#mesh_atlas"},"east":{"uv":[8.9375,9.84375,8.78125,10.125],"texture":"#mesh_atlas"},"south":{"uv":[8.9375,9.84375,8.78125,10.125],"texture":"#mesh_atlas"},"west":{"uv":[8.9375,9.84375,8.78125,10.125],"texture":"#mesh_atlas"},"up":{"uv":[8.9375,9.84375,8.78125,10.125],"texture":"#mesh_atlas"},"down":{"uv":[8.9375,9.84375,8.78125,10.125],"texture":"#mesh_atlas"}}},{"from":[8.75,15.75,6.0625],"to":[9.375,17.3125,6.375],"rotation":{"angle":0,"axis":"y","origin":[8,8,8.125]},"faces":{"north":{"uv":[11.3125,9.65625,11.15625,9.71875],"texture":"#mesh_atlas"},"east":{"uv":[11.3125,9.65625,11.15625,9.71875],"texture":"#mesh_atlas"},"south":{"uv":[11.3125,9.65625,11.15625,9.71875],"texture":"#mesh_atlas"},"west":{"uv":[11.3125,9.65625,11.15625,9.71875],"texture":"#mesh_atlas"},"up":{"uv":[11.3125,9.65625,11.15625,9.71875],"texture":"#mesh_atlas"},"down":{"uv":[11.3125,9.65625,11.15625,9.71875],"texture":"#mesh_atlas"}}},{"from":[9.875,17.25,6],"to":[10.5,18.5,6.25],"faces":{"north":{"uv":[15.28125,13.84375,15.09375,13.96875],"texture":"#mesh_atlas"},"east":{"uv":[15.28125,13.84375,15.09375,13.96875],"texture":"#mesh_atlas"},"south":{"uv":[15.28125,13.84375,15.09375,13.96875],"texture":"#mesh_atlas"},"west":{"uv":[15.28125,13.84375,15.09375,13.96875],"texture":"#mesh_atlas"},"up":{"uv":[15.28125,13.84375,15.09375,13.96875],"texture":"#mesh_atlas"},"down":{"uv":[15.28125,13.84375,15.09375,13.96875],"texture":"#mesh_atlas"}}},{"from":[9.75,17.75,6.125],"to":[10.375,20,6.25],"faces":{"north":{"uv":[8.46875,11.03125,8.3125,11.5],"texture":"#mesh_atlas"},"east":{"uv":[8.46875,11.03125,8.3125,11.5],"texture":"#mesh_atlas"},"south":{"uv":[8.46875,11.03125,8.3125,11.5],"texture":"#mesh_atlas"},"west":{"uv":[8.46875,11.03125,8.3125,11.5],"texture":"#mesh_atlas"},"up":{"uv":[8.46875,11.03125,8.3125,11.5],"texture":"#mesh_atlas"},"down":{"uv":[8.46875,11.03125,8.3125,11.5],"texture":"#mesh_atlas"}}},{"from":[9.875,14.375,6.125],"to":[10.5,15.125,6.375],"rotation":{"angle":0,"axis":"y","origin":[8,8,7.875]},"faces":{"north":{"uv":[9.9375,9.4375,9.78125,9.59375],"texture":"#mesh_atlas"},"east":{"uv":[9.9375,9.4375,9.78125,9.59375],"texture":"#mesh_atlas"},"south":{"uv":[9.9375,9.4375,9.78125,9.59375],"texture":"#mesh_atlas"},"west":{"uv":[9.9375,9.4375,9.78125,9.59375],"texture":"#mesh_atlas"},"up":{"uv":[9.9375,9.4375,9.78125,9.59375],"texture":"#mesh_atlas"},"down":{"uv":[9.9375,9.4375,9.78125,9.59375],"texture":"#mesh_atlas"}}},{"from":[10.5,17.25,6],"to":[10.625,17.75,6.25],"faces":{"north":{"uv":[14.96875,13.71875,14.78125,13.84375],"texture":"#mesh_atlas"},"east":{"uv":[14.96875,13.71875,14.78125,13.84375],"texture":"#mesh_atlas"},"south":{"uv":[14.96875,13.71875,14.78125,13.84375],"texture":"#mesh_atlas"},"west":{"uv":[14.96875,13.71875,14.78125,13.84375],"texture":"#mesh_atlas"},"up":{"uv":[14.96875,13.71875,14.78125,13.84375],"texture":"#mesh_atlas"},"down":{"uv":[14.96875,13.71875,14.78125,13.84375],"texture":"#mesh_atlas"}}},{"from":[10,15.125,6],"to":[10.625,16,6.25],"rotation":{"angle":0,"axis":"y","origin":[8,8,7.875]},"faces":{"north":{"uv":[9.78125,12.09375,9.625,12.3125],"texture":"#mesh_atlas"},"east":{"uv":[9.78125,12.09375,9.625,12.3125],"texture":"#mesh_atlas"},"south":{"uv":[9.78125,12.09375,9.625,12.3125],"texture":"#mesh_atlas"},"west":{"uv":[9.78125,12.09375,9.625,12.3125],"texture":"#mesh_atlas"},"up":{"uv":[9.78125,12.09375,9.625,12.3125],"texture":"#mesh_atlas"},"down":{"uv":[9.78125,12.09375,9.625,12.3125],"texture":"#mesh_atlas"}}},{"from":[10,16.25,5.875],"to":[10.625,17.25,6.25],"rotation":{"angle":0,"axis":"y","origin":[8,8,7.875]},"faces":{"north":{"uv":[13.09375,13.71875,12.90625,13.84375],"texture":"#mesh_atlas"},"east":{"uv":[13.09375,13.71875,12.90625,13.84375],"texture":"#mesh_atlas"},"south":{"uv":[13.09375,13.71875,12.90625,13.84375],"texture":"#mesh_atlas"},"west":{"uv":[13.09375,13.71875,12.90625,13.84375],"texture":"#mesh_atlas"},"up":{"uv":[13.09375,13.71875,12.90625,13.84375],"texture":"#mesh_atlas"},"down":{"uv":[13.09375,13.71875,12.90625,13.84375],"texture":"#mesh_atlas"}}},{"from":[10,19.9375,6],"to":[10.625,22,6.25],"faces":{"north":{"uv":[8.9375,12.21875,8.78125,12.53125],"texture":"#mesh_atlas"},"east":{"uv":[8.9375,12.21875,8.78125,12.53125],"texture":"#mesh_atlas"},"south":{"uv":[8.9375,12.21875,8.78125,12.53125],"texture":"#mesh_atlas"},"west":{"uv":[8.9375,12.21875,8.78125,12.53125],"texture":"#mesh_atlas"},"up":{"uv":[8.9375,12.21875,8.78125,12.53125],"texture":"#mesh_atlas"},"down":{"uv":[8.9375,12.21875,8.78125,12.53125],"texture":"#mesh_atlas"}}},{"from":[9.25,24.125,7.5],"to":[10.125,24.75,8.25],"faces":{"north":{"uv":[11.59375,11.28125,11.5625,11.4375],"texture":"#mesh_atlas"},"east":{"uv":[11.59375,11.28125,11.5625,11.4375],"texture":"#mesh_atlas"},"south":{"uv":[11.59375,11.28125,11.5625,11.4375],"texture":"#mesh_atlas"},"west":{"uv":[11.59375,11.28125,11.5625,11.4375],"texture":"#mesh_atlas"},"up":{"uv":[11.59375,11.28125,11.5625,11.4375],"texture":"#mesh_atlas"},"down":{"uv":[11.59375,11.28125,11.5625,11.4375],"texture":"#mesh_atlas"}}},{"from":[10.125,15.875,5.875],"to":[10.75,16.25,6.25],"rotation":{"angle":0,"axis":"y","origin":[8,8,7.875]},"faces":{"north":{"uv":[10.28125,8,10.125,8.09375],"texture":"#mesh_atlas"},"east":{"uv":[10.28125,8,10.125,8.09375],"texture":"#mesh_atlas"},"south":{"uv":[10.28125,8,10.125,8.09375],"texture":"#mesh_atlas"},"west":{"uv":[10.28125,8,10.125,8.09375],"texture":"#mesh_atlas"},"up":{"uv":[10.28125,8,10.125,8.09375],"texture":"#mesh_atlas"},"down":{"uv":[10.28125,8,10.125,8.09375],"texture":"#mesh_atlas"}}},{"from":[11.25,16,7.3125],"to":[12.375,20.625,7.875],"faces":{"north":{"uv":[1.125,11.71875,0.75,13],"texture":"#mesh_atlas"},"east":{"uv":[1.125,11.71875,0.75,13],"texture":"#mesh_atlas"},"south":{"uv":[1.125,11.71875,0.75,13],"texture":"#mesh_atlas"},"west":{"uv":[1.125,11.71875,0.75,13],"texture":"#mesh_atlas"},"up":{"uv":[1.125,11.71875,0.75,13],"texture":"#mesh_atlas"},"down":{"uv":[1.125,11.71875,0.75,13],"texture":"#mesh_atlas"}}},{"from":[4.125,17.125,7.5],"to":[4.625,20.625,7.875],"rotation":{"angle":0,"axis":"y","origin":[8.25,8,8]},"faces":{"north":{"uv":[0.75,11.71875,1.125,13],"texture":"#mesh_atlas"},"east":{"uv":[0.75,11.71875,1.125,13],"texture":"#mesh_atlas"},"south":{"uv":[0.75,11.71875,1.125,13],"texture":"#mesh_atlas"},"west":{"uv":[0.75,11.71875,1.125,13],"texture":"#mesh_atlas"},"up":{"uv":[0.75,11.71875,1.125,13],"texture":"#mesh_atlas"},"down":{"uv":[0.75,11.71875,1.125,13],"texture":"#mesh_atlas"}}},{"from":[11.25,18.375,7.625],"to":[12.125,21.75,8.125],"rotation":{"angle":0,"axis":"y","origin":[8,8,8.375]},"faces":{"north":{"uv":[1.125,11.71875,0.75,13],"texture":"#mesh_atlas"},"east":{"uv":[1.125,11.71875,0.75,13],"texture":"#mesh_atlas"},"south":{"uv":[1.125,11.71875,0.75,13],"texture":"#mesh_atlas"},"west":{"uv":[1.125,11.71875,0.75,13],"texture":"#mesh_atlas"},"up":{"uv":[1.125,11.71875,0.75,13],"texture":"#mesh_atlas"},"down":{"uv":[1.125,11.71875,0.75,13],"texture":"#mesh_atlas"}}},{"from":[4.125,18.375,7.625],"to":[5,21.75,8.125],"rotation":{"angle":0,"axis":"y","origin":[8.25,8,8.375]},"faces":{"north":{"uv":[0.75,11.71875,1.125,13],"texture":"#mesh_atlas"},"east":{"uv":[0.75,11.71875,1.125,13],"texture":"#mesh_atlas"},"south":{"uv":[0.75,11.71875,1.125,13],"texture":"#mesh_atlas"},"west":{"uv":[0.75,11.71875,1.125,13],"texture":"#mesh_atlas"},"up":{"uv":[0.75,11.71875,1.125,13],"texture":"#mesh_atlas"},"down":{"uv":[0.75,11.71875,1.125,13],"texture":"#mesh_atlas"}}},{"from":[12.25,16.5,10],"to":[12.625,17.875,10.5],"rotation":{"angle":0,"axis":"y","origin":[7.875,8,8]},"faces":{"north":{"uv":[6.3125,8,5.9375,8.34375],"texture":"#mesh_atlas"},"east":{"uv":[6.3125,8,5.9375,8.34375],"texture":"#mesh_atlas"},"south":{"uv":[6.3125,8,5.9375,8.34375],"texture":"#mesh_atlas"},"west":{"uv":[6.3125,8,5.9375,8.34375],"texture":"#mesh_atlas"},"up":{"uv":[6.3125,8,5.9375,8.34375],"texture":"#mesh_atlas"},"down":{"uv":[6.3125,8,5.9375,8.34375],"texture":"#mesh_atlas"}}},{"from":[3.625,16.5,10],"to":[4,17.875,10.5],"rotation":{"angle":0,"axis":"y","origin":[8.375,8,8]},"faces":{"north":{"uv":[5.9375,8,6.3125,8.34375],"texture":"#mesh_atlas"},"east":{"uv":[5.9375,8,6.3125,8.34375],"texture":"#mesh_atlas"},"south":{"uv":[5.9375,8,6.3125,8.34375],"texture":"#mesh_atlas"},"west":{"uv":[5.9375,8,6.3125,8.34375],"texture":"#mesh_atlas"},"up":{"uv":[5.9375,8,6.3125,8.34375],"texture":"#mesh_atlas"},"down":{"uv":[5.9375,8,6.3125,8.34375],"texture":"#mesh_atlas"}}},{"from":[11.25,17.5,6],"to":[12,18.75,6.25],"faces":{"north":{"uv":[8.125,9.5,7.8125,9.8125],"texture":"#mesh_atlas"},"east":{"uv":[8.125,9.5,7.8125,9.8125],"texture":"#mesh_atlas"},"south":{"uv":[8.125,9.5,7.8125,9.8125],"texture":"#mesh_atlas"},"west":{"uv":[8.125,9.5,7.8125,9.8125],"texture":"#mesh_atlas"},"up":{"uv":[8.125,9.5,7.8125,9.8125],"texture":"#mesh_atlas"},"down":{"uv":[8.125,9.5,7.8125,9.8125],"texture":"#mesh_atlas"}}},{"from":[11.25,17.5,11],"to":[12.5,18.125,11.75],"faces":{"north":{"uv":[10.4375,15.125,10.0625,15.3125],"texture":"#mesh_atlas"},"east":{"uv":[10.4375,15.125,10.0625,15.3125],"texture":"#mesh_atlas"},"south":{"uv":[10.4375,15.125,10.0625,15.3125],"texture":"#mesh_atlas"},"west":{"uv":[10.4375,15.125,10.0625,15.3125],"texture":"#mesh_atlas"},"up":{"uv":[10.4375,15.125,10.0625,15.3125],"texture":"#mesh_atlas"},"down":{"uv":[10.4375,15.125,10.0625,15.3125],"texture":"#mesh_atlas"}}},{"from":[3.75,17.5,10.9375],"to":[5,18.125,11.6875],"rotation":{"angle":0,"axis":"y","origin":[8.25,8,8]},"faces":{"north":{"uv":[10.0625,15.125,10.4375,15.3125],"texture":"#mesh_atlas"},"east":{"uv":[10.0625,15.125,10.4375,15.3125],"texture":"#mesh_atlas"},"south":{"uv":[10.0625,15.125,10.4375,15.3125],"texture":"#mesh_atlas"},"west":{"uv":[10.0625,15.125,10.4375,15.3125],"texture":"#mesh_atlas"},"up":{"uv":[10.0625,15.125,10.4375,15.3125],"texture":"#mesh_atlas"},"down":{"uv":[10.0625,15.125,10.4375,15.3125],"texture":"#mesh_atlas"}}},{"from":[11.25,18.125,11.25],"to":[12.375,19.375,11.625],"faces":{"north":{"uv":[10.0625,15.125,9.6875,15.3125],"texture":"#mesh_atlas"},"east":{"uv":[10.0625,15.125,9.6875,15.3125],"texture":"#mesh_atlas"},"south":{"uv":[10.0625,15.125,9.6875,15.3125],"texture":"#mesh_atlas"},"west":{"uv":[10.0625,15.125,9.6875,15.3125],"texture":"#mesh_atlas"},"up":{"uv":[10.0625,15.125,9.6875,15.3125],"texture":"#mesh_atlas"},"down":{"uv":[10.0625,15.125,9.6875,15.3125],"texture":"#mesh_atlas"}}},{"from":[3.875,18.125,11.25],"to":[5,19.375,11.625],"rotation":{"angle":0,"axis":"y","origin":[8.25,8,8]},"faces":{"north":{"uv":[9.6875,15.125,10.0625,15.3125],"texture":"#mesh_atlas"},"east":{"uv":[9.6875,15.125,10.0625,15.3125],"texture":"#mesh_atlas"},"south":{"uv":[9.6875,15.125,10.0625,15.3125],"texture":"#mesh_atlas"},"west":{"uv":[9.6875,15.125,10.0625,15.3125],"texture":"#mesh_atlas"},"up":{"uv":[9.6875,15.125,10.0625,15.3125],"texture":"#mesh_atlas"},"down":{"uv":[9.6875,15.125,10.0625,15.3125],"texture":"#mesh_atlas"}}},{"from":[11.25,18.25,11.5],"to":[12.25,21.125,11.875],"faces":{"north":{"uv":[1.625,8.15625,1.25,8.90625],"texture":"#mesh_atlas"},"east":{"uv":[1.625,8.15625,1.25,8.90625],"texture":"#mesh_atlas"},"south":{"uv":[1.625,8.15625,1.25,8.90625],"texture":"#mesh_atlas"},"west":{"uv":[1.625,8.15625,1.25,8.90625],"texture":"#mesh_atlas"},"up":{"uv":[1.625,8.15625,1.25,8.90625],"texture":"#mesh_atlas"},"down":{"uv":[1.625,8.15625,1.25,8.90625],"texture":"#mesh_atlas"}}},{"from":[4,18.25,11.5],"to":[5,21.125,11.875],"rotation":{"angle":0,"axis":"y","origin":[8.25,8,8]},"faces":{"north":{"uv":[1.25,8.15625,1.625,8.90625],"texture":"#mesh_atlas"},"east":{"uv":[1.25,8.15625,1.625,8.90625],"texture":"#mesh_atlas"},"south":{"uv":[1.25,8.15625,1.625,8.90625],"texture":"#mesh_atlas"},"west":{"uv":[1.25,8.15625,1.625,8.90625],"texture":"#mesh_atlas"},"up":{"uv":[1.25,8.15625,1.625,8.90625],"texture":"#mesh_atlas"},"down":{"uv":[1.25,8.15625,1.625,8.90625],"texture":"#mesh_atlas"}}},{"from":[4.125,18.25,12.1875],"to":[4.625,20.875,12.5625],"rotation":{"angle":0,"axis":"y","origin":[8.25,8,8.875]},"faces":{"north":{"uv":[1.25,8.15625,1.625,8.90625],"texture":"#mesh_atlas"},"east":{"uv":[1.25,8.15625,1.625,8.90625],"texture":"#mesh_atlas"},"south":{"uv":[1.25,8.15625,1.625,8.90625],"texture":"#mesh_atlas"},"west":{"uv":[1.25,8.15625,1.625,8.90625],"texture":"#mesh_atlas"},"up":{"uv":[1.25,8.15625,1.625,8.90625],"texture":"#mesh_atlas"},"down":{"uv":[1.25,8.15625,1.625,8.90625],"texture":"#mesh_atlas"}}},{"from":[11,20.5,6],"to":[11.625,21.875,6.25],"faces":{"north":{"uv":[9.78125,12.3125,9.625,12.53125],"texture":"#mesh_atlas"},"east":{"uv":[9.78125,12.3125,9.625,12.53125],"texture":"#mesh_atlas"},"south":{"uv":[9.78125,12.3125,9.625,12.53125],"texture":"#mesh_atlas"},"west":{"uv":[9.78125,12.3125,9.625,12.53125],"texture":"#mesh_atlas"},"up":{"uv":[9.78125,12.3125,9.625,12.53125],"texture":"#mesh_atlas"},"down":{"uv":[9.78125,12.3125,9.625,12.53125],"texture":"#mesh_atlas"}}},{"from":[11.125,18.75,6],"to":[11.875,19.125,6.25],"faces":{"north":{"uv":[11,13.25,10.8125,13.34375],"texture":"#mesh_atlas"},"east":{"uv":[11,13.25,10.8125,13.34375],"texture":"#mesh_atlas"},"south":{"uv":[11,13.25,10.8125,13.34375],"texture":"#mesh_atlas"},"west":{"uv":[11,13.25,10.8125,13.34375],"texture":"#mesh_atlas"},"up":{"uv":[11,13.25,10.8125,13.34375],"texture":"#mesh_atlas"},"down":{"uv":[11,13.25,10.8125,13.34375],"texture":"#mesh_atlas"}}},{"from":[11.125,19.125,6],"to":[11.875,20.5,6.25],"faces":{"north":{"uv":[8.46875,10.6875,8.3125,11.03125],"texture":"#mesh_atlas"},"east":{"uv":[8.46875,10.6875,8.3125,11.03125],"texture":"#mesh_atlas"},"south":{"uv":[8.46875,10.6875,8.3125,11.03125],"texture":"#mesh_atlas"},"west":{"uv":[8.46875,10.6875,8.3125,11.03125],"texture":"#mesh_atlas"},"up":{"uv":[8.46875,10.6875,8.3125,11.03125],"texture":"#mesh_atlas"},"down":{"uv":[8.46875,10.6875,8.3125,11.03125],"texture":"#mesh_atlas"}}},{"from":[11.25,17.375,6],"to":[12,17.5,6.25],"faces":{"north":{"uv":[14.0625,12.4375,13.875,12.46875],"texture":"#mesh_atlas"},"east":{"uv":[14.0625,12.4375,13.875,12.46875],"texture":"#mesh_atlas"},"south":{"uv":[14.0625,12.4375,13.875,12.46875],"texture":"#mesh_atlas"},"west":{"uv":[14.0625,12.4375,13.875,12.46875],"texture":"#mesh_atlas"},"up":{"uv":[14.0625,12.4375,13.875,12.46875],"texture":"#mesh_atlas"},"down":{"uv":[14.0625,12.4375,13.875,12.46875],"texture":"#mesh_atlas"}}},{"from":[11.625,14.375,6.25],"to":[12.25,15.625,6.875],"faces":{"north":{"uv":[10.125,12.125,9.96875,12.28125],"texture":"#mesh_atlas"},"east":{"uv":[10.125,12.125,9.96875,12.28125],"texture":"#mesh_atlas"},"south":{"uv":[10.125,12.125,9.96875,12.28125],"texture":"#mesh_atlas"},"west":{"uv":[10.125,12.125,9.96875,12.28125],"texture":"#mesh_atlas"},"up":{"uv":[10.125,12.125,9.96875,12.28125],"texture":"#mesh_atlas"},"down":{"uv":[10.125,12.125,9.96875,12.28125],"texture":"#mesh_atlas"}}},{"from":[11.5,15.625,6.125],"to":[12.375,16.25,6.625],"faces":{"north":{"uv":[9.96875,11.8125,9.78125,11.96875],"texture":"#mesh_atlas"},"east":{"uv":[9.96875,11.8125,9.78125,11.96875],"texture":"#mesh_atlas"},"south":{"uv":[9.96875,11.8125,9.78125,11.96875],"texture":"#mesh_atlas"},"west":{"uv":[9.96875,11.8125,9.78125,11.96875],"texture":"#mesh_atlas"},"up":{"uv":[9.96875,11.8125,9.78125,11.96875],"texture":"#mesh_atlas"},"down":{"uv":[9.96875,11.8125,9.78125,11.96875],"texture":"#mesh_atlas"}}},{"from":[4,17.125,7.25],"to":[4.5,19.25,7.5],"rotation":{"angle":0,"axis":"y","origin":[8.25,8,8]},"faces":{"north":{"uv":[1.625,8.25,1.75,8.90625],"texture":"#mesh_atlas"},"east":{"uv":[1.625,8.25,1.75,8.90625],"texture":"#mesh_atlas"},"south":{"uv":[1.625,8.25,1.75,8.90625],"texture":"#mesh_atlas"},"west":{"uv":[1.625,8.25,1.75,8.90625],"texture":"#mesh_atlas"},"up":{"uv":[1.625,8.25,1.75,8.90625],"texture":"#mesh_atlas"},"down":{"uv":[1.625,8.25,1.75,8.90625],"texture":"#mesh_atlas"}}},{"from":[11.75,17.375,6.25],"to":[12,19.75,6.75],"faces":{"north":{"uv":[8.6875,12.4375,8.5625,12.9375],"texture":"#mesh_atlas"},"east":{"uv":[8.6875,12.4375,8.5625,12.9375],"texture":"#mesh_atlas"},"south":{"uv":[8.6875,12.4375,8.5625,12.9375],"texture":"#mesh_atlas"},"west":{"uv":[8.6875,12.4375,8.5625,12.9375],"texture":"#mesh_atlas"},"up":{"uv":[8.6875,12.4375,8.5625,12.9375],"texture":"#mesh_atlas"},"down":{"uv":[8.6875,12.4375,8.5625,12.9375],"texture":"#mesh_atlas"}}},{"from":[3.875,16,7.25],"to":[4.375,17.1875,7.75],"rotation":{"angle":0,"axis":"y","origin":[8.25,8,8]},"faces":{"north":{"uv":[10.28125,9.0625,10.4375,9.1875],"texture":"#mesh_atlas"},"east":{"uv":[10.28125,9.0625,10.4375,9.1875],"texture":"#mesh_atlas"},"south":{"uv":[10.28125,9.0625,10.4375,9.1875],"texture":"#mesh_atlas"},"west":{"uv":[10.28125,9.0625,10.4375,9.1875],"texture":"#mesh_atlas"},"up":{"uv":[10.28125,9.0625,10.4375,9.1875],"texture":"#mesh_atlas"},"down":{"uv":[10.28125,9.0625,10.4375,9.1875],"texture":"#mesh_atlas"}}},{"from":[11.625,16.25,6.125],"to":[12.375,17.375,6.625],"faces":{"north":{"uv":[13.625,13.25,13.4375,13.34375],"texture":"#mesh_atlas"},"east":{"uv":[13.625,13.25,13.4375,13.34375],"texture":"#mesh_atlas"},"south":{"uv":[13.625,13.25,13.4375,13.34375],"texture":"#mesh_atlas"},"west":{"uv":[13.625,13.25,13.4375,13.34375],"texture":"#mesh_atlas"},"up":{"uv":[13.625,13.25,13.4375,13.34375],"texture":"#mesh_atlas"},"down":{"uv":[13.625,13.25,13.4375,13.34375],"texture":"#mesh_atlas"}}},{"from":[11.625,17.125,11.0625],"to":[12.25,17.5,11.6875],"faces":{"north":{"uv":[13.09375,13.09375,12.9375,13.1875],"texture":"#mesh_atlas"},"east":{"uv":[13.09375,13.09375,12.9375,13.1875],"texture":"#mesh_atlas"},"south":{"uv":[13.09375,13.09375,12.9375,13.1875],"texture":"#mesh_atlas"},"west":{"uv":[13.09375,13.09375,12.9375,13.1875],"texture":"#mesh_atlas"},"up":{"uv":[13.09375,13.09375,12.9375,13.1875],"texture":"#mesh_atlas"},"down":{"uv":[13.09375,13.09375,12.9375,13.1875],"texture":"#mesh_atlas"}}},{"from":[4,17.125,10.8125],"to":[4.625,17.5,11.4375],"rotation":{"angle":0,"axis":"y","origin":[8.25,8,8]},"faces":{"north":{"uv":[12.9375,13.09375,13.09375,13.1875],"texture":"#mesh_atlas"},"east":{"uv":[12.9375,13.09375,13.09375,13.1875],"texture":"#mesh_atlas"},"south":{"uv":[12.9375,13.09375,13.09375,13.1875],"texture":"#mesh_atlas"},"west":{"uv":[12.9375,13.09375,13.09375,13.1875],"texture":"#mesh_atlas"},"up":{"uv":[12.9375,13.09375,13.09375,13.1875],"texture":"#mesh_atlas"},"down":{"uv":[12.9375,13.09375,13.09375,13.1875],"texture":"#mesh_atlas"}}},{"from":[11.75,19.75,6.5],"to":[12,20.625,7],"faces":{"north":{"uv":[8.1875,14.84375,8.125,15.21875],"texture":"#mesh_atlas"},"east":{"uv":[8.1875,14.84375,8.125,15.21875],"texture":"#mesh_atlas"},"south":{"uv":[8.1875,14.84375,8.125,15.21875],"texture":"#mesh_atlas"},"west":{"uv":[8.1875,14.84375,8.125,15.21875],"texture":"#mesh_atlas"},"up":{"uv":[8.1875,14.84375,8.125,15.21875],"texture":"#mesh_atlas"},"down":{"uv":[8.1875,14.84375,8.125,15.21875],"texture":"#mesh_atlas"}}},{"from":[11.75,20.625,6.5],"to":[12.125,21.75,6.75],"faces":{"north":{"uv":[10.71875,11.34375,10.625,11.5],"texture":"#mesh_atlas"},"east":{"uv":[10.71875,11.34375,10.625,11.5],"texture":"#mesh_atlas"},"south":{"uv":[10.71875,11.34375,10.625,11.5],"texture":"#mesh_atlas"},"west":{"uv":[10.71875,11.34375,10.625,11.5],"texture":"#mesh_atlas"},"up":{"uv":[10.71875,11.34375,10.625,11.5],"texture":"#mesh_atlas"},"down":{"uv":[10.71875,11.34375,10.625,11.5],"texture":"#mesh_atlas"}}},{"from":[4,16.25,9.875],"to":[4.25,17.625,10],"rotation":{"angle":0,"axis":"y","origin":[8.25,8,8]},"faces":{"north":{"uv":[8.71875,8.4375,8.78125,8.78125],"texture":"#mesh_atlas"},"east":{"uv":[8.71875,8.4375,8.78125,8.78125],"texture":"#mesh_atlas"},"south":{"uv":[8.71875,8.4375,8.78125,8.78125],"texture":"#mesh_atlas"},"west":{"uv":[8.71875,8.4375,8.78125,8.78125],"texture":"#mesh_atlas"},"up":{"uv":[8.71875,8.4375,8.78125,8.78125],"texture":"#mesh_atlas"},"down":{"uv":[8.71875,8.4375,8.78125,8.78125],"texture":"#mesh_atlas"}}},{"from":[12.25,16.375,8.625],"to":[12.75,17.25,9.25],"faces":{"north":{"uv":[5.625,11.625,5.5625,11.84375],"texture":"#mesh_atlas"},"east":{"uv":[5.625,11.625,5.5625,11.84375],"texture":"#mesh_atlas"},"south":{"uv":[5.625,11.625,5.5625,11.84375],"texture":"#mesh_atlas"},"west":{"uv":[5.625,11.625,5.5625,11.84375],"texture":"#mesh_atlas"},"up":{"uv":[5.625,11.625,5.5625,11.84375],"texture":"#mesh_atlas"},"down":{"uv":[5.625,11.625,5.5625,11.84375],"texture":"#mesh_atlas"}}},{"from":[3.5,16.375,8.625],"to":[4,17.25,9.25],"rotation":{"angle":0,"axis":"y","origin":[8.25,8,8]},"faces":{"north":{"uv":[5.5625,11.625,5.625,11.84375],"texture":"#mesh_atlas"},"east":{"uv":[5.5625,11.625,5.625,11.84375],"texture":"#mesh_atlas"},"south":{"uv":[5.5625,11.625,5.625,11.84375],"texture":"#mesh_atlas"},"west":{"uv":[5.5625,11.625,5.625,11.84375],"texture":"#mesh_atlas"},"up":{"uv":[5.5625,11.625,5.625,11.84375],"texture":"#mesh_atlas"},"down":{"uv":[5.5625,11.625,5.625,11.84375],"texture":"#mesh_atlas"}}},{"from":[11.875,16.375,9],"to":[12.375,17.25,9.625],"rotation":{"angle":0,"axis":"y","origin":[7.625,8,8.375]},"faces":{"north":{"uv":[5.625,11.625,5.5625,11.84375],"texture":"#mesh_atlas"},"east":{"uv":[5.625,11.625,5.5625,11.84375],"texture":"#mesh_atlas"},"south":{"uv":[5.625,11.625,5.5625,11.84375],"texture":"#mesh_atlas"},"west":{"uv":[5.625,11.625,5.5625,11.84375],"texture":"#mesh_atlas"},"up":{"uv":[5.625,11.625,5.5625,11.84375],"texture":"#mesh_atlas"},"down":{"uv":[5.625,11.625,5.5625,11.84375],"texture":"#mesh_atlas"}}},{"from":[3.875,16.375,9],"to":[4.375,17.25,9.625],"rotation":{"angle":0,"axis":"y","origin":[8.625,8,8.375]},"faces":{"north":{"uv":[5.5625,11.625,5.625,11.84375],"texture":"#mesh_atlas"},"east":{"uv":[5.5625,11.625,5.625,11.84375],"texture":"#mesh_atlas"},"south":{"uv":[5.5625,11.625,5.625,11.84375],"texture":"#mesh_atlas"},"west":{"uv":[5.5625,11.625,5.625,11.84375],"texture":"#mesh_atlas"},"up":{"uv":[5.5625,11.625,5.625,11.84375],"texture":"#mesh_atlas"},"down":{"uv":[5.5625,11.625,5.625,11.84375],"texture":"#mesh_atlas"}}},{"from":[12.25,17.25,8.75],"to":[12.625,19.125,9.25],"rotation":{"angle":0,"axis":"y","origin":[7.875,8,8]},"faces":{"north":{"uv":[9.5625,12,9.5,12.46875],"texture":"#mesh_atlas"},"east":{"uv":[9.5625,12,9.5,12.46875],"texture":"#mesh_atlas"},"south":{"uv":[9.5625,12,9.5,12.46875],"texture":"#mesh_atlas"},"west":{"uv":[9.5625,12,9.5,12.46875],"texture":"#mesh_atlas"},"up":{"uv":[9.5625,12,9.5,12.46875],"texture":"#mesh_atlas"},"down":{"uv":[9.5625,12,9.5,12.46875],"texture":"#mesh_atlas"}}},{"from":[3.625,17.25,8.75],"to":[4,19.125,9.25],"rotation":{"angle":0,"axis":"y","origin":[8.375,8,8]},"faces":{"north":{"uv":[9.5,12,9.5625,12.46875],"texture":"#mesh_atlas"},"east":{"uv":[9.5,12,9.5625,12.46875],"texture":"#mesh_atlas"},"south":{"uv":[9.5,12,9.5625,12.46875],"texture":"#mesh_atlas"},"west":{"uv":[9.5,12,9.5625,12.46875],"texture":"#mesh_atlas"},"up":{"uv":[9.5,12,9.5625,12.46875],"texture":"#mesh_atlas"},"down":{"uv":[9.5,12,9.5625,12.46875],"texture":"#mesh_atlas"}}},{"from":[12,17.25,9.25],"to":[12.375,19.125,9.75],"rotation":{"angle":0,"axis":"y","origin":[7.625,8,8.5]},"faces":{"north":{"uv":[9.5625,12,9.5,12.46875],"texture":"#mesh_atlas"},"east":{"uv":[9.5625,12,9.5,12.46875],"texture":"#mesh_atlas"},"south":{"uv":[9.5625,12,9.5,12.46875],"texture":"#mesh_atlas"},"west":{"uv":[9.5625,12,9.5,12.46875],"texture":"#mesh_atlas"},"up":{"uv":[9.5625,12,9.5,12.46875],"texture":"#mesh_atlas"},"down":{"uv":[9.5625,12,9.5,12.46875],"texture":"#mesh_atlas"}}},{"from":[3.875,17.25,9.25],"to":[4.25,19.125,9.4375],"rotation":{"angle":0,"axis":"y","origin":[8.625,8,8.5]},"faces":{"north":{"uv":[9.5,12,9.5625,12.46875],"texture":"#mesh_atlas"},"east":{"uv":[9.5,12,9.5625,12.46875],"texture":"#mesh_atlas"},"south":{"uv":[9.5,12,9.5625,12.46875],"texture":"#mesh_atlas"},"west":{"uv":[9.5,12,9.5625,12.46875],"texture":"#mesh_atlas"},"up":{"uv":[9.5,12,9.5625,12.46875],"texture":"#mesh_atlas"},"down":{"uv":[9.5,12,9.5625,12.46875],"texture":"#mesh_atlas"}}},{"from":[12.25,17.875,10.125],"to":[12.625,19.875,10.5],"rotation":{"angle":0,"axis":"y","origin":[7.875,8,8]},"faces":{"north":{"uv":[9.5,10.0625,9.4375,10.5625],"texture":"#mesh_atlas"},"east":{"uv":[9.5,10.0625,9.4375,10.5625],"texture":"#mesh_atlas"},"south":{"uv":[9.5,10.0625,9.4375,10.5625],"texture":"#mesh_atlas"},"west":{"uv":[9.5,10.0625,9.4375,10.5625],"texture":"#mesh_atlas"},"up":{"uv":[9.5,10.0625,9.4375,10.5625],"texture":"#mesh_atlas"},"down":{"uv":[9.5,10.0625,9.4375,10.5625],"texture":"#mesh_atlas"}}},{"from":[3.625,17.875,10.125],"to":[4,19.875,10.5],"rotation":{"angle":0,"axis":"y","origin":[8.375,8,8]},"faces":{"north":{"uv":[9.4375,10.0625,9.5,10.5625],"texture":"#mesh_atlas"},"east":{"uv":[9.4375,10.0625,9.5,10.5625],"texture":"#mesh_atlas"},"south":{"uv":[9.4375,10.0625,9.5,10.5625],"texture":"#mesh_atlas"},"west":{"uv":[9.4375,10.0625,9.5,10.5625],"texture":"#mesh_atlas"},"up":{"uv":[9.4375,10.0625,9.5,10.5625],"texture":"#mesh_atlas"},"down":{"uv":[9.4375,10.0625,9.5,10.5625],"texture":"#mesh_atlas"}}},{"from":[12.125,19.125,8.875],"to":[12.5,20.125,9.375],"rotation":{"angle":0,"axis":"y","origin":[7.75,8,8]},"faces":{"north":{"uv":[10.75,12.375,10.6875,12.625],"texture":"#mesh_atlas"},"east":{"uv":[10.75,12.375,10.6875,12.625],"texture":"#mesh_atlas"},"south":{"uv":[10.75,12.375,10.6875,12.625],"texture":"#mesh_atlas"},"west":{"uv":[10.75,12.375,10.6875,12.625],"texture":"#mesh_atlas"},"up":{"uv":[10.75,12.375,10.6875,12.625],"texture":"#mesh_atlas"},"down":{"uv":[10.75,12.375,10.6875,12.625],"texture":"#mesh_atlas"}}},{"from":[3.75,19.125,8.875],"to":[4.125,20.125,9.375],"rotation":{"angle":0,"axis":"y","origin":[8.5,8,8]},"faces":{"north":{"uv":[10.6875,12.375,10.75,12.625],"texture":"#mesh_atlas"},"east":{"uv":[10.6875,12.375,10.75,12.625],"texture":"#mesh_atlas"},"south":{"uv":[10.6875,12.375,10.75,12.625],"texture":"#mesh_atlas"},"west":{"uv":[10.6875,12.375,10.75,12.625],"texture":"#mesh_atlas"},"up":{"uv":[10.6875,12.375,10.75,12.625],"texture":"#mesh_atlas"},"down":{"uv":[10.6875,12.375,10.75,12.625],"texture":"#mesh_atlas"}}},{"from":[12,19.5,9.375],"to":[12.5,21.25,9.875],"faces":{"north":{"uv":[8.6875,9.21875,8.5625,9.65625],"texture":"#mesh_atlas"},"east":{"uv":[8.6875,9.21875,8.5625,9.65625],"texture":"#mesh_atlas"},"south":{"uv":[8.6875,9.21875,8.5625,9.65625],"texture":"#mesh_atlas"},"west":{"uv":[8.6875,9.21875,8.5625,9.65625],"texture":"#mesh_atlas"},"up":{"uv":[8.6875,9.21875,8.5625,9.65625],"texture":"#mesh_atlas"},"down":{"uv":[8.6875,9.21875,8.5625,9.65625],"texture":"#mesh_atlas"}}},{"from":[3.75,19.5,9.375],"to":[4.25,21.25,9.875],"rotation":{"angle":0,"axis":"y","origin":[8.25,8,8]},"faces":{"north":{"uv":[8.5625,9.21875,8.6875,9.65625],"texture":"#mesh_atlas"},"east":{"uv":[8.5625,9.21875,8.6875,9.65625],"texture":"#mesh_atlas"},"south":{"uv":[8.5625,9.21875,8.6875,9.65625],"texture":"#mesh_atlas"},"west":{"uv":[8.5625,9.21875,8.6875,9.65625],"texture":"#mesh_atlas"},"up":{"uv":[8.5625,9.21875,8.6875,9.65625],"texture":"#mesh_atlas"},"down":{"uv":[8.5625,9.21875,8.6875,9.65625],"texture":"#mesh_atlas"}}},{"from":[12,20.125,10.75],"to":[12.25,22,11.125],"faces":{"north":{"uv":[9.5625,11.53125,9.5,12],"texture":"#mesh_atlas"},"east":{"uv":[9.5625,11.53125,9.5,12],"texture":"#mesh_atlas"},"south":{"uv":[9.5625,11.53125,9.5,12],"texture":"#mesh_atlas"},"west":{"uv":[9.5625,11.53125,9.5,12],"texture":"#mesh_atlas"},"up":{"uv":[9.5625,11.53125,9.5,12],"texture":"#mesh_atlas"},"down":{"uv":[9.5625,11.53125,9.5,12],"texture":"#mesh_atlas"}}},{"from":[4,20.125,10.75],"to":[4.25,22,11.125],"rotation":{"angle":0,"axis":"y","origin":[8.25,8,8]},"faces":{"north":{"uv":[9.5,11.53125,9.5625,12],"texture":"#mesh_atlas"},"east":{"uv":[9.5,11.53125,9.5625,12],"texture":"#mesh_atlas"},"south":{"uv":[9.5,11.53125,9.5625,12],"texture":"#mesh_atlas"},"west":{"uv":[9.5,11.53125,9.5625,12],"texture":"#mesh_atlas"},"up":{"uv":[9.5,11.53125,9.5625,12],"texture":"#mesh_atlas"},"down":{"uv":[9.5,11.53125,9.5625,12],"texture":"#mesh_atlas"}}},{"from":[11.8125,20.375,12.125],"to":[12.0625,22,12.375],"faces":{"north":{"uv":[9.625,8.71875,9.5625,9.125],"texture":"#mesh_atlas"},"east":{"uv":[9.625,8.71875,9.5625,9.125],"texture":"#mesh_atlas"},"south":{"uv":[9.625,8.71875,9.5625,9.125],"texture":"#mesh_atlas"},"west":{"uv":[9.625,8.71875,9.5625,9.125],"texture":"#mesh_atlas"},"up":{"uv":[9.625,8.71875,9.5625,9.125],"texture":"#mesh_atlas"},"down":{"uv":[9.625,8.71875,9.5625,9.125],"texture":"#mesh_atlas"}}},{"from":[4.1875,20.875,12.1875],"to":[4.5625,21.5625,12.625],"rotation":{"angle":0,"axis":"y","origin":[8.25,8,8.25]},"faces":{"north":{"uv":[9.5625,8.71875,9.625,9.125],"texture":"#mesh_atlas"},"east":{"uv":[9.5625,8.71875,9.625,9.125],"texture":"#mesh_atlas"},"south":{"uv":[9.5625,8.71875,9.625,9.125],"texture":"#mesh_atlas"},"west":{"uv":[9.5625,8.71875,9.625,9.125],"texture":"#mesh_atlas"},"up":{"uv":[9.5625,8.71875,9.625,9.125],"texture":"#mesh_atlas"},"down":{"uv":[9.5625,8.71875,9.625,9.125],"texture":"#mesh_atlas"}}},{"from":[4.6875,18.625,6.25],"to":[11.8125,21.875,12.375],"rotation":{"angle":0,"axis":"y","origin":[7.75,8.125,8]},"faces":{"north":{"uv":[16,5,6,12],"texture":"#mesh_atlas"},"east":{"uv":[16,5,6,12],"texture":"#mesh_atlas"},"south":{"uv":[16,5,6,12],"texture":"#mesh_atlas"},"west":{"uv":[16,5,6,12],"texture":"#mesh_atlas"},"up":{"uv":[16,5,6,12],"texture":"#mesh_atlas"},"down":{"uv":[16,5,6,12],"texture":"#mesh_atlas"}}},{"from":[4.6875,16.25,6.25],"to":[11.8125,18.625,10.25],"rotation":{"angle":0,"axis":"y","origin":[7.75,4.625,8]},"faces":{"north":{"uv":[16,5,6,12],"texture":"#mesh_atlas"},"east":{"uv":[16,5,6,12],"texture":"#mesh_atlas"},"south":{"uv":[16,5,6,12],"texture":"#mesh_atlas"},"west":{"uv":[16,5,6,12],"texture":"#mesh_atlas"},"up":{"uv":[16,5,6,12],"texture":"#mesh_atlas"},"down":{"uv":[16,5,6,12],"texture":"#mesh_atlas"}}},{"from":[12,19.75,10],"to":[12.5,21.75,10.375],"rotation":{"angle":0,"axis":"y","origin":[8,8,7.875]},"faces":{"north":{"uv":[9.625,13.46875,9.5,13.71875],"texture":"#mesh_atlas"},"east":{"uv":[9.625,13.46875,9.5,13.71875],"texture":"#mesh_atlas"},"south":{"uv":[9.625,13.46875,9.5,13.71875],"texture":"#mesh_atlas"},"west":{"uv":[9.625,13.46875,9.5,13.71875],"texture":"#mesh_atlas"},"up":{"uv":[9.625,13.46875,9.5,13.71875],"texture":"#mesh_atlas"},"down":{"uv":[9.625,13.46875,9.5,13.71875],"texture":"#mesh_atlas"}}},{"from":[3.75,19.75,10],"to":[4.25,21.75,10.375],"rotation":{"angle":0,"axis":"y","origin":[8.25,8,7.875]},"faces":{"north":{"uv":[9.5,13.46875,9.625,13.71875],"texture":"#mesh_atlas"},"east":{"uv":[9.5,13.46875,9.625,13.71875],"texture":"#mesh_atlas"},"south":{"uv":[9.5,13.46875,9.625,13.71875],"texture":"#mesh_atlas"},"west":{"uv":[9.5,13.46875,9.625,13.71875],"texture":"#mesh_atlas"},"up":{"uv":[9.5,13.46875,9.625,13.71875],"texture":"#mesh_atlas"},"down":{"uv":[9.5,13.46875,9.625,13.71875],"texture":"#mesh_atlas"}}},{"from":[11.875,19.75,11.75],"to":[12.125,22,12.125],"faces":{"north":{"uv":[11.0625,11.21875,11,11.40625],"texture":"#mesh_atlas"},"east":{"uv":[11.0625,11.21875,11,11.40625],"texture":"#mesh_atlas"},"south":{"uv":[11.0625,11.21875,11,11.40625],"texture":"#mesh_atlas"},"west":{"uv":[11.0625,11.21875,11,11.40625],"texture":"#mesh_atlas"},"up":{"uv":[11.0625,11.21875,11,11.40625],"texture":"#mesh_atlas"},"down":{"uv":[11.0625,11.21875,11,11.40625],"texture":"#mesh_atlas"}}},{"from":[4.125,19.75,11.75],"to":[4.375,22,12.125],"rotation":{"angle":0,"axis":"y","origin":[8.25,8,8]},"faces":{"north":{"uv":[11,11.21875,11.0625,11.40625],"texture":"#mesh_atlas"},"east":{"uv":[11,11.21875,11.0625,11.40625],"texture":"#mesh_atlas"},"south":{"uv":[11,11.21875,11.0625,11.40625],"texture":"#mesh_atlas"},"west":{"uv":[11,11.21875,11.0625,11.40625],"texture":"#mesh_atlas"},"up":{"uv":[11,11.21875,11.0625,11.40625],"texture":"#mesh_atlas"},"down":{"uv":[11,11.21875,11.0625,11.40625],"texture":"#mesh_atlas"}}},{"from":[12,19.875,9],"to":[12.25,21.875,9.75],"faces":{"north":{"uv":[11.125,9.625,11.0625,9.78125],"texture":"#mesh_atlas"},"east":{"uv":[11.125,9.625,11.0625,9.78125],"texture":"#mesh_atlas"},"south":{"uv":[11.125,9.625,11.0625,9.78125],"texture":"#mesh_atlas"},"west":{"uv":[11.125,9.625,11.0625,9.78125],"texture":"#mesh_atlas"},"up":{"uv":[11.125,9.625,11.0625,9.78125],"texture":"#mesh_atlas"},"down":{"uv":[11.125,9.625,11.0625,9.78125],"texture":"#mesh_atlas"}}},{"from":[4,19.875,9],"to":[4.25,21.875,9.75],"rotation":{"angle":0,"axis":"y","origin":[8.25,8,8]},"faces":{"north":{"uv":[11.0625,9.625,11.125,9.78125],"texture":"#mesh_atlas"},"east":{"uv":[11.0625,9.625,11.125,9.78125],"texture":"#mesh_atlas"},"south":{"uv":[11.0625,9.625,11.125,9.78125],"texture":"#mesh_atlas"},"west":{"uv":[11.0625,9.625,11.125,9.78125],"texture":"#mesh_atlas"},"up":{"uv":[11.0625,9.625,11.125,9.78125],"texture":"#mesh_atlas"},"down":{"uv":[11.0625,9.625,11.125,9.78125],"texture":"#mesh_atlas"}}},{"from":[3.75,19.6875,11],"to":[4,20.4375,11.25],"rotation":{"angle":0,"axis":"y","origin":[8.25,8,8]},"faces":{"north":{"uv":[11,10.09375,11.0625,10.28125],"texture":"#mesh_atlas"},"east":{"uv":[11,10.09375,11.0625,10.28125],"texture":"#mesh_atlas"},"south":{"uv":[11,10.09375,11.0625,10.28125],"texture":"#mesh_atlas"},"west":{"uv":[11,10.09375,11.0625,10.28125],"texture":"#mesh_atlas"},"up":{"uv":[11,10.09375,11.0625,10.28125],"texture":"#mesh_atlas"},"down":{"uv":[11,10.09375,11.0625,10.28125],"texture":"#mesh_atlas"}}},{"from":[12.25,19.8125,10.75],"to":[12.5,20.5625,11],"rotation":{"angle":0,"axis":"y","origin":[8,8.125,7.75]},"faces":{"north":{"uv":[11.0625,10.09375,11,10.28125],"texture":"#mesh_atlas"},"east":{"uv":[11.0625,10.09375,11,10.28125],"texture":"#mesh_atlas"},"south":{"uv":[11.0625,10.09375,11,10.28125],"texture":"#mesh_atlas"},"west":{"uv":[11.0625,10.09375,11,10.28125],"texture":"#mesh_atlas"},"up":{"uv":[11.0625,10.09375,11,10.28125],"texture":"#mesh_atlas"},"down":{"uv":[11.0625,10.09375,11,10.28125],"texture":"#mesh_atlas"}}},{"from":[3.75,19.8125,10.75],"to":[4,20.5625,11],"rotation":{"angle":0,"axis":"y","origin":[8.25,8.125,7.75]},"faces":{"north":{"uv":[11,10.09375,11.0625,10.28125],"texture":"#mesh_atlas"},"east":{"uv":[11,10.09375,11.0625,10.28125],"texture":"#mesh_atlas"},"south":{"uv":[11,10.09375,11.0625,10.28125],"texture":"#mesh_atlas"},"west":{"uv":[11,10.09375,11.0625,10.28125],"texture":"#mesh_atlas"},"up":{"uv":[11,10.09375,11.0625,10.28125],"texture":"#mesh_atlas"},"down":{"uv":[11,10.09375,11.0625,10.28125],"texture":"#mesh_atlas"}}},{"from":[6.81472,17.65625,12.5],"to":[7.12722,18.46875,12.75],"rotation":{"angle":-45,"axis":"z","origin":[6.97097,17.8125,12.625]},"faces":{"north":{"uv":[10.125,10.25,9.96875,10.40625],"texture":"#mesh_atlas"},"east":{"uv":[10.125,10.25,9.96875,10.40625],"texture":"#mesh_atlas"},"south":{"uv":[10.125,10.25,9.96875,10.40625],"texture":"#mesh_atlas"},"west":{"uv":[10.125,10.25,9.96875,10.40625],"texture":"#mesh_atlas"},"up":{"uv":[10.125,10.25,9.96875,10.40625],"texture":"#mesh_atlas"},"down":{"uv":[10.125,10.25,9.96875,10.40625],"texture":"#mesh_atlas"}}},{"from":[7.37242,18.14621,12.5],"to":[7.68492,18.45871,12.75],"rotation":{"angle":22.5,"axis":"z","origin":[7.52867,18.30246,12.625]},"faces":{"north":{"uv":[10.125,10.25,9.96875,10.40625],"texture":"#mesh_atlas"},"east":{"uv":[10.125,10.25,9.96875,10.40625],"texture":"#mesh_atlas"},"south":{"uv":[10.125,10.25,9.96875,10.40625],"texture":"#mesh_atlas"},"west":{"uv":[10.125,10.25,9.96875,10.40625],"texture":"#mesh_atlas"},"up":{"uv":[10.125,10.25,9.96875,10.40625],"texture":"#mesh_atlas"},"down":{"uv":[10.125,10.25,9.96875,10.40625],"texture":"#mesh_atlas"}}},{"from":[6.75,16.1875,12.1875],"to":[9.375,16.5,12.6875],"faces":{"north":{"uv":[10.125,10.25,9.96875,10.40625],"texture":"#mesh_atlas"},"east":{"uv":[10.125,10.25,9.96875,10.40625],"texture":"#mesh_atlas"},"south":{"uv":[10.125,10.25,9.96875,10.40625],"texture":"#mesh_atlas"},"west":{"uv":[10.125,10.25,9.96875,10.40625],"texture":"#mesh_atlas"},"up":{"uv":[10.125,10.25,9.96875,10.40625],"texture":"#mesh_atlas"},"down":{"uv":[10.125,10.25,9.96875,10.40625],"texture":"#mesh_atlas"}}},{"from":[7.5,16.0625,12.5625],"to":[7.8125,16.375,12.8125],"faces":{"north":{"uv":[10.125,10.25,9.96875,10.40625],"texture":"#mesh_atlas"},"east":{"uv":[10.125,10.25,9.96875,10.40625],"texture":"#mesh_atlas"},"south":{"uv":[10.125,10.25,9.96875,10.40625],"texture":"#mesh_atlas"},"west":{"uv":[10.125,10.25,9.96875,10.40625],"texture":"#mesh_atlas"},"up":{"uv":[10.125,10.25,9.96875,10.40625],"texture":"#mesh_atlas"},"down":{"uv":[10.125,10.25,9.96875,10.40625],"texture":"#mesh_atlas"}}},{"from":[7.875,16.0625,12.5625],"to":[8.1875,16.375,12.8125],"faces":{"north":{"uv":[10.125,10.25,9.96875,10.40625],"texture":"#mesh_atlas"},"east":{"uv":[10.125,10.25,9.96875,10.40625],"texture":"#mesh_atlas"},"south":{"uv":[10.125,10.25,9.96875,10.40625],"texture":"#mesh_atlas"},"west":{"uv":[10.125,10.25,9.96875,10.40625],"texture":"#mesh_atlas"},"up":{"uv":[10.125,10.25,9.96875,10.40625],"texture":"#mesh_atlas"},"down":{"uv":[10.125,10.25,9.96875,10.40625],"texture":"#mesh_atlas"}}},{"from":[7.125,15.4375,12.3125],"to":[7.4375,16.25,12.5625],"faces":{"north":{"uv":[10.125,10.25,9.96875,10.40625],"texture":"#mesh_atlas"},"east":{"uv":[10.125,10.25,9.96875,10.40625],"texture":"#mesh_atlas"},"south":{"uv":[10.125,10.25,9.96875,10.40625],"texture":"#mesh_atlas"},"west":{"uv":[10.125,10.25,9.96875,10.40625],"texture":"#mesh_atlas"},"up":{"uv":[10.125,10.25,9.96875,10.40625],"texture":"#mesh_atlas"},"down":{"uv":[10.125,10.25,9.96875,10.40625],"texture":"#mesh_atlas"}}},{"from":[8.625,15.4375,12.3125],"to":[8.9375,16.25,12.5625],"faces":{"north":{"uv":[10.125,10.25,9.96875,10.40625],"texture":"#mesh_atlas"},"east":{"uv":[10.125,10.25,9.96875,10.40625],"texture":"#mesh_atlas"},"south":{"uv":[10.125,10.25,9.96875,10.40625],"texture":"#mesh_atlas"},"west":{"uv":[10.125,10.25,9.96875,10.40625],"texture":"#mesh_atlas"},"up":{"uv":[10.125,10.25,9.96875,10.40625],"texture":"#mesh_atlas"},"down":{"uv":[10.125,10.25,9.96875,10.40625],"texture":"#mesh_atlas"}}},{"from":[5.875,20.6875,12.5],"to":[7.4375,21,12.75],"rotation":{"angle":22.5,"axis":"z","origin":[5.875,20.6875,12.5]},"faces":{"north":{"uv":[10.125,10.25,9.96875,10.40625],"texture":"#mesh_atlas"},"east":{"uv":[10.125,10.25,9.96875,10.40625],"texture":"#mesh_atlas"},"south":{"uv":[10.125,10.25,9.96875,10.40625],"texture":"#mesh_atlas"},"west":{"uv":[10.125,10.25,9.96875,10.40625],"texture":"#mesh_atlas"},"up":{"uv":[10.125,10.25,9.96875,10.40625],"texture":"#mesh_atlas"},"down":{"uv":[10.125,10.25,9.96875,10.40625],"texture":"#mesh_atlas"}}},{"from":[9.1875,21.0625,12.5],"to":[10.75,21.375,12.75],"rotation":{"angle":-22.5,"axis":"z","origin":[9.1875,21.0625,12.5]},"faces":{"north":{"uv":[10.125,10.25,9.96875,10.40625],"texture":"#mesh_atlas"},"east":{"uv":[10.125,10.25,9.96875,10.40625],"texture":"#mesh_atlas"},"south":{"uv":[10.125,10.25,9.96875,10.40625],"texture":"#mesh_atlas"},"west":{"uv":[10.125,10.25,9.96875,10.40625],"texture":"#mesh_atlas"},"up":{"uv":[10.125,10.25,9.96875,10.40625],"texture":"#mesh_atlas"},"down":{"uv":[10.125,10.25,9.96875,10.40625],"texture":"#mesh_atlas"}}},{"from":[8.31508,18.14621,12.5],"to":[8.62758,18.45871,12.75],"rotation":{"angle":-22.5,"axis":"z","origin":[8.47133,18.30246,12.625]},"faces":{"north":{"uv":[9.96875,10.25,10.125,10.40625],"texture":"#mesh_atlas"},"east":{"uv":[9.96875,10.25,10.125,10.40625],"texture":"#mesh_atlas"},"south":{"uv":[9.96875,10.25,10.125,10.40625],"texture":"#mesh_atlas"},"west":{"uv":[9.96875,10.25,10.125,10.40625],"texture":"#mesh_atlas"},"up":{"uv":[9.96875,10.25,10.125,10.40625],"texture":"#mesh_atlas"},"down":{"uv":[9.96875,10.25,10.125,10.40625],"texture":"#mesh_atlas"}}},{"from":[8.87278,17.65625,12.5],"to":[9.18528,18.46875,12.75],"rotation":{"angle":45,"axis":"z","origin":[9.02903,17.8125,12.625]},"faces":{"north":{"uv":[9.96875,10.25,10.125,10.40625],"texture":"#mesh_atlas"},"east":{"uv":[9.96875,10.25,10.125,10.40625],"texture":"#mesh_atlas"},"south":{"uv":[9.96875,10.25,10.125,10.40625],"texture":"#mesh_atlas"},"west":{"uv":[9.96875,10.25,10.125,10.40625],"texture":"#mesh_atlas"},"up":{"uv":[9.96875,10.25,10.125,10.40625],"texture":"#mesh_atlas"},"down":{"uv":[9.96875,10.25,10.125,10.40625],"texture":"#mesh_atlas"}}},{"from":[6.59375,16.31472,12.4375],"to":[6.90625,16.75222,12.6875],"rotation":{"angle":45,"axis":"z","origin":[6.75,16.47097,12.5625]},"faces":{"north":{"uv":[10.125,10.25,9.96875,10.40625],"texture":"#mesh_atlas"},"east":{"uv":[10.125,10.25,9.96875,10.40625],"texture":"#mesh_atlas"},"south":{"uv":[10.125,10.25,9.96875,10.40625],"texture":"#mesh_atlas"},"west":{"uv":[10.125,10.25,9.96875,10.40625],"texture":"#mesh_atlas"},"up":{"uv":[10.125,10.25,9.96875,10.40625],"texture":"#mesh_atlas"},"down":{"uv":[10.125,10.25,9.96875,10.40625],"texture":"#mesh_atlas"}}},{"from":[7.8275,16.5625,12.5],"to":[8.265,16.8125,12.75],"rotation":{"angle":0,"axis":"y","origin":[8,7.75,8]},"faces":{"north":{"uv":[0,0,0,0],"texture":"#mesh_atlas"},"east":{"uv":[11.0625,9.28125,11,9.4375],"texture":"#mesh_atlas"},"south":{"uv":[9.96875,9.46875,10.125,9.625],"texture":"#mesh_atlas"},"west":{"uv":[11,9.125,11.0625,9.28125],"texture":"#mesh_atlas"},"up":{"uv":[0,0,0,0],"texture":"#mesh_atlas"},"down":{"uv":[11.15625,10.59375,11.3125,10.65625],"texture":"#mesh_atlas"}}},{"from":[7.6875,16.8125,12.5],"to":[8.375,17.3125,12.75],"rotation":{"angle":0,"axis":"y","origin":[7.875,7.75,8]},"faces":{"north":{"uv":[0,0,0,0],"texture":"#mesh_atlas"},"east":{"uv":[11.0625,9.28125,11,9.4375],"texture":"#mesh_atlas"},"south":{"uv":[9.96875,9.46875,10.125,9.625],"texture":"#mesh_atlas"},"west":{"uv":[11,9.125,11.0625,9.28125],"texture":"#mesh_atlas"},"up":{"uv":[11.15625,10.71875,11.3125,10.65625],"texture":"#mesh_atlas"},"down":{"uv":[11.15625,10.59375,11.3125,10.65625],"texture":"#mesh_atlas"}}},{"from":[9.09375,16.31472,12.4375],"to":[9.40625,16.75222,12.6875],"rotation":{"angle":-45,"axis":"z","origin":[9.25,16.47097,12.5625]},"faces":{"north":{"uv":[9.96875,10.25,10.125,10.40625],"texture":"#mesh_atlas"},"east":{"uv":[9.96875,10.25,10.125,10.40625],"texture":"#mesh_atlas"},"south":{"uv":[9.96875,10.25,10.125,10.40625],"texture":"#mesh_atlas"},"west":{"uv":[9.96875,10.25,10.125,10.40625],"texture":"#mesh_atlas"},"up":{"uv":[9.96875,10.25,10.125,10.40625],"texture":"#mesh_atlas"},"down":{"uv":[9.96875,10.25,10.125,10.40625],"texture":"#mesh_atlas"}}},{"from":[8,24.75,7.625],"to":[9,25,8],"faces":{"north":{"uv":[10.96875,11.53125,10.78125,11.59375],"texture":"#mesh_atlas"},"east":{"uv":[10.96875,11.53125,10.78125,11.59375],"texture":"#mesh_atlas"},"south":{"uv":[10.96875,11.53125,10.78125,11.59375],"texture":"#mesh_atlas"},"west":{"uv":[10.96875,11.53125,10.78125,11.59375],"texture":"#mesh_atlas"},"up":{"uv":[10.96875,11.53125,10.78125,11.59375],"texture":"#mesh_atlas"},"down":{"uv":[10.96875,11.53125,10.78125,11.59375],"texture":"#mesh_atlas"}}},{"from":[6.4375,19.375,12.5],"to":[7.5,20.4375,12.625],"faces":{"north":{"uv":[0,0,0,0],"texture":"#mesh_atlas"},"east":{"uv":[11.0625,9.28125,11,9.4375],"texture":"#mesh_atlas"},"south":{"uv":[9.96875,9.46875,10.125,9.625],"texture":"#mesh_atlas"},"west":{"uv":[0,0,0,0],"texture":"#mesh_atlas"},"up":{"uv":[11.15625,10.71875,11.3125,10.65625],"texture":"#mesh_atlas"},"down":{"uv":[11.15625,10.59375,11.3125,10.65625],"texture":"#mesh_atlas"}}},{"from":[5.375,19.375,12.5],"to":[6.4375,20.4375,12.625],"faces":{"north":{"uv":[0,0,0,0],"texture":"#ceinture"},"east":{"uv":[0,0,0,0],"texture":"#ceinture"},"south":{"uv":[9.96875,9.46875,10.125,9.625],"texture":"#ceinture"},"west":{"uv":[11,9.125,11.0625,9.28125],"texture":"#ceinture"},"up":{"uv":[11.15625,10.71875,11.3125,10.65625],"texture":"#ceinture"},"down":{"uv":[11.15625,10.59375,11.3125,10.65625],"texture":"#ceinture"}}},{"from":[8.6875,19.375,12.5],"to":[9.75,20.4375,12.625],"faces":{"north":{"uv":[0,0,0,0],"texture":"#mesh_atlas"},"east":{"uv":[0,0,0,0],"texture":"#mesh_atlas"},"south":{"uv":[9.96875,9.46875,10.125,9.625],"texture":"#mesh_atlas"},"west":{"uv":[11,9.125,11.0625,9.28125],"texture":"#mesh_atlas"},"up":{"uv":[11.15625,10.71875,11.3125,10.65625],"texture":"#mesh_atlas"},"down":{"uv":[11.15625,10.59375,11.3125,10.65625],"texture":"#mesh_atlas"}}},{"from":[9.75,19.375,12.5],"to":[10.8125,20.4375,12.625],"faces":{"north":{"uv":[0,0,0,0],"texture":"#ceinture"},"east":{"uv":[10,10,11,9],"texture":"#ceinture"},"south":{"uv":[10,10,11,9],"texture":"#ceinture"},"west":{"uv":[0,0,0,0],"texture":"#ceinture"},"up":{"uv":[10,10,11,9],"texture":"#ceinture"},"down":{"uv":[10,10,11,9],"texture":"#ceinture"}}},{"from":[4.75,16.375,6.75],"to":[11.5,22.125,12.5],"rotation":{"angle":0,"axis":"y","origin":[8,8.125,8]},"faces":{"north":{"uv":[0,0,0,0],"texture":"#visage"},"east":{"uv":[0.625,12.90625,1.875,14.1875],"texture":"#visage"},"south":{"uv":[0,0,11,10],"texture":"#visage"},"west":{"uv":[0.625,12.90625,1.875,14.1875],"texture":"#visage"},"up":{"uv":[0,0,0,0],"texture":"#visage"},"down":{"uv":[0.625,12.90625,1.875,14.1875],"texture":"#visage"}}}],"display":{"thirdperson_righthand":{"rotation":[0,-22,0],"translation":[0,0,-1.25],"scale":[0.27,0.27,0.27]},"thirdperson_lefthand":{"rotation":[21.25,-106,0],"translation":[0.75,1.2826,0],"scale":[0.27,0.27,0.27]},"firstperson_righthand":{"rotation":[-19,-33,0],"translation":[0,2.7826,0],"scale":[0.33,0.33,0.33]},"firstperson_lefthand":{"rotation":[21.25,-106,0],"translation":[1.75,2.7826,0],"scale":[0.33,0.33,0.33]},"ground":{"rotation":[-84,0,0],"scale":[0.35,0.35,0.35]},"gui":{"rotation":[-24,-31,-32],"translation":[0.25,-0.25,0],"scale":[0.39,0.39,0.39]},"head":{"scale":[0.37,0.37,0.37]},"fixed":{"rotation":[6,-180,0],"translation":[0,-1,0],"scale":[0.44,0.44,0.44]}},"groups":[{"name":"group","origin":[8,8,8],"color":0,"nbt":"{}","armAnimationEnabled":false,"children":[{"name":"group","origin":[8,8,8],"color":0,"nbt":"{}","armAnimationEnabled":false,"children":[0,0,1,2,3,4,5,6,7,7,7,8,8,8,9,10,11,12,13,14,15,16,17,18,19,20,21,22,23,24,25,26,27,28,29,30,31,32,33,34,35,36,37,38,39,40,41,41,41,41,41,41,41,41,42,43,43,44,45,46,47,48,48,49]}]},{"name":"group","origin":[8,8,8],"color":0,"nbt":"{}","armAnimationEnabled":false,"children":[50,51,52,52,53,54,55,56,57,58,59,60,61,62,63,63,64,65,66,66,67,68,69,69,70,71,72,73,74,75,76,77,78,78,79,80,81,82,83,84,85,86,87,88,89,90,91,92,93,94,95,96,97,98,99,100,101,102,103,104,105,106,107,108,109,110,111,112,113,113,114,114,114,115,116,117,118,119,120,121,122,123,124,125,126,127,128,129,130,131,132,133,134,135,136,137,138,139,139,140,140,140,141,142,142,142,143,144,145,146,147,148,149,149,150,151,151,151,152,152,153,154,155,156,156,156,156,156,157,158,159,160,160,161,162,163,163,164,164,165]},165,166,167,168,169]}