{"credit":"Made with Blockbench by Valvac","textures":{"wool_colored_blue":"block/blue_wool","wool_colored_black":"block/black_wool","wool_colored_red":"block/red_wool","quartz_block_bottom":"block/quartz_block_bottom","wool_colored_silver":"block/light_gray_wool"},"elements":[{"from":[14.5,0,4],"to":[15.5,1.5,5],"faces":{"north":{"uv":[0.5,14.5,1.5,16],"texture":"#quartz_block_bottom"},"east":{"uv":[11,14.5,12,16],"texture":"#quartz_block_bottom"},"up":{"uv":[14.5,4,15.5,5],"texture":"#quartz_block_bottom"},"down":{"uv":[1.5,5,0.5,4],"texture":"#quartz_block_bottom","cullface":"down"}}},{"from":[13.5,0,4],"to":[14.5,1.5,5],"faces":{"north":{"uv":[1.5,14.5,2.5,16],"texture":"#wool_colored_silver"},"south":{"uv":[13.5,14.5,14.5,16],"texture":"#wool_colored_silver"},"up":{"uv":[13.5,4,14.5,5],"texture":"#wool_colored_silver"},"down":{"uv":[2.5,5,1.5,4],"texture":"#wool_colored_silver","cullface":"down"}}},{"from":[12.5,0,4],"to":[13.5,1.5,5],"faces":{"north":{"uv":[2.5,14.5,3.5,16],"texture":"#quartz_block_bottom"},"west":{"uv":[4,14.5,5,16],"texture":"#quartz_block_bottom"},"up":{"uv":[12.5,4,13.5,5],"texture":"#quartz_block_bottom"},"down":{"uv":[3.5,5,2.5,4],"texture":"#quartz_block_bottom","cullface":"down"}}},{"from":[12.5,1.5,4.5],"to":[13.5,2,6],"faces":{"north":{"uv":[2.5,14,3.5,14.5],"texture":"#quartz_block_bottom"},"west":{"uv":[4.5,14,6,14.5],"texture":"#quartz_block_bottom"},"up":{"uv":[12.5,4.5,13.5,6],"texture":"#quartz_block_bottom"}}},{"from":[14.5,1.5,4.5],"to":[15.5,2,6],"faces":{"north":{"uv":[0.5,14,1.5,14.5],"texture":"#quartz_block_bottom"},"east":{"uv":[10,14,11.5,14.5],"texture":"#quartz_block_bottom"},"up":{"uv":[14.5,4.5,15.5,6],"texture":"#quartz_block_bottom"}}},{"from":[14.5,2,5],"to":[15.5,3,9],"faces":{"north":{"uv":[0.5,13,1.5,14],"texture":"#quartz_block_bottom"},"east":{"uv":[7,13,11,14],"texture":"#quartz_block_bottom"},"south":{"uv":[14.5,13,15.5,14],"texture":"#quartz_block_bottom"},"up":{"uv":[14.5,5,15.5,9],"texture":"#quartz_block_bottom"}}},{"from":[12.5,2,5],"to":[13.5,3,9],"faces":{"north":{"uv":[2.5,13,3.5,14],"texture":"#quartz_block_bottom"},"south":{"uv":[12.5,13,13.5,14],"texture":"#quartz_block_bottom"},"west":{"uv":[5,13,9,14],"texture":"#quartz_block_bottom"},"up":{"uv":[12.5,5,13.5,9],"texture":"#quartz_block_bottom"}}},{"from":[13.5,1.5,4.5],"to":[14.5,3,9.5],"faces":{"north":{"uv":[1.5,13,2.5,14.5],"texture":"#wool_colored_silver"},"east":{"uv":[6.5,13,11.5,14.5],"texture":"#wool_colored_silver"},"south":{"uv":[13.5,13,14.5,14.5],"texture":"#wool_colored_silver"},"west":{"uv":[4.5,13,9.5,14.5],"texture":"#wool_colored_silver"},"up":{"uv":[13.5,4.5,14.5,9.5],"texture":"#wool_colored_silver"},"down":{"uv":[2.5,9.5,1.5,4.5],"texture":"#wool_colored_silver"}}},{"from":[13.5,0,9],"to":[14.5,1.5,10],"faces":{"north":{"uv":[1.5,14.5,2.5,16],"texture":"#wool_colored_silver"},"south":{"uv":[13.5,14.5,14.5,16],"texture":"#wool_colored_silver"},"up":{"uv":[13.5,9,14.5,10],"texture":"#wool_colored_silver"},"down":{"uv":[2.5,10,1.5,9],"texture":"#wool_colored_silver","cullface":"down"}}},{"from":[14.5,0,9],"to":[15.5,1.5,10],"faces":{"east":{"uv":[6,14.5,7,16],"texture":"#quartz_block_bottom"},"south":{"uv":[14.5,14.5,15.5,16],"texture":"#quartz_block_bottom"},"up":{"uv":[14.5,9,15.5,10],"texture":"#quartz_block_bottom"},"down":{"uv":[1.5,10,0.5,9],"texture":"#quartz_block_bottom","cullface":"down"}}},{"from":[12.5,0,9],"to":[13.5,1.5,10],"faces":{"south":{"uv":[12.5,14.5,13.5,16],"texture":"#quartz_block_bottom"},"west":{"uv":[9,14.5,10,16],"texture":"#quartz_block_bottom"},"up":{"uv":[12.5,9,13.5,10],"texture":"#quartz_block_bottom"},"down":{"uv":[3.5,10,2.5,9],"texture":"#quartz_block_bottom","cullface":"down"}}},{"from":[12.5,1.5,8],"to":[13.5,2,9.5],"faces":{"south":{"uv":[12.5,14,13.5,14.5],"texture":"#quartz_block_bottom"},"west":{"uv":[8,14,9.5,14.5],"texture":"#quartz_block_bottom"},"up":{"uv":[12.5,8,13.5,9.5],"texture":"#quartz_block_bottom"}}},{"from":[14.5,1.5,8],"to":[15.5,2,9.5],"faces":{"east":{"uv":[6.5,14,8,14.5],"texture":"#quartz_block_bottom"},"south":{"uv":[14.5,14,15.5,14.5],"texture":"#quartz_block_bottom"},"up":{"uv":[14.5,8,15.5,9.5],"texture":"#quartz_block_bottom"}}},{"from":[12.5,0,5],"to":[15.5,1.5,6],"faces":{"east":{"uv":[10,14.5,11,16],"texture":"#wool_colored_silver"},"west":{"uv":[5,14.5,6,16],"texture":"#wool_colored_silver"},"down":{"uv":[3.5,6,2.5,5],"texture":"#wool_colored_silver","cullface":"down"}}},{"from":[12.5,1,6],"to":[15.5,2,8],"faces":{"east":{"uv":[8,14,10,15],"texture":"#wool_colored_silver"},"west":{"uv":[6,14,8,15],"texture":"#wool_colored_silver"}}},{"from":[12.5,0,8],"to":[15.5,1.5,9],"faces":{"east":{"uv":[7,14.5,8,16],"texture":"#wool_colored_silver"},"west":{"uv":[8,14.5,9,16],"texture":"#wool_colored_silver"},"down":{"uv":[3.5,9,2.5,8],"texture":"#wool_colored_silver","cullface":"down"}}},{"from":[12.5,0,6],"to":[15.5,1,8],"faces":{"east":{"uv":[8,15,10,16],"texture":"#quartz_block_bottom"},"west":{"uv":[6,15,8,16],"texture":"#quartz_block_bottom"},"down":{"uv":[15.5,8,14.5,6],"texture":"#quartz_block_bottom","cullface":"down"}}},{"from":[12.5,3,7.5],"to":[14.5,4,8.5],"faces":{"east":{"uv":[7.5,12,8.5,13],"texture":"#quartz_block_bottom"},"south":{"uv":[12.5,12,14.5,13],"texture":"#quartz_block_bottom"},"west":{"uv":[7.5,12,8.5,13],"texture":"#quartz_block_bottom"}}},{"from":[12.5,4,5.5],"to":[14.5,5,8.5],"faces":{"north":{"uv":[1.5,11,3.5,12],"texture":"#quartz_block_bottom"},"east":{"uv":[7.5,11,10.5,12],"texture":"#quartz_block_bottom"},"south":{"uv":[12.5,11,14.5,12],"texture":"#quartz_block_bottom"},"west":{"uv":[5.5,11,8.5,12],"texture":"#quartz_block_bottom"}}},{"from":[12.5,5,7.5],"to":[14.5,9,8.5],"faces":{"north":{"uv":[7.5,7,8.5,8],"texture":"#wool_colored_blue"},"east":{"uv":[7.5,7,8.5,8],"texture":"#wool_colored_blue"},"south":{"uv":[7.5,7,8.5,8],"texture":"#wool_colored_blue"},"west":{"uv":[7.5,7,8.5,8],"texture":"#wool_colored_blue"},"up":{"uv":[7.5,7,8.5,8],"texture":"#wool_colored_blue"},"down":{"uv":[7.5,7,8.5,8],"texture":"#wool_colored_blue"}}},{"from":[12.5,5,5.5],"to":[14.5,9,6.5],"faces":{"north":{"uv":[7.5,7,8.5,8],"texture":"#wool_colored_blue"},"east":{"uv":[7.5,7,8.5,8],"texture":"#wool_colored_blue"},"south":{"uv":[7.5,7,8.5,8],"texture":"#wool_colored_blue"},"west":{"uv":[7.5,7,8.5,8],"texture":"#wool_colored_blue"},"up":{"uv":[7.5,7,8.5,8],"texture":"#wool_colored_blue"},"down":{"uv":[7.5,7,8.5,8],"texture":"#wool_colored_blue"}}},{"from":[12.5,9,8.5],"to":[14.5,11,9.5],"faces":{"east":{"uv":[6.5,6,7.5,7],"texture":"#quartz_block_bottom"},"south":{"uv":[12.5,6,14.5,7],"texture":"#quartz_block_bottom"},"west":{"uv":[8.5,6,9.5,7],"texture":"#quartz_block_bottom"},"down":{"uv":[3.5,9.5,1.5,8.5],"texture":"#quartz_block_bottom"}}},{"from":[12.5,11,4.5],"to":[14.5,13,9.5],"faces":{"north":{"uv":[1.5,3,3.5,5],"texture":"#quartz_block_bottom"},"east":{"uv":[6.5,3,11.5,5],"texture":"#quartz_block_bottom"},"south":{"uv":[12.5,3,14.5,5],"texture":"#quartz_block_bottom"},"west":{"uv":[4.5,3,9.5,5],"texture":"#quartz_block_bottom"},"up":{"uv":[12.5,4.5,14.5,9.5],"texture":"#quartz_block_bottom"}}},{"from":[12.5,9,5.5],"to":[14.5,11,8.5],"faces":{"north":{"uv":[7.5,5,8.5,6],"texture":"#wool_colored_blue"},"east":{"uv":[7.5,5,8.5,6],"texture":"#wool_colored_blue"},"south":{"uv":[7.5,5,8.5,6],"texture":"#wool_colored_blue"},"west":{"uv":[7.5,5,8.5,6],"texture":"#wool_colored_blue"},"up":{"uv":[7.5,5,8.5,6],"texture":"#wool_colored_blue"},"down":{"uv":[7.5,5,8.5,6],"texture":"#wool_colored_blue"}}},{"from":[12.5,3,6.5],"to":[14.5,4,7.5],"faces":{"east":{"uv":[8.5,12,9.5,13],"texture":"#wool_colored_blue"},"west":{"uv":[6.5,12,7.5,13],"texture":"#wool_colored_blue"}}},{"from":[12.5,5,6.5],"to":[14.5,9,7.5],"faces":{"east":{"uv":[8.5,7,9.5,8],"texture":"#quartz_block_bottom"},"west":{"uv":[6.5,7,7.5,8],"texture":"#quartz_block_bottom"}}},{"from":[12.5,13,5.5],"to":[14.5,14,8.5],"faces":{"north":{"uv":[9.5,2,10.5,3],"texture":"#quartz_block_bottom"},"east":{"uv":[9.5,2,10.5,3],"texture":"#quartz_block_bottom"},"south":{"uv":[9.5,2,10.5,3],"texture":"#quartz_block_bottom"},"west":{"uv":[9.5,2,10.5,3],"texture":"#quartz_block_bottom"},"up":{"uv":[9.5,2,10.5,3],"texture":"#quartz_block_bottom"},"down":{"uv":[9.5,2,10.5,3],"texture":"#quartz_block_bottom"}}},{"from":[12.5,3,5.5],"to":[14.5,4,6.5],"faces":{"north":{"uv":[1.5,12,3.5,13],"texture":"#quartz_block_bottom"},"east":{"uv":[9.5,12,10.5,13],"texture":"#quartz_block_bottom"},"west":{"uv":[5.5,12,6.5,13],"texture":"#quartz_block_bottom"}}},{"from":[12.5,9,4.5],"to":[14.5,11,5.5],"faces":{"north":{"uv":[1.5,6,3.5,7],"texture":"#quartz_block_bottom"},"east":{"uv":[10.5,6,11.5,7],"texture":"#quartz_block_bottom"},"west":{"uv":[4.5,6,5.5,7],"texture":"#quartz_block_bottom"},"down":{"uv":[3.5,5.5,1.5,4.5],"texture":"#quartz_block_bottom"}}},{"from":[0.5,0,4],"to":[1.5,1.5,5],"rotation":{"angle":0,"axis":"y","origin":[16,0,0]},"faces":{"north":{"uv":[1.5,14.5,0.5,16],"texture":"#quartz_block_bottom"},"west":{"uv":[12,14.5,11,16],"texture":"#quartz_block_bottom"},"up":{"uv":[15.5,4,14.5,5],"texture":"#quartz_block_bottom"},"down":{"uv":[0.5,5,1.5,4],"texture":"#quartz_block_bottom","cullface":"down"}}},{"from":[1.5,0,4],"to":[2.5,1.5,5],"rotation":{"angle":0,"axis":"y","origin":[16,0,0]},"faces":{"north":{"uv":[2.5,14.5,1.5,16],"texture":"#wool_colored_silver"},"south":{"uv":[14.5,14.5,13.5,16],"texture":"#wool_colored_silver"},"up":{"uv":[14.5,4,13.5,5],"texture":"#wool_colored_silver"},"down":{"uv":[1.5,5,2.5,4],"texture":"#wool_colored_silver","cullface":"down"}}},{"from":[2.5,0,4],"to":[3.5,1.5,5],"rotation":{"angle":0,"axis":"y","origin":[16,0,0]},"faces":{"north":{"uv":[3.5,14.5,2.5,16],"texture":"#quartz_block_bottom"},"east":{"uv":[5,14.5,4,16],"texture":"#quartz_block_bottom"},"up":{"uv":[13.5,4,12.5,5],"texture":"#quartz_block_bottom"},"down":{"uv":[2.5,5,3.5,4],"texture":"#quartz_block_bottom","cullface":"down"}}},{"from":[2.5,1.5,4.5],"to":[3.5,2,6],"rotation":{"angle":0,"axis":"y","origin":[16,0,0]},"faces":{"north":{"uv":[3.5,14,2.5,14.5],"texture":"#quartz_block_bottom"},"east":{"uv":[6,14,4.5,14.5],"texture":"#quartz_block_bottom"},"up":{"uv":[13.5,4.5,12.5,6],"texture":"#quartz_block_bottom"}}},{"from":[0.5,1.5,4.5],"to":[1.5,2,6],"rotation":{"angle":0,"axis":"y","origin":[16,0,0]},"faces":{"north":{"uv":[1.5,14,0.5,14.5],"texture":"#quartz_block_bottom"},"west":{"uv":[11.5,14,10,14.5],"texture":"#quartz_block_bottom"},"up":{"uv":[15.5,4.5,14.5,6],"texture":"#quartz_block_bottom"}}},{"from":[0.5,2,5],"to":[1.5,3,9],"rotation":{"angle":0,"axis":"y","origin":[16,0,0]},"faces":{"north":{"uv":[1.5,13,0.5,14],"texture":"#quartz_block_bottom"},"south":{"uv":[15.5,13,14.5,14],"texture":"#quartz_block_bottom"},"west":{"uv":[11,13,7,14],"texture":"#quartz_block_bottom"},"up":{"uv":[15.5,5,14.5,9],"texture":"#quartz_block_bottom"}}},{"from":[2.5,2,5],"to":[3.5,3,9],"rotation":{"angle":0,"axis":"y","origin":[16,0,0]},"faces":{"north":{"uv":[3.5,13,2.5,14],"texture":"#quartz_block_bottom"},"east":{"uv":[9,13,5,14],"texture":"#quartz_block_bottom"},"south":{"uv":[13.5,13,12.5,14],"texture":"#quartz_block_bottom"},"up":{"uv":[13.5,5,12.5,9],"texture":"#quartz_block_bottom"}}},{"from":[1.5,1.5,4.5],"to":[2.5,3,9.5],"rotation":{"angle":0,"axis":"y","origin":[16,0,0]},"faces":{"north":{"uv":[2.5,13,1.5,14.5],"texture":"#wool_colored_silver"},"east":{"uv":[9.5,13,4.5,14.5],"texture":"#wool_colored_silver"},"south":{"uv":[14.5,13,13.5,14.5],"texture":"#wool_colored_silver"},"west":{"uv":[11.5,13,6.5,14.5],"texture":"#wool_colored_silver"},"up":{"uv":[14.5,4.5,13.5,9.5],"texture":"#wool_colored_silver"},"down":{"uv":[1.5,9.5,2.5,4.5],"texture":"#wool_colored_silver"}}},{"from":[1.5,0,9],"to":[2.5,1.5,10],"rotation":{"angle":0,"axis":"y","origin":[16,0,0]},"faces":{"north":{"uv":[2.5,14.5,1.5,16],"texture":"#wool_colored_silver"},"south":{"uv":[14.5,14.5,13.5,16],"texture":"#wool_colored_silver"},"up":{"uv":[14.5,9,13.5,10],"texture":"#wool_colored_silver"},"down":{"uv":[1.5,10,2.5,9],"texture":"#wool_colored_silver","cullface":"down"}}},{"from":[0.5,0,9],"to":[1.5,1.5,10],"rotation":{"angle":0,"axis":"y","origin":[16,0,0]},"faces":{"south":{"uv":[15.5,14.5,14.5,16],"texture":"#quartz_block_bottom"},"west":{"uv":[7,14.5,6,16],"texture":"#quartz_block_bottom"},"up":{"uv":[15.5,9,14.5,10],"texture":"#quartz_block_bottom"},"down":{"uv":[0.5,10,1.5,9],"texture":"#quartz_block_bottom","cullface":"down"}}},{"from":[2.5,0,9],"to":[3.5,1.5,10],"rotation":{"angle":0,"axis":"y","origin":[16,0,0]},"faces":{"east":{"uv":[10,14.5,9,16],"texture":"#quartz_block_bottom"},"south":{"uv":[13.5,14.5,12.5,16],"texture":"#quartz_block_bottom"},"up":{"uv":[13.5,9,12.5,10],"texture":"#quartz_block_bottom"},"down":{"uv":[2.5,10,3.5,9],"texture":"#quartz_block_bottom","cullface":"down"}}},{"from":[2.5,1.5,8],"to":[3.5,2,9.5],"rotation":{"angle":0,"axis":"y","origin":[16,0,0]},"faces":{"east":{"uv":[9.5,14,8,14.5],"texture":"#quartz_block_bottom"},"south":{"uv":[13.5,14,12.5,14.5],"texture":"#quartz_block_bottom"},"up":{"uv":[13.5,8,12.5,9.5],"texture":"#quartz_block_bottom"}}},{"from":[0.5,1.5,8],"to":[1.5,2,9.5],"rotation":{"angle":0,"axis":"y","origin":[16,0,0]},"faces":{"south":{"uv":[15.5,14,14.5,14.5],"texture":"#quartz_block_bottom"},"west":{"uv":[8,14,6.5,14.5],"texture":"#quartz_block_bottom"},"up":{"uv":[15.5,8,14.5,9.5],"texture":"#quartz_block_bottom"}}},{"from":[0.5,0,5],"to":[3.5,1.5,6],"rotation":{"angle":0,"axis":"y","origin":[16,0,0]},"faces":{"east":{"uv":[6,14.5,5,16],"texture":"#wool_colored_silver"},"west":{"uv":[11,14.5,10,16],"texture":"#wool_colored_silver"},"down":{"uv":[2.5,6,3.5,5],"texture":"#wool_colored_silver","cullface":"down"}}},{"from":[0.5,1,6],"to":[3.5,2,8],"rotation":{"angle":0,"axis":"y","origin":[16,0,0]},"faces":{"east":{"uv":[8,14,6,15],"texture":"#wool_colored_silver"},"west":{"uv":[10,14,8,15],"texture":"#wool_colored_silver"}}},{"from":[0.5,0,8],"to":[3.5,1.5,9],"rotation":{"angle":0,"axis":"y","origin":[16,0,0]},"faces":{"east":{"uv":[9,14.5,8,16],"texture":"#wool_colored_silver"},"west":{"uv":[8,14.5,7,16],"texture":"#wool_colored_silver"},"down":{"uv":[2.5,9,3.5,8],"texture":"#wool_colored_silver","cullface":"down"}}},{"from":[0.5,0,6],"to":[3.5,1,8],"rotation":{"angle":0,"axis":"y","origin":[16,0,0]},"faces":{"east":{"uv":[8,15,6,16],"texture":"#quartz_block_bottom"},"west":{"uv":[10,15,8,16],"texture":"#quartz_block_bottom"},"down":{"uv":[14.5,8,15.5,6],"texture":"#quartz_block_bottom","cullface":"down"}}},{"from":[1.5,3,7.5],"to":[3.5,4,8.5],"rotation":{"angle":0,"axis":"y","origin":[16,0,0]},"faces":{"east":{"uv":[8.5,12,7.5,13],"texture":"#quartz_block_bottom"},"south":{"uv":[14.5,12,12.5,13],"texture":"#quartz_block_bottom"},"west":{"uv":[8.5,12,7.5,13],"texture":"#quartz_block_bottom"}}},{"from":[1.5,4,5.5],"to":[3.5,5,8.5],"rotation":{"angle":0,"axis":"y","origin":[16,0,0]},"faces":{"north":{"uv":[3.5,11,1.5,12],"texture":"#quartz_block_bottom"},"east":{"uv":[8.5,11,5.5,12],"texture":"#quartz_block_bottom"},"south":{"uv":[14.5,11,12.5,12],"texture":"#quartz_block_bottom"},"west":{"uv":[10.5,11,7.5,12],"texture":"#quartz_block_bottom"}}},{"from":[1.5,5,7.5],"to":[3.5,9,8.5],"rotation":{"angle":0,"axis":"y","origin":[16,0,0]},"faces":{"north":{"uv":[8.5,7,7.5,8],"texture":"#wool_colored_blue"},"east":{"uv":[8.5,7,7.5,8],"texture":"#wool_colored_blue"},"south":{"uv":[8.5,7,7.5,8],"texture":"#wool_colored_blue"},"west":{"uv":[8.5,7,7.5,8],"texture":"#wool_colored_blue"},"up":{"uv":[8.5,7,7.5,8],"texture":"#wool_colored_blue"},"down":{"uv":[8.5,7,7.5,8],"texture":"#wool_colored_blue"}}},{"from":[1.5,9,8.5],"to":[3.5,11,9.5],"rotation":{"angle":0,"axis":"y","origin":[16,0,0]},"faces":{"east":{"uv":[9.5,6,8.5,7],"texture":"#quartz_block_bottom"},"south":{"uv":[14.5,6,12.5,7],"texture":"#quartz_block_bottom"},"west":{"uv":[7.5,6,6.5,7],"texture":"#quartz_block_bottom"},"down":{"uv":[1.5,9.5,3.5,8.5],"texture":"#quartz_block_bottom"}}},{"from":[1.5,11,4.5],"to":[3.5,13,9.5],"rotation":{"angle":0,"axis":"y","origin":[16,0,0]},"faces":{"north":{"uv":[3.5,3,1.5,5],"texture":"#quartz_block_bottom"},"east":{"uv":[9.5,3,4.5,5],"texture":"#quartz_block_bottom"},"south":{"uv":[14.5,3,12.5,5],"texture":"#quartz_block_bottom"},"west":{"uv":[11.5,3,6.5,5],"texture":"#quartz_block_bottom"},"up":{"uv":[14.5,4.5,12.5,9.5],"texture":"#quartz_block_bottom"}}},{"from":[1.5,3,6.5],"to":[3.5,4,7.5],"rotation":{"angle":0,"axis":"y","origin":[16,0,0]},"faces":{"east":{"uv":[7.5,12,6.5,13],"texture":"#wool_colored_blue"},"west":{"uv":[9.5,12,8.5,13],"texture":"#wool_colored_blue"}}},{"from":[1.5,5,6.5],"to":[3.5,9,7.5],"rotation":{"angle":0,"axis":"y","origin":[16,0,0]},"faces":{"east":{"uv":[7.5,7,6.5,8],"texture":"#quartz_block_bottom"},"west":{"uv":[9.5,7,8.5,8],"texture":"#quartz_block_bottom"}}},{"from":[1.5,13,5.5],"to":[3.5,14,8.5],"rotation":{"angle":0,"axis":"y","origin":[16,0,0]},"faces":{"north":{"uv":[10.5,2,9.5,3],"texture":"#quartz_block_bottom"},"east":{"uv":[10.5,2,9.5,3],"texture":"#quartz_block_bottom"},"south":{"uv":[10.5,2,9.5,3],"texture":"#quartz_block_bottom"},"west":{"uv":[10.5,2,9.5,3],"texture":"#quartz_block_bottom"},"up":{"uv":[10.5,2,9.5,3],"texture":"#quartz_block_bottom"},"down":{"uv":[10.5,2,9.5,3],"texture":"#quartz_block_bottom"}}},{"from":[1.5,3,5.5],"to":[3.5,4,6.5],"rotation":{"angle":0,"axis":"y","origin":[16,0,0]},"faces":{"north":{"uv":[3.5,12,1.5,13],"texture":"#quartz_block_bottom"},"east":{"uv":[6.5,12,5.5,13],"texture":"#quartz_block_bottom"},"west":{"uv":[10.5,12,9.5,13],"texture":"#quartz_block_bottom"}}},{"from":[1.5,9,4.5],"to":[3.5,11,5.5],"rotation":{"angle":0,"axis":"y","origin":[16,0,0]},"faces":{"north":{"uv":[3.5,6,1.5,7],"texture":"#quartz_block_bottom"},"east":{"uv":[5.5,6,4.5,7],"texture":"#quartz_block_bottom"},"west":{"uv":[11.5,6,10.5,7],"texture":"#quartz_block_bottom"},"down":{"uv":[1.5,5.5,3.5,4.5],"texture":"#quartz_block_bottom"}}},{"from":[1.5,9,5.5],"to":[3.5,11,8.5],"rotation":{"angle":0,"axis":"y","origin":[16,0,0]},"faces":{"north":{"uv":[8.5,5,7.5,6],"texture":"#wool_colored_blue"},"east":{"uv":[8.5,5,7.5,6],"texture":"#wool_colored_blue"},"south":{"uv":[8.5,5,7.5,6],"texture":"#wool_colored_blue"},"west":{"uv":[8.5,5,7.5,6],"texture":"#wool_colored_blue"},"up":{"uv":[8.5,5,7.5,6],"texture":"#wool_colored_blue"},"down":{"uv":[8.5,5,7.5,6],"texture":"#wool_colored_blue"}}},{"from":[1.5,5,5.5],"to":[3.5,9,6.5],"rotation":{"angle":0,"axis":"y","origin":[16,0,0]},"faces":{"north":{"uv":[8.5,7,7.5,8],"texture":"#wool_colored_blue"},"east":{"uv":[8.5,7,7.5,8],"texture":"#wool_colored_blue"},"south":{"uv":[8.5,7,7.5,8],"texture":"#wool_colored_blue"},"west":{"uv":[8.5,7,7.5,8],"texture":"#wool_colored_blue"},"up":{"uv":[8.5,7,7.5,8],"texture":"#wool_colored_blue"},"down":{"uv":[8.5,7,7.5,8],"texture":"#wool_colored_blue"}}},{"from":[3.5,11,6],"to":[12.5,14,8],"faces":{"north":{"uv":[3.5,2,12.5,5],"texture":"#quartz_block_bottom"},"south":{"uv":[3.5,2,12.5,5],"texture":"#quartz_block_bottom"},"up":{"uv":[3.5,6,12.5,8],"texture":"#quartz_block_bottom"},"down":{"uv":[12.5,8,3.5,6],"texture":"#quartz_block_bottom"}}},{"from":[3.5,11.5,5.5],"to":[12.5,13.5,8.5],"faces":{"north":{"uv":[3.5,2.5,12.5,4.5],"texture":"#wool_colored_silver"},"south":{"uv":[3.5,2.5,12.5,4.5],"texture":"#wool_colored_silver"},"up":{"uv":[3.5,5.5,12.5,8.5],"texture":"#wool_colored_silver"},"down":{"uv":[12.5,8.5,3.5,5.5],"texture":"#wool_colored_silver"}}},{"from":[5.5,4,3],"to":[10.5,14,4],"faces":{"north":{"uv":[5.5,2,10.5,12],"texture":"#quartz_block_bottom"},"east":{"uv":[12,2,13,12],"texture":"#quartz_block_bottom"},"south":{"uv":[5.5,2,10.5,12],"texture":"#quartz_block_bottom"},"west":{"uv":[3,2,4,12],"texture":"#quartz_block_bottom"},"down":{"uv":[10.5,4,5.5,3],"texture":"#quartz_block_bottom"}}},{"from":[4,3,4.5],"to":[5,14,9.5],"faces":{"north":{"uv":[11,2,12,13],"texture":"#quartz_block_bottom"},"east":{"uv":[6.5,2,11.5,13],"texture":"#quartz_block_bottom"},"south":{"uv":[4,2,5,13],"texture":"#quartz_block_bottom"},"west":{"uv":[4.5,2,9.5,13],"texture":"#quartz_block_bottom"},"down":{"uv":[12,9.5,11,4.5],"texture":"#quartz_block_bottom"}}},{"from":[4.5,3.5,3.5],"to":[5.5,14,4.5],"faces":{"north":{"uv":[10.5,2,11.5,12.5],"texture":"#quartz_block_bottom"},"east":{"uv":[11.5,2,12.5,12.5],"texture":"#quartz_block_bottom"},"south":{"uv":[4.5,2,5.5,12.5],"texture":"#quartz_block_bottom"},"west":{"uv":[3.5,2,4.5,12.5],"texture":"#quartz_block_bottom"},"down":{"uv":[11.5,4.5,10.5,3.5],"texture":"#quartz_block_bottom"}}},{"from":[10.5,3.5,3.5],"to":[11.5,14,4.5],"faces":{"north":{"uv":[4.5,2,5.5,12.5],"texture":"#quartz_block_bottom"},"east":{"uv":[11.5,2,12.5,12.5],"texture":"#quartz_block_bottom"},"south":{"uv":[10.5,2,11.5,12.5],"texture":"#quartz_block_bottom"},"west":{"uv":[3.5,2,4.5,12.5],"texture":"#quartz_block_bottom"},"down":{"uv":[5.5,4.5,4.5,3.5],"texture":"#quartz_block_bottom"}}},{"from":[4.5,3.5,9.5],"to":[5.5,14,10.5],"faces":{"north":{"uv":[10.5,2,11.5,12.5],"texture":"#quartz_block_bottom"},"east":{"uv":[5.5,2,6.5,12.5],"texture":"#quartz_block_bottom"},"south":{"uv":[4.5,2,5.5,12.5],"texture":"#quartz_block_bottom"},"west":{"uv":[9.5,2,10.5,12.5],"texture":"#quartz_block_bottom"},"down":{"uv":[11.5,10.5,10.5,9.5],"texture":"#quartz_block_bottom"}}},{"from":[5.5,3.5,10],"to":[10.5,14,11],"faces":{"north":{"uv":[5.5,2,10.5,12.5],"texture":"#quartz_block_bottom"},"east":{"uv":[5,2,6,12.5],"texture":"#quartz_block_bottom"},"south":{"uv":[5.5,2,10.5,12.5],"texture":"#quartz_block_bottom"},"west":{"uv":[10,2,11,12.5],"texture":"#quartz_block_bottom"},"up":{"uv":[5.5,10,10.5,11],"texture":"#quartz_block_bottom"},"down":{"uv":[10.5,11,5.5,10],"texture":"#quartz_block_bottom"}}},{"from":[10.5,3.5,9.5],"to":[11.5,14,10.5],"faces":{"north":{"uv":[4.5,2,5.5,12.5],"texture":"#quartz_block_bottom"},"east":{"uv":[5.5,2,6.5,12.5],"texture":"#quartz_block_bottom"},"south":{"uv":[10.5,2,11.5,12.5],"texture":"#quartz_block_bottom"},"west":{"uv":[9.5,2,10.5,12.5],"texture":"#quartz_block_bottom"},"down":{"uv":[5.5,10.5,4.5,9.5],"texture":"#quartz_block_bottom"}}},{"from":[11,3,4.5],"to":[12,14,9.5],"faces":{"north":{"uv":[4,2,5,13],"texture":"#quartz_block_bottom"},"east":{"uv":[6.5,2,11.5,13],"texture":"#quartz_block_bottom"},"south":{"uv":[11,2,12,13],"texture":"#quartz_block_bottom"},"west":{"uv":[4.5,2,9.5,13],"texture":"#quartz_block_bottom"},"down":{"uv":[5,9.5,4,4.5],"texture":"#quartz_block_bottom"}}},{"from":[5,2.5,4],"to":[11,3.5,10],"faces":{"north":{"uv":[5,12,11,13],"texture":"#quartz_block_bottom"},"east":{"uv":[6,12,12,13],"texture":"#quartz_block_bottom"},"south":{"uv":[5,12,11,13],"texture":"#quartz_block_bottom"},"west":{"uv":[4,12,10,13],"texture":"#quartz_block_bottom"},"up":{"uv":[5,4,11,10],"texture":"#quartz_block_bottom"},"down":{"uv":[11,10,5,4],"texture":"#quartz_block_bottom"}}},{"from":[5.5,3.5,3.5],"to":[10.5,4,10.5],"faces":{"north":{"uv":[5,12,11,13],"texture":"#quartz_block_bottom"},"east":{"uv":[6,12,12,13],"texture":"#quartz_block_bottom"},"west":{"uv":[4,12,10,13],"texture":"#quartz_block_bottom"},"up":{"uv":[5,4,11,10],"texture":"#quartz_block_bottom"},"down":{"uv":[11,10,5,4],"texture":"#quartz_block_bottom"}}},{"from":[5,13,4],"to":[11,16.5,10],"faces":{"north":{"uv":[5,12,11,13],"texture":"#wool_colored_silver"},"east":{"uv":[6,12,12,13],"texture":"#wool_colored_silver"},"south":{"uv":[5,12,11,13],"texture":"#wool_colored_silver"},"west":{"uv":[4,12,10,13],"texture":"#wool_colored_silver"},"up":{"uv":[5,4,11,10],"texture":"#wool_colored_silver"},"down":{"uv":[11,10,5,4],"texture":"#wool_colored_silver"}}},{"from":[7,12,11],"to":[9.5,13,11.5],"faces":{"east":{"uv":[4.5,3,5,4],"texture":"#wool_colored_blue"},"south":{"uv":[7,3,9.5,4],"texture":"#wool_colored_blue"},"west":{"uv":[11,3,11.5,4],"texture":"#wool_colored_blue"},"up":{"uv":[7,11,9.5,11.5],"texture":"#wool_colored_blue"},"down":{"uv":[9,11.5,6.5,11],"texture":"#wool_colored_blue"}}},{"from":[6.5,10.5,11],"to":[9,11.5,11.5],"faces":{"east":{"uv":[4.5,4.5,5,5.5],"texture":"#wool_colored_blue"},"south":{"uv":[6.5,4.5,9,5.5],"texture":"#wool_colored_blue"},"west":{"uv":[11,4.5,11.5,5.5],"texture":"#wool_colored_blue"},"up":{"uv":[6.5,11,9,11.5],"texture":"#wool_colored_blue"},"down":{"uv":[9.5,11.5,7,11],"texture":"#wool_colored_blue"}}},{"from":[7,8,11],"to":[9,9,11.5],"faces":{"east":{"uv":[4.5,7,5,8],"texture":"#wool_colored_blue"},"south":{"uv":[7,7,9,8],"texture":"#wool_colored_blue"},"west":{"uv":[11,7,11.5,8],"texture":"#wool_colored_blue"},"up":{"uv":[7,11,9,11.5],"texture":"#wool_colored_blue"},"down":{"uv":[9,11.5,7,11],"texture":"#wool_colored_blue"}}},{"from":[7,6.5,11],"to":[9,7.5,11.5],"faces":{"east":{"uv":[4.5,8.5,5,9.5],"texture":"#wool_colored_blue"},"south":{"uv":[7,8.5,9,9.5],"texture":"#wool_colored_blue"},"west":{"uv":[11,8.5,11.5,9.5],"texture":"#wool_colored_blue"},"up":{"uv":[7,11,9,11.5],"texture":"#wool_colored_blue"},"down":{"uv":[9,11.5,7,11],"texture":"#wool_colored_blue"}}},{"from":[7,5,11],"to":[9,6,11.5],"faces":{"east":{"uv":[4.5,10,5,11],"texture":"#wool_colored_blue"},"south":{"uv":[7,10,9,11],"texture":"#wool_colored_blue"},"west":{"uv":[11,10,11.5,11],"texture":"#wool_colored_blue"},"up":{"uv":[7,11,9,11.5],"texture":"#wool_colored_blue"},"down":{"uv":[9,11.5,7,11],"texture":"#wool_colored_blue"}}},{"from":[10.5,6.5,3],"to":[11,7.5,3.5],"faces":{"north":{"uv":[5,8.5,5.5,9.5],"texture":"#wool_colored_silver"},"east":{"uv":[12.5,8.5,13,9.5],"texture":"#wool_colored_silver"},"up":{"uv":[10.5,3,11,3.5],"texture":"#wool_colored_silver"},"down":{"uv":[5.5,3.5,5,3],"texture":"#wool_colored_silver"}}},{"from":[4.5,15.5,4.5],"to":[11.5,17,9.5],"faces":{"north":{"uv":[4.5,0,11.5,1],"texture":"#wool_colored_silver"},"east":{"uv":[4.5,0,11.5,1],"texture":"#wool_colored_silver"},"south":{"uv":[4.5,0,11.5,1],"texture":"#wool_colored_silver"},"west":{"uv":[4.5,0,11.5,1],"texture":"#wool_colored_silver"},"up":{"uv":[4.5,0,11.5,1],"texture":"#wool_colored_silver"},"down":{"uv":[4.5,0,11.5,1],"texture":"#wool_colored_silver"}}},{"from":[5.5,14,10],"to":[10.5,16,10.5],"faces":{"south":{"uv":[5.5,0,10.5,2],"texture":"#wool_colored_silver"},"up":{"uv":[5.5,10,10.5,10.5],"texture":"#wool_colored_silver"}}},{"from":[4.5,14,9.5],"to":[5.5,16,10.5],"faces":{"south":{"uv":[4.5,0,5.5,2],"texture":"#wool_colored_silver"},"west":{"uv":[9.5,0,10.5,2],"texture":"#wool_colored_silver"},"up":{"uv":[4.5,9.5,5.5,10.5],"texture":"#wool_colored_silver"}}},{"from":[5.5,14,3],"to":[10.5,16,4],"faces":{"north":{"uv":[5.5,0,10.5,2],"texture":"#wool_colored_silver"},"east":{"uv":[12,0,13,2],"texture":"#wool_colored_silver"},"west":{"uv":[3,0,4,2],"texture":"#wool_colored_silver"},"up":{"uv":[5.5,3,10.5,4],"texture":"#wool_colored_silver"}}},{"from":[10.5,14,3.5],"to":[11.5,16,4.5],"faces":{"north":{"uv":[4.5,0,5.5,2],"texture":"#wool_colored_silver"},"east":{"uv":[11.5,0,12.5,2],"texture":"#wool_colored_silver"},"up":{"uv":[10.5,3.5,11.5,4.5],"texture":"#wool_colored_silver"}}},{"from":[4.5,14,3.5],"to":[5.5,16,4.5],"faces":{"north":{"uv":[10.5,0,11.5,2],"texture":"#wool_colored_silver"},"west":{"uv":[3.5,0,4.5,2],"texture":"#wool_colored_silver"},"up":{"uv":[4.5,3.5,5.5,4.5],"texture":"#wool_colored_silver"}}},{"from":[10.5,14,9.5],"to":[11.5,16,10.5],"faces":{"east":{"uv":[5.5,0,6.5,2],"texture":"#wool_colored_silver"},"south":{"uv":[10.5,0,11.5,2],"texture":"#wool_colored_silver"},"up":{"uv":[10.5,9.5,11.5,10.5],"texture":"#wool_colored_silver"}}},{"from":[5,16.5,5],"to":[11,17.5,9],"faces":{"north":{"uv":[7,0,11,1],"texture":"#wool_colored_silver"},"east":{"uv":[7,0,11,1],"texture":"#wool_colored_silver"},"south":{"uv":[7,0,11,1],"texture":"#wool_colored_silver"},"west":{"uv":[7,0,11,1],"texture":"#wool_colored_silver"},"up":{"uv":[7,0,11,1],"texture":"#wool_colored_silver"}}},{"from":[7,18,5],"to":[9,18.5,9],"faces":{"north":{"uv":[7,5,9,6],"texture":"#wool_colored_blue"},"east":{"uv":[7,5,9,6],"texture":"#wool_colored_blue"},"south":{"uv":[7,5,9,6],"texture":"#wool_colored_blue"},"west":{"uv":[7,5,9,6],"texture":"#wool_colored_blue"},"up":{"uv":[7,5,9,6],"texture":"#wool_colored_blue"}}},{"from":[6,18,6],"to":[10,18.6,8],"faces":{"north":{"uv":[6,6,10,7],"texture":"#wool_colored_blue"},"east":{"uv":[6,6,10,7],"texture":"#wool_colored_blue"},"south":{"uv":[6,6,10,7],"texture":"#wool_colored_blue"},"west":{"uv":[6,6,10,7],"texture":"#wool_colored_blue"},"up":{"uv":[6,6,10,7],"texture":"#wool_colored_blue"}}},{"from":[7,16,10],"to":[9,16.5,10.5],"faces":{"east":{"uv":[7,10,9,10.5],"texture":"#wool_colored_blue"},"south":{"uv":[7,10,9,10.5],"texture":"#wool_colored_blue"},"west":{"uv":[7,10,9,10.5],"texture":"#wool_colored_blue"},"up":{"uv":[7,10,9,10.5],"texture":"#wool_colored_blue"}}},{"from":[7,14.5,10.5],"to":[9,15,11],"faces":{"east":{"uv":[7,1,9,1.5],"texture":"#wool_colored_blue"},"south":{"uv":[7,1,9,1.5],"texture":"#wool_colored_blue"},"west":{"uv":[7,1,9,1.5],"texture":"#wool_colored_blue"},"up":{"uv":[7,1,9,1.5],"texture":"#wool_colored_blue"},"down":{"uv":[7,1,9,1.5],"texture":"#wool_colored_blue"}}},{"from":[7.5,14.5,9.5],"to":[8.5,16,10.5],"rotation":{"angle":-22.5,"axis":"x","origin":[7.5,16,9.5]},"faces":{"east":{"uv":[3,0,4,1.5],"texture":"#wool_colored_black"},"south":{"uv":[7,0,8,1.5],"texture":"#wool_colored_black"},"west":{"uv":[12,0,13,1.5],"texture":"#wool_colored_black"}}},{"from":[4.5,14.5,10.5],"to":[5,15,11],"faces":{"east":{"uv":[5,1,5.5,1.5],"texture":"#wool_colored_black"},"south":{"uv":[4.5,1,5,1.5],"texture":"#wool_colored_black"},"west":{"uv":[10.5,1,11,1.5],"texture":"#wool_colored_black"},"up":{"uv":[4.5,10.5,5,11],"texture":"#wool_colored_black"},"down":{"uv":[11.5,11,11,10.5],"texture":"#wool_colored_black"}}},{"from":[9,15,10.5],"to":[9.5,15.5,11],"faces":{"east":{"uv":[5,0.5,5.5,1],"texture":"#wool_colored_red"},"south":{"uv":[9,0.5,9.5,1],"texture":"#wool_colored_red"},"west":{"uv":[10.5,0.5,11,1],"texture":"#wool_colored_red"},"up":{"uv":[9,10.5,9.5,11],"texture":"#wool_colored_red"},"down":{"uv":[7,11,6.5,10.5],"texture":"#wool_colored_red"}}},{"from":[9.5,18.5,5.5],"to":[10.5,19,6.5],"faces":{"north":{"uv":[5.5,0,6.5,1],"texture":"#wool_colored_silver"},"east":{"uv":[5.5,0,6.5,1],"texture":"#wool_colored_silver"},"south":{"uv":[5.5,0,6.5,1],"texture":"#wool_colored_silver"},"west":{"uv":[5.5,0,6.5,1],"texture":"#wool_colored_silver"},"up":{"uv":[5.5,0,6.5,1],"texture":"#wool_colored_silver"},"down":{"uv":[5.5,0,6.5,1],"texture":"#wool_colored_silver"}}},{"from":[6,16.5,4],"to":[10,17.5,10],"faces":{"north":{"uv":[6,0,10,1],"texture":"#wool_colored_silver"},"east":{"uv":[6,0,10,1],"texture":"#wool_colored_silver"},"south":{"uv":[6,0,10,1],"texture":"#wool_colored_silver"},"west":{"uv":[6,0,10,1],"texture":"#wool_colored_silver"},"up":{"uv":[6,0,10,1],"texture":"#wool_colored_silver"}}},{"from":[5.5,16.5,4.5],"to":[10.5,18,9.5],"faces":{"north":{"uv":[5.5,0,10.5,1],"texture":"#wool_colored_silver"},"east":{"uv":[5.5,0,10.5,1],"texture":"#wool_colored_silver"},"south":{"uv":[5.5,0,10.5,1],"texture":"#wool_colored_silver"},"west":{"uv":[5.5,0,10.5,1],"texture":"#wool_colored_silver"},"up":{"uv":[5.5,0,10.5,1],"texture":"#wool_colored_silver"},"down":{"uv":[5.5,0,10.5,1],"texture":"#wool_colored_silver"}}},{"from":[4,14,4.5],"to":[5,15.5,9.5],"faces":{"north":{"uv":[4,4.5,5,9.5],"texture":"#wool_colored_blue"},"south":{"uv":[4,4.5,5,9.5],"texture":"#wool_colored_blue"},"west":{"uv":[4,4.5,5,9.5],"texture":"#wool_colored_blue"},"up":{"uv":[4,4.5,5,9.5],"texture":"#wool_colored_blue"}}},{"from":[11,14,4.5],"to":[12,15.5,9.5],"faces":{"north":{"uv":[4,0.5,5,2],"texture":"#wool_colored_blue"},"east":{"uv":[6.5,0.5,11.5,2],"texture":"#wool_colored_blue"},"south":{"uv":[11,0.5,12,2],"texture":"#wool_colored_blue"},"up":{"uv":[11,4.5,12,9.5],"texture":"#wool_colored_blue"}}},{"from":[7,13.92911,8.11628],"to":[7.5,15.42911,10.61628],"rotation":{"angle":-22.5,"axis":"x","origin":[7,15.42911,8.11628]},"faces":{"east":{"uv":[6.5,0,7,1.0625],"texture":"#wool_colored_blue"},"south":{"uv":[6.5,0,7,1.0625],"texture":"#wool_colored_blue"},"west":{"uv":[6.5,0,7,1.0625],"texture":"#wool_colored_blue"}}},{"from":[8.5,13.92911,8.11628],"to":[9,15.42911,10.61628],"rotation":{"angle":-22.5,"axis":"x","origin":[8.5,15.42911,8.11628]},"faces":{"east":{"uv":[6.5,0,7,1.0625],"texture":"#wool_colored_blue"},"south":{"uv":[6.5,0,7,1.0625],"texture":"#wool_colored_blue"},"west":{"uv":[6.5,0,7,1.0625],"texture":"#wool_colored_blue"}}}],"display":{"thirdperson_righthand":{"rotation":[61,180,9],"translation":[1.393,0.3586,0.6956],"scale":[0.3,0.3,0.3]},"thirdperson_lefthand":{"rotation":[61,180,9],"translation":[1.393,0.3586,0.6956],"scale":[0.3,0.3,0.3]},"firstperson_righthand":{"translation":[0,2.0869,0],"scale":[0.3826,0.3391,0.3391]},"firstperson_lefthand":{"translation":[0,2.0869,0],"scale":[0.3826,0.3391,0.3391]},"gui":{"rotation":[0,23,0],"translation":[0,-1.51,0],"scale":[0.75,0.75,0.75]},"head":{"rotation":[0,180,0],"translation":[0,-29,0],"scale":[2,2,2]},"fixed":{"rotation":[0,180,0]}}}