{"credit":"Made with Blockbench by Valvac","textures":{"0":"block/black_concrete","4":"block/light_gray_concrete","5":"block/iron_block","7":"block/red_glazed_terracotta","particle":"block/light_gray_concrete","doll_stitch":"block/doll_stitch"},"elements":[{"from":[-4,13,12],"to":[-3,14,13],"faces":{"north":{"uv":[4.96,0.96,7.04,3.04],"texture":"#doll_stitch"},"west":{"uv":[4.96,0.96,7.04,3.04],"texture":"#doll_stitch"},"up":{"uv":[4.96,0.96,7.04,3.04],"texture":"#doll_stitch"},"down":{"uv":[4.96,0.96,7.04,3.04],"texture":"#doll_stitch"}}},{"from":[19,13,12],"to":[20,14,13],"faces":{"north":{"uv":[7.04,0.96,4.96,3.04],"texture":"#doll_stitch"},"east":{"uv":[7.04,0.96,4.96,3.04],"texture":"#doll_stitch"},"up":{"uv":[7.04,0.96,4.96,3.04],"texture":"#doll_stitch"},"down":{"uv":[7.04,0.96,4.96,3.04],"texture":"#doll_stitch"}}},{"from":[-4,13,13],"to":[-3,16,14],"faces":{"north":{"uv":[4.96,0.96,7.04,3.04],"texture":"#doll_stitch"},"east":{"uv":[4.96,0.96,7.04,3.04],"texture":"#doll_stitch"},"west":{"uv":[4.96,0.96,7.04,3.04],"texture":"#doll_stitch"},"up":{"uv":[4.96,0.96,7.04,3.04],"texture":"#doll_stitch"},"down":{"uv":[4.96,0.96,7.04,3.04],"texture":"#doll_stitch"}}},{"from":[19,13,13],"to":[20,16,14],"faces":{"north":{"uv":[7.04,0.96,4.96,3.04],"texture":"#doll_stitch"},"east":{"uv":[7.04,0.96,4.96,3.04],"texture":"#doll_stitch"},"west":{"uv":[7.04,0.96,4.96,3.04],"texture":"#doll_stitch"},"up":{"uv":[7.04,0.96,4.96,3.04],"texture":"#doll_stitch"},"down":{"uv":[7.04,0.96,4.96,3.04],"texture":"#doll_stitch"}}},{"from":[-4,13,14],"to":[-2,17,15],"faces":{"north":{"uv":[4.96,0.96,7.04,3.04],"texture":"#doll_stitch"},"east":{"uv":[4.96,0.96,7.04,3.04],"texture":"#doll_stitch"},"south":{"uv":[4.96,0.96,7.04,3.04],"texture":"#doll_stitch"},"west":{"uv":[4.96,0.96,7.04,3.04],"texture":"#doll_stitch"},"up":{"uv":[4.96,0.96,7.04,3.04],"texture":"#doll_stitch"},"down":{"uv":[4.96,0.96,7.04,3.04],"texture":"#doll_stitch"}}},{"from":[18,13,14],"to":[20,17,15],"faces":{"north":{"uv":[7.04,0.96,4.96,3.04],"texture":"#doll_stitch"},"east":{"uv":[7.04,0.96,4.96,3.04],"texture":"#doll_stitch"},"south":{"uv":[7.04,0.96,4.96,3.04],"texture":"#doll_stitch"},"west":{"uv":[7.04,0.96,4.96,3.04],"texture":"#doll_stitch"},"up":{"uv":[7.04,0.96,4.96,3.04],"texture":"#doll_stitch"},"down":{"uv":[7.04,0.96,4.96,3.04],"texture":"#doll_stitch"}}},{"from":[-3,5,3],"to":[-2,6,4],"faces":{"north":{"uv":[8.96,4.96,11.04,7.04],"texture":"#doll_stitch"},"east":{"uv":[8.96,4.96,11.04,7.04],"texture":"#doll_stitch"},"west":{"uv":[8.96,4.96,11.04,7.04],"texture":"#doll_stitch"},"up":{"uv":[8.96,4.96,11.04,7.04],"texture":"#doll_stitch"},"down":{"uv":[8.96,4.96,11.04,7.04],"texture":"#doll_stitch"}}},{"from":[18,5,3],"to":[19,6,4],"faces":{"north":{"uv":[11.04,4.96,8.96,7.04],"texture":"#doll_stitch"},"east":{"uv":[11.04,4.96,8.96,7.04],"texture":"#doll_stitch"},"west":{"uv":[11.04,4.96,8.96,7.04],"texture":"#doll_stitch"},"up":{"uv":[11.04,4.96,8.96,7.04],"texture":"#doll_stitch"},"down":{"uv":[11.04,4.96,8.96,7.04],"texture":"#doll_stitch"}}},{"from":[-3,5,4],"to":[4,6,5],"faces":{"north":{"uv":[4.96,0.96,7.04,3.04],"texture":"#doll_stitch"},"east":{"uv":[4.96,0.96,7.04,3.04],"texture":"#doll_stitch"},"south":{"uv":[4.96,0.96,7.04,3.04],"texture":"#doll_stitch"},"west":{"uv":[4.96,0.96,7.04,3.04],"texture":"#doll_stitch"},"up":{"uv":[4.96,0.96,7.04,3.04],"texture":"#doll_stitch"},"down":{"uv":[4.96,0.96,7.04,3.04],"texture":"#doll_stitch"}}},{"from":[12,5,4],"to":[19,6,5],"faces":{"north":{"uv":[7.04,0.96,4.96,3.04],"texture":"#doll_stitch"},"east":{"uv":[7.04,0.96,4.96,3.04],"texture":"#doll_stitch"},"south":{"uv":[7.04,0.96,4.96,3.04],"texture":"#doll_stitch"},"west":{"uv":[7.04,0.96,4.96,3.04],"texture":"#doll_stitch"},"up":{"uv":[7.04,0.96,4.96,3.04],"texture":"#doll_stitch"},"down":{"uv":[7.04,0.96,4.96,3.04],"texture":"#doll_stitch"}}},{"from":[-3,11,11],"to":[-1,12,13],"faces":{"north":{"uv":[4.96,0.96,7.04,3.04],"texture":"#doll_stitch"},"south":{"uv":[4.96,0.96,7.04,3.04],"texture":"#doll_stitch"},"west":{"uv":[4.96,0.96,7.04,3.04],"texture":"#doll_stitch"},"up":{"uv":[4.96,0.96,7.04,3.04],"texture":"#doll_stitch"},"down":{"uv":[4.96,0.96,7.04,3.04],"texture":"#doll_stitch"}}},{"from":[17,11,11],"to":[19,12,13],"faces":{"north":{"uv":[7.04,0.96,4.96,3.04],"texture":"#doll_stitch"},"east":{"uv":[7.04,0.96,4.96,3.04],"texture":"#doll_stitch"},"south":{"uv":[7.04,0.96,4.96,3.04],"texture":"#doll_stitch"},"up":{"uv":[7.04,0.96,4.96,3.04],"texture":"#doll_stitch"},"down":{"uv":[7.04,0.96,4.96,3.04],"texture":"#doll_stitch"}}},{"from":[-3,12,12],"to":[-2,13,14],"faces":{"north":{"uv":[4.96,0.96,7.04,3.04],"texture":"#doll_stitch"},"south":{"uv":[4.96,0.96,7.04,3.04],"texture":"#doll_stitch"},"west":{"uv":[4.96,0.96,7.04,3.04],"texture":"#doll_stitch"},"up":{"uv":[4.96,0.96,7.04,3.04],"texture":"#doll_stitch"},"down":{"uv":[4.96,0.96,7.04,3.04],"texture":"#doll_stitch"}}},{"from":[18,12,12],"to":[19,13,14],"faces":{"north":{"uv":[7.04,0.96,4.96,3.04],"texture":"#doll_stitch"},"east":{"uv":[7.04,0.96,4.96,3.04],"texture":"#doll_stitch"},"south":{"uv":[7.04,0.96,4.96,3.04],"texture":"#doll_stitch"},"up":{"uv":[7.04,0.96,4.96,3.04],"texture":"#doll_stitch"},"down":{"uv":[7.04,0.96,4.96,3.04],"texture":"#doll_stitch"}}},{"from":[-2,14,13],"to":[-1,16,14],"faces":{"north":{"uv":[0.96,4.96,3.04,7.04],"texture":"#doll_stitch"}}},{"from":[17,14,13],"to":[18,16,14],"faces":{"north":{"uv":[3.04,4.96,0.96,7.04],"texture":"#doll_stitch"}}},{"from":[-3,14,13],"to":[-2,17,14],"faces":{"north":{"uv":[0.96,4.96,3.04,7.04],"texture":"#doll_stitch"},"west":{"uv":[0.96,4.96,3.04,7.04],"texture":"#doll_stitch"},"down":{"uv":[0.96,4.96,3.04,7.04],"texture":"#doll_stitch"}}},{"from":[18,14,13],"to":[19,17,14],"faces":{"north":{"uv":[3.04,4.96,0.96,7.04],"texture":"#doll_stitch"},"east":{"uv":[3.04,4.96,0.96,7.04],"texture":"#doll_stitch"},"down":{"uv":[3.04,4.96,0.96,7.04],"texture":"#doll_stitch"}}},{"from":[-3,17,13],"to":[-2,18,15],"faces":{"north":{"uv":[4.96,0.96,7.04,3.04],"texture":"#doll_stitch"},"east":{"uv":[4.96,0.96,7.04,3.04],"texture":"#doll_stitch"},"south":{"uv":[4.96,0.96,7.04,3.04],"texture":"#doll_stitch"},"west":{"uv":[4.96,0.96,7.04,3.04],"texture":"#doll_stitch"},"up":{"uv":[4.96,0.96,7.04,3.04],"texture":"#doll_stitch"}}},{"from":[18,17,13],"to":[19,18,15],"faces":{"north":{"uv":[7.04,0.96,4.96,3.04],"texture":"#doll_stitch"},"east":{"uv":[7.04,0.96,4.96,3.04],"texture":"#doll_stitch"},"south":{"uv":[7.04,0.96,4.96,3.04],"texture":"#doll_stitch"},"west":{"uv":[7.04,0.96,4.96,3.04],"texture":"#doll_stitch"},"up":{"uv":[7.04,0.96,4.96,3.04],"texture":"#doll_stitch"}}},{"from":[-2,5,5],"to":[3,6,6],"faces":{"east":{"uv":[4.96,0.96,7.04,3.04],"texture":"#doll_stitch"},"south":{"uv":[4.96,0.96,7.04,3.04],"texture":"#doll_stitch"},"west":{"uv":[4.96,0.96,7.04,3.04],"texture":"#doll_stitch"},"up":{"uv":[4.96,0.96,7.04,3.04],"texture":"#doll_stitch"},"down":{"uv":[4.96,0.96,7.04,3.04],"texture":"#doll_stitch"}}},{"from":[13,5,5],"to":[18,6,6],"faces":{"east":{"uv":[7.04,0.96,4.96,3.04],"texture":"#doll_stitch"},"south":{"uv":[7.04,0.96,4.96,3.04],"texture":"#doll_stitch"},"west":{"uv":[7.04,0.96,4.96,3.04],"texture":"#doll_stitch"},"up":{"uv":[7.04,0.96,4.96,3.04],"texture":"#doll_stitch"},"down":{"uv":[7.04,0.96,4.96,3.04],"texture":"#doll_stitch"}}},{"from":[-2,6,4],"to":[3,7,5],"faces":{"north":{"uv":[4.96,0.96,7.04,3.04],"texture":"#doll_stitch"},"east":{"uv":[4.96,0.96,7.04,3.04],"texture":"#doll_stitch"},"south":{"uv":[4.96,0.96,7.04,3.04],"texture":"#doll_stitch"},"west":{"uv":[4.96,0.96,7.04,3.04],"texture":"#doll_stitch"},"up":{"uv":[4.96,0.96,7.04,3.04],"texture":"#doll_stitch"}}},{"from":[13,6,4],"to":[18,7,5],"faces":{"north":{"uv":[7.04,0.96,4.96,3.04],"texture":"#doll_stitch"},"east":{"uv":[7.04,0.96,4.96,3.04],"texture":"#doll_stitch"},"south":{"uv":[7.04,0.96,4.96,3.04],"texture":"#doll_stitch"},"west":{"uv":[7.04,0.96,4.96,3.04],"texture":"#doll_stitch"},"up":{"uv":[7.04,0.96,4.96,3.04],"texture":"#doll_stitch"}}},{"from":[-2,10,11],"to":[1,11,13],"faces":{"north":{"uv":[4.96,0.96,7.04,3.04],"texture":"#doll_stitch"},"east":{"uv":[4.96,0.96,7.04,3.04],"texture":"#doll_stitch"},"south":{"uv":[4.96,0.96,7.04,3.04],"texture":"#doll_stitch"},"west":{"uv":[4.96,0.96,7.04,3.04],"texture":"#doll_stitch"},"down":{"uv":[4.96,0.96,7.04,3.04],"texture":"#doll_stitch"}}},{"from":[15,10,11],"to":[18,11,13],"faces":{"north":{"uv":[7.04,0.96,4.96,3.04],"texture":"#doll_stitch"},"east":{"uv":[7.04,0.96,4.96,3.04],"texture":"#doll_stitch"},"south":{"uv":[7.04,0.96,4.96,3.04],"texture":"#doll_stitch"},"west":{"uv":[7.04,0.96,4.96,3.04],"texture":"#doll_stitch"},"down":{"uv":[7.04,0.96,4.96,3.04],"texture":"#doll_stitch"}}},{"from":[-2,11,13],"to":[1,14,14],"faces":{"east":{"uv":[4.96,0.96,7.04,3.04],"texture":"#doll_stitch"},"south":{"uv":[4.96,0.96,7.04,3.04],"texture":"#doll_stitch"},"west":{"uv":[4.96,0.96,7.04,3.04],"texture":"#doll_stitch"},"down":{"uv":[4.96,0.96,7.04,3.04],"texture":"#doll_stitch"}}},{"from":[15,11,13],"to":[18,14,14],"faces":{"east":{"uv":[7.04,0.96,4.96,3.04],"texture":"#doll_stitch"},"south":{"uv":[7.04,0.96,4.96,3.04],"texture":"#doll_stitch"},"west":{"uv":[7.04,0.96,4.96,3.04],"texture":"#doll_stitch"},"down":{"uv":[7.04,0.96,4.96,3.04],"texture":"#doll_stitch"}}},{"from":[-2,12,12],"to":[-1,13,13],"faces":{"north":{"uv":[0.96,4.96,3.04,7.04],"texture":"#doll_stitch"}}},{"from":[17,12,12],"to":[18,13,13],"faces":{"north":{"uv":[3.04,4.96,0.96,7.04],"texture":"#doll_stitch"}}},{"from":[-2,12,14],"to":[-1,16,15],"faces":{"east":{"uv":[4.96,0.96,7.04,3.04],"texture":"#doll_stitch"},"south":{"uv":[4.96,0.96,7.04,3.04],"texture":"#doll_stitch"},"west":{"uv":[4.96,0.96,7.04,3.04],"texture":"#doll_stitch"},"up":{"uv":[4.96,0.96,7.04,3.04],"texture":"#doll_stitch"},"down":{"uv":[4.96,0.96,7.04,3.04],"texture":"#doll_stitch"}}},{"from":[17,12,14],"to":[18,16,15],"faces":{"east":{"uv":[7.04,0.96,4.96,3.04],"texture":"#doll_stitch"},"south":{"uv":[7.04,0.96,4.96,3.04],"texture":"#doll_stitch"},"west":{"uv":[7.04,0.96,4.96,3.04],"texture":"#doll_stitch"},"up":{"uv":[7.04,0.96,4.96,3.04],"texture":"#doll_stitch"},"down":{"uv":[7.04,0.96,4.96,3.04],"texture":"#doll_stitch"}}},{"from":[-2,16,13],"to":[-1,17,14],"faces":{"north":{"uv":[4.96,0.96,7.04,3.04],"texture":"#doll_stitch"},"east":{"uv":[4.96,0.96,7.04,3.04],"texture":"#doll_stitch"},"south":{"uv":[4.96,0.96,7.04,3.04],"texture":"#doll_stitch"},"up":{"uv":[4.96,0.96,7.04,3.04],"texture":"#doll_stitch"}}},{"from":[17,16,13],"to":[18,17,14],"faces":{"north":{"uv":[7.04,0.96,4.96,3.04],"texture":"#doll_stitch"},"south":{"uv":[7.04,0.96,4.96,3.04],"texture":"#doll_stitch"},"west":{"uv":[7.04,0.96,4.96,3.04],"texture":"#doll_stitch"},"up":{"uv":[7.04,0.96,4.96,3.04],"texture":"#doll_stitch"}}},{"from":[-1,5,6],"to":[17,7,8],"faces":{"north":{"uv":[4.96,0.96,7.04,3.04],"texture":"#doll_stitch"},"east":{"uv":[4.96,0.96,7.04,3.04],"texture":"#doll_stitch"},"south":{"uv":[4.96,0.96,7.04,3.04],"texture":"#doll_stitch"},"west":{"uv":[4.96,0.96,7.04,3.04],"texture":"#doll_stitch"},"up":{"uv":[4.96,0.96,7.04,3.04],"texture":"#doll_stitch"},"down":{"uv":[4.96,0.96,7.04,3.04],"texture":"#doll_stitch"}}},{"from":[-1,6,2],"to":[0,7,3],"faces":{"north":{"uv":[8.96,4.96,11.04,7.04],"texture":"#doll_stitch"},"east":{"uv":[8.96,4.96,11.04,7.04],"texture":"#doll_stitch"},"west":{"uv":[8.96,4.96,11.04,7.04],"texture":"#doll_stitch"},"up":{"uv":[8.96,4.96,11.04,7.04],"texture":"#doll_stitch"},"down":{"uv":[8.96,4.96,11.04,7.04],"texture":"#doll_stitch"}}},{"from":[16,6,2],"to":[17,7,3],"faces":{"north":{"uv":[11.04,4.96,8.96,7.04],"texture":"#doll_stitch"},"east":{"uv":[11.04,4.96,8.96,7.04],"texture":"#doll_stitch"},"west":{"uv":[11.04,4.96,8.96,7.04],"texture":"#doll_stitch"},"up":{"uv":[11.04,4.96,8.96,7.04],"texture":"#doll_stitch"},"down":{"uv":[11.04,4.96,8.96,7.04],"texture":"#doll_stitch"}}},{"from":[-1,6,3],"to":[2,7,4],"faces":{"north":{"uv":[4.96,0.96,7.04,3.04],"texture":"#doll_stitch"},"east":{"uv":[4.96,0.96,7.04,3.04],"texture":"#doll_stitch"},"west":{"uv":[4.96,0.96,7.04,3.04],"texture":"#doll_stitch"},"up":{"uv":[4.96,0.96,7.04,3.04],"texture":"#doll_stitch"},"down":{"uv":[4.96,0.96,7.04,3.04],"texture":"#doll_stitch"}}},{"from":[14,6,3],"to":[17,7,4],"faces":{"north":{"uv":[7.04,0.96,4.96,3.04],"texture":"#doll_stitch"},"east":{"uv":[7.04,0.96,4.96,3.04],"texture":"#doll_stitch"},"west":{"uv":[7.04,0.96,4.96,3.04],"texture":"#doll_stitch"},"up":{"uv":[7.04,0.96,4.96,3.04],"texture":"#doll_stitch"},"down":{"uv":[7.04,0.96,4.96,3.04],"texture":"#doll_stitch"}}},{"from":[-1,6,5],"to":[3,7,6],"faces":{"east":{"uv":[4.96,0.96,7.04,3.04],"texture":"#doll_stitch"},"west":{"uv":[4.96,0.96,7.04,3.04],"texture":"#doll_stitch"},"up":{"uv":[4.96,0.96,7.04,3.04],"texture":"#doll_stitch"}}},{"from":[13,6,5],"to":[17,7,6],"faces":{"east":{"uv":[7.04,0.96,4.96,3.04],"texture":"#doll_stitch"},"west":{"uv":[7.04,0.96,4.96,3.04],"texture":"#doll_stitch"},"up":{"uv":[7.04,0.96,4.96,3.04],"texture":"#doll_stitch"}}},{"from":[-1,7,4],"to":[0,8,5],"faces":{"north":{"uv":[4.96,0.96,7.04,3.04],"texture":"#doll_stitch"},"east":{"uv":[4.96,0.96,7.04,3.04],"texture":"#doll_stitch"},"south":{"uv":[4.96,0.96,7.04,3.04],"texture":"#doll_stitch"},"west":{"uv":[4.96,0.96,7.04,3.04],"texture":"#doll_stitch"},"up":{"uv":[4.96,0.96,7.04,3.04],"texture":"#doll_stitch"}}},{"from":[16,7,4],"to":[17,8,5],"faces":{"north":{"uv":[7.04,0.96,4.96,3.04],"texture":"#doll_stitch"},"east":{"uv":[7.04,0.96,4.96,3.04],"texture":"#doll_stitch"},"south":{"uv":[7.04,0.96,4.96,3.04],"texture":"#doll_stitch"},"west":{"uv":[7.04,0.96,4.96,3.04],"texture":"#doll_stitch"},"up":{"uv":[7.04,0.96,4.96,3.04],"texture":"#doll_stitch"}}},{"from":[-1,9,10],"to":[3,11,11],"faces":{"north":{"uv":[4.96,0.96,7.04,3.04],"texture":"#doll_stitch"},"east":{"uv":[4.96,0.96,7.04,3.04],"texture":"#doll_stitch"},"south":{"uv":[4.96,0.96,7.04,3.04],"texture":"#doll_stitch"},"west":{"uv":[4.96,0.96,7.04,3.04],"texture":"#doll_stitch"},"up":{"uv":[4.96,0.96,7.04,3.04],"texture":"#doll_stitch"},"down":{"uv":[4.96,0.96,7.04,3.04],"texture":"#doll_stitch"}}},{"from":[13,9,10],"to":[17,11,11],"faces":{"north":{"uv":[7.04,0.96,4.96,3.04],"texture":"#doll_stitch"},"east":{"uv":[7.04,0.96,4.96,3.04],"texture":"#doll_stitch"},"south":{"uv":[7.04,0.96,4.96,3.04],"texture":"#doll_stitch"},"west":{"uv":[7.04,0.96,4.96,3.04],"texture":"#doll_stitch"},"up":{"uv":[7.04,0.96,4.96,3.04],"texture":"#doll_stitch"},"down":{"uv":[7.04,0.96,4.96,3.04],"texture":"#doll_stitch"}}},{"from":[-1,11,11],"to":[1,13,12],"faces":{"north":{"uv":[0.96,4.96,3.04,7.04],"texture":"#doll_stitch"},"west":{"uv":[0.96,4.96,3.04,7.04],"texture":"#doll_stitch"},"up":{"uv":[0.96,4.96,3.04,7.04],"texture":"#doll_stitch"}}},{"from":[15,11,11],"to":[17,13,12],"faces":{"north":{"uv":[3.04,4.96,0.96,7.04],"texture":"#doll_stitch"},"east":{"uv":[3.04,4.96,0.96,7.04],"texture":"#doll_stitch"},"up":{"uv":[3.04,4.96,0.96,7.04],"texture":"#doll_stitch"}}},{"from":[-1,11,12],"to":[2,13,13],"faces":{"east":{"uv":[4.96,0.96,7.04,3.04],"texture":"#doll_stitch"},"south":{"uv":[4.96,0.96,7.04,3.04],"texture":"#doll_stitch"},"down":{"uv":[4.96,0.96,7.04,3.04],"texture":"#doll_stitch"}}},{"from":[14,11,12],"to":[17,13,13],"faces":{"south":{"uv":[7.04,0.96,4.96,3.04],"texture":"#doll_stitch"},"west":{"uv":[7.04,0.96,4.96,3.04],"texture":"#doll_stitch"},"down":{"uv":[7.04,0.96,4.96,3.04],"texture":"#doll_stitch"}}},{"from":[-3,13,12],"to":[0,14,13],"faces":{"north":{"uv":[0.96,4.96,3.04,7.04],"texture":"#doll_stitch"},"south":{"uv":[0.96,4.96,3.04,7.04],"texture":"#doll_stitch"},"up":{"uv":[0.96,4.96,3.04,7.04],"texture":"#doll_stitch"}}},{"from":[16,13,12],"to":[19,14,13],"faces":{"north":{"uv":[3.04,4.96,0.96,7.04],"texture":"#doll_stitch"},"south":{"uv":[3.04,4.96,0.96,7.04],"texture":"#doll_stitch"},"up":{"uv":[3.04,4.96,0.96,7.04],"texture":"#doll_stitch"}}},{"from":[-1,12,14],"to":[0,15,15],"faces":{"east":{"uv":[4.96,0.96,7.04,3.04],"texture":"#doll_stitch"},"south":{"uv":[4.96,0.96,7.04,3.04],"texture":"#doll_stitch"},"up":{"uv":[4.96,0.96,7.04,3.04],"texture":"#doll_stitch"},"down":{"uv":[4.96,0.96,7.04,3.04],"texture":"#doll_stitch"}}},{"from":[16,12,14],"to":[17,15,15],"faces":{"south":{"uv":[7.04,0.96,4.96,3.04],"texture":"#doll_stitch"},"west":{"uv":[7.04,0.96,4.96,3.04],"texture":"#doll_stitch"},"up":{"uv":[7.04,0.96,4.96,3.04],"texture":"#doll_stitch"},"down":{"uv":[7.04,0.96,4.96,3.04],"texture":"#doll_stitch"}}},{"from":[-1,14,12],"to":[1,15,14],"faces":{"north":{"uv":[4.96,0.96,7.04,3.04],"texture":"#doll_stitch"},"east":{"uv":[4.96,0.96,7.04,3.04],"texture":"#doll_stitch"},"south":{"uv":[4.96,0.96,7.04,3.04],"texture":"#doll_stitch"},"west":{"uv":[4.96,0.96,7.04,3.04],"texture":"#doll_stitch"},"up":{"uv":[4.96,0.96,7.04,3.04],"texture":"#doll_stitch"}}},{"from":[15,14,12],"to":[17,15,14],"faces":{"north":{"uv":[7.04,0.96,4.96,3.04],"texture":"#doll_stitch"},"east":{"uv":[7.04,0.96,4.96,3.04],"texture":"#doll_stitch"},"south":{"uv":[7.04,0.96,4.96,3.04],"texture":"#doll_stitch"},"west":{"uv":[7.04,0.96,4.96,3.04],"texture":"#doll_stitch"},"up":{"uv":[7.04,0.96,4.96,3.04],"texture":"#doll_stitch"}}},{"from":[-1,15,13],"to":[0,16,14],"faces":{"north":{"uv":[4.96,0.96,7.04,3.04],"texture":"#doll_stitch"},"east":{"uv":[4.96,0.96,7.04,3.04],"texture":"#doll_stitch"},"south":{"uv":[4.96,0.96,7.04,3.04],"texture":"#doll_stitch"},"up":{"uv":[4.96,0.96,7.04,3.04],"texture":"#doll_stitch"}}},{"from":[16,15,13],"to":[17,16,14],"faces":{"north":{"uv":[7.04,0.96,4.96,3.04],"texture":"#doll_stitch"},"south":{"uv":[7.04,0.96,4.96,3.04],"texture":"#doll_stitch"},"west":{"uv":[7.04,0.96,4.96,3.04],"texture":"#doll_stitch"},"up":{"uv":[7.04,0.96,4.96,3.04],"texture":"#doll_stitch"}}},{"from":[0,4,5],"to":[2,5,8],"faces":{"north":{"uv":[4.96,0.96,7.04,3.04],"texture":"#doll_stitch"},"east":{"uv":[4.96,0.96,7.04,3.04],"texture":"#doll_stitch"},"south":{"uv":[4.96,0.96,7.04,3.04],"texture":"#doll_stitch"},"west":{"uv":[4.96,0.96,7.04,3.04],"texture":"#doll_stitch"},"down":{"uv":[4.96,0.96,7.04,3.04],"texture":"#doll_stitch"}}},{"from":[14,4,5],"to":[16,5,8],"faces":{"north":{"uv":[7.04,0.96,4.96,3.04],"texture":"#doll_stitch"},"east":{"uv":[7.04,0.96,4.96,3.04],"texture":"#doll_stitch"},"south":{"uv":[7.04,0.96,4.96,3.04],"texture":"#doll_stitch"},"west":{"uv":[7.04,0.96,4.96,3.04],"texture":"#doll_stitch"},"down":{"uv":[7.04,0.96,4.96,3.04],"texture":"#doll_stitch"}}},{"from":[0,5,8],"to":[3,7,9],"faces":{"east":{"uv":[4.96,0.96,7.04,3.04],"texture":"#doll_stitch"},"south":{"uv":[4.96,0.96,7.04,3.04],"texture":"#doll_stitch"},"west":{"uv":[4.96,0.96,7.04,3.04],"texture":"#doll_stitch"},"up":{"uv":[4.96,0.96,7.04,3.04],"texture":"#doll_stitch"},"down":{"uv":[4.96,0.96,7.04,3.04],"texture":"#doll_stitch"}}},{"from":[13,5,8],"to":[16,7,9],"faces":{"east":{"uv":[7.04,0.96,4.96,3.04],"texture":"#doll_stitch"},"south":{"uv":[7.04,0.96,4.96,3.04],"texture":"#doll_stitch"},"west":{"uv":[7.04,0.96,4.96,3.04],"texture":"#doll_stitch"},"up":{"uv":[7.04,0.96,4.96,3.04],"texture":"#doll_stitch"},"down":{"uv":[7.04,0.96,4.96,3.04],"texture":"#doll_stitch"}}},{"from":[0,7,6],"to":[16,8,8],"faces":{"north":{"uv":[4.96,0.96,7.04,3.04],"texture":"#doll_stitch"},"east":{"uv":[4.96,0.96,7.04,3.04],"texture":"#doll_stitch"},"south":{"uv":[4.96,0.96,7.04,3.04],"texture":"#doll_stitch"},"west":{"uv":[4.96,0.96,7.04,3.04],"texture":"#doll_stitch"},"up":{"uv":[4.96,0.96,7.04,3.04],"texture":"#doll_stitch"}}},{"from":[0,9,9],"to":[16,10,10],"faces":{"north":{"uv":[7.04,0.96,4.96,3.04],"texture":"#doll_stitch"},"east":{"uv":[7.04,0.96,4.96,3.04],"texture":"#doll_stitch"},"south":{"uv":[7.04,0.96,4.96,3.04],"texture":"#doll_stitch"},"west":{"uv":[7.04,0.96,4.96,3.04],"texture":"#doll_stitch"},"up":{"uv":[7.04,0.96,4.96,3.04],"texture":"#doll_stitch"},"down":{"uv":[7.04,0.96,4.96,3.04],"texture":"#doll_stitch"}}},{"from":[0,9,11],"to":[1,10,12],"faces":{"east":{"uv":[4.96,0.96,7.04,3.04],"texture":"#doll_stitch"},"south":{"uv":[4.96,0.96,7.04,3.04],"texture":"#doll_stitch"},"west":{"uv":[4.96,0.96,7.04,3.04],"texture":"#doll_stitch"},"down":{"uv":[4.96,0.96,7.04,3.04],"texture":"#doll_stitch"}}},{"from":[15,9,11],"to":[16,10,12],"faces":{"east":{"uv":[7.04,0.96,4.96,3.04],"texture":"#doll_stitch"},"south":{"uv":[7.04,0.96,4.96,3.04],"texture":"#doll_stitch"},"west":{"uv":[7.04,0.96,4.96,3.04],"texture":"#doll_stitch"},"down":{"uv":[7.04,0.96,4.96,3.04],"texture":"#doll_stitch"}}},{"from":[0,10,9],"to":[1,11,10],"faces":{"north":{"uv":[4.96,0.96,7.04,3.04],"texture":"#doll_stitch"},"west":{"uv":[4.96,0.96,7.04,3.04],"texture":"#doll_stitch"},"up":{"uv":[4.96,0.96,7.04,3.04],"texture":"#doll_stitch"}}},{"from":[15,10,9],"to":[16,11,10],"faces":{"north":{"uv":[7.04,0.96,4.96,3.04],"texture":"#doll_stitch"},"east":{"uv":[7.04,0.96,4.96,3.04],"texture":"#doll_stitch"},"up":{"uv":[7.04,0.96,4.96,3.04],"texture":"#doll_stitch"}}},{"from":[0,11,10],"to":[1,12,11],"faces":{"north":{"uv":[0.96,4.96,3.04,7.04],"texture":"#doll_stitch"},"west":{"uv":[0.96,4.96,3.04,7.04],"texture":"#doll_stitch"},"up":{"uv":[0.96,4.96,3.04,7.04],"texture":"#doll_stitch"}}},{"from":[15,11,10],"to":[16,12,11],"faces":{"north":{"uv":[3.04,4.96,0.96,7.04],"texture":"#doll_stitch"},"east":{"uv":[3.04,4.96,0.96,7.04],"texture":"#doll_stitch"},"up":{"uv":[3.04,4.96,0.96,7.04],"texture":"#doll_stitch"}}},{"from":[0,13,11],"to":[2,14,13],"faces":{"north":{"uv":[4.96,0.96,7.04,3.04],"texture":"#doll_stitch"},"east":{"uv":[4.96,0.96,7.04,3.04],"texture":"#doll_stitch"},"south":{"uv":[4.96,0.96,7.04,3.04],"texture":"#doll_stitch"},"west":{"uv":[4.96,0.96,7.04,3.04],"texture":"#doll_stitch"},"up":{"uv":[4.96,0.96,7.04,3.04],"texture":"#doll_stitch"}}},{"from":[14,13,11],"to":[16,14,13],"faces":{"north":{"uv":[7.04,0.96,4.96,3.04],"texture":"#doll_stitch"},"east":{"uv":[7.04,0.96,4.96,3.04],"texture":"#doll_stitch"},"south":{"uv":[7.04,0.96,4.96,3.04],"texture":"#doll_stitch"},"west":{"uv":[7.04,0.96,4.96,3.04],"texture":"#doll_stitch"},"up":{"uv":[7.04,0.96,4.96,3.04],"texture":"#doll_stitch"}}},{"from":[1,-2,8],"to":[2,-1,9],"faces":{"south":{"uv":[4.96,0.96,7.04,3.04],"texture":"#doll_stitch"},"west":{"uv":[0.96,0.96,3.04,3.04],"texture":"#doll_stitch"},"down":{"uv":[4.96,0.96,7.04,3.04],"texture":"#doll_stitch"}}},{"from":[14,-2,8],"to":[15,-1,9],"faces":{"east":{"uv":[3.04,0.96,0.96,3.04],"texture":"#doll_stitch"},"south":{"uv":[7.04,0.96,4.96,3.04],"texture":"#doll_stitch"},"down":{"uv":[7.04,0.96,4.96,3.04],"texture":"#doll_stitch"}}},{"from":[1,-2,7],"to":[2,-1,8],"faces":{"north":{"uv":[0.96,0.96,3.04,3.04],"texture":"#doll_stitch"},"west":{"uv":[4.96,0.96,7.04,3.04],"texture":"#doll_stitch"},"down":{"uv":[4.96,0.96,7.04,3.04],"texture":"#doll_stitch"}}},{"from":[14,-2,7],"to":[15,-1,8],"faces":{"north":{"uv":[3.04,0.96,0.96,3.04],"texture":"#doll_stitch"},"east":{"uv":[7.04,0.96,4.96,3.04],"texture":"#doll_stitch"},"down":{"uv":[7.04,0.96,4.96,3.04],"texture":"#doll_stitch"}}},{"from":[1,-1,7],"to":[6,0,9],"faces":{"north":{"uv":[4.96,0.96,7.04,3.04],"texture":"#doll_stitch"},"east":{"uv":[4.96,0.96,7.04,3.04],"texture":"#doll_stitch"},"south":{"uv":[4.96,0.96,7.04,3.04],"texture":"#doll_stitch"},"west":{"uv":[4.96,0.96,7.04,3.04],"texture":"#doll_stitch"},"up":{"uv":[4.96,0.96,7.04,3.04],"texture":"#doll_stitch"},"down":{"uv":[4.96,0.96,7.04,3.04],"texture":"#doll_stitch"}}},{"from":[10,-1,7],"to":[15,0,9],"faces":{"north":{"uv":[7.04,0.96,4.96,3.04],"texture":"#doll_stitch"},"east":{"uv":[7.04,0.96,4.96,3.04],"texture":"#doll_stitch"},"south":{"uv":[7.04,0.96,4.96,3.04],"texture":"#doll_stitch"},"west":{"uv":[7.04,0.96,4.96,3.04],"texture":"#doll_stitch"},"up":{"uv":[7.04,0.96,4.96,3.04],"texture":"#doll_stitch"},"down":{"uv":[7.04,0.96,4.96,3.04],"texture":"#doll_stitch"}}},{"from":[1,6,2],"to":[2,7,3],"faces":{"north":{"uv":[8.96,4.96,11.04,7.04],"texture":"#doll_stitch"},"east":{"uv":[8.96,4.96,11.04,7.04],"texture":"#doll_stitch"},"west":{"uv":[8.96,4.96,11.04,7.04],"texture":"#doll_stitch"},"up":{"uv":[8.96,4.96,11.04,7.04],"texture":"#doll_stitch"},"down":{"uv":[8.96,4.96,11.04,7.04],"texture":"#doll_stitch"}}},{"from":[14,6,2],"to":[15,7,3],"faces":{"north":{"uv":[11.04,4.96,8.96,7.04],"texture":"#doll_stitch"},"east":{"uv":[11.04,4.96,8.96,7.04],"texture":"#doll_stitch"},"west":{"uv":[11.04,4.96,8.96,7.04],"texture":"#doll_stitch"},"up":{"uv":[11.04,4.96,8.96,7.04],"texture":"#doll_stitch"},"down":{"uv":[11.04,4.96,8.96,7.04],"texture":"#doll_stitch"}}},{"from":[1,7,3],"to":[2,8,5],"faces":{"north":{"uv":[4.96,0.96,7.04,3.04],"texture":"#doll_stitch"},"east":{"uv":[4.96,0.96,7.04,3.04],"texture":"#doll_stitch"},"south":{"uv":[4.96,0.96,7.04,3.04],"texture":"#doll_stitch"},"west":{"uv":[4.96,0.96,7.04,3.04],"texture":"#doll_stitch"},"up":{"uv":[4.96,0.96,7.04,3.04],"texture":"#doll_stitch"}}},{"from":[14,7,3],"to":[15,8,5],"faces":{"north":{"uv":[7.04,0.96,4.96,3.04],"texture":"#doll_stitch"},"east":{"uv":[7.04,0.96,4.96,3.04],"texture":"#doll_stitch"},"south":{"uv":[7.04,0.96,4.96,3.04],"texture":"#doll_stitch"},"west":{"uv":[7.04,0.96,4.96,3.04],"texture":"#doll_stitch"},"up":{"uv":[7.04,0.96,4.96,3.04],"texture":"#doll_stitch"}}},{"from":[1,9,8],"to":[15,11,9],"faces":{"north":{"uv":[4.96,0.96,7.04,3.04],"texture":"#doll_stitch"},"east":{"uv":[4.96,0.96,7.04,3.04],"texture":"#doll_stitch"},"south":{"uv":[4.96,0.96,7.04,3.04],"texture":"#doll_stitch"},"west":{"uv":[4.96,0.96,7.04,3.04],"texture":"#doll_stitch"},"up":{"uv":[4.96,0.96,7.04,3.04],"texture":"#doll_stitch"},"down":{"uv":[4.96,0.96,7.04,3.04],"texture":"#doll_stitch"}}},{"from":[1,10,9],"to":[2,11,10],"faces":{"up":{"uv":[0.96,4.96,3.04,7.04],"texture":"#doll_stitch"}}},{"from":[14,10,9],"to":[15,11,10],"faces":{"west":{"uv":[3.04,4.96,0.96,7.04],"texture":"#doll_stitch"},"up":{"uv":[3.04,4.96,0.96,7.04],"texture":"#doll_stitch"}}},{"from":[1,11,10],"to":[2,13,11],"faces":{"north":{"uv":[0.96,4.96,3.04,7.04],"texture":"#doll_stitch"},"west":{"uv":[0.96,4.96,3.04,7.04],"texture":"#doll_stitch"},"up":{"uv":[0.96,4.96,3.04,7.04],"texture":"#doll_stitch"}}},{"from":[14,11,10],"to":[15,13,11],"faces":{"north":{"uv":[3.04,4.96,0.96,7.04],"texture":"#doll_stitch"},"east":{"uv":[3.04,4.96,0.96,7.04],"texture":"#doll_stitch"},"up":{"uv":[3.04,4.96,0.96,7.04],"texture":"#doll_stitch"}}},{"from":[1,10,11],"to":[3,13,12],"faces":{"east":{"uv":[4.96,0.96,7.04,3.04],"texture":"#doll_stitch"},"south":{"uv":[4.96,0.96,7.04,3.04],"texture":"#doll_stitch"},"up":{"uv":[4.96,0.96,7.04,3.04],"texture":"#doll_stitch"},"down":{"uv":[4.96,0.96,7.04,3.04],"texture":"#doll_stitch"}}},{"from":[13,10,11],"to":[15,13,12],"faces":{"south":{"uv":[7.04,0.96,4.96,3.04],"texture":"#doll_stitch"},"west":{"uv":[7.04,0.96,4.96,3.04],"texture":"#doll_stitch"},"up":{"uv":[7.04,0.96,4.96,3.04],"texture":"#doll_stitch"},"down":{"uv":[7.04,0.96,4.96,3.04],"texture":"#doll_stitch"}}},{"from":[2,-2,6],"to":[3,-1,7],"faces":{"north":{"uv":[0.96,0.96,3.04,3.04],"texture":"#doll_stitch"},"west":{"uv":[4.96,0.96,7.04,3.04],"texture":"#doll_stitch"},"down":{"uv":[4.96,0.96,7.04,3.04],"texture":"#doll_stitch"}}},{"from":[13,-2,6],"to":[14,-1,7],"faces":{"north":{"uv":[3.04,0.96,0.96,3.04],"texture":"#doll_stitch"},"east":{"uv":[7.04,0.96,4.96,3.04],"texture":"#doll_stitch"},"down":{"uv":[7.04,0.96,4.96,3.04],"texture":"#doll_stitch"}}},{"from":[4,-2,6],"to":[5,-1,7],"faces":{"north":{"uv":[0.96,0.96,3.04,3.04],"texture":"#doll_stitch"},"east":{"uv":[4.96,0.96,7.04,3.04],"texture":"#doll_stitch"},"down":{"uv":[4.96,0.96,7.04,3.04],"texture":"#doll_stitch"}}},{"from":[11,-2,6],"to":[12,-1,7],"faces":{"north":{"uv":[3.04,0.96,0.96,3.04],"texture":"#doll_stitch"},"west":{"uv":[7.04,0.96,4.96,3.04],"texture":"#doll_stitch"},"down":{"uv":[7.04,0.96,4.96,3.04],"texture":"#doll_stitch"}}},{"from":[2,-2,7],"to":[5,-1,9],"faces":{"east":{"uv":[4.96,0.96,7.04,3.04],"texture":"#doll_stitch"},"south":{"uv":[4.96,0.96,7.04,3.04],"texture":"#doll_stitch"},"down":{"uv":[4.96,0.96,7.04,3.04],"texture":"#doll_stitch"}}},{"from":[11,-2,7],"to":[14,-1,9],"faces":{"south":{"uv":[7.04,0.96,4.96,3.04],"texture":"#doll_stitch"},"west":{"uv":[7.04,0.96,4.96,3.04],"texture":"#doll_stitch"},"down":{"uv":[7.04,0.96,4.96,3.04],"texture":"#doll_stitch"}}},{"from":[2,-1,6],"to":[5,1,7],"faces":{"north":{"uv":[4.96,0.96,7.04,3.04],"texture":"#doll_stitch"},"east":{"uv":[4.96,0.96,7.04,3.04],"texture":"#doll_stitch"},"west":{"uv":[4.96,0.96,7.04,3.04],"texture":"#doll_stitch"},"up":{"uv":[4.96,0.96,7.04,3.04],"texture":"#doll_stitch"}}},{"from":[11,-1,6],"to":[14,1,7],"faces":{"north":{"uv":[7.04,0.96,4.96,3.04],"texture":"#doll_stitch"},"east":{"uv":[7.04,0.96,4.96,3.04],"texture":"#doll_stitch"},"west":{"uv":[7.04,0.96,4.96,3.04],"texture":"#doll_stitch"},"up":{"uv":[7.04,0.96,4.96,3.04],"texture":"#doll_stitch"}}},{"from":[2,0,7],"to":[14,2,9],"faces":{"north":{"uv":[4.96,0.96,7.04,3.04],"texture":"#doll_stitch"},"east":{"uv":[4.96,0.96,7.04,3.04],"texture":"#doll_stitch"},"south":{"uv":[4.96,0.96,7.04,3.04],"texture":"#doll_stitch"},"west":{"uv":[4.96,0.96,7.04,3.04],"texture":"#doll_stitch"},"up":{"uv":[4.96,0.96,7.04,3.04],"texture":"#doll_stitch"}}},{"from":[2,4,6],"to":[3,5,8],"faces":{"north":{"uv":[4.96,0.96,7.04,3.04],"texture":"#doll_stitch"},"east":{"uv":[4.96,0.96,7.04,3.04],"texture":"#doll_stitch"},"south":{"uv":[4.96,0.96,7.04,3.04],"texture":"#doll_stitch"},"down":{"uv":[4.96,0.96,7.04,3.04],"texture":"#doll_stitch"}}},{"from":[13,4,6],"to":[14,5,8],"faces":{"north":{"uv":[7.04,0.96,4.96,3.04],"texture":"#doll_stitch"},"south":{"uv":[7.04,0.96,4.96,3.04],"texture":"#doll_stitch"},"west":{"uv":[7.04,0.96,4.96,3.04],"texture":"#doll_stitch"},"down":{"uv":[7.04,0.96,4.96,3.04],"texture":"#doll_stitch"}}},{"from":[2,10,7],"to":[4,11,8],"faces":{"north":{"uv":[4.96,0.96,7.04,3.04],"texture":"#doll_stitch"},"west":{"uv":[4.96,0.96,7.04,3.04],"texture":"#doll_stitch"},"up":{"uv":[4.96,0.96,7.04,3.04],"texture":"#doll_stitch"},"down":{"uv":[4.96,0.96,7.04,3.04],"texture":"#doll_stitch"}}},{"from":[12,10,7],"to":[14,11,8],"faces":{"north":{"uv":[7.04,0.96,4.96,3.04],"texture":"#doll_stitch"},"east":{"uv":[7.04,0.96,4.96,3.04],"texture":"#doll_stitch"},"up":{"uv":[7.04,0.96,4.96,3.04],"texture":"#doll_stitch"},"down":{"uv":[7.04,0.96,4.96,3.04],"texture":"#doll_stitch"}}},{"from":[2,10,9],"to":[5,11,10],"faces":{"east":{"uv":[4.96,0.96,7.04,3.04],"texture":"#doll_stitch"}}},{"from":[2,11,8],"to":[3,12,9],"faces":{"north":{"uv":[4.96,0.96,7.04,3.04],"texture":"#doll_stitch"},"west":{"uv":[4.96,0.96,7.04,3.04],"texture":"#doll_stitch"},"up":{"uv":[4.96,0.96,7.04,3.04],"texture":"#doll_stitch"}}},{"from":[13,11,8],"to":[14,12,9],"faces":{"north":{"uv":[7.04,0.96,4.96,3.04],"texture":"#doll_stitch"},"east":{"uv":[7.04,0.96,4.96,3.04],"texture":"#doll_stitch"},"up":{"uv":[7.04,0.96,4.96,3.04],"texture":"#doll_stitch"}}},{"from":[2,11,9],"to":[3,12,10],"faces":{"west":{"uv":[0.96,4.96,3.04,7.04],"texture":"#doll_stitch"},"up":{"uv":[0.96,4.96,3.04,7.04],"texture":"#doll_stitch"}}},{"from":[13,11,9],"to":[14,12,10],"faces":{"east":{"uv":[3.04,4.96,0.96,7.04],"texture":"#doll_stitch"},"up":{"uv":[3.04,4.96,0.96,7.04],"texture":"#doll_stitch"},"down":{"uv":[3.04,4.96,0.96,7.04],"texture":"#doll_stitch"}}},{"from":[2,11,10],"to":[14,13,11],"faces":{"north":{"uv":[4.96,0.96,7.04,3.04],"texture":"#doll_stitch"},"south":{"uv":[4.96,0.96,7.04,3.04],"texture":"#doll_stitch"},"up":{"uv":[4.96,0.96,7.04,3.04],"texture":"#doll_stitch"}}},{"from":[3,-2,6],"to":[4,-1,7],"faces":{"north":{"uv":[4.96,0.96,7.04,3.04],"texture":"#doll_stitch"},"down":{"uv":[4.96,0.96,7.04,3.04],"texture":"#doll_stitch"}}},{"from":[12,-2,6],"to":[13,-1,7],"faces":{"north":{"uv":[7.04,0.96,4.96,3.04],"texture":"#doll_stitch"},"down":{"uv":[7.04,0.96,4.96,3.04],"texture":"#doll_stitch"}}},{"from":[3,-2,9],"to":[5,2,10],"faces":{"east":{"uv":[4.96,0.96,7.04,3.04],"texture":"#doll_stitch"},"south":{"uv":[4.96,0.96,7.04,3.04],"texture":"#doll_stitch"},"west":{"uv":[4.96,0.96,7.04,3.04],"texture":"#doll_stitch"},"up":{"uv":[4.96,0.96,7.04,3.04],"texture":"#doll_stitch"},"down":{"uv":[4.96,0.96,7.04,3.04],"texture":"#doll_stitch"}}},{"from":[11,-2,9],"to":[13,2,10],"faces":{"east":{"uv":[7.04,0.96,4.96,3.04],"texture":"#doll_stitch"},"south":{"uv":[7.04,0.96,4.96,3.04],"texture":"#doll_stitch"},"west":{"uv":[7.04,0.96,4.96,3.04],"texture":"#doll_stitch"},"up":{"uv":[7.04,0.96,4.96,3.04],"texture":"#doll_stitch"},"down":{"uv":[7.04,0.96,4.96,3.04],"texture":"#doll_stitch"}}},{"from":[3,1,6],"to":[13,2,7],"faces":{"north":{"uv":[4.96,0.96,7.04,3.04],"texture":"#doll_stitch"},"east":{"uv":[4.96,0.96,7.04,3.04],"texture":"#doll_stitch"},"west":{"uv":[4.96,0.96,7.04,3.04],"texture":"#doll_stitch"},"up":{"uv":[4.96,0.96,7.04,3.04],"texture":"#doll_stitch"}}},{"from":[3,2,7],"to":[13,3,9],"faces":{"north":{"uv":[4.96,0.96,7.04,3.04],"texture":"#doll_stitch"},"east":{"uv":[4.96,0.96,7.04,3.04],"texture":"#doll_stitch"},"south":{"uv":[4.96,0.96,7.04,3.04],"texture":"#doll_stitch"},"west":{"uv":[4.96,0.96,7.04,3.04],"texture":"#doll_stitch"},"up":{"uv":[4.96,0.96,7.04,3.04],"texture":"#doll_stitch"}}},{"from":[3,5,3],"to":[4,6,4],"faces":{"north":{"uv":[8.96,4.96,11.04,7.04],"texture":"#doll_stitch"},"east":{"uv":[8.96,4.96,11.04,7.04],"texture":"#doll_stitch"},"west":{"uv":[8.96,4.96,11.04,7.04],"texture":"#doll_stitch"},"up":{"uv":[8.96,4.96,11.04,7.04],"texture":"#doll_stitch"},"down":{"uv":[8.96,4.96,11.04,7.04],"texture":"#doll_stitch"}}},{"from":[12,5,3],"to":[13,6,4],"faces":{"north":{"uv":[11.04,4.96,8.96,7.04],"texture":"#doll_stitch"},"east":{"uv":[11.04,4.96,8.96,7.04],"texture":"#doll_stitch"},"west":{"uv":[11.04,4.96,8.96,7.04],"texture":"#doll_stitch"},"up":{"uv":[11.04,4.96,8.96,7.04],"texture":"#doll_stitch"},"down":{"uv":[11.04,4.96,8.96,7.04],"texture":"#doll_stitch"}}},{"from":[3,6,8],"to":[13,7,9],"faces":{"south":{"uv":[4.96,0.96,7.04,3.04],"texture":"#doll_stitch"},"down":{"uv":[4.96,0.96,7.04,3.04],"texture":"#doll_stitch"}}},{"from":[3,7,8],"to":[13,8,9],"faces":{"east":{"uv":[4.96,0.96,7.04,3.04],"texture":"#doll_stitch"},"south":{"uv":[4.96,0.96,7.04,3.04],"texture":"#doll_stitch"},"west":{"uv":[4.96,0.96,7.04,3.04],"texture":"#doll_stitch"},"up":{"uv":[4.96,0.96,7.04,3.04],"texture":"#doll_stitch"}}},{"from":[3,9,5],"to":[13,11,6],"faces":{"north":{"uv":[4.96,0.96,7.04,3.04],"texture":"#doll_stitch"},"east":{"uv":[4.96,0.96,7.04,3.04],"texture":"#doll_stitch"},"west":{"uv":[4.96,0.96,7.04,3.04],"texture":"#doll_stitch"},"down":{"uv":[4.96,0.96,7.04,3.04],"texture":"#doll_stitch"}}},{"from":[3,10,10],"to":[13,11,11],"faces":{"north":{"uv":[4.96,0.96,7.04,3.04],"texture":"#doll_stitch"},"south":{"uv":[4.96,0.96,7.04,3.04],"texture":"#doll_stitch"},"down":{"uv":[4.96,0.96,7.04,3.04],"texture":"#doll_stitch"}}},{"from":[3,11,5],"to":[13,12,6],"faces":{"north":{"uv":[12.96,0.96,15.04,3.04],"texture":"#doll_stitch"},"east":{"uv":[12.96,0.96,15.04,3.04],"texture":"#doll_stitch"},"west":{"uv":[12.96,0.96,15.04,3.04],"texture":"#doll_stitch"}}},{"from":[3,8,6],"to":[13,12,7],"faces":{"north":{"uv":[4.96,0.96,7.04,3.04],"texture":"#doll_stitch"},"east":{"uv":[4.96,0.96,7.04,3.04],"texture":"#doll_stitch"},"west":{"uv":[4.96,0.96,7.04,3.04],"texture":"#doll_stitch"}}},{"from":[3,11,8],"to":[13,14,10],"faces":{"east":{"uv":[4.96,0.96,7.04,3.04],"texture":"#doll_stitch"},"south":{"uv":[4.96,0.96,7.04,3.04],"texture":"#doll_stitch"},"west":{"uv":[4.96,0.96,7.04,3.04],"texture":"#doll_stitch"},"up":{"uv":[4.96,0.96,7.04,3.04],"texture":"#doll_stitch"},"down":{"uv":[4.96,0.96,7.04,3.04],"texture":"#doll_stitch"}}},{"from":[3,12,5],"to":[13,13,6],"faces":{"north":{"uv":[8.96,4.96,11.04,7.04],"texture":"#doll_stitch"},"east":{"uv":[8.96,4.96,11.04,7.04],"texture":"#doll_stitch"},"west":{"uv":[8.96,4.96,11.04,7.04],"texture":"#doll_stitch"},"up":{"uv":[8.96,4.96,11.04,7.04],"texture":"#doll_stitch"}}},{"from":[3,12,6],"to":[13,13,7],"faces":{"east":{"uv":[12.96,0.96,15.04,3.04],"texture":"#doll_stitch"},"west":{"uv":[12.96,0.96,15.04,3.04],"texture":"#doll_stitch"}}},{"from":[3,8,7],"to":[13,13,8],"faces":{"east":{"uv":[4.96,0.96,7.04,3.04],"texture":"#doll_stitch"},"south":{"uv":[4.96,0.96,7.04,3.04],"texture":"#doll_stitch"},"west":{"uv":[4.96,0.96,7.04,3.04],"texture":"#doll_stitch"}}},{"from":[3,13,6],"to":[13,14,7],"faces":{"north":{"uv":[8.96,4.96,11.04,7.04],"texture":"#doll_stitch"},"east":{"uv":[8.96,4.96,11.04,7.04],"texture":"#doll_stitch"},"west":{"uv":[8.96,4.96,11.04,7.04],"texture":"#doll_stitch"},"up":{"uv":[8.96,4.96,11.04,7.04],"texture":"#doll_stitch"}}},{"from":[3,13,7],"to":[13,14,8],"faces":{"east":{"uv":[12.96,0.96,15.04,3.04],"texture":"#doll_stitch"},"west":{"uv":[12.96,0.96,15.04,3.04],"texture":"#doll_stitch"},"up":{"uv":[12.96,0.96,15.04,3.04],"texture":"#doll_stitch"}}},{"from":[4,2,6],"to":[12,4,10],"faces":{"north":{"uv":[4.96,0.96,7.04,3.04],"texture":"#doll_stitch"},"east":{"uv":[4.96,0.96,7.04,3.04],"texture":"#doll_stitch"},"south":{"uv":[4.96,0.96,7.04,3.04],"texture":"#doll_stitch"},"west":{"uv":[4.96,0.96,7.04,3.04],"texture":"#doll_stitch"},"up":{"uv":[4.96,0.96,7.04,3.04],"texture":"#doll_stitch"},"down":{"uv":[4.96,0.96,7.04,3.04],"texture":"#doll_stitch"}}},{"from":[4,1,10],"to":[5,2,11],"faces":{"south":{"uv":[4.96,0.96,7.04,3.04],"texture":"#doll_stitch"},"west":{"uv":[4.96,0.96,7.04,3.04],"texture":"#doll_stitch"},"up":{"uv":[4.96,0.96,7.04,3.04],"texture":"#doll_stitch"},"down":{"uv":[4.96,0.96,7.04,3.04],"texture":"#doll_stitch"}}},{"from":[4,7,9],"to":[7,8,10],"faces":{"south":{"uv":[4.96,0.96,7.04,3.04],"texture":"#doll_stitch"},"west":{"uv":[4.96,0.96,7.04,3.04],"texture":"#doll_stitch"},"up":{"uv":[4.96,0.96,7.04,3.04],"texture":"#doll_stitch"},"down":{"uv":[4.96,0.96,7.04,3.04],"texture":"#doll_stitch"}}},{"from":[9,7,9],"to":[12,8,10],"faces":{"east":{"uv":[7.04,0.96,4.96,3.04],"texture":"#doll_stitch"},"south":{"uv":[7.04,0.96,4.96,3.04],"texture":"#doll_stitch"},"up":{"uv":[7.04,0.96,4.96,3.04],"texture":"#doll_stitch"},"down":{"uv":[7.04,0.96,4.96,3.04],"texture":"#doll_stitch"}}},{"from":[4,8,5],"to":[12,9,6],"faces":{"north":{"uv":[12.96,0.96,15.04,3.04],"texture":"#doll_stitch"},"east":{"uv":[12.96,0.96,15.04,3.04],"texture":"#doll_stitch"},"west":{"uv":[12.96,0.96,15.04,3.04],"texture":"#doll_stitch"},"down":{"uv":[12.96,0.96,15.04,3.04],"texture":"#doll_stitch"}}},{"from":[4,8,8],"to":[12,9,9],"faces":{"east":{"uv":[4.96,0.96,7.04,3.04],"texture":"#doll_stitch"},"south":{"uv":[4.96,0.96,7.04,3.04],"texture":"#doll_stitch"},"west":{"uv":[4.96,0.96,7.04,3.04],"texture":"#doll_stitch"}}},{"from":[4,9,4],"to":[12,10,5],"faces":{"north":{"uv":[12.96,0.96,15.04,3.04],"texture":"#doll_stitch"},"east":{"uv":[12.96,0.96,15.04,3.04],"texture":"#doll_stitch"},"west":{"uv":[12.96,0.96,15.04,3.04],"texture":"#doll_stitch"},"down":{"uv":[12.96,0.96,15.04,3.04],"texture":"#doll_stitch"}}},{"from":[4,10,3],"to":[12,11,5],"faces":{"north":{"uv":[4.96,0.96,7.04,3.04],"texture":"#doll_stitch"},"east":{"uv":[4.96,0.96,7.04,3.04],"texture":"#doll_stitch"},"west":{"uv":[4.96,0.96,7.04,3.04],"texture":"#doll_stitch"},"down":{"uv":[4.96,0.96,7.04,3.04],"texture":"#doll_stitch"}}},{"from":[4,11,3],"to":[12,12,5],"faces":{"north":{"uv":[12.96,0.96,15.04,3.04],"texture":"#doll_stitch"},"east":{"uv":[12.96,0.96,15.04,3.04],"texture":"#doll_stitch"},"west":{"uv":[12.96,0.96,15.04,3.04],"texture":"#doll_stitch"},"up":{"uv":[12.96,0.96,15.04,3.04],"texture":"#doll_stitch"}}},{"from":[4,11,11],"to":[6,13,12],"faces":{"south":{"uv":[4.96,0.96,7.04,3.04],"texture":"#doll_stitch"},"west":{"uv":[4.96,0.96,7.04,3.04],"texture":"#doll_stitch"},"up":{"uv":[4.96,0.96,7.04,3.04],"texture":"#doll_stitch"},"down":{"uv":[4.96,0.96,7.04,3.04],"texture":"#doll_stitch"}}},{"from":[10,11,11],"to":[12,13,12],"faces":{"east":{"uv":[7.04,0.96,4.96,3.04],"texture":"#doll_stitch"},"south":{"uv":[7.04,0.96,4.96,3.04],"texture":"#doll_stitch"},"up":{"uv":[7.04,0.96,4.96,3.04],"texture":"#doll_stitch"},"down":{"uv":[7.04,0.96,4.96,3.04],"texture":"#doll_stitch"}}},{"from":[4,12,4],"to":[12,14,5],"faces":{"north":{"uv":[8.96,4.96,11.04,7.04],"texture":"#doll_stitch"},"east":{"uv":[8.96,4.96,11.04,7.04],"texture":"#doll_stitch"},"west":{"uv":[8.96,4.96,11.04,7.04],"texture":"#doll_stitch"},"up":{"uv":[8.96,4.96,11.04,7.04],"texture":"#doll_stitch"}}},{"from":[4,14,8],"to":[12,15,10],"faces":{"east":{"uv":[4.96,0.96,7.04,3.04],"texture":"#doll_stitch"},"south":{"uv":[4.96,0.96,7.04,3.04],"texture":"#doll_stitch"},"west":{"uv":[4.96,0.96,7.04,3.04],"texture":"#doll_stitch"},"up":{"uv":[4.96,0.96,7.04,3.04],"texture":"#doll_stitch"}}},{"from":[4,13,5],"to":[12,14,6],"faces":{"east":{"uv":[4.96,4.96,7.04,7.04],"texture":"#doll_stitch"},"west":{"uv":[4.96,4.96,7.04,7.04],"texture":"#doll_stitch"}}},{"from":[4,13,10],"to":[12,14,11],"faces":{"east":{"uv":[4.96,0.96,7.04,3.04],"texture":"#doll_stitch"},"south":{"uv":[4.96,0.96,7.04,3.04],"texture":"#doll_stitch"},"west":{"uv":[4.96,0.96,7.04,3.04],"texture":"#doll_stitch"},"up":{"uv":[4.96,0.96,7.04,3.04],"texture":"#doll_stitch"}}},{"from":[4,14,5],"to":[12,15,8],"faces":{"north":{"uv":[12.96,0.96,15.04,3.04],"texture":"#doll_stitch"},"east":{"uv":[12.96,0.96,15.04,3.04],"texture":"#doll_stitch"},"west":{"uv":[12.96,0.96,15.04,3.04],"texture":"#doll_stitch"},"up":{"uv":[12.96,0.96,15.04,3.04],"texture":"#doll_stitch"}}},{"from":[5,0,6],"to":[11,1,10],"faces":{"north":{"uv":[4.96,0.96,7.04,3.04],"texture":"#doll_stitch"},"up":{"uv":[4.96,0.96,7.04,3.04],"texture":"#doll_stitch"},"down":{"uv":[4.96,0.96,7.04,3.04],"texture":"#doll_stitch"}}},{"from":[5,1,5],"to":[7,4,6],"faces":{"north":{"uv":[4.96,0.96,7.04,3.04],"texture":"#doll_stitch"},"west":{"uv":[4.96,0.96,7.04,3.04],"texture":"#doll_stitch"},"down":{"uv":[4.96,0.96,7.04,3.04],"texture":"#doll_stitch"}}},{"from":[9,1,5],"to":[11,4,6],"faces":{"north":{"uv":[4.96,0.96,7.04,3.04],"texture":"#doll_stitch"},"east":{"uv":[4.96,0.96,7.04,3.04],"texture":"#doll_stitch"},"down":{"uv":[4.96,0.96,7.04,3.04],"texture":"#doll_stitch"}}},{"from":[5,0,10],"to":[11,4,11],"faces":{"north":{"uv":[4.96,0.96,7.04,3.04],"texture":"#doll_stitch"},"east":{"uv":[4.96,0.96,7.04,3.04],"texture":"#doll_stitch"},"south":{"uv":[4.96,0.96,7.04,3.04],"texture":"#doll_stitch"},"west":{"uv":[4.96,0.96,7.04,3.04],"texture":"#doll_stitch"},"up":{"uv":[4.96,0.96,7.04,3.04],"texture":"#doll_stitch"},"down":{"uv":[4.96,0.96,7.04,3.04],"texture":"#doll_stitch"}}},{"from":[5,4,6],"to":[6,5,10],"faces":{"east":{"uv":[4.96,0.96,7.04,3.04],"texture":"#doll_stitch"},"south":{"uv":[4.96,0.96,7.04,3.04],"texture":"#doll_stitch"},"west":{"uv":[4.96,0.96,7.04,3.04],"texture":"#doll_stitch"},"up":{"uv":[4.96,0.96,7.04,3.04],"texture":"#doll_stitch"}}},{"from":[10,4,6],"to":[11,5,10],"faces":{"east":{"uv":[7.04,0.96,4.96,3.04],"texture":"#doll_stitch"},"south":{"uv":[7.04,0.96,4.96,3.04],"texture":"#doll_stitch"},"west":{"uv":[7.04,0.96,4.96,3.04],"texture":"#doll_stitch"},"up":{"uv":[7.04,0.96,4.96,3.04],"texture":"#doll_stitch"}}},{"from":[5,5,8],"to":[12,6,9],"faces":{"east":{"uv":[4.96,0.96,7.04,3.04],"texture":"#doll_stitch"},"south":{"uv":[4.96,0.96,7.04,3.04],"texture":"#doll_stitch"},"west":{"uv":[4.96,0.96,7.04,3.04],"texture":"#doll_stitch"},"down":{"uv":[4.96,0.96,7.04,3.04],"texture":"#doll_stitch"}}},{"from":[5,4,5],"to":[11,8,6],"faces":{"north":{"uv":[12.96,0.96,15.04,3.04],"texture":"#doll_stitch"},"east":{"uv":[12.96,0.96,15.04,3.04],"texture":"#doll_stitch"},"south":{"uv":[12.96,0.96,15.04,3.04],"texture":"#doll_stitch"},"west":{"uv":[12.96,0.96,15.04,3.04],"texture":"#doll_stitch"}}},{"from":[5,6,9],"to":[6,7,10],"faces":{"south":{"uv":[4.96,0.96,7.04,3.04],"texture":"#doll_stitch"},"west":{"uv":[4.96,0.96,7.04,3.04],"texture":"#doll_stitch"},"down":{"uv":[4.96,0.96,7.04,3.04],"texture":"#doll_stitch"}}},{"from":[10,6,9],"to":[11,7,10],"faces":{"east":{"uv":[7.04,0.96,4.96,3.04],"texture":"#doll_stitch"},"south":{"uv":[7.04,0.96,4.96,3.04],"texture":"#doll_stitch"},"down":{"uv":[7.04,0.96,4.96,3.04],"texture":"#doll_stitch"}}},{"from":[5,8,9],"to":[11,9,10],"faces":{"east":{"uv":[4.96,0.96,7.04,3.04],"texture":"#doll_stitch"},"south":{"uv":[4.96,0.96,7.04,3.04],"texture":"#doll_stitch"},"west":{"uv":[4.96,0.96,7.04,3.04],"texture":"#doll_stitch"}}},{"from":[5,9,3],"to":[11,10,4],"faces":{"north":{"uv":[12.96,0.96,15.04,3.04],"texture":"#doll_stitch"},"east":{"uv":[12.96,0.96,15.04,3.04],"texture":"#doll_stitch"},"west":{"uv":[12.96,0.96,15.04,3.04],"texture":"#doll_stitch"},"down":{"uv":[12.96,0.96,15.04,3.04],"texture":"#doll_stitch"}}},{"from":[5,9,10],"to":[11,10,11],"faces":{"east":{"uv":[4.96,0.96,7.04,3.04],"texture":"#doll_stitch"},"south":{"uv":[4.96,0.96,7.04,3.04],"texture":"#doll_stitch"},"west":{"uv":[4.96,0.96,7.04,3.04],"texture":"#doll_stitch"},"down":{"uv":[4.96,0.96,7.04,3.04],"texture":"#doll_stitch"}}},{"from":[5,10,2],"to":[11,12,3],"faces":{"north":{"uv":[4.96,0.96,7.04,3.04],"texture":"#doll_stitch"},"east":{"uv":[4.96,0.96,7.04,3.04],"texture":"#doll_stitch"},"west":{"uv":[4.96,0.96,7.04,3.04],"texture":"#doll_stitch"},"up":{"uv":[4.96,0.96,7.04,3.04],"texture":"#doll_stitch"},"down":{"uv":[4.96,0.96,7.04,3.04],"texture":"#doll_stitch"}}},{"from":[5,10,11],"to":[7,11,12],"faces":{"south":{"uv":[4.96,0.96,7.04,3.04],"texture":"#doll_stitch"},"west":{"uv":[4.96,0.96,7.04,3.04],"texture":"#doll_stitch"},"down":{"uv":[4.96,0.96,7.04,3.04],"texture":"#doll_stitch"}}},{"from":[9,10,11],"to":[11,11,12],"faces":{"east":{"uv":[7.04,0.96,4.96,3.04],"texture":"#doll_stitch"},"south":{"uv":[7.04,0.96,4.96,3.04],"texture":"#doll_stitch"},"down":{"uv":[7.04,0.96,4.96,3.04],"texture":"#doll_stitch"}}},{"from":[5,14,4],"to":[11,15,5],"faces":{"north":{"uv":[12.96,0.96,15.04,3.04],"texture":"#doll_stitch"},"east":{"uv":[12.96,0.96,15.04,3.04],"texture":"#doll_stitch"},"west":{"uv":[12.96,0.96,15.04,3.04],"texture":"#doll_stitch"},"up":{"uv":[12.96,0.96,15.04,3.04],"texture":"#doll_stitch"}}},{"from":[5,12,3],"to":[11,14,4],"faces":{"north":{"uv":[12.96,0.96,15.04,3.04],"texture":"#doll_stitch"},"east":{"uv":[12.96,0.96,15.04,3.04],"texture":"#doll_stitch"},"west":{"uv":[12.96,0.96,15.04,3.04],"texture":"#doll_stitch"},"up":{"uv":[12.96,0.96,15.04,3.04],"texture":"#doll_stitch"}}},{"from":[5,13,11],"to":[7,14,12],"faces":{"south":{"uv":[4.96,0.96,7.04,3.04],"texture":"#doll_stitch"},"west":{"uv":[4.96,0.96,7.04,3.04],"texture":"#doll_stitch"},"up":{"uv":[4.96,0.96,7.04,3.04],"texture":"#doll_stitch"}}},{"from":[9,13,11],"to":[11,14,12],"faces":{"east":{"uv":[7.04,0.96,4.96,3.04],"texture":"#doll_stitch"},"south":{"uv":[7.04,0.96,4.96,3.04],"texture":"#doll_stitch"},"up":{"uv":[7.04,0.96,4.96,3.04],"texture":"#doll_stitch"}}},{"from":[5,14,10],"to":[11,15,11],"faces":{"east":{"uv":[4.96,0.96,7.04,3.04],"texture":"#doll_stitch"},"south":{"uv":[4.96,0.96,7.04,3.04],"texture":"#doll_stitch"},"west":{"uv":[4.96,0.96,7.04,3.04],"texture":"#doll_stitch"},"up":{"uv":[4.96,0.96,7.04,3.04],"texture":"#doll_stitch"}}},{"from":[5,15,5],"to":[11,16,10],"faces":{"north":{"uv":[4.96,0.96,7.04,3.04],"texture":"#doll_stitch"},"east":{"uv":[4.96,0.96,7.04,3.04],"texture":"#doll_stitch"},"south":{"uv":[4.96,0.96,7.04,3.04],"texture":"#doll_stitch"},"west":{"uv":[4.96,0.96,7.04,3.04],"texture":"#doll_stitch"},"up":{"uv":[4.96,0.96,7.04,3.04],"texture":"#doll_stitch"}}},{"from":[5,16,11],"to":[7,17,12],"faces":{"north":{"uv":[4.96,0.96,7.04,3.04],"texture":"#doll_stitch"},"east":{"uv":[4.96,0.96,7.04,3.04],"texture":"#doll_stitch"},"south":{"uv":[4.96,0.96,7.04,3.04],"texture":"#doll_stitch"},"west":{"uv":[4.96,0.96,7.04,3.04],"texture":"#doll_stitch"},"up":{"uv":[4.96,0.96,7.04,3.04],"texture":"#doll_stitch"},"down":{"uv":[4.96,0.96,7.04,3.04],"texture":"#doll_stitch"}}},{"from":[5,17,11],"to":[6,18,12],"faces":{"north":{"uv":[4.96,0.96,7.04,3.04],"texture":"#doll_stitch"},"east":{"uv":[4.96,0.96,7.04,3.04],"texture":"#doll_stitch"},"south":{"uv":[4.96,0.96,7.04,3.04],"texture":"#doll_stitch"},"west":{"uv":[4.96,0.96,7.04,3.04],"texture":"#doll_stitch"},"up":{"uv":[4.96,0.96,7.04,3.04],"texture":"#doll_stitch"}}},{"from":[6,4,8],"to":[7,5,9],"faces":{"north":{"uv":[4.96,0.96,7.04,3.04],"texture":"#doll_stitch"},"east":{"uv":[4.96,0.96,7.04,3.04],"texture":"#doll_stitch"}}},{"from":[6,4,9],"to":[10,5,11],"faces":{"north":{"uv":[8.96,0.96,11.04,3.04],"texture":"#doll_stitch"},"east":{"uv":[8.96,0.96,11.04,3.04],"texture":"#doll_stitch"},"south":{"uv":[8.96,0.96,11.04,3.04],"texture":"#doll_stitch"},"west":{"uv":[8.96,0.96,11.04,3.04],"texture":"#doll_stitch"},"up":{"uv":[8.96,0.96,11.04,3.04],"texture":"#doll_stitch"}}},{"from":[6,5,9],"to":[7,6,10],"faces":{"south":{"uv":[4.96,0.96,7.04,3.04],"texture":"#doll_stitch"},"west":{"uv":[4.96,0.96,7.04,3.04],"texture":"#doll_stitch"}}},{"from":[9,5,9],"to":[10,6,10],"faces":{"east":{"uv":[7.04,0.96,4.96,3.04],"texture":"#doll_stitch"},"south":{"uv":[7.04,0.96,4.96,3.04],"texture":"#doll_stitch"}}},{"from":[6,6,9],"to":[10,7,10],"faces":{"south":{"uv":[8.96,0.96,11.04,3.04],"texture":"#doll_stitch"}}},{"from":[6,9,11],"to":[10,10,12],"faces":{"east":{"uv":[8.96,0.96,11.04,3.04],"texture":"#doll_stitch"},"south":{"uv":[8.96,0.96,11.04,3.04],"texture":"#doll_stitch"},"west":{"uv":[8.96,0.96,11.04,3.04],"texture":"#doll_stitch"},"down":{"uv":[8.96,0.96,11.04,3.04],"texture":"#doll_stitch"}}},{"from":[6,11,11],"to":[10,13,12],"faces":{"south":{"uv":[8.96,0.96,11.04,3.04],"texture":"#doll_stitch"}}},{"from":[6,12,1],"to":[10,14,2],"faces":{"north":{"uv":[8.96,0.96,11.04,3.04],"texture":"#doll_stitch"},"east":{"uv":[8.96,0.96,11.04,3.04],"texture":"#doll_stitch"},"west":{"uv":[8.96,0.96,11.04,3.04],"texture":"#doll_stitch"},"up":{"uv":[8.96,0.96,11.04,3.04],"texture":"#doll_stitch"},"down":{"uv":[8.96,0.96,11.04,3.04],"texture":"#doll_stitch"}}},{"from":[6,12,2],"to":[10,14,3],"faces":{"east":{"uv":[4.96,0.96,7.04,3.04],"texture":"#doll_stitch"},"west":{"uv":[4.96,0.96,7.04,3.04],"texture":"#doll_stitch"},"up":{"uv":[4.96,0.96,7.04,3.04],"texture":"#doll_stitch"}}},{"from":[6,14,3],"to":[10,15,4],"faces":{"north":{"uv":[4.96,0.96,7.04,3.04],"texture":"#doll_stitch"},"east":{"uv":[4.96,0.96,7.04,3.04],"texture":"#doll_stitch"},"west":{"uv":[4.96,0.96,7.04,3.04],"texture":"#doll_stitch"},"up":{"uv":[4.96,0.96,7.04,3.04],"texture":"#doll_stitch"}}},{"from":[6,14,11],"to":[10,15,12],"faces":{"east":{"uv":[8.96,0.96,11.04,3.04],"texture":"#doll_stitch"},"south":{"uv":[8.96,0.96,11.04,3.04],"texture":"#doll_stitch"},"west":{"uv":[8.96,0.96,11.04,3.04],"texture":"#doll_stitch"},"up":{"uv":[8.96,0.96,11.04,3.04],"texture":"#doll_stitch"}}},{"from":[6,15,4],"to":[10,16,11],"faces":{"north":{"uv":[4.96,0.96,7.04,3.04],"texture":"#doll_stitch"},"east":{"uv":[4.96,0.96,7.04,3.04],"texture":"#doll_stitch"},"south":{"uv":[4.96,0.96,7.04,3.04],"texture":"#doll_stitch"},"west":{"uv":[4.96,0.96,7.04,3.04],"texture":"#doll_stitch"},"up":{"uv":[4.96,0.96,7.04,3.04],"texture":"#doll_stitch"}}},{"from":[6,15,11],"to":[7,16,12],"faces":{"east":{"uv":[4.96,0.96,7.04,3.04],"texture":"#doll_stitch"},"south":{"uv":[4.96,0.96,7.04,3.04],"texture":"#doll_stitch"},"west":{"uv":[4.96,0.96,7.04,3.04],"texture":"#doll_stitch"}}},{"from":[8,15,11],"to":[9,17,12],"faces":{"north":{"uv":[4.96,0.96,7.04,3.04],"texture":"#doll_stitch"},"east":{"uv":[4.96,0.96,7.04,3.04],"texture":"#doll_stitch"},"south":{"uv":[4.96,0.96,7.04,3.04],"texture":"#doll_stitch"},"west":{"uv":[4.96,0.96,7.04,3.04],"texture":"#doll_stitch"},"up":{"uv":[4.96,0.96,7.04,3.04],"texture":"#doll_stitch"}}},{"from":[10,15,10],"to":[11,17,11],"faces":{"north":{"uv":[4.96,0.96,7.04,3.04],"texture":"#doll_stitch"},"east":{"uv":[4.96,0.96,7.04,3.04],"texture":"#doll_stitch"},"south":{"uv":[4.96,0.96,7.04,3.04],"texture":"#doll_stitch"},"west":{"uv":[4.96,0.96,7.04,3.04],"texture":"#doll_stitch"},"up":{"uv":[4.96,0.96,7.04,3.04],"texture":"#doll_stitch"}}},{"from":[11,17,10],"to":[13,18,11],"faces":{"north":{"uv":[4.96,0.96,7.04,3.04],"texture":"#doll_stitch"},"east":{"uv":[4.96,0.96,7.04,3.04],"texture":"#doll_stitch"},"south":{"uv":[4.96,0.96,7.04,3.04],"texture":"#doll_stitch"},"west":{"uv":[4.96,0.96,7.04,3.04],"texture":"#doll_stitch"},"up":{"uv":[4.96,0.96,7.04,3.04],"texture":"#doll_stitch"},"down":{"uv":[4.96,0.96,7.04,3.04],"texture":"#doll_stitch"}}},{"from":[8,16,12],"to":[9,18,13],"faces":{"north":{"uv":[4.96,0.96,7.04,3.04],"texture":"#doll_stitch"},"east":{"uv":[4.96,0.96,7.04,3.04],"texture":"#doll_stitch"},"south":{"uv":[4.96,0.96,7.04,3.04],"texture":"#doll_stitch"},"west":{"uv":[4.96,0.96,7.04,3.04],"texture":"#doll_stitch"},"up":{"uv":[4.96,0.96,7.04,3.04],"texture":"#doll_stitch"},"down":{"uv":[4.96,0.96,7.04,3.04],"texture":"#doll_stitch"}}},{"from":[7,0,5],"to":[9,4,6],"faces":{"north":{"uv":[12.96,0.96,15.04,3.04],"texture":"#doll_stitch"},"east":{"uv":[12.96,0.96,15.04,3.04],"texture":"#doll_stitch"},"west":{"uv":[12.96,0.96,15.04,3.04],"texture":"#doll_stitch"},"down":{"uv":[12.96,0.96,15.04,3.04],"texture":"#doll_stitch"}}},{"from":[7,1,11],"to":[9,4,12],"faces":{"east":{"uv":[4.96,0.96,7.04,3.04],"texture":"#doll_stitch"},"south":{"uv":[4.96,0.96,7.04,3.04],"texture":"#doll_stitch"},"west":{"uv":[4.96,0.96,7.04,3.04],"texture":"#doll_stitch"},"up":{"uv":[4.96,0.96,7.04,3.04],"texture":"#doll_stitch"},"down":{"uv":[4.96,0.96,7.04,3.04],"texture":"#doll_stitch"}}},{"from":[7,2,12],"to":[9,5,13],"faces":{"north":{"uv":[4.96,0.96,7.04,3.04],"texture":"#doll_stitch"},"east":{"uv":[4.96,0.96,7.04,3.04],"texture":"#doll_stitch"},"south":{"uv":[4.96,0.96,7.04,3.04],"texture":"#doll_stitch"},"west":{"uv":[4.96,0.96,7.04,3.04],"texture":"#doll_stitch"},"up":{"uv":[4.96,0.96,7.04,3.04],"texture":"#doll_stitch"},"down":{"uv":[4.96,0.96,7.04,3.04],"texture":"#doll_stitch"}}},{"from":[7,5,4],"to":[9,8,5],"faces":{"north":{"uv":[12.96,0.96,15.04,3.04],"texture":"#doll_stitch"},"east":{"uv":[12.96,0.96,15.04,3.04],"texture":"#doll_stitch"},"west":{"uv":[12.96,0.96,15.04,3.04],"texture":"#doll_stitch"},"up":{"uv":[12.96,0.96,15.04,3.04],"texture":"#doll_stitch"},"down":{"uv":[12.96,0.96,15.04,3.04],"texture":"#doll_stitch"}}},{"from":[7,5,9],"to":[9,6,11],"faces":{"east":{"uv":[8.96,0.96,11.04,3.04],"texture":"#doll_stitch"},"south":{"uv":[8.96,0.96,11.04,3.04],"texture":"#doll_stitch"},"west":{"uv":[8.96,0.96,11.04,3.04],"texture":"#doll_stitch"},"up":{"uv":[8.96,0.96,11.04,3.04],"texture":"#doll_stitch"}}},{"from":[7,7,9],"to":[9,8,10],"faces":{"south":{"uv":[8.96,0.96,11.04,3.04],"texture":"#doll_stitch"}}},{"from":[7,9,2],"to":[9,10,3],"faces":{"north":{"uv":[12.96,0.96,15.04,3.04],"texture":"#doll_stitch"},"east":{"uv":[12.96,0.96,15.04,3.04],"texture":"#doll_stitch"},"west":{"uv":[12.96,0.96,15.04,3.04],"texture":"#doll_stitch"},"down":{"uv":[12.96,0.96,15.04,3.04],"texture":"#doll_stitch"}}},{"from":[7,10,1],"to":[9,12,2],"faces":{"north":{"uv":[8.96,0.96,11.04,3.04],"texture":"#doll_stitch"},"east":{"uv":[8.96,0.96,11.04,3.04],"texture":"#doll_stitch"},"west":{"uv":[8.96,0.96,11.04,3.04],"texture":"#doll_stitch"},"down":{"uv":[8.96,0.96,11.04,3.04],"texture":"#doll_stitch"}}},{"from":[7,10,11],"to":[9,11,12],"faces":{"south":{"uv":[8.96,0.96,11.04,3.04],"texture":"#doll_stitch"}}},{"from":[7,13,11],"to":[9,14,12],"faces":{"south":{"uv":[8.96,0.96,11.04,3.04],"texture":"#doll_stitch"}}},{"from":[7,14,2],"to":[9,15,3],"faces":{"north":{"uv":[8.96,0.96,11.04,3.04],"texture":"#doll_stitch"},"east":{"uv":[8.96,0.96,11.04,3.04],"texture":"#doll_stitch"},"west":{"uv":[8.96,0.96,11.04,3.04],"texture":"#doll_stitch"},"up":{"uv":[8.96,0.96,11.04,3.04],"texture":"#doll_stitch"}}},{"from":[12.75404,-2.05,7.70049],"to":[12.90273,-1.78691,8.20161],"rotation":{"angle":0,"axis":"y","origin":[12.49,-19.04875,7.74731]},"faces":{"east":{"uv":[12,3,13,4],"rotation":180,"texture":"#4"},"south":{"uv":[12,3,13,4],"texture":"#4"},"west":{"uv":[12,3,13,4],"texture":"#4"},"down":{"uv":[12,3,13,4],"rotation":270,"texture":"#4"}}},{"from":[12.40081,-2.05,7.18549],"to":[12.57919,-1.78691,7.33418],"rotation":{"angle":0,"axis":"y","origin":[12.49,-19.04875,7.74731]},"faces":{"north":{"uv":[12,3,13,4],"rotation":90,"texture":"#4"},"south":{"uv":[12,3,13,4],"rotation":90,"texture":"#4"},"down":{"uv":[12,3,13,4],"texture":"#4"}}},{"from":[11.29109,-2.05,6.66438],"to":[11.55717,-1.78691,6.81307],"rotation":{"angle":45,"axis":"y","origin":[12.60802,-7.06363,5.90657]},"faces":{"north":{"uv":[12,3,13,4],"rotation":90,"texture":"#4"},"south":{"uv":[12,3,13,4],"rotation":90,"texture":"#4"},"west":{"uv":[12,3,13,4],"rotation":90,"texture":"#4"},"up":{"uv":[12,3,13,4],"rotation":180,"texture":"#4"},"down":{"uv":[12,3,13,4],"texture":"#4"}}},{"from":[12.84028,-2.05,7.19701],"to":[12.98897,-1.78691,7.55079],"rotation":{"angle":-22.5,"axis":"y","origin":[12.08248,-7.06363,5.70768]},"faces":{"north":{"uv":[12,3,13,4],"texture":"#4"},"east":{"uv":[12,3,13,4],"rotation":180,"texture":"#4"},"west":{"uv":[12,3,13,4],"texture":"#4"},"up":{"uv":[12,3,13,4],"rotation":90,"texture":"#4"},"down":{"uv":[12,3,13,4],"rotation":270,"texture":"#4"}}},{"from":[12.07727,-2.05,7.70049],"to":[12.22596,-1.78691,8.20161],"rotation":{"angle":0,"axis":"y","origin":[12.49,-19.04875,7.74731]},"faces":{"east":{"uv":[12,3,13,4],"rotation":180,"texture":"#4"},"south":{"uv":[12,3,13,4],"texture":"#4"},"west":{"uv":[12,3,13,4],"texture":"#4"},"down":{"uv":[12,3,13,4],"rotation":270,"texture":"#4"}}},{"from":[13.42283,-2.05,6.66438],"to":[13.68891,-1.78691,6.81307],"rotation":{"angle":-45,"axis":"y","origin":[12.37198,-7.06363,5.90657]},"faces":{"north":{"uv":[12,3,13,4],"rotation":90,"texture":"#4"},"east":{"uv":[12,3,13,4],"rotation":270,"texture":"#4"},"south":{"uv":[12,3,13,4],"rotation":90,"texture":"#4"},"up":{"uv":[12,3,13,4],"rotation":180,"texture":"#4"},"down":{"uv":[12,3,13,4],"texture":"#4"}}},{"from":[11.99103,-2.05,7.19701],"to":[12.13972,-1.78691,7.55079],"rotation":{"angle":22.5,"axis":"y","origin":[12.89752,-7.06363,5.70768]},"faces":{"north":{"uv":[12,3,13,4],"texture":"#4"},"east":{"uv":[12,3,13,4],"rotation":180,"texture":"#4"},"west":{"uv":[12,3,13,4],"texture":"#4"},"up":{"uv":[12,3,13,4],"rotation":90,"texture":"#4"},"down":{"uv":[12,3,13,4],"rotation":270,"texture":"#4"}}},{"from":[3.7244,-2.05,7.9167],"to":[3.9548,-1.8982,8.1471],"rotation":{"angle":0,"axis":"y","origin":[3.55983,-2.0448,7.6863]},"faces":{"down":{"uv":[12,4,13,5],"texture":"#5"}}},{"from":[3.2636,-2.05,8.1471],"to":[3.494,-1.8982,8.3775],"rotation":{"angle":0,"axis":"y","origin":[3.55983,-2.0448,7.6863]},"faces":{"south":{"uv":[0,0,0.1,0.3],"rotation":90,"texture":"#0"},"down":{"uv":[0,0,0.3,0.3],"texture":"#0"}}},{"from":[3.0332,-2.05,8.1471],"to":[3.2636,-1.8982,8.3775],"rotation":{"angle":0,"axis":"y","origin":[3.55983,-2.0448,7.6863]},"faces":{"south":{"uv":[0,0,0.1,0.3],"rotation":90,"texture":"#0"},"down":{"uv":[0,0,0.3,0.3],"texture":"#0"}}},{"from":[2.8028,-2.05,8.1471],"to":[3.0332,-1.8982,8.3775],"rotation":{"angle":0,"axis":"y","origin":[3.55983,-2.0448,7.6863]},"faces":{"north":{"uv":[0,0,0.1,0.3],"rotation":90,"texture":"#0"},"south":{"uv":[0,0,0.1,0.3],"rotation":90,"texture":"#0"},"west":{"uv":[0,0,0.1,0.3],"rotation":90,"texture":"#0"},"down":{"uv":[0,0,0.3,0.3],"texture":"#0"}}},{"from":[3.0332,-2.05,7.9167],"to":[3.2636,-1.8982,8.1471],"rotation":{"angle":0,"axis":"y","origin":[3.55983,-2.0448,7.6863]},"faces":{"north":{"uv":[0,0,0.1,0.3],"rotation":90,"texture":"#0"},"west":{"uv":[0,0,0.1,0.3],"rotation":90,"texture":"#0"},"down":{"uv":[0,0,0.3,0.3],"texture":"#0"}}},{"from":[3.2636,-2.05,7.9167],"to":[3.494,-1.8982,8.1471],"rotation":{"angle":0,"axis":"y","origin":[3.55983,-2.0448,7.6863]},"faces":{"down":{"uv":[0,0,0.3,0.3],"texture":"#0"}}},{"from":[3.2636,-2.05,7.6863],"to":[3.494,-1.8982,7.9167],"rotation":{"angle":0,"axis":"y","origin":[3.55983,-2.0448,7.6863]},"faces":{"west":{"uv":[0,0,0.1,0.3],"rotation":90,"texture":"#0"},"down":{"uv":[0,0,0.3,0.3],"texture":"#0"}}},{"from":[3.2636,-2.05,7.4559],"to":[3.494,-1.8982,7.6863],"rotation":{"angle":0,"axis":"y","origin":[3.55983,-2.0448,7.6863]},"faces":{"west":{"uv":[0,0,0.1,0.3],"rotation":90,"texture":"#0"},"down":{"uv":[0,0,0.3,0.3],"texture":"#0"}}},{"from":[3.2636,-2.05,7.2255],"to":[3.494,-1.8982,7.4559],"rotation":{"angle":0,"axis":"y","origin":[3.55983,-2.0448,7.6863]},"faces":{"down":{"uv":[0,0,0.3,0.3],"texture":"#0"}}},{"from":[3.0332,-2.05,7.2255],"to":[3.2636,-1.8982,7.4559],"rotation":{"angle":0,"axis":"y","origin":[3.55983,-2.0448,7.6863]},"faces":{"south":{"uv":[0,0,0.1,0.3],"rotation":90,"texture":"#0"},"west":{"uv":[0,0,0.1,0.3],"rotation":90,"texture":"#0"},"down":{"uv":[0,0,0.3,0.3],"texture":"#0"}}},{"from":[3.2636,-2.05,6.9951],"to":[3.494,-1.8982,7.2255],"rotation":{"angle":0,"axis":"y","origin":[3.55983,-2.0448,7.6863]},"faces":{"north":{"uv":[0,0,0.1,0.3],"rotation":90,"texture":"#0"},"down":{"uv":[0,0,0.3,0.3],"texture":"#0"}}},{"from":[3.0332,-2.05,6.9951],"to":[3.2636,-1.8982,7.2255],"rotation":{"angle":0,"axis":"y","origin":[3.55983,-2.0448,7.6863]},"faces":{"north":{"uv":[0,0,0.1,0.3],"rotation":90,"texture":"#0"},"down":{"uv":[0,0,0.3,0.3],"texture":"#0"}}},{"from":[2.8028,-2.05,6.9951],"to":[3.0332,-1.8982,7.2255],"rotation":{"angle":0,"axis":"y","origin":[3.55983,-2.0448,7.6863]},"faces":{"north":{"uv":[0,0,0.1,0.3],"rotation":90,"texture":"#0"},"south":{"uv":[0,0,0.1,0.3],"rotation":90,"texture":"#0"},"west":{"uv":[0,0,0.1,0.3],"rotation":90,"texture":"#0"},"down":{"uv":[0,0,0.3,0.3],"texture":"#0"}}},{"from":[3.494,-2.05,6.9951],"to":[3.7244,-1.8982,7.2255],"rotation":{"angle":0,"axis":"y","origin":[3.55983,-2.0448,7.6863]},"faces":{"north":{"uv":[7,3,7.5,3.5],"rotation":180,"texture":"#7"},"down":{"uv":[7,3,7.5,3.5],"texture":"#7"}}},{"from":[3.7244,-2.05,6.9951],"to":[3.9548,-1.8982,7.2255],"rotation":{"angle":0,"axis":"y","origin":[3.55983,-2.0448,7.6863]},"faces":{"north":{"uv":[7,3,7.5,3.5],"rotation":180,"texture":"#7"},"east":{"uv":[7,3,7.5,3.5],"rotation":270,"texture":"#7"},"down":{"uv":[7,3,7.5,3.5],"texture":"#7"}}},{"from":[3.494,-2.05,7.2255],"to":[3.7244,-1.8982,7.4559],"rotation":{"angle":0,"axis":"y","origin":[3.55983,-2.0448,7.6863]},"faces":{"down":{"uv":[12,4,13,5],"texture":"#5"}}},{"from":[3.7244,-2.05,7.2255],"to":[3.9548,-1.8982,7.4559],"rotation":{"angle":0,"axis":"y","origin":[3.55983,-2.0448,7.6863]},"faces":{"down":{"uv":[12,4,13,5],"texture":"#5"}}},{"from":[3.494,-2.05,7.4559],"to":[3.7244,-1.8982,7.6863],"rotation":{"angle":0,"axis":"y","origin":[3.55983,-2.0448,7.6863]},"faces":{"down":{"uv":[7,3,7.5,3.5],"texture":"#7"}}},{"from":[3.494,-2.05,7.6863],"to":[3.7244,-1.8982,7.9167],"rotation":{"angle":0,"axis":"y","origin":[3.55983,-2.0448,7.6863]},"faces":{"down":{"uv":[7,3,7.5,3.5],"texture":"#7"}}},{"from":[3.494,-2.05,8.1471],"to":[3.7244,-1.8982,8.3775],"rotation":{"angle":0,"axis":"y","origin":[3.55983,-2.0448,7.6863]},"faces":{"south":{"uv":[7,3,7.5,3.5],"texture":"#7"},"down":{"uv":[7,3,7.5,3.5],"texture":"#7"}}},{"from":[3.7244,-2.05,7.4559],"to":[3.9548,-1.8982,7.6863],"rotation":{"angle":0,"axis":"y","origin":[3.55983,-2.0448,7.6863]},"faces":{"down":{"uv":[7,3,7.5,3.5],"texture":"#7"}}},{"from":[3.7244,-2.05,7.6863],"to":[3.9548,-1.8982,7.9167],"rotation":{"angle":0,"axis":"y","origin":[3.55983,-2.0448,7.6863]},"faces":{"down":{"uv":[7,3,7.5,3.5],"texture":"#7"}}},{"from":[3.7244,-2.05,8.1471],"to":[3.9548,-1.8982,8.3775],"rotation":{"angle":0,"axis":"y","origin":[3.55983,-2.0448,7.6863]},"faces":{"east":{"uv":[7,3,7.5,3.5],"rotation":270,"texture":"#7"},"south":{"uv":[7,3,7.5,3.5],"texture":"#7"},"down":{"uv":[7,3,7.5,3.5],"texture":"#7"}}},{"from":[3.9548,-2.05,7.9167],"to":[4.1852,-1.8982,8.1471],"rotation":{"angle":0,"axis":"y","origin":[3.55983,-2.0448,7.6863]},"faces":{"east":{"uv":[7,3,7.5,3.5],"rotation":270,"texture":"#7"},"south":{"uv":[7,3,7.5,3.5],"texture":"#7"},"down":{"uv":[7,3,7.5,3.5],"texture":"#7"}}},{"from":[3.9548,-2.05,7.4559],"to":[4.1852,-1.8982,7.6863],"rotation":{"angle":0,"axis":"y","origin":[3.55983,-2.0448,7.6863]},"faces":{"east":{"uv":[7,3,7.5,3.5],"rotation":270,"texture":"#7"},"down":{"uv":[7,3,7.5,3.5],"texture":"#7"}}},{"from":[3.9548,-2.05,7.6863],"to":[4.1852,-1.8982,7.9167],"rotation":{"angle":0,"axis":"y","origin":[3.55983,-2.0448,7.6863]},"faces":{"east":{"uv":[7,3,7.5,3.5],"rotation":270,"texture":"#7"},"down":{"uv":[7,3,7.5,3.5],"texture":"#7"}}},{"from":[3.9548,-2.05,7.2255],"to":[4.1852,-1.8982,7.4559],"rotation":{"angle":0,"axis":"y","origin":[3.55983,-2.0448,7.6863]},"faces":{"north":{"uv":[7,3,7.5,3.5],"rotation":180,"texture":"#7"},"east":{"uv":[7,3,7.5,3.5],"rotation":270,"texture":"#7"},"down":{"uv":[7,3,7.5,3.5],"texture":"#7"}}},{"from":[3.494,-2.05,7.9167],"to":[3.7244,-1.8982,8.1471],"rotation":{"angle":0,"axis":"y","origin":[3.55983,-2.0448,7.6863]},"faces":{"down":{"uv":[11,4,11.5,4.5],"texture":"#5"}}}],"display":{"thirdperson_righthand":{"rotation":[67,0,0],"translation":[0,1,0.75],"scale":[0.4,0.4,0.4]},"thirdperson_lefthand":{"rotation":[-0.75,479.5,0],"translation":[1,1.75,0.75],"scale":[0.4,0.4,0.4]},"firstperson_righthand":{"rotation":[21,21,0],"translation":[1.25,0.5,0],"scale":[0.6,0.6,0.6]},"firstperson_lefthand":{"rotation":[-0.75,479.5,0],"translation":[1.25,0.5,-4],"scale":[0.6,0.6,0.6]},"ground":{"translation":[0,5,0],"scale":[0.6,0.6,0.6]},"gui":{"rotation":[20,-149,0],"translation":[0.75,-0.5,0],"scale":[0.53,0.53,0.53]},"head":{"translation":[0,-28,0],"scale":[1.68,1.68,1.68]},"fixed":{"rotation":[-19.25,0,0],"translation":[0,0,-2],"scale":[0.6,0.6,0.6]}},"groups":[0,1,2,3,4,5,6,7,8,9,10,11,12,13,14,15,16,17,18,19,20,21,22,23,24,25,26,27,28,29,30,31,32,33,34,35,36,37,38,39,40,41,42,43,44,45,46,47,48,49,50,51,52,53,54,55,56,57,58,59,60,61,62,63,64,65,66,67,68,69,70,71,72,73,74,75,76,77,78,79,80,81,82,83,84,85,86,87,88,89,90,91,92,93,94,95,96,97,98,99,100,101,102,103,104,105,106,107,108,109,110,111,112,113,114,115,116,117,118,119,120,121,122,123,124,125,126,127,128,129,130,131,132,133,134,135,136,137,138,139,140,141,142,143,144,145,146,147,148,149,150,151,152,153,154,155,156,157,158,159,160,161,162,163,164,165,166,167,168,169,170,171,172,173,174,175,176,177,178,179,180,181,182,183,184,185,186,187,188,189,190,191,192,193,194,{"name":"VMD","origin":[8,8,8],"color":0,"children":[{"name":"V","origin":[8,8,8],"color":0,"children":[195,196,197,198,199,200,201,202,203,204,205,206,207,208,209,210,211,212,213,214,215,216,217,218,219,220,221,222,223,224,225,226,227,228,229]}]}]}