{"credit":"Made with Blockbench by Valvac","textures":{"1":"block/acacia_log_top","2":"block/white_concrete","3":"block/brown_wool","4":"block/green_wool","5":"block/pink_wool","6":"block/black_concrete"},"elements":[{"from":[3,0,9.9],"to":[4,4,10.9],"faces":{"north":{"uv":[8,3,10,4],"rotation":90,"texture":"#3"},"east":{"uv":[8,3,10,4],"rotation":90,"texture":"#3"},"south":{"uv":[8,3,10,4],"rotation":90,"texture":"#3"},"west":{"uv":[8,3,10,4],"rotation":90,"texture":"#3"},"up":{"uv":[8,3,10,4],"texture":"#3"},"down":{"uv":[8,3,10,4],"rotation":180,"texture":"#3"}}},{"from":[3,0,4.9],"to":[4,4,5.9],"faces":{"north":{"uv":[8,3,10,4],"rotation":90,"texture":"#3"},"east":{"uv":[8,3,10,4],"rotation":90,"texture":"#3"},"south":{"uv":[8,3,10,4],"rotation":90,"texture":"#3"},"west":{"uv":[8,3,10,4],"rotation":90,"texture":"#3"},"up":{"uv":[8,3,10,4],"texture":"#3"},"down":{"uv":[8,3,10,4],"rotation":180,"texture":"#3"}}},{"from":[4,3,4.9],"to":[5,7,5.9],"faces":{"north":{"uv":[8,3,10,4],"rotation":90,"texture":"#3"},"east":{"uv":[8,3,10,4],"rotation":90,"texture":"#3"},"south":{"uv":[8,3,10,4],"rotation":90,"texture":"#3"},"west":{"uv":[8,3,10,4],"rotation":90,"texture":"#3"},"up":{"uv":[8,3,10,4],"texture":"#3"},"down":{"uv":[8,3,10,4],"rotation":180,"texture":"#3"}}},{"from":[11,3,4.9],"to":[12,7,5.9],"faces":{"north":{"uv":[8,3,10,4],"rotation":90,"texture":"#3"},"east":{"uv":[8,3,10,4],"rotation":90,"texture":"#3"},"south":{"uv":[8,3,10,4],"rotation":90,"texture":"#3"},"west":{"uv":[8,3,10,4],"rotation":90,"texture":"#3"},"up":{"uv":[8,3,10,4],"texture":"#3"},"down":{"uv":[8,3,10,4],"rotation":180,"texture":"#3"}}},{"from":[11,3,9.9],"to":[12,7,10.9],"faces":{"north":{"uv":[8,3,10,4],"rotation":90,"texture":"#3"},"east":{"uv":[8,3,10,4],"rotation":90,"texture":"#3"},"south":{"uv":[8,3,10,4],"rotation":90,"texture":"#3"},"west":{"uv":[8,3,10,4],"rotation":90,"texture":"#3"},"up":{"uv":[8,3,10,4],"texture":"#3"},"down":{"uv":[8,3,10,4],"rotation":180,"texture":"#3"}}},{"from":[11,6,6],"to":[12,10.25,10],"faces":{"north":{"uv":[8,3,10,4],"rotation":90,"texture":"#3"},"east":{"uv":[8,3,10,4],"rotation":90,"texture":"#3"},"south":{"uv":[8,3,10,4],"rotation":90,"texture":"#3"},"west":{"uv":[8,3,10,4],"rotation":90,"texture":"#3"},"up":{"uv":[8,3,10,4],"texture":"#3"},"down":{"uv":[8,3,10,4],"rotation":180,"texture":"#3"}}},{"from":[12,6,6],"to":[13,9,10],"faces":{"north":{"uv":[8,3,10,4],"rotation":90,"texture":"#3"},"east":{"uv":[8,3,10,4],"rotation":90,"texture":"#3"},"south":{"uv":[8,3,10,4],"rotation":90,"texture":"#3"},"west":{"uv":[8,3,10,4],"rotation":90,"texture":"#3"},"up":{"uv":[8,3,10,4],"texture":"#3"},"down":{"uv":[8,3,10,4],"rotation":180,"texture":"#3"}}},{"from":[12,0,5],"to":[13,4,6],"faces":{"north":{"uv":[8,3,10,4],"rotation":90,"texture":"#3"},"east":{"uv":[8,3,10,4],"rotation":90,"texture":"#3"},"south":{"uv":[8,3,10,4],"rotation":90,"texture":"#3"},"west":{"uv":[8,3,10,4],"rotation":90,"texture":"#3"},"up":{"uv":[8,3,10,4],"texture":"#3"},"down":{"uv":[8,3,10,4],"rotation":180,"texture":"#3"}}},{"from":[4,0,4],"to":[5,4,5],"faces":{"north":{"uv":[8,3,10,4],"rotation":90,"texture":"#3"},"east":{"uv":[8,3,10,4],"rotation":90,"texture":"#3"},"south":{"uv":[8,3,10,4],"rotation":90,"texture":"#3"},"west":{"uv":[8,3,10,4],"rotation":90,"texture":"#3"},"up":{"uv":[8,3,10,4],"texture":"#3"},"down":{"uv":[8,3,10,4],"rotation":180,"texture":"#3"}}},{"from":[11,0,4],"to":[12,4,5],"faces":{"north":{"uv":[8,3,10,4],"rotation":90,"texture":"#3"},"east":{"uv":[8,3,10,4],"rotation":90,"texture":"#3"},"south":{"uv":[8,3,10,4],"rotation":90,"texture":"#3"},"west":{"uv":[8,3,10,4],"rotation":90,"texture":"#3"},"up":{"uv":[8,3,10,4],"texture":"#3"},"down":{"uv":[8,3,10,4],"rotation":180,"texture":"#3"}}},{"from":[2,0,5.9],"to":[3,4,9.9],"faces":{"north":{"uv":[8,3,10,4],"rotation":90,"texture":"#3"},"east":{"uv":[8,3,10,4],"rotation":90,"texture":"#3"},"south":{"uv":[8,3,10,4],"rotation":90,"texture":"#3"},"west":{"uv":[8,3,10,4],"rotation":90,"texture":"#3"},"up":{"uv":[8,3,10,4],"texture":"#3"},"down":{"uv":[8,3,10,4],"rotation":180,"texture":"#3"}}},{"from":[3,3,5.9],"to":[4,7,9.9],"faces":{"north":{"uv":[8,3,10,4],"rotation":90,"texture":"#3"},"east":{"uv":[8,3,10,4],"rotation":90,"texture":"#3"},"south":{"uv":[8,3,10,4],"rotation":90,"texture":"#3"},"west":{"uv":[8,3,10,4],"rotation":90,"texture":"#3"},"up":{"uv":[8,3,10,4],"texture":"#3"},"down":{"uv":[8,3,10,4],"rotation":180,"texture":"#3"}}},{"from":[12,4,5.9],"to":[13,7,9.9],"faces":{"north":{"uv":[8,3,10,4],"rotation":90,"texture":"#3"},"east":{"uv":[8,3,10,4],"rotation":90,"texture":"#3"},"south":{"uv":[8,3,10,4],"rotation":90,"texture":"#3"},"west":{"uv":[8,3,10,4],"rotation":90,"texture":"#3"},"up":{"uv":[8,3,10,4],"texture":"#3"},"down":{"uv":[8,3,10,4],"rotation":180,"texture":"#3"}}},{"from":[13,0,6],"to":[14,4,10],"faces":{"north":{"uv":[8,3,10,4],"rotation":90,"texture":"#3"},"east":{"uv":[8,3,10,4],"rotation":90,"texture":"#3"},"south":{"uv":[8,3,10,4],"rotation":90,"texture":"#3"},"west":{"uv":[8,3,10,4],"rotation":90,"texture":"#3"},"up":{"uv":[8,3,10,4],"texture":"#3"},"down":{"uv":[8,3,10,4],"rotation":180,"texture":"#3"}}},{"from":[5,-0.25,3.9],"to":[11,1,11.9],"faces":{"north":{"uv":[8,3,10,4],"rotation":90,"texture":"#3"},"east":{"uv":[8,3,10,4],"rotation":90,"texture":"#3"},"south":{"uv":[8,3,10,4],"rotation":90,"texture":"#3"},"west":{"uv":[8,3,10,4],"rotation":90,"texture":"#3"},"up":{"uv":[8,3,10,4],"texture":"#3"},"down":{"uv":[8,3,10,4],"rotation":180,"texture":"#3"}}},{"from":[3,0,5],"to":[13,1,11],"faces":{"north":{"uv":[8,3,10,4],"rotation":90,"texture":"#3"},"east":{"uv":[8,3,10,4],"rotation":90,"texture":"#3"},"south":{"uv":[8,3,10,4],"rotation":90,"texture":"#3"},"west":{"uv":[8,3,10,4],"rotation":90,"texture":"#3"},"up":{"uv":[8,3,10,4],"texture":"#3"},"down":{"uv":[8,3,10,4],"rotation":180,"texture":"#3"}}},{"from":[5,0,11.9],"to":[11,4,12.9],"faces":{"north":{"uv":[8,3,10,4],"rotation":90,"texture":"#3"},"east":{"uv":[8,3,10,4],"rotation":90,"texture":"#3"},"south":{"uv":[8,3,10,4],"rotation":90,"texture":"#3"},"west":{"uv":[8,3,10,4],"rotation":90,"texture":"#3"},"up":{"uv":[8,3,10,4],"texture":"#3"},"down":{"uv":[8,3,10,4],"rotation":180,"texture":"#3"}}},{"from":[5,3,10.9],"to":[11,7,11.9],"faces":{"north":{"uv":[8,3,10,4],"rotation":90,"texture":"#3"},"east":{"uv":[8,3,10,4],"rotation":90,"texture":"#3"},"south":{"uv":[8,3,10,4],"rotation":90,"texture":"#3"},"west":{"uv":[8,3,10,4],"rotation":90,"texture":"#3"},"up":{"uv":[8,3,10,4],"texture":"#3"},"down":{"uv":[8,3,10,4],"rotation":180,"texture":"#3"}}},{"from":[5,6,9.9],"to":[11,10.25,10.9],"faces":{"north":{"uv":[8,3,10,4],"rotation":90,"texture":"#3"},"east":{"uv":[8,3,10,4],"rotation":90,"texture":"#3"},"south":{"uv":[8,3,10,4],"rotation":90,"texture":"#3"},"west":{"uv":[8,3,10,4],"rotation":90,"texture":"#3"},"up":{"uv":[8,3,10,4],"texture":"#3"},"down":{"uv":[8,3,10,4],"rotation":180,"texture":"#3"}}},{"from":[5,0,3],"to":[11,4,4],"faces":{"north":{"uv":[8,3,10,4],"rotation":90,"texture":"#3"},"east":{"uv":[8,3,10,4],"rotation":90,"texture":"#3"},"south":{"uv":[8,3,10,4],"rotation":90,"texture":"#3"},"west":{"uv":[8,3,10,4],"rotation":90,"texture":"#3"},"up":{"uv":[8,3,10,4],"texture":"#3"},"down":{"uv":[8,3,10,4],"rotation":180,"texture":"#3"}}},{"from":[5,3,3.9],"to":[11,7,4.9],"faces":{"north":{"uv":[8,3,10,4],"rotation":90,"texture":"#3"},"east":{"uv":[8,3,10,4],"rotation":90,"texture":"#3"},"south":{"uv":[8,3,10,4],"rotation":90,"texture":"#3"},"west":{"uv":[8,3,10,4],"rotation":90,"texture":"#3"},"up":{"uv":[8,3,10,4],"texture":"#3"},"down":{"uv":[8,3,10,4],"rotation":180,"texture":"#3"}}},{"from":[5,6,5],"to":[11,10.25,6],"faces":{"north":{"uv":[8,3,10,4],"texture":"#3"},"east":{"uv":[8,3,10,4],"texture":"#3"},"south":{"uv":[8,3,10,4],"texture":"#3"},"west":{"uv":[8,3,10,4],"texture":"#3"},"up":{"uv":[8,3,10,4],"rotation":270,"texture":"#3"},"down":{"uv":[8,3,10,4],"rotation":90,"texture":"#3"}}},{"from":[5,8,4],"to":[9,10.75,5.5],"faces":{"north":{"uv":[0,0,2,2],"texture":"#3"},"east":{"uv":[0,0,2,2],"texture":"#3"},"south":{"uv":[0,0,2,2],"texture":"#3"},"west":{"uv":[0,0,2,2],"texture":"#3"},"up":{"uv":[0,0,2,2],"rotation":270,"texture":"#3"},"down":{"uv":[0,0,2,2],"rotation":90,"texture":"#3"}}},{"from":[3,8,5],"to":[5,11,6],"faces":{"north":{"uv":[0,0,2,2],"texture":"#3"},"east":{"uv":[0,0,2,2],"texture":"#3"},"south":{"uv":[0,0,2,2],"texture":"#3"},"west":{"uv":[0,0,2,2],"texture":"#3"},"up":{"uv":[0,0,2,2],"rotation":270,"texture":"#3"},"down":{"uv":[0,0,2,2],"rotation":90,"texture":"#3"}}},{"from":[3,9,6],"to":[4.75,11,9],"faces":{"north":{"uv":[0,0,2,2],"texture":"#3"},"east":{"uv":[0,0,2,2],"texture":"#3"},"south":{"uv":[0,0,2,2],"texture":"#3"},"west":{"uv":[0,0,2,2],"texture":"#3"},"up":{"uv":[0,0,2,2],"rotation":270,"texture":"#3"},"down":{"uv":[0,0,2,2],"rotation":90,"texture":"#3"}}},{"from":[8,8,10.75],"to":[11,11.75,12],"faces":{"north":{"uv":[0,0,2,2],"texture":"#3"},"east":{"uv":[0,0,2,2],"texture":"#3"},"south":{"uv":[0,0,2,2],"texture":"#3"},"west":{"uv":[0,0,2,2],"texture":"#3"},"up":{"uv":[0,0,2,2],"rotation":270,"texture":"#3"},"down":{"uv":[0,0,2,2],"rotation":90,"texture":"#3"}}},{"from":[11.5,9,5],"to":[13,10.75,8],"faces":{"north":{"uv":[0,0,2,2],"texture":"#3"},"east":{"uv":[0,0,2,2],"texture":"#3"},"south":{"uv":[0,0,2,2],"texture":"#3"},"west":{"uv":[0,0,2,2],"texture":"#3"},"up":{"uv":[0,0,2,2],"rotation":270,"texture":"#3"},"down":{"uv":[0,0,2,2],"rotation":90,"texture":"#3"}}},{"from":[11.5,9,8],"to":[13,11.25,11.25],"faces":{"north":{"uv":[0,0,2,2],"texture":"#3"},"east":{"uv":[0,0,2,2],"texture":"#3"},"south":{"uv":[0,0,2,2],"texture":"#3"},"west":{"uv":[0,0,2,2],"texture":"#3"},"up":{"uv":[0,0,2,2],"rotation":270,"texture":"#3"},"down":{"uv":[0,0,2,2],"rotation":90,"texture":"#3"}}},{"from":[9,8,4],"to":[12,11,5.75],"faces":{"north":{"uv":[0,0,2,2],"texture":"#3"},"east":{"uv":[0,0,2,2],"texture":"#3"},"south":{"uv":[0,0,2,2],"texture":"#3"},"west":{"uv":[0,0,2,2],"texture":"#3"},"up":{"uv":[0,0,2,2],"rotation":270,"texture":"#3"},"down":{"uv":[0,0,2,2],"rotation":90,"texture":"#3"}}},{"from":[5,8,10],"to":[8,11.25,12],"faces":{"north":{"uv":[0,0,2,2],"texture":"#3"},"east":{"uv":[0,0,2,2],"texture":"#3"},"south":{"uv":[0,0,2,2],"texture":"#3"},"west":{"uv":[0,0,2,2],"texture":"#3"},"up":{"uv":[0,0,2,2],"rotation":270,"texture":"#3"},"down":{"uv":[0,0,2,2],"rotation":90,"texture":"#3"}}},{"from":[5,10,5],"to":[12,10.5,11],"faces":{"north":{"uv":[0,0,2,2],"texture":"#3"},"east":{"uv":[0,0,2,2],"texture":"#3"},"south":{"uv":[0,0,2,2],"texture":"#3"},"west":{"uv":[0,0,2,2],"texture":"#3"},"up":{"uv":[0,0,2,2],"rotation":270,"texture":"#3"},"down":{"uv":[0,0,2,2],"rotation":90,"texture":"#3"}}},{"from":[4,10,5.75],"to":[5,10.5,10],"faces":{"north":{"uv":[0,0,2,2],"texture":"#3"},"east":{"uv":[0,0,2,2],"texture":"#3"},"south":{"uv":[0,0,2,2],"texture":"#3"},"west":{"uv":[0,0,2,2],"texture":"#3"},"up":{"uv":[0,0,2,2],"rotation":270,"texture":"#3"},"down":{"uv":[0,0,2,2],"rotation":90,"texture":"#3"}}},{"from":[3,9,9],"to":[4,10.5,10],"faces":{"north":{"uv":[0,0,2,2],"texture":"#3"},"east":{"uv":[0,0,2,2],"texture":"#3"},"south":{"uv":[0,0,2,2],"texture":"#3"},"west":{"uv":[0,0,2,2],"texture":"#3"},"up":{"uv":[0,0,2,2],"rotation":270,"texture":"#3"},"down":{"uv":[0,0,2,2],"rotation":90,"texture":"#3"}}},{"from":[11,8,10.5],"to":[12,11.5,11.5],"faces":{"north":{"uv":[0,0,2,2],"texture":"#3"},"east":{"uv":[0,0,2,2],"texture":"#3"},"south":{"uv":[0,0,2,2],"texture":"#3"},"west":{"uv":[0,0,2,2],"texture":"#3"},"up":{"uv":[0,0,2,2],"rotation":270,"texture":"#3"},"down":{"uv":[0,0,2,2],"rotation":90,"texture":"#3"}}},{"from":[4,8,9],"to":[5,11.5,11],"faces":{"north":{"uv":[0,0,2,2],"texture":"#3"},"east":{"uv":[0,0,2,2],"texture":"#3"},"south":{"uv":[0,0,2,2],"texture":"#3"},"west":{"uv":[0,0,2,2],"texture":"#3"},"up":{"uv":[0,0,2,2],"rotation":270,"texture":"#3"},"down":{"uv":[0,0,2,2],"rotation":90,"texture":"#3"}}},{"from":[4,0,10.9],"to":[5,4,11.9],"faces":{"north":{"uv":[8,3,10,4],"rotation":90,"texture":"#3"},"east":{"uv":[8,3,10,4],"rotation":90,"texture":"#3"},"south":{"uv":[8,3,10,4],"rotation":90,"texture":"#3"},"west":{"uv":[8,3,10,4],"rotation":90,"texture":"#3"},"up":{"uv":[8,3,10,4],"texture":"#3"},"down":{"uv":[8,3,10,4],"rotation":180,"texture":"#3"}}},{"from":[4,3,9.9],"to":[5,7,10.9],"faces":{"north":{"uv":[8,3,10,4],"rotation":90,"texture":"#3"},"east":{"uv":[8,3,10,4],"rotation":90,"texture":"#3"},"south":{"uv":[8,3,10,4],"rotation":90,"texture":"#3"},"west":{"uv":[8,3,10,4],"rotation":90,"texture":"#3"},"up":{"uv":[8,3,10,4],"texture":"#3"},"down":{"uv":[8,3,10,4],"rotation":180,"texture":"#3"}}},{"from":[4,7,5.9],"to":[5,10,9.9],"faces":{"north":{"uv":[8,3,10,4],"rotation":90,"texture":"#3"},"east":{"uv":[8,3,10,4],"rotation":90,"texture":"#3"},"south":{"uv":[8,3,10,4],"rotation":90,"texture":"#3"},"west":{"uv":[8,3,10,4],"rotation":90,"texture":"#3"},"up":{"uv":[8,3,10,4],"texture":"#3"},"down":{"uv":[8,3,10,4],"rotation":180,"texture":"#3"}}},{"from":[3,7,8.9],"to":[4,9,9.9],"faces":{"north":{"uv":[8,3,10,4],"rotation":90,"texture":"#3"},"east":{"uv":[8,3,10,4],"rotation":90,"texture":"#3"},"south":{"uv":[8,3,10,4],"rotation":90,"texture":"#3"},"west":{"uv":[8,3,10,4],"rotation":90,"texture":"#3"},"up":{"uv":[8,3,10,4],"texture":"#3"},"down":{"uv":[8,3,10,4],"rotation":180,"texture":"#3"}}},{"from":[3,7,5.9],"to":[4,9,6.9],"faces":{"north":{"uv":[8,3,10,4],"texture":"#3"},"east":{"uv":[8,3,10,4],"texture":"#3"},"south":{"uv":[8,3,10,4],"texture":"#3"},"west":{"uv":[8,3,10,4],"texture":"#3"},"up":{"uv":[8,3,10,4],"rotation":270,"texture":"#3"},"down":{"uv":[8,3,10,4],"rotation":90,"texture":"#3"}}},{"from":[1,6,8.9],"to":[3,8,9.9],"faces":{"north":{"uv":[8,3,10,4],"rotation":90,"texture":"#3"},"east":{"uv":[8,3,10,4],"rotation":90,"texture":"#3"},"south":{"uv":[8,3,10,4],"rotation":90,"texture":"#3"},"west":{"uv":[8,3,10,4],"rotation":90,"texture":"#3"},"up":{"uv":[8,3,10,4],"texture":"#3"},"down":{"uv":[8,3,10,4],"rotation":180,"texture":"#3"}}},{"from":[13,6,8.9],"to":[15,8,9.9],"faces":{"north":{"uv":[8,3,10,4],"rotation":90,"texture":"#3"},"east":{"uv":[8,3,10,4],"rotation":90,"texture":"#3"},"south":{"uv":[8,3,10,4],"rotation":90,"texture":"#3"},"west":{"uv":[8,3,10,4],"rotation":90,"texture":"#3"},"up":{"uv":[8,3,10,4],"texture":"#3"},"down":{"uv":[8,3,10,4],"rotation":180,"texture":"#3"}}},{"from":[1,5,6.9],"to":[3,6,8.9],"faces":{"north":{"uv":[8,3,10,4],"rotation":90,"texture":"#3"},"east":{"uv":[8,3,10,4],"rotation":90,"texture":"#3"},"south":{"uv":[8,3,10,4],"rotation":90,"texture":"#3"},"west":{"uv":[8,3,10,4],"rotation":90,"texture":"#3"},"up":{"uv":[8,3,10,4],"texture":"#3"},"down":{"uv":[8,3,10,4],"rotation":180,"texture":"#3"}}},{"from":[13,5,6.9],"to":[15,6,8.9],"faces":{"north":{"uv":[8,3,10,4],"rotation":90,"texture":"#3"},"east":{"uv":[8,3,10,4],"rotation":90,"texture":"#3"},"south":{"uv":[8,3,10,4],"rotation":90,"texture":"#3"},"west":{"uv":[8,3,10,4],"rotation":90,"texture":"#3"},"up":{"uv":[8,3,10,4],"texture":"#3"},"down":{"uv":[8,3,10,4],"rotation":180,"texture":"#3"}}},{"from":[1,6,5.9],"to":[3,8,6.9],"faces":{"north":{"uv":[8,3,10,4],"rotation":90,"texture":"#3"},"east":{"uv":[8,3,10,4],"rotation":90,"texture":"#3"},"south":{"uv":[8,3,10,4],"rotation":90,"texture":"#3"},"west":{"uv":[8,3,10,4],"rotation":90,"texture":"#3"},"up":{"uv":[8,3,10,4],"texture":"#3"},"down":{"uv":[8,3,10,4],"rotation":180,"texture":"#3"}}},{"from":[13,6,5.9],"to":[15,8,6.9],"faces":{"north":{"uv":[8,3,10,4],"rotation":90,"texture":"#3"},"east":{"uv":[8,3,10,4],"rotation":90,"texture":"#3"},"south":{"uv":[8,3,10,4],"rotation":90,"texture":"#3"},"west":{"uv":[8,3,10,4],"rotation":90,"texture":"#3"},"up":{"uv":[8,3,10,4],"texture":"#3"},"down":{"uv":[8,3,10,4],"rotation":180,"texture":"#3"}}},{"from":[1,8,6.9],"to":[3,9,8.9],"faces":{"north":{"uv":[8,3,10,4],"rotation":90,"texture":"#3"},"east":{"uv":[8,3,10,4],"rotation":90,"texture":"#3"},"south":{"uv":[8,3,10,4],"rotation":90,"texture":"#3"},"west":{"uv":[8,3,10,4],"rotation":90,"texture":"#3"},"up":{"uv":[8,3,10,4],"texture":"#3"},"down":{"uv":[8,3,10,4],"rotation":180,"texture":"#3"}}},{"from":[13,8,6.9],"to":[15,9,8.9],"faces":{"north":{"uv":[8,3,10,4],"rotation":90,"texture":"#3"},"east":{"uv":[8,3,10,4],"rotation":90,"texture":"#3"},"south":{"uv":[8,3,10,4],"rotation":90,"texture":"#3"},"west":{"uv":[8,3,10,4],"rotation":90,"texture":"#3"},"up":{"uv":[8,3,10,4],"texture":"#3"},"down":{"uv":[8,3,10,4],"rotation":180,"texture":"#3"}}},{"from":[3,7,6.9],"to":[4,9,8.9],"faces":{"north":{"uv":[0,0,1,2],"texture":"#3"},"east":{"uv":[0,0,2,2],"texture":"#3"},"south":{"uv":[0,0,1,2],"texture":"#3"},"west":{"uv":[0,0,2,2],"texture":"#3"},"up":{"uv":[0,0,2,1],"rotation":270,"texture":"#3"},"down":{"uv":[0,0,2,1],"rotation":90,"texture":"#3"}}},{"from":[11,0,11],"to":[12,4,12],"faces":{"north":{"uv":[8,3,10,4],"rotation":90,"texture":"#3"},"east":{"uv":[8,3,10,4],"rotation":90,"texture":"#3"},"south":{"uv":[8,3,10,4],"rotation":90,"texture":"#3"},"west":{"uv":[8,3,10,4],"rotation":90,"texture":"#3"},"up":{"uv":[8,3,10,4],"texture":"#3"},"down":{"uv":[8,3,10,4],"rotation":180,"texture":"#3"}}},{"from":[12,0,10],"to":[13,4,11],"faces":{"north":{"uv":[8,3,10,4],"rotation":90,"texture":"#3"},"east":{"uv":[8,3,10,4],"rotation":90,"texture":"#3"},"south":{"uv":[8,3,10,4],"rotation":90,"texture":"#3"},"west":{"uv":[8,3,10,4],"rotation":90,"texture":"#3"},"up":{"uv":[8,3,10,4],"texture":"#3"},"down":{"uv":[8,3,10,4],"rotation":180,"texture":"#3"}}},{"from":[7,0,2],"to":[9,4,3],"faces":{"north":{"uv":[0,10,1,16],"texture":"#1"},"east":{"uv":[0,10,1,16],"texture":"#1"},"south":{"uv":[0,10,1,16],"texture":"#1"},"west":{"uv":[0,10,1,16],"texture":"#1"},"up":{"uv":[0,10,1,11],"texture":"#1"},"down":{"uv":[0,10,1,16],"texture":"#1"}}},{"from":[7,4,3],"to":[9,7.001,4],"faces":{"north":{"uv":[0,10,1,16],"texture":"#1"},"east":{"uv":[0,10,1,16],"texture":"#1"},"south":{"uv":[0,10,1,16],"texture":"#1"},"west":{"uv":[0,10,1,16],"texture":"#1"},"up":{"uv":[0,10,1,11],"texture":"#1"},"down":{"uv":[0,10,1,16],"texture":"#1"}}},{"from":[7,7,4],"to":[9,8,5],"faces":{"north":{"uv":[0,14,1,16],"texture":"#1"},"east":{"uv":[0,14,1,16],"texture":"#1"},"south":{"uv":[0,14,1,16],"texture":"#1"},"west":{"uv":[0,14,1,16],"texture":"#1"},"up":{"uv":[0,14,1,16],"texture":"#1"},"down":{"uv":[0,14,1,16],"texture":"#1"}}},{"from":[0,6,7],"to":[1.75,8,9],"faces":{"north":{"uv":[0,0,1,2],"texture":"#4"},"east":{"uv":[0,0,2,2],"texture":"#4"},"south":{"uv":[0,0,1,2],"texture":"#4"},"west":{"uv":[0,0,2,2],"texture":"#4"},"up":{"uv":[0,0,2,1],"rotation":270,"texture":"#4"},"down":{"uv":[0,0,2,1],"rotation":90,"texture":"#4"}}},{"from":[14.5,6,7],"to":[16,8,9],"faces":{"north":{"uv":[0,0,1,2],"texture":"#4"},"east":{"uv":[0,0,2,2],"texture":"#4"},"south":{"uv":[0,0,1,2],"texture":"#4"},"west":{"uv":[0,0,2,2],"texture":"#4"},"up":{"uv":[0,0,2,1],"rotation":270,"texture":"#4"},"down":{"uv":[0,0,2,1],"rotation":90,"texture":"#4"}}},{"from":[-1,6,8],"to":[0,7,9],"faces":{"north":{"uv":[0,0,1,1],"texture":"#4"},"east":{"uv":[0,0,1,1],"texture":"#4"},"south":{"uv":[0,0,1,1],"texture":"#4"},"west":{"uv":[0,0,1,1],"texture":"#4"},"up":{"uv":[0,0,1,1],"rotation":270,"texture":"#4"},"down":{"uv":[0,0,1,1],"rotation":90,"texture":"#4"}}},{"from":[16,6,8],"to":[17,7,9],"faces":{"north":{"uv":[0,0,1,1],"texture":"#4"},"east":{"uv":[0,0,1,1],"texture":"#4"},"south":{"uv":[0,0,1,1],"texture":"#4"},"west":{"uv":[0,0,1,1],"texture":"#4"},"up":{"uv":[0,0,1,1],"rotation":270,"texture":"#4"},"down":{"uv":[0,0,1,1],"rotation":90,"texture":"#4"}}},{"from":[-1,7,7],"to":[0,8,8],"faces":{"north":{"uv":[0,0,1,1],"texture":"#4"},"east":{"uv":[0,0,1,1],"texture":"#4"},"south":{"uv":[0,0,1,1],"texture":"#4"},"west":{"uv":[0,0,1,1],"texture":"#4"},"up":{"uv":[0,0,1,1],"rotation":270,"texture":"#4"},"down":{"uv":[0,0,1,1],"rotation":90,"texture":"#4"}}},{"from":[16,7,7],"to":[17,8,8],"faces":{"north":{"uv":[0,0,1,1],"texture":"#4"},"east":{"uv":[0,0,1,1],"texture":"#4"},"south":{"uv":[0,0,1,1],"texture":"#4"},"west":{"uv":[0,0,1,1],"texture":"#4"},"up":{"uv":[0,0,1,1],"rotation":270,"texture":"#4"},"down":{"uv":[0,0,1,1],"rotation":90,"texture":"#4"}}},{"from":[5,11,6],"to":[11,15,7],"faces":{"north":{"uv":[0,0,6,4],"texture":"#4"},"east":{"uv":[0,0,1,4],"texture":"#4"},"south":{"uv":[0,0,6,4],"texture":"#4"},"west":{"uv":[0,0,1,4],"texture":"#4"},"up":{"uv":[0,0,1,6],"rotation":270,"texture":"#4"},"down":{"uv":[0,0,1,6],"rotation":90,"texture":"#4"}}},{"from":[5.5,15,6],"to":[10.5,16,9.5],"faces":{"north":{"uv":[0,0,6,1],"texture":"#4"},"east":{"uv":[0,0,4,1],"texture":"#4"},"south":{"uv":[0,0,6,1],"texture":"#4"},"west":{"uv":[0,0,4,1],"texture":"#4"},"up":{"uv":[0,0,4,6],"rotation":270,"texture":"#4"},"down":{"uv":[0,0,4,6],"rotation":90,"texture":"#4"}}},{"from":[11,14,7],"to":[17,15,8],"faces":{"north":{"uv":[0,0,6,1],"texture":"#4"},"east":{"uv":[0,0,1,1],"texture":"#4"},"south":{"uv":[0,0,6,1],"texture":"#4"},"west":{"uv":[0,0,1,1],"texture":"#4"},"up":{"uv":[0,0,1,6],"rotation":270,"texture":"#4"},"down":{"uv":[0,0,1,6],"rotation":90,"texture":"#4"}}},{"from":[11,13,8],"to":[16,14,8.5],"faces":{"north":{"uv":[0,0,5,1],"texture":"#4"},"east":{"uv":[0,0,0.5,1],"texture":"#4"},"south":{"uv":[0,0,5,1],"texture":"#4"},"west":{"uv":[0,0,0.5,1],"texture":"#4"},"up":{"uv":[0,0,0.5,5],"rotation":270,"texture":"#4"},"down":{"uv":[0,0,0.5,5],"rotation":90,"texture":"#4"}}},{"from":[0,13,8],"to":[5,14,8.5],"faces":{"north":{"uv":[0,0,5,1],"texture":"#4"},"east":{"uv":[0,0,0.5,1],"texture":"#4"},"south":{"uv":[0,0,5,1],"texture":"#4"},"west":{"uv":[0,0,0.5,1],"texture":"#4"},"up":{"uv":[0,0,0.5,5],"rotation":270,"texture":"#4"},"down":{"uv":[0,0,0.5,5],"rotation":90,"texture":"#4"}}},{"from":[11,14,8],"to":[17,15,8.5],"faces":{"north":{"uv":[0,0,6,1],"texture":"#4"},"east":{"uv":[0,0,0.5,1],"texture":"#4"},"south":{"uv":[0,0,6,1],"texture":"#4"},"west":{"uv":[0,0,0.5,1],"texture":"#4"},"up":{"uv":[0,0,0.5,6],"rotation":270,"texture":"#4"},"down":{"uv":[0,0,0.5,6],"rotation":90,"texture":"#4"}}},{"from":[-1,14,8],"to":[5,15,8.5],"faces":{"north":{"uv":[0,0,6,1],"texture":"#4"},"east":{"uv":[0,0,0.5,1],"texture":"#4"},"south":{"uv":[0,0,6,1],"texture":"#4"},"west":{"uv":[0,0,0.5,1],"texture":"#4"},"up":{"uv":[0,0,0.5,6],"rotation":270,"texture":"#4"},"down":{"uv":[0,0,0.5,6],"rotation":90,"texture":"#4"}}},{"from":[11,12,8],"to":[15,13,8.5],"faces":{"north":{"uv":[0,0,4,1],"texture":"#4"},"east":{"uv":[0,0,0.5,1],"texture":"#4"},"south":{"uv":[0,0,4,1],"texture":"#4"},"west":{"uv":[0,0,0.5,1],"texture":"#4"},"up":{"uv":[0,0,0.5,4],"rotation":270,"texture":"#4"},"down":{"uv":[0,0,0.5,4],"rotation":90,"texture":"#4"}}},{"from":[1,12,8],"to":[5,13,8.5],"faces":{"north":{"uv":[0,0,4,1],"texture":"#4"},"east":{"uv":[0,0,0.5,1],"texture":"#4"},"south":{"uv":[0,0,4,1],"texture":"#4"},"west":{"uv":[0,0,0.5,1],"texture":"#4"},"up":{"uv":[0,0,0.5,4],"rotation":270,"texture":"#4"},"down":{"uv":[0,0,0.5,4],"rotation":90,"texture":"#4"}}},{"from":[14,12,7],"to":[15,13,8],"faces":{"north":{"uv":[0,0,1,1],"texture":"#4"},"east":{"uv":[0,0,1,1],"texture":"#4"},"south":{"uv":[0,0,1,1],"texture":"#4"},"west":{"uv":[0,0,1,1],"texture":"#4"},"up":{"uv":[0,0,1,1],"rotation":270,"texture":"#4"},"down":{"uv":[0,0,1,1],"rotation":90,"texture":"#4"}}},{"from":[1,12,7],"to":[2,13,8],"faces":{"north":{"uv":[0,0,1,1],"texture":"#4"},"east":{"uv":[0,0,1,1],"texture":"#4"},"south":{"uv":[0,0,1,1],"texture":"#4"},"west":{"uv":[0,0,1,1],"texture":"#4"},"up":{"uv":[0,0,1,1],"rotation":270,"texture":"#4"},"down":{"uv":[0,0,1,1],"rotation":90,"texture":"#4"}}},{"from":[15,13,7],"to":[16,14,8],"faces":{"north":{"uv":[0,0,1,1],"texture":"#4"},"east":{"uv":[0,0,1,1],"texture":"#4"},"south":{"uv":[0,0,1,1],"texture":"#4"},"west":{"uv":[0,0,1,1],"texture":"#4"},"up":{"uv":[0,0,1,1],"rotation":270,"texture":"#4"},"down":{"uv":[0,0,1,1],"rotation":90,"texture":"#4"}}},{"from":[0,13,7],"to":[1,14,8],"faces":{"north":{"uv":[0,0,1,1],"texture":"#4"},"east":{"uv":[0,0,1,1],"texture":"#4"},"south":{"uv":[0,0,1,1],"texture":"#4"},"west":{"uv":[0,0,1,1],"texture":"#4"},"up":{"uv":[0,0,1,1],"rotation":270,"texture":"#4"},"down":{"uv":[0,0,1,1],"rotation":90,"texture":"#4"}}},{"from":[-1,14,7],"to":[5,15,8],"faces":{"north":{"uv":[0,0,6,1],"texture":"#4"},"east":{"uv":[0,0,1,1],"texture":"#4"},"south":{"uv":[0,0,6,1],"texture":"#4"},"west":{"uv":[0,0,1,1],"texture":"#4"},"up":{"uv":[0,0,1,6],"rotation":270,"texture":"#4"},"down":{"uv":[0,0,1,6],"rotation":90,"texture":"#4"}}},{"from":[5,11,9],"to":[11,15,10],"faces":{"north":{"uv":[0,0,6,4],"texture":"#4"},"east":{"uv":[0,0,1,4],"texture":"#4"},"south":{"uv":[0,0,6,4],"texture":"#4"},"west":{"uv":[0,0,1,4],"texture":"#4"},"up":{"uv":[0,0,1,6],"rotation":270,"texture":"#4"},"down":{"uv":[0,0,1,6],"rotation":90,"texture":"#4"}}},{"from":[5,11,7],"to":[6,15,9],"faces":{"north":{"uv":[0,0,1,4],"texture":"#4"},"east":{"uv":[0,0,2,4],"texture":"#4"},"south":{"uv":[0,0,1,4],"texture":"#4"},"west":{"uv":[0,0,2,4],"texture":"#4"},"up":{"uv":[0,0,2,1],"rotation":270,"texture":"#4"},"down":{"uv":[0,0,2,1],"rotation":90,"texture":"#4"}}},{"from":[10,11,7],"to":[11,15,9],"faces":{"north":{"uv":[0,0,1,4],"texture":"#4"},"east":{"uv":[0,0,2,4],"texture":"#4"},"south":{"uv":[0,0,1,4],"texture":"#4"},"west":{"uv":[0,0,2,4],"texture":"#4"},"up":{"uv":[0,0,2,1],"rotation":270,"texture":"#4"},"down":{"uv":[0,0,2,1],"rotation":90,"texture":"#4"}}},{"from":[5.5,10,6.5],"to":[10.5,11,9.5],"faces":{"north":{"uv":[0,0,1,4],"texture":"#4"},"east":{"uv":[0,0,2,4],"texture":"#4"},"south":{"uv":[0,0,1,4],"texture":"#4"},"west":{"uv":[0,0,2,4],"texture":"#4"},"up":{"uv":[0,0,2,1],"rotation":270,"texture":"#4"},"down":{"uv":[0,0,2,1],"rotation":90,"texture":"#4"}}},{"from":[5.75,13.3,5.8],"to":[7.15,14.7,6],"faces":{"north":{"uv":[0,0,1.4,1.4],"texture":"#6"},"east":{"uv":[0,0,0.7,1.4],"texture":"#6"},"south":{"uv":[0,0,1.4,1.4],"texture":"#6"},"west":{"uv":[0,0,0.7,1.4],"texture":"#6"},"up":{"uv":[0,0,0.7,1.4],"rotation":270,"texture":"#6"},"down":{"uv":[0,0,0.7,1.4],"rotation":90,"texture":"#6"}}},{"from":[6,14.05,5.79],"to":[6.4,14.45,6],"rotation":{"angle":0,"axis":"y","origin":[8,8,7.75]},"faces":{"north":{"uv":[0,0,1.4,1.4],"texture":"#2"},"east":{"uv":[0,0,0.7,1.4],"texture":"#2"},"south":{"uv":[0,0,1.4,1.4],"texture":"#2"},"west":{"uv":[0,0,0.7,1.4],"texture":"#2"},"up":{"uv":[0,0,0.7,1.4],"rotation":270,"texture":"#2"},"down":{"uv":[0,0,0.7,1.4],"rotation":90,"texture":"#2"}}},{"from":[8.75,13.3,5.8],"to":[10.15,14.7,6],"faces":{"north":{"uv":[0,0,1.4,1.4],"texture":"#6"},"east":{"uv":[0,0,0.7,1.4],"texture":"#6"},"south":{"uv":[0,0,1.4,1.4],"texture":"#6"},"west":{"uv":[0,0,0.7,1.4],"texture":"#6"},"up":{"uv":[0,0,0.7,1.4],"rotation":270,"texture":"#6"},"down":{"uv":[0,0,0.7,1.4],"rotation":90,"texture":"#6"}}},{"from":[9,14.05,5.79],"to":[9.4,14.45,6],"rotation":{"angle":0,"axis":"y","origin":[8,8,7.75]},"faces":{"north":{"uv":[0,0,1.4,1.4],"texture":"#2"},"east":{"uv":[0,0,0.7,1.4],"texture":"#2"},"south":{"uv":[0,0,1.4,1.4],"texture":"#2"},"west":{"uv":[0,0,0.7,1.4],"texture":"#2"},"up":{"uv":[0,0,0.7,1.4],"rotation":270,"texture":"#2"},"down":{"uv":[0,0,0.7,1.4],"rotation":90,"texture":"#2"}}},{"from":[1,13,7.6],"to":[3,14,8],"faces":{"north":{"uv":[0,0,2,1],"texture":"#5"},"east":{"uv":[0,0,0.4,1],"texture":"#5"},"south":{"uv":[0,0,2,1],"texture":"#5"},"west":{"uv":[0,0,0.4,1],"texture":"#5"},"up":{"uv":[0,0,0.4,2],"rotation":270,"texture":"#5"},"down":{"uv":[0,0,0.4,2],"rotation":90,"texture":"#5"}}},{"from":[3,13,7.8],"to":[5,14,8],"faces":{"north":{"uv":[0,0,1,1],"texture":"#5"},"east":{"uv":[0,0,0.2,1],"texture":"#5"},"south":{"uv":[0,0,2,1],"texture":"#5"},"west":{"uv":[0,0,0.2,1],"texture":"#5"},"up":{"uv":[0,0,0.2,2],"rotation":270,"texture":"#5"},"down":{"uv":[0,0,0.2,2],"rotation":90,"texture":"#5"}}},{"from":[13,13,7.6],"to":[15,14,8],"faces":{"north":{"uv":[0,0,2,1],"texture":"#5"},"east":{"uv":[0,0,0.4,1],"texture":"#5"},"south":{"uv":[0,0,2,1],"texture":"#5"},"west":{"uv":[0,0,0.4,1],"texture":"#5"},"up":{"uv":[0,0,0.4,2],"rotation":270,"texture":"#5"},"down":{"uv":[0,0,0.4,2],"rotation":90,"texture":"#5"}}},{"from":[11,13,7.8],"to":[13,14,8],"faces":{"north":{"uv":[0,0,1,1],"texture":"#5"},"east":{"uv":[0,0,0.2,1],"texture":"#5"},"south":{"uv":[0,0,2,1],"texture":"#5"},"west":{"uv":[0,0,0.2,1],"texture":"#5"},"up":{"uv":[0,0,0.2,2],"rotation":270,"texture":"#5"},"down":{"uv":[0,0,0.2,2],"rotation":90,"texture":"#5"}}},{"from":[11,12,7.6],"to":[14,13,8],"faces":{"north":{"uv":[0,0,3,1],"texture":"#5"},"east":{"uv":[0,0,0.4,1],"texture":"#5"},"south":{"uv":[0,0,3,1],"texture":"#5"},"west":{"uv":[0,0,0.4,1],"texture":"#5"},"up":{"uv":[0,0,0.4,3],"rotation":270,"texture":"#5"},"down":{"uv":[0,0,0.4,3],"rotation":90,"texture":"#5"}}},{"from":[2,12,7.6],"to":[5,13,8],"faces":{"north":{"uv":[0,0,3,1],"texture":"#5"},"east":{"uv":[0,0,0.4,1],"texture":"#5"},"south":{"uv":[0,0,3,1],"texture":"#5"},"west":{"uv":[0,0,0.4,1],"texture":"#5"},"up":{"uv":[0,0,0.4,3],"rotation":270,"texture":"#5"},"down":{"uv":[0,0,0.4,3],"rotation":90,"texture":"#5"}}},{"from":[7,11.75,5.7],"to":[9,12.15,6],"faces":{"north":{"uv":[4,9,6,9.4],"texture":"#4"},"east":{"uv":[0,0,0.3,0.4],"texture":"#4"},"south":{"uv":[0,0,2,0.4],"texture":"#4"},"west":{"uv":[0,0,0.3,0.4],"texture":"#4"},"up":{"uv":[0,15,1.3,16],"rotation":270,"texture":"#4"},"down":{"uv":[0,0,0.3,2],"rotation":90,"texture":"#4"}}},{"from":[7.5,12.75,5.7],"to":[8.5,13.15,6],"faces":{"north":{"uv":[0,0,1,0.4],"texture":"#4"},"east":{"uv":[0,0,0.3,0.4],"texture":"#4"},"south":{"uv":[0,0,1,0.4],"texture":"#4"},"west":{"uv":[0,0,0.3,0.4],"texture":"#4"},"up":{"uv":[0,0,0.3,1],"rotation":270,"texture":"#4"},"down":{"uv":[0,0,0.3,1],"rotation":90,"texture":"#4"}}},{"from":[7,-0.4,7.6],"to":[8.5,0,8],"faces":{"north":{"uv":[0,0,1.5,0.4],"texture":"#3"},"east":{"uv":[0,0,0.4,0.4],"texture":"#3"},"south":{"uv":[0,0,1.5,0.4],"texture":"#3"},"west":{"uv":[0,0,15.4,15.4],"texture":"#3"},"up":{"uv":[0,0,0.4,1.5],"rotation":270,"texture":"#3"},"down":{"uv":[0,0,16,16],"rotation":90,"texture":"#3"}}},{"from":[7,-0.4,6.9],"to":[8.5,0,7.3],"faces":{"north":{"uv":[0,0,1.5,0.4],"texture":"#3"},"east":{"uv":[0,0,0.4,0.4],"texture":"#3"},"south":{"uv":[0,0,1.5,0.4],"texture":"#3"},"west":{"uv":[0,0,15.4,15.4],"texture":"#3"},"up":{"uv":[0,0,0.4,1.5],"rotation":270,"texture":"#3"},"down":{"uv":[0,0,16,16],"rotation":90,"texture":"#3"}}},{"from":[7.75,-0.4,7.1],"to":[7.95,0,7.7],"faces":{"north":{"uv":[0,0,0.2,0.4],"texture":"#3"},"east":{"uv":[0,0,0.6,0.4],"texture":"#3"},"south":{"uv":[0,0,0.2,0.4],"texture":"#3"},"west":{"uv":[0,0,15.4,15.4],"texture":"#3"},"up":{"uv":[0,0,0.6,0.2],"rotation":270,"texture":"#3"},"down":{"uv":[0,0,16,16],"rotation":90,"texture":"#3"}}},{"from":[7.34928,5.9616,11.78304],"to":[7.9944,6.17664,11.92472],"rotation":{"angle":0,"axis":"y","origin":[8.03327,5.53152,11.85388]},"faces":{"north":{"uv":[0,0,0.3,0.3],"texture":"#6"},"east":{"uv":[0,0,0.1,0.3],"texture":"#6"},"south":{"uv":[0,0,0.3,0.3],"texture":"#6"},"west":{"uv":[0,0,0.1,0.3],"texture":"#6"},"up":{"uv":[0,0,0.1,0.3],"rotation":90,"texture":"#6"},"down":{"uv":[0,0,0.1,0.3],"rotation":270,"texture":"#6"}}},{"from":[7.56432,5.74656,11.78304],"to":[7.9944,5.9616,11.92472],"rotation":{"angle":0,"axis":"y","origin":[8.03327,5.53152,11.85388]},"faces":{"north":{"uv":[0,0,0.3,0.3],"texture":"#6"},"east":{"uv":[0,0,0.1,0.3],"texture":"#6"},"south":{"uv":[0,0,0.3,0.3],"texture":"#6"},"west":{"uv":[0,0,0.1,0.3],"texture":"#6"},"up":{"uv":[0,0,0.1,0.3],"rotation":90,"texture":"#6"},"down":{"uv":[0,0,0.1,0.3],"rotation":270,"texture":"#6"}}},{"from":[7.77936,5.31648,11.78304],"to":[7.9944,5.74656,11.92472],"rotation":{"angle":0,"axis":"y","origin":[8.03327,5.53152,11.85388]},"faces":{"north":{"uv":[0,0,0.3,0.3],"texture":"#6"},"east":{"uv":[0,0,0.1,0.3],"texture":"#6"},"south":{"uv":[0,0,0.3,0.3],"texture":"#6"},"west":{"uv":[0,0,0.1,0.3],"texture":"#6"},"up":{"uv":[0,0,0.1,0.3],"rotation":90,"texture":"#6"},"down":{"uv":[0,0,0.1,0.3],"rotation":270,"texture":"#6"}}},{"from":[7.56432,5.10144,11.78304],"to":[7.9944,5.31648,11.92472],"rotation":{"angle":0,"axis":"y","origin":[8.03327,5.53152,11.85388]},"faces":{"north":{"uv":[0,0,0.3,0.3],"texture":"#6"},"east":{"uv":[0,0,0.1,0.3],"texture":"#6"},"south":{"uv":[0,0,0.3,0.3],"texture":"#6"},"west":{"uv":[0,0,0.1,0.3],"texture":"#6"},"up":{"uv":[0,0,0.1,0.3],"rotation":90,"texture":"#6"},"down":{"uv":[0,0,0.1,0.3],"rotation":270,"texture":"#6"}}},{"from":[7.34928,4.8864,11.78304],"to":[7.9944,5.10144,11.92472],"rotation":{"angle":0,"axis":"y","origin":[8.03327,5.53152,11.85388]},"faces":{"north":{"uv":[0,0,0.3,0.3],"texture":"#6"},"east":{"uv":[0,0,0.1,0.3],"texture":"#6"},"south":{"uv":[0,0,0.3,0.3],"texture":"#6"},"west":{"uv":[0,0,0.1,0.3],"texture":"#6"},"up":{"uv":[0,0,0.1,0.3],"rotation":90,"texture":"#6"},"down":{"uv":[0,0,0.1,0.3],"rotation":270,"texture":"#6"}}},{"from":[7.9944,4.8864,11.78304],"to":[8.41944,5.10144,11.92472],"rotation":{"angle":0,"axis":"y","origin":[8.03327,5.53152,11.85388]},"faces":{"north":{"uv":[7,3,7.5,3.5],"texture":"#4"},"east":{"uv":[7,3,7.5,3.5],"texture":"#4"},"south":{"uv":[7,3,7.5,3.5],"texture":"#4"},"west":{"uv":[7,3,7.5,3.5],"texture":"#4"},"up":{"uv":[7,3,7.5,3.5],"texture":"#4"},"down":{"uv":[7,3,7.5,3.5],"texture":"#4"}}},{"from":[7.9944,5.10144,11.78304],"to":[8.42448,5.31648,11.92472],"rotation":{"angle":0,"axis":"y","origin":[8.03327,5.53152,11.85388]},"faces":{"north":{"uv":[12,4,13,5],"texture":"#2"},"east":{"uv":[12,4,13,5],"texture":"#2"},"south":{"uv":[12,4,13,5],"texture":"#2"},"west":{"uv":[12,4,13,5],"texture":"#2"},"up":{"uv":[12,4,13,5],"texture":"#2"},"down":{"uv":[12,4,13,5],"texture":"#2"}}},{"from":[7.9944,5.31648,11.78304],"to":[8.42448,5.74656,11.92472],"rotation":{"angle":0,"axis":"y","origin":[8.03327,5.53152,11.85388]},"faces":{"north":{"uv":[12,4,13,5],"texture":"#4"},"east":{"uv":[12,4,13,5],"texture":"#4"},"south":{"uv":[12,4,13,5],"texture":"#4"},"west":{"uv":[12,4,13,5],"texture":"#4"},"up":{"uv":[12,4,13,5],"texture":"#4"},"down":{"uv":[12,4,13,5],"texture":"#4"}}},{"from":[7.9944,5.9616,11.78304],"to":[8.42448,6.17664,11.92472],"rotation":{"angle":0,"axis":"y","origin":[8.03327,5.53152,11.85388]},"faces":{"north":{"uv":[7,3,7.5,3.5],"texture":"#4"},"east":{"uv":[7,3,7.5,3.5],"texture":"#4"},"south":{"uv":[7,3,7.5,3.5],"texture":"#4"},"west":{"uv":[7,3,7.5,3.5],"texture":"#4"},"up":{"uv":[7,3,7.5,3.5],"texture":"#4"},"down":{"uv":[7,3,7.5,3.5],"texture":"#4"}}},{"from":[8.42448,5.10144,11.78304],"to":[8.63952,5.9616,11.92472],"rotation":{"angle":0,"axis":"y","origin":[8.03327,5.53152,11.85388]},"faces":{"north":{"uv":[7,3,7.5,3.5],"texture":"#4"},"east":{"uv":[7,3,7.5,3.5],"texture":"#4"},"south":{"uv":[7,3,7.5,3.5],"texture":"#4"},"west":{"uv":[7,3,7.5,3.5],"texture":"#4"},"up":{"uv":[7,3,7.5,3.5],"texture":"#4"},"down":{"uv":[7,3,7.5,3.5],"texture":"#4"}}},{"from":[7.9944,5.74656,11.78304],"to":[8.42448,5.9616,11.92472],"rotation":{"angle":0,"axis":"y","origin":[8.03327,5.53152,11.85388]},"faces":{"north":{"uv":[11,4,11.5,4.5],"texture":"#2"},"east":{"uv":[11,4,11.5,4.5],"texture":"#2"},"south":{"uv":[11,4,11.5,4.5],"texture":"#2"},"west":{"uv":[11,4,11.5,4.5],"texture":"#2"},"up":{"uv":[11,4,11.5,4.5],"texture":"#2"},"down":{"uv":[11,4,11.5,4.5],"texture":"#2"}}}],"display":{"thirdperson_righthand":{"rotation":[52,0,0],"translation":[0.5,0.25,0.75],"scale":[0.4,0.4,0.4]},"thirdperson_lefthand":{"rotation":[22.5,-241.25,-4.25],"translation":[1,1.5,0.75],"scale":[0.4,0.4,0.4]},"firstperson_righthand":{"rotation":[16.75,0,0],"translation":[0,3,1.5],"scale":[0.4,0.4,0.4]},"firstperson_lefthand":{"rotation":[1.25,-241.25,-4.25],"translation":[1,3,0.75],"scale":[0.4,0.4,0.4]},"ground":{"translation":[0,2.25,0],"scale":[0.72,0.72,0.72]},"gui":{"rotation":[20,-157,0],"translation":[0,0.25,0],"scale":[0.76,0.76,0.76]},"head":{"translation":[0,-35.75,0],"scale":[1.15,1.15,1.15]},"fixed":{"rotation":[-9.75,0,0],"translation":[0,0,-0.25]}},"groups":[0,1,2,3,4,5,6,7,8,9,10,11,12,13,14,15,16,17,18,19,20,21,22,23,24,25,26,27,28,29,30,31,32,33,34,35,36,37,38,39,40,41,42,43,44,45,46,47,48,49,50,51,52,53,54,55,56,57,58,59,60,61,62,63,64,65,66,67,68,69,70,71,72,73,74,75,76,77,78,79,80,81,82,83,84,85,86,87,88,89,90,91,92,{"name":"VMD","origin":[8,8,8],"color":0,"children":[{"name":"V","origin":[8,8,8],"color":0,"children":[93,94,95,96,97,98,99,100,101,102,103]}]}]}